NUTS_ID;ZONE_CODE;COUNT;AREA;Variable;Dimensions;StdTime;MEAN
BE22;1;3104,000000000000000;0,310400000000000;swvl1;StdTime;15-04-61 00:00:00;0,282790105770697
BE23;2;3847,000000000000000;0,384700000000000;swvl1;StdTime;15-04-61 00:00:00;0,275752153080068
BE24;3;2706,000000000000000;0,270600000000000;swvl1;StdTime;15-04-61 00:00:00;0,327848192048311
BE25;4;4010,000000000000000;0,401000000000000;swvl1;StdTime;15-04-61 00:00:00;0,294154309839976
BE31;5;1403,000000000000000;0,140300000000000;swvl1;StdTime;15-04-61 00:00:00;0,347472349236204
BE32;6;4820,000000000000000;0,482000000000000;swvl1;StdTime;15-04-61 00:00:00;0,339228588089161
BE10;7;209,000000000000000;0,020900000000000;swvl1;StdTime;15-04-61 00:00:00;0,339816250299152
BE21;8;3689,000000000000000;0,368900000000000;swvl1;StdTime;15-04-61 00:00:00;0,242111892651238
BE33;9;4899,000000000000000;0,489900000000000;swvl1;StdTime;15-04-61 00:00:00;0,369519721229214
BE34;10;5582,000000000000000;0,558200000000000;swvl1;StdTime;15-04-61 00:00:00;0,346089843923538
BE35;11;4637,000000000000000;0,463700000000000;swvl1;StdTime;15-04-61 00:00:00;0,355988975579764
BE22;1;3104,000000000000000;0,310400000000000;swvl1;StdTime;15-04-62 00:00:00;0,294420813858394
BE23;2;3847,000000000000000;0,384700000000000;swvl1;StdTime;15-04-62 00:00:00;0,295039604333490
BE24;3;2706,000000000000000;0,270600000000000;swvl1;StdTime;15-04-62 00:00:00;0,346200511101785
BE25;4;4010,000000000000000;0,401000000000000;swvl1;StdTime;15-04-62 00:00:00;0,312877348548456
BE31;5;1403,000000000000000;0,140300000000000;swvl1;StdTime;15-04-62 00:00:00;0,366036644618339
BE32;6;4820,000000000000000;0,482000000000000;swvl1;StdTime;15-04-62 00:00:00;0,360249753803385
BE10;7;209,000000000000000;0,020900000000000;swvl1;StdTime;15-04-62 00:00:00;0,360597453048925
BE21;8;3689,000000000000000;0,368900000000000;swvl1;StdTime;15-04-62 00:00:00;0,258353458001995
BE33;9;4899,000000000000000;0,489900000000000;swvl1;StdTime;15-04-62 00:00:00;0,374117065641583
BE34;10;5582,000000000000000;0,558200000000000;swvl1;StdTime;15-04-62 00:00:00;0,359763299231459
BE35;11;4637,000000000000000;0,463700000000000;swvl1;StdTime;15-04-62 00:00:00;0,370065165094345
BE22;1;3104,000000000000000;0,310400000000000;swvl1;StdTime;15-04-63 00:00:00;0,296807793597930
BE23;2;3847,000000000000000;0,384700000000000;swvl1;StdTime;15-04-63 00:00:00;0,301208712255488
BE24;3;2706,000000000000000;0,270600000000000;swvl1;StdTime;15-04-63 00:00:00;0,348592898798095
BE25;4;4010,000000000000000;0,401000000000000;swvl1;StdTime;15-04-63 00:00:00;0,327584721984114
BE31;5;1403,000000000000000;0,140300000000000;swvl1;StdTime;15-04-63 00:00:00;0,368756250449784
BE32;6;4820,000000000000000;0,482000000000000;swvl1;StdTime;15-04-63 00:00:00;0,367621616808952
BE10;7;209,000000000000000;0,020900000000000;swvl1;StdTime;15-04-63 00:00:00;0,362405152126933
BE21;8;3689,000000000000000;0,368900000000000;swvl1;StdTime;15-04-63 00:00:00;0,259830365686050
BE33;9;4899,000000000000000;0,489900000000000;swvl1;StdTime;15-04-63 00:00:00;0,377254888777296
BE34;10;5582,000000000000000;0,558200000000000;swvl1;StdTime;15-04-63 00:00:00;0,364394957328496
BE35;11;4637,000000000000000;0,463700000000000;swvl1;StdTime;15-04-63 00:00:00;0,374239469676124
BE22;1;3104,000000000000000;0,310400000000000;swvl1;StdTime;15-04-64 00:00:00;0,285776112065410
BE23;2;3847,000000000000000;0,384700000000000;swvl1;StdTime;15-04-64 00:00:00;0,290622833148827
BE24;3;2706,000000000000000;0,270600000000000;swvl1;StdTime;15-04-64 00:00:00;0,338103191925699
BE25;4;4010,000000000000000;0,401000000000000;swvl1;StdTime;15-04-64 00:00:00;0,313489342806048
BE31;5;1403,000000000000000;0,140300000000000;swvl1;StdTime;15-04-64 00:00:00;0,357335229346519
BE32;6;4820,000000000000000;0,482000000000000;swvl1;StdTime;15-04-64 00:00:00;0,354896231848917
BE10;7;209,000000000000000;0,020900000000000;swvl1;StdTime;15-04-64 00:00:00;0,351223694650750
BE21;8;3689,000000000000000;0,368900000000000;swvl1;StdTime;15-04-64 00:00:00;0,249416080524392
BE33;9;4899,000000000000000;0,489900000000000;swvl1;StdTime;15-04-64 00:00:00;0,367619053092044
BE34;10;5582,000000000000000;0,558200000000000;swvl1;StdTime;15-04-64 00:00:00;0,350138019907863
BE35;11;4637,000000000000000;0,463700000000000;swvl1;StdTime;15-04-64 00:00:00;0,359459930288141
BE22;1;3104,000000000000000;0,310400000000000;swvl1;StdTime;15-04-65 00:00:00;0,301584788046047
BE23;2;3847,000000000000000;0,384700000000000;swvl1;StdTime;15-04-65 00:00:00;0,299079317251892
BE24;3;2706,000000000000000;0,270600000000000;swvl1;StdTime;15-04-65 00:00:00;0,350202777020286
BE25;4;4010,000000000000000;0,401000000000000;swvl1;StdTime;15-04-65 00:00:00;0,317780480940740
BE31;5;1403,000000000000000;0,140300000000000;swvl1;StdTime;15-04-65 00:00:00;0,369923186128002
BE32;6;4820,000000000000000;0,482000000000000;swvl1;StdTime;15-04-65 00:00:00;0,368391931056976
BE10;7;209,000000000000000;0,020900000000000;swvl1;StdTime;15-04-65 00:00:00;0,364049813964150
BE21;8;3689,000000000000000;0,368900000000000;swvl1;StdTime;15-04-65 00:00:00;0,261175303031481
BE33;9;4899,000000000000000;0,489900000000000;swvl1;StdTime;15-04-65 00:00:00;0,382332580835144
BE34;10;5582,000000000000000;0,558200000000000;swvl1;StdTime;15-04-65 00:00:00;0,368008277757712
BE35;11;4637,000000000000000;0,463700000000000;swvl1;StdTime;15-04-65 00:00:00;0,377356115808152
BE22;1;3104,000000000000000;0,310400000000000;swvl1;StdTime;15-04-66 00:00:00;0,293407578352531
BE23;2;3847,000000000000000;0,384700000000000;swvl1;StdTime;15-04-66 00:00:00;0,294167136066078
BE24;3;2706,000000000000000;0,270600000000000;swvl1;StdTime;15-04-66 00:00:00;0,344617377038762
BE25;4;4010,000000000000000;0,401000000000000;swvl1;StdTime;15-04-66 00:00:00;0,313611418320948
BE31;5;1403,000000000000000;0,140300000000000;swvl1;StdTime;15-04-66 00:00:00;0,365483152743160
BE32;6;4820,000000000000000;0,482000000000000;swvl1;StdTime;15-04-66 00:00:00;0,363873984358618
BE10;7;209,000000000000000;0,020900000000000;swvl1;StdTime;15-04-66 00:00:00;0,357902532701857
BE21;8;3689,000000000000000;0,368900000000000;swvl1;StdTime;15-04-66 00:00:00;0,256083714280164
BE33;9;4899,000000000000000;0,489900000000000;swvl1;StdTime;15-04-66 00:00:00;0,380109690858238
BE34;10;5582,000000000000000;0,558200000000000;swvl1;StdTime;15-04-66 00:00:00;0,366259411460544
BE35;11;4637,000000000000000;0,463700000000000;swvl1;StdTime;15-04-66 00:00:00;0,375776242774084
BE22;1;3104,000000000000000;0,310400000000000;swvl1;StdTime;15-04-67 00:00:00;0,302343578087454
BE23;2;3847,000000000000000;0,384700000000000;swvl1;StdTime;15-04-67 00:00:00;0,302534848656907
BE24;3;2706,000000000000000;0,270600000000000;swvl1;StdTime;15-04-67 00:00:00;0,349513289718961
BE25;4;4010,000000000000000;0,401000000000000;swvl1;StdTime;15-04-67 00:00:00;0,327924760273121
BE31;5;1403,000000000000000;0,140300000000000;swvl1;StdTime;15-04-67 00:00:00;0,366997595225923
BE32;6;4820,000000000000000;0,482000000000000;swvl1;StdTime;15-04-67 00:00:00;0,363797249796481
BE10;7;209,000000000000000;0,020900000000000;swvl1;StdTime;15-04-67 00:00:00;0,360992231437464
BE21;8;3689,000000000000000;0,368900000000000;swvl1;StdTime;15-04-67 00:00:00;0,265823736435419
BE33;9;4899,000000000000000;0,489900000000000;swvl1;StdTime;15-04-67 00:00:00;0,378330868077438
BE34;10;5582,000000000000000;0,558200000000000;swvl1;StdTime;15-04-67 00:00:00;0,360692020547044
BE35;11;4637,000000000000000;0,463700000000000;swvl1;StdTime;15-04-67 00:00:00;0,371712005315785
BE22;1;3104,000000000000000;0,310400000000000;swvl1;StdTime;15-04-68 00:00:00;0,279050511332017
BE23;2;3847,000000000000000;0,384700000000000;swvl1;StdTime;15-04-68 00:00:00;0,291445372296458
BE24;3;2706,000000000000000;0,270600000000000;swvl1;StdTime;15-04-68 00:00:00;0,335373080237125
BE25;4;4010,000000000000000;0,401000000000000;swvl1;StdTime;15-04-68 00:00:00;0,313784293369611
BE31;5;1403,000000000000000;0,140300000000000;swvl1;StdTime;15-04-68 00:00:00;0,351380435955668
BE32;6;4820,000000000000000;0,482000000000000;swvl1;StdTime;15-04-68 00:00:00;0,352002588625518
BE10;7;209,000000000000000;0,020900000000000;swvl1;StdTime;15-04-68 00:00:00;0,349639800747046
BE21;8;3689,000000000000000;0,368900000000000;swvl1;StdTime;15-04-68 00:00:00;0,247677156250792
BE33;9;4899,000000000000000;0,489900000000000;swvl1;StdTime;15-04-68 00:00:00;0,357086395695395
BE34;10;5582,000000000000000;0,558200000000000;swvl1;StdTime;15-04-68 00:00:00;0,340658068886500
BE35;11;4637,000000000000000;0,463700000000000;swvl1;StdTime;15-04-68 00:00:00;0,350732645258092
BE22;1;3104,000000000000000;0,310400000000000;swvl1;StdTime;15-04-69 00:00:00;0,300048253249339
BE23;2;3847,000000000000000;0,384700000000000;swvl1;StdTime;15-04-69 00:00:00;0,312768709695987
BE24;3;2706,000000000000000;0,270600000000000;swvl1;StdTime;15-04-69 00:00:00;0,358615690571065
BE25;4;4010,000000000000000;0,401000000000000;swvl1;StdTime;15-04-69 00:00:00;0,337279511531095
BE31;5;1403,000000000000000;0,140300000000000;swvl1;StdTime;15-04-69 00:00:00;0,376873696627824
BE32;6;4820,000000000000000;0,482000000000000;swvl1;StdTime;15-04-69 00:00:00;0,379093162406283
BE10;7;209,000000000000000;0,020900000000000;swvl1;StdTime;15-04-69 00:00:00;0,374808990499049
BE21;8;3689,000000000000000;0,368900000000000;swvl1;StdTime;15-04-69 00:00:00;0,269896098565816
BE33;9;4899,000000000000000;0,489900000000000;swvl1;StdTime;15-04-69 00:00:00;0,379863737669252
BE34;10;5582,000000000000000;0,558200000000000;swvl1;StdTime;15-04-69 00:00:00;0,365256048498701
BE35;11;4637,000000000000000;0,463700000000000;swvl1;StdTime;15-04-69 00:00:00;0,378171808604718
BE22;1;3104,000000000000000;0,310400000000000;swvl1;StdTime;15-04-70 00:00:00;0,308574419967907
BE23;2;3847,000000000000000;0,384700000000000;swvl1;StdTime;15-04-70 00:00:00;0,314206635274917
BE24;3;2706,000000000000000;0,270600000000000;swvl1;StdTime;15-04-70 00:00:00;0,365280162986349
BE25;4;4010,000000000000000;0,401000000000000;swvl1;StdTime;15-04-70 00:00:00;0,333821034308829
BE31;5;1403,000000000000000;0,140300000000000;swvl1;StdTime;15-04-70 00:00:00;0,385470471867304
BE32;6;4820,000000000000000;0,482000000000000;swvl1;StdTime;15-04-70 00:00:00;0,384551542700574
BE10;7;209,000000000000000;0,020900000000000;swvl1;StdTime;15-04-70 00:00:00;0,381616309641651
BE21;8;3689,000000000000000;0,368900000000000;swvl1;StdTime;15-04-70 00:00:00;0,272915678300260
BE33;9;4899,000000000000000;0,489900000000000;swvl1;StdTime;15-04-70 00:00:00;0,390721550807098
BE34;10;5582,000000000000000;0,558200000000000;swvl1;StdTime;15-04-70 00:00:00;0,374097237591033
BE35;11;4637,000000000000000;0,463700000000000;swvl1;StdTime;15-04-70 00:00:00;0,389165178561535
BE22;1;3104,000000000000000;0,310400000000000;swvl1;StdTime;15-04-71 00:00:00;0,272284147147205
BE23;2;3847,000000000000000;0,384700000000000;swvl1;StdTime;15-04-71 00:00:00;0,279376237957020
BE24;3;2706,000000000000000;0,270600000000000;swvl1;StdTime;15-04-71 00:00:00;0,327310798388230
BE25;4;4010,000000000000000;0,401000000000000;swvl1;StdTime;15-04-71 00:00:00;0,301423851186943
BE31;5;1403,000000000000000;0,140300000000000;swvl1;StdTime;15-04-71 00:00:00;0,346728980838615
BE32;6;4820,000000000000000;0,482000000000000;swvl1;StdTime;15-04-71 00:00:00;0,345517188063301
BE10;7;209,000000000000000;0,020900000000000;swvl1;StdTime;15-04-71 00:00:00;0,341022609808799
BE21;8;3689,000000000000000;0,368900000000000;swvl1;StdTime;15-04-71 00:00:00;0,240800317757561
BE33;9;4899,000000000000000;0,489900000000000;swvl1;StdTime;15-04-71 00:00:00;0,355677098084478
BE34;10;5582,000000000000000;0,558200000000000;swvl1;StdTime;15-04-71 00:00:00;0,333693049949520
BE35;11;4637,000000000000000;0,463700000000000;swvl1;StdTime;15-04-71 00:00:00;0,349047707706683
BE22;1;3104,000000000000000;0,310400000000000;swvl1;StdTime;15-04-72 00:00:00;0,302435851867128
BE23;2;3847,000000000000000;0,384700000000000;swvl1;StdTime;15-04-72 00:00:00;0,306792321241860
BE24;3;2706,000000000000000;0,270600000000000;swvl1;StdTime;15-04-72 00:00:00;0,357534239259986
BE25;4;4010,000000000000000;0,401000000000000;swvl1;StdTime;15-04-72 00:00:00;0,327752163839013
BE31;5;1403,000000000000000;0,140300000000000;swvl1;StdTime;15-04-72 00:00:00;0,377417410133740
BE32;6;4820,000000000000000;0,482000000000000;swvl1;StdTime;15-04-72 00:00:00;0,375584877662638
BE10;7;209,000000000000000;0,020900000000000;swvl1;StdTime;15-04-72 00:00:00;0,372327056940663
BE21;8;3689,000000000000000;0,368900000000000;swvl1;StdTime;15-04-72 00:00:00;0,270722104055217
BE33;9;4899,000000000000000;0,489900000000000;swvl1;StdTime;15-04-72 00:00:00;0,381700381852579
BE34;10;5582,000000000000000;0,558200000000000;swvl1;StdTime;15-04-72 00:00:00;0,369503959495506
BE35;11;4637,000000000000000;0,463700000000000;swvl1;StdTime;15-04-72 00:00:00;0,381576558716831
BE22;1;3104,000000000000000;0,310400000000000;swvl1;StdTime;15-04-73 00:00:00;0,303976320363965
BE23;2;3847,000000000000000;0,384700000000000;swvl1;StdTime;15-04-73 00:00:00;0,305695062531786
BE24;3;2706,000000000000000;0,270600000000000;swvl1;StdTime;15-04-73 00:00:00;0,354174573885804
BE25;4;4010,000000000000000;0,401000000000000;swvl1;StdTime;15-04-73 00:00:00;0,323428644128423
BE31;5;1403,000000000000000;0,140300000000000;swvl1;StdTime;15-04-73 00:00:00;0,373422206361550
BE32;6;4820,000000000000000;0,482000000000000;swvl1;StdTime;15-04-73 00:00:00;0,367554697227428
BE10;7;209,000000000000000;0,020900000000000;swvl1;StdTime;15-04-73 00:00:00;0,368422413128985
BE21;8;3689,000000000000000;0,368900000000000;swvl1;StdTime;15-04-73 00:00:00;0,266045310332318
BE33;9;4899,000000000000000;0,489900000000000;swvl1;StdTime;15-04-73 00:00:00;0,385275717340311
BE34;10;5582,000000000000000;0,558200000000000;swvl1;StdTime;15-04-73 00:00:00;0,367152930392518
BE35;11;4637,000000000000000;0,463700000000000;swvl1;StdTime;15-04-73 00:00:00;0,377303520493501
BE22;1;3104,000000000000000;0,310400000000000;swvl1;StdTime;15-04-74 00:00:00;0,261656231371705
BE23;2;3847,000000000000000;0,384700000000000;swvl1;StdTime;15-04-74 00:00:00;0,268277782943920
BE24;3;2706,000000000000000;0,270600000000000;swvl1;StdTime;15-04-74 00:00:00;0,315487911469039
BE25;4;4010,000000000000000;0,401000000000000;swvl1;StdTime;15-04-74 00:00:00;0,294878720787547
BE31;5;1403,000000000000000;0,140300000000000;swvl1;StdTime;15-04-74 00:00:00;0,339869493662419
BE32;6;4820,000000000000000;0,482000000000000;swvl1;StdTime;15-04-74 00:00:00;0,342058728239596
BE10;7;209,000000000000000;0,020900000000000;swvl1;StdTime;15-04-74 00:00:00;0,328689282305503
BE21;8;3689,000000000000000;0,368900000000000;swvl1;StdTime;15-04-74 00:00:00;0,219337041165875
BE33;9;4899,000000000000000;0,489900000000000;swvl1;StdTime;15-04-74 00:00:00;0,348093413149589
BE34;10;5582,000000000000000;0,558200000000000;swvl1;StdTime;15-04-74 00:00:00;0,336219586183717
BE35;11;4637,000000000000000;0,463700000000000;swvl1;StdTime;15-04-74 00:00:00;0,349740291100678
BE22;1;3104,000000000000000;0,310400000000000;swvl1;StdTime;15-04-75 00:00:00;0,300705653653701
BE23;2;3847,000000000000000;0,384700000000000;swvl1;StdTime;15-04-75 00:00:00;0,312613102455155
BE24;3;2706,000000000000000;0,270600000000000;swvl1;StdTime;15-04-75 00:00:00;0,358491490185481
BE25;4;4010,000000000000000;0,401000000000000;swvl1;StdTime;15-04-75 00:00:00;0,337717223297479
BE31;5;1403,000000000000000;0,140300000000000;swvl1;StdTime;15-04-75 00:00:00;0,377237342972460
BE32;6;4820,000000000000000;0,482000000000000;swvl1;StdTime;15-04-75 00:00:00;0,375230925459091
BE10;7;209,000000000000000;0,020900000000000;swvl1;StdTime;15-04-75 00:00:00;0,373899295284417
BE21;8;3689,000000000000000;0,368900000000000;swvl1;StdTime;15-04-75 00:00:00;0,269920674434165
BE33;9;4899,000000000000000;0,489900000000000;swvl1;StdTime;15-04-75 00:00:00;0,375524187530880
BE34;10;5582,000000000000000;0,558200000000000;swvl1;StdTime;15-04-75 00:00:00;0,357772917609859
BE35;11;4637,000000000000000;0,463700000000000;swvl1;StdTime;15-04-75 00:00:00;0,376401191298139
BE22;1;3104,000000000000000;0,310400000000000;swvl1;StdTime;15-04-76 00:00:00;0,241879966705269
BE23;2;3847,000000000000000;0,384700000000000;swvl1;StdTime;15-04-76 00:00:00;0,228391032684367
BE24;3;2706,000000000000000;0,270600000000000;swvl1;StdTime;15-04-76 00:00:00;0,283910932497060
BE25;4;4010,000000000000000;0,401000000000000;swvl1;StdTime;15-04-76 00:00:00;0,255145745343550
BE31;5;1403,000000000000000;0,140300000000000;swvl1;StdTime;15-04-76 00:00:00;0,305822411797680
BE32;6;4820,000000000000000;0,482000000000000;swvl1;StdTime;15-04-76 00:00:00;0,300231874205514
BE10;7;209,000000000000000;0,020900000000000;swvl1;StdTime;15-04-76 00:00:00;0,290655862914318
BE21;8;3689,000000000000000;0,368900000000000;swvl1;StdTime;15-04-76 00:00:00;0,197951483816175
BE33;9;4899,000000000000000;0,489900000000000;swvl1;StdTime;15-04-76 00:00:00;0,323940337270005
BE34;10;5582,000000000000000;0,558200000000000;swvl1;StdTime;15-04-76 00:00:00;0,311949431559852
BE35;11;4637,000000000000000;0,463700000000000;swvl1;StdTime;15-04-76 00:00:00;0,319050784309748
BE22;1;3104,000000000000000;0,310400000000000;swvl1;StdTime;15-04-77 00:00:00;0,299435126979250
BE23;2;3847,000000000000000;0,384700000000000;swvl1;StdTime;15-04-77 00:00:00;0,308371173791648
BE24;3;2706,000000000000000;0,270600000000000;swvl1;StdTime;15-04-77 00:00:00;0,355453220991100
BE25;4;4010,000000000000000;0,401000000000000;swvl1;StdTime;15-04-77 00:00:00;0,332285013668555
BE31;5;1403,000000000000000;0,140300000000000;swvl1;StdTime;15-04-77 00:00:00;0,374452575435828
BE32;6;4820,000000000000000;0,482000000000000;swvl1;StdTime;15-04-77 00:00:00;0,374987335249596
BE10;7;209,000000000000000;0,020900000000000;swvl1;StdTime;15-04-77 00:00:00;0,370837171539735
BE21;8;3689,000000000000000;0,368900000000000;swvl1;StdTime;15-04-77 00:00:00;0,266957791073273
BE33;9;4899,000000000000000;0,489900000000000;swvl1;StdTime;15-04-77 00:00:00;0,379527196771736
BE34;10;5582,000000000000000;0,558200000000000;swvl1;StdTime;15-04-77 00:00:00;0,364288330281008
BE35;11;4637,000000000000000;0,463700000000000;swvl1;StdTime;15-04-77 00:00:00;0,378817242648753
BE22;1;3104,000000000000000;0,310400000000000;swvl1;StdTime;15-04-78 00:00:00;0,304141501857678
BE23;2;3847,000000000000000;0,384700000000000;swvl1;StdTime;15-04-78 00:00:00;0,304289752461088
BE24;3;2706,000000000000000;0,270600000000000;swvl1;StdTime;15-04-78 00:00:00;0,354956623929479
BE25;4;4010,000000000000000;0,401000000000000;swvl1;StdTime;15-04-78 00:00:00;0,327127700011035
BE31;5;1403,000000000000000;0,140300000000000;swvl1;StdTime;15-04-78 00:00:00;0,374470651893214
BE32;6;4820,000000000000000;0,482000000000000;swvl1;StdTime;15-04-78 00:00:00;0,375504542003034
BE10;7;209,000000000000000;0,020900000000000;swvl1;StdTime;15-04-78 00:00:00;0,369079852218263
BE21;8;3689,000000000000000;0,368900000000000;swvl1;StdTime;15-04-78 00:00:00;0,265559944147725
BE33;9;4899,000000000000000;0,489900000000000;swvl1;StdTime;15-04-78 00:00:00;0,385304086687468
BE34;10;5582,000000000000000;0,558200000000000;swvl1;StdTime;15-04-78 00:00:00;0,371914279622144
BE35;11;4637,000000000000000;0,463700000000000;swvl1;StdTime;15-04-78 00:00:00;0,382800907622850
BE22;1;3104,000000000000000;0,310400000000000;swvl1;StdTime;15-04-79 00:00:00;0,308453126080794
BE23;2;3847,000000000000000;0,384700000000000;swvl1;StdTime;15-04-79 00:00:00;0,314996231096517
BE24;3;2706,000000000000000;0,270600000000000;swvl1;StdTime;15-04-79 00:00:00;0,361608383352459
BE25;4;4010,000000000000000;0,401000000000000;swvl1;StdTime;15-04-79 00:00:00;0,341087413406432
BE31;5;1403,000000000000000;0,140300000000000;swvl1;StdTime;15-04-79 00:00:00;0,379529425121594
BE32;6;4820,000000000000000;0,482000000000000;swvl1;StdTime;15-04-79 00:00:00;0,379254087991238
BE10;7;209,000000000000000;0,020900000000000;swvl1;StdTime;15-04-79 00:00:00;0,375482494466042
BE21;8;3689,000000000000000;0,368900000000000;swvl1;StdTime;15-04-79 00:00:00;0,276363272836907
BE33;9;4899,000000000000000;0,489900000000000;swvl1;StdTime;15-04-79 00:00:00;0,387287730780347
BE34;10;5582,000000000000000;0,558200000000000;swvl1;StdTime;15-04-79 00:00:00;0,376500101557815
BE35;11;4637,000000000000000;0,463700000000000;swvl1;StdTime;15-04-79 00:00:00;0,384259008978214
BE22;1;3104,000000000000000;0,310400000000000;swvl1;StdTime;15-04-80 00:00:00;0,274958693215950
BE23;2;3847,000000000000000;0,384700000000000;swvl1;StdTime;15-04-80 00:00:00;0,276899370534066
BE24;3;2706,000000000000000;0,270600000000000;swvl1;StdTime;15-04-80 00:00:00;0,328592743639231
BE25;4;4010,000000000000000;0,401000000000000;swvl1;StdTime;15-04-80 00:00:00;0,306997904593957
BE31;5;1403,000000000000000;0,140300000000000;swvl1;StdTime;15-04-80 00:00:00;0,349454230567173
BE32;6;4820,000000000000000;0,482000000000000;swvl1;StdTime;15-04-80 00:00:00;0,351346471256488
BE10;7;209,000000000000000;0,020900000000000;swvl1;StdTime;15-04-80 00:00:00;0,341360869019796
BE21;8;3689,000000000000000;0,368900000000000;swvl1;StdTime;15-04-80 00:00:00;0,233655375411078
BE33;9;4899,000000000000000;0,489900000000000;swvl1;StdTime;15-04-80 00:00:00;0,361919873878648
BE34;10;5582,000000000000000;0,558200000000000;swvl1;StdTime;15-04-80 00:00:00;0,347196522757106
BE35;11;4637,000000000000000;0,463700000000000;swvl1;StdTime;15-04-80 00:00:00;0,360782030413113
BE22;1;3104,000000000000000;0,310400000000000;swvl1;StdTime;15-04-81 00:00:00;0,300135517137644
BE23;2;3847,000000000000000;0,384700000000000;swvl1;StdTime;15-04-81 00:00:00;0,312194385411121
BE24;3;2706,000000000000000;0,270600000000000;swvl1;StdTime;15-04-81 00:00:00;0,355858915220431
BE25;4;4010,000000000000000;0,401000000000000;swvl1;StdTime;15-04-81 00:00:00;0,340722213016632
BE31;5;1403,000000000000000;0,140300000000000;swvl1;StdTime;15-04-81 00:00:00;0,373810480640178
BE32;6;4820,000000000000000;0,482000000000000;swvl1;StdTime;15-04-81 00:00:00;0,374694011035797
BE10;7;209,000000000000000;0,020900000000000;swvl1;StdTime;15-04-81 00:00:00;0,369502017229938
BE21;8;3689,000000000000000;0,368900000000000;swvl1;StdTime;15-04-81 00:00:00;0,266757046014644
BE33;9;4899,000000000000000;0,489900000000000;swvl1;StdTime;15-04-81 00:00:00;0,382104433715575
BE34;10;5582,000000000000000;0,558200000000000;swvl1;StdTime;15-04-81 00:00:00;0,367891657354050
BE35;11;4637,000000000000000;0,463700000000000;swvl1;StdTime;15-04-81 00:00:00;0,380306307145278
BE22;1;3104,000000000000000;0,310400000000000;swvl1;StdTime;15-04-82 00:00:00;0,283980993073933
BE23;2;3847,000000000000000;0,384700000000000;swvl1;StdTime;15-04-82 00:00:00;0,277724141745497
BE24;3;2706,000000000000000;0,270600000000000;swvl1;StdTime;15-04-82 00:00:00;0,327757633451568
BE25;4;4010,000000000000000;0,401000000000000;swvl1;StdTime;15-04-82 00:00:00;0,306084294163824
BE31;5;1403,000000000000000;0,140300000000000;swvl1;StdTime;15-04-82 00:00:00;0,352105078383675
BE32;6;4820,000000000000000;0,482000000000000;swvl1;StdTime;15-04-82 00:00:00;0,352204565945008
BE10;7;209,000000000000000;0,020900000000000;swvl1;StdTime;15-04-82 00:00:00;0,339174772278544
BE21;8;3689,000000000000000;0,368900000000000;swvl1;StdTime;15-04-82 00:00:00;0,237060562943533
BE33;9;4899,000000000000000;0,489900000000000;swvl1;StdTime;15-04-82 00:00:00;0,370960837895833
BE34;10;5582,000000000000000;0,558200000000000;swvl1;StdTime;15-04-82 00:00:00;0,352595758220280
BE35;11;4637,000000000000000;0,463700000000000;swvl1;StdTime;15-04-82 00:00:00;0,364230751901293
BE22;1;3104,000000000000000;0,310400000000000;swvl1;StdTime;15-04-83 00:00:00;0,318212805210238
BE23;2;3847,000000000000000;0,384700000000000;swvl1;StdTime;15-04-83 00:00:00;0,328308782842148
BE24;3;2706,000000000000000;0,270600000000000;swvl1;StdTime;15-04-83 00:00:00;0,374633436765128
BE25;4;4010,000000000000000;0,401000000000000;swvl1;StdTime;15-04-83 00:00:00;0,349829577634162
BE31;5;1403,000000000000000;0,140300000000000;swvl1;StdTime;15-04-83 00:00:00;0,393250858431107
BE32;6;4820,000000000000000;0,482000000000000;swvl1;StdTime;15-04-83 00:00:00;0,391878607461067
BE10;7;209,000000000000000;0,020900000000000;swvl1;StdTime;15-04-83 00:00:00;0,390956602598492
BE21;8;3689,000000000000000;0,368900000000000;swvl1;StdTime;15-04-83 00:00:00;0,286907871803897
BE33;9;4899,000000000000000;0,489900000000000;swvl1;StdTime;15-04-83 00:00:00;0,397073994025474
BE34;10;5582,000000000000000;0,558200000000000;swvl1;StdTime;15-04-83 00:00:00;0,387468525144798
BE35;11;4637,000000000000000;0,463700000000000;swvl1;StdTime;15-04-83 00:00:00;0,397089468461057
BE22;1;3104,000000000000000;0,310400000000000;swvl1;StdTime;15-04-84 00:00:00;0,286054111738718
BE23;2;3847,000000000000000;0,384700000000000;swvl1;StdTime;15-04-84 00:00:00;0,290292831552721
BE24;3;2706,000000000000000;0,270600000000000;swvl1;StdTime;15-04-84 00:00:00;0,337102987191585
BE25;4;4010,000000000000000;0,401000000000000;swvl1;StdTime;15-04-84 00:00:00;0,314527426188129
BE31;5;1403,000000000000000;0,140300000000000;swvl1;StdTime;15-04-84 00:00:00;0,357335872698578
BE32;6;4820,000000000000000;0,482000000000000;swvl1;StdTime;15-04-84 00:00:00;0,355877199391853
BE10;7;209,000000000000000;0,020900000000000;swvl1;StdTime;15-04-84 00:00:00;0,351111599275370
BE21;8;3689,000000000000000;0,368900000000000;swvl1;StdTime;15-04-84 00:00:00;0,246060748076368
BE33;9;4899,000000000000000;0,489900000000000;swvl1;StdTime;15-04-84 00:00:00;0,368917092909057
BE34;10;5582,000000000000000;0,558200000000000;swvl1;StdTime;15-04-84 00:00:00;0,352054116181663
BE35;11;4637,000000000000000;0,463700000000000;swvl1;StdTime;15-04-84 00:00:00;0,365897452237407
BE22;1;3104,000000000000000;0,310400000000000;swvl1;StdTime;15-04-85 00:00:00;0,305178607247539
BE23;2;3847,000000000000000;0,384700000000000;swvl1;StdTime;15-04-85 00:00:00;0,317591104882086
BE24;3;2706,000000000000000;0,270600000000000;swvl1;StdTime;15-04-85 00:00:00;0,361725640578880
BE25;4;4010,000000000000000;0,401000000000000;swvl1;StdTime;15-04-85 00:00:00;0,342501933263275
BE31;5;1403,000000000000000;0,140300000000000;swvl1;StdTime;15-04-85 00:00:00;0,380151959142767
BE32;6;4820,000000000000000;0,482000000000000;swvl1;StdTime;15-04-85 00:00:00;0,380626569830530
BE10;7;209,000000000000000;0,020900000000000;swvl1;StdTime;15-04-85 00:00:00;0,378158493760670
BE21;8;3689,000000000000000;0,368900000000000;swvl1;StdTime;15-04-85 00:00:00;0,274965744462560
BE33;9;4899,000000000000000;0,489900000000000;swvl1;StdTime;15-04-85 00:00:00;0,381456920634145
BE34;10;5582,000000000000000;0,558200000000000;swvl1;StdTime;15-04-85 00:00:00;0,367956552826687
BE35;11;4637,000000000000000;0,463700000000000;swvl1;StdTime;15-04-85 00:00:00;0,380980638593134
BE22;1;3104,000000000000000;0,310400000000000;swvl1;StdTime;15-04-86 00:00:00;0,296864188713089
BE23;2;3847,000000000000000;0,384700000000000;swvl1;StdTime;15-04-86 00:00:00;0,309974332668578
BE24;3;2706,000000000000000;0,270600000000000;swvl1;StdTime;15-04-86 00:00:00;0,350624617263509
BE25;4;4010,000000000000000;0,401000000000000;swvl1;StdTime;15-04-86 00:00:00;0,333237096436898
BE31;5;1403,000000000000000;0,140300000000000;swvl1;StdTime;15-04-86 00:00:00;0,368277382973850
BE32;6;4820,000000000000000;0,482000000000000;swvl1;StdTime;15-04-86 00:00:00;0,371572409693879
BE10;7;209,000000000000000;0,020900000000000;swvl1;StdTime;15-04-86 00:00:00;0,365101251448171
BE21;8;3689,000000000000000;0,368900000000000;swvl1;StdTime;15-04-86 00:00:00;0,264339869622293
BE33;9;4899,000000000000000;0,489900000000000;swvl1;StdTime;15-04-86 00:00:00;0,379076904838341
BE34;10;5582,000000000000000;0,558200000000000;swvl1;StdTime;15-04-86 00:00:00;0,368112836103848
BE35;11;4637,000000000000000;0,463700000000000;swvl1;StdTime;15-04-86 00:00:00;0,375561007368223
BE22;1;3104,000000000000000;0,310400000000000;swvl1;StdTime;15-04-87 00:00:00;0,294387405992668
BE23;2;3847,000000000000000;0,384700000000000;swvl1;StdTime;15-04-87 00:00:00;0,303484014366892
BE24;3;2706,000000000000000;0,270600000000000;swvl1;StdTime;15-04-87 00:00:00;0,349277874092789
BE25;4;4010,000000000000000;0,401000000000000;swvl1;StdTime;15-04-87 00:00:00;0,326571757634382
BE31;5;1403,000000000000000;0,140300000000000;swvl1;StdTime;15-04-87 00:00:00;0,366485574567479
BE32;6;4820,000000000000000;0,482000000000000;swvl1;StdTime;15-04-87 00:00:00;0,365855379736523
BE10;7;209,000000000000000;0,020900000000000;swvl1;StdTime;15-04-87 00:00:00;0,363639845659858
BE21;8;3689,000000000000000;0,368900000000000;swvl1;StdTime;15-04-87 00:00:00;0,259911523654746
BE33;9;4899,000000000000000;0,489900000000000;swvl1;StdTime;15-04-87 00:00:00;0,375287277482193
BE34;10;5582,000000000000000;0,558200000000000;swvl1;StdTime;15-04-87 00:00:00;0,360371466940960
BE35;11;4637,000000000000000;0,463700000000000;swvl1;StdTime;15-04-87 00:00:00;0,370740044777677
BE22;1;3104,000000000000000;0,310400000000000;swvl1;StdTime;15-04-88 00:00:00;0,278989086273251
BE23;2;3847,000000000000000;0,384700000000000;swvl1;StdTime;15-04-88 00:00:00;0,290279081859680
BE24;3;2706,000000000000000;0,270600000000000;swvl1;StdTime;15-04-88 00:00:00;0,330074183626344
BE25;4;4010,000000000000000;0,401000000000000;swvl1;StdTime;15-04-88 00:00:00;0,325126315534412
BE31;5;1403,000000000000000;0,140300000000000;swvl1;StdTime;15-04-88 00:00:00;0,351222876833748
BE32;6;4820,000000000000000;0,482000000000000;swvl1;StdTime;15-04-88 00:00:00;0,358434507652685
BE10;7;209,000000000000000;0,020900000000000;swvl1;StdTime;15-04-88 00:00:00;0,340965550196798
BE21;8;3689,000000000000000;0,368900000000000;swvl1;StdTime;15-04-88 00:00:00;0,241791363047144
BE33;9;4899,000000000000000;0,489900000000000;swvl1;StdTime;15-04-88 00:00:00;0,360549046235757
BE34;10;5582,000000000000000;0,558200000000000;swvl1;StdTime;15-04-88 00:00:00;0,347680463407233
BE35;11;4637,000000000000000;0,463700000000000;swvl1;StdTime;15-04-88 00:00:00;0,361914892777148
BE22;1;3104,000000000000000;0,310400000000000;swvl1;StdTime;15-04-89 00:00:00;0,282683843175506
BE23;2;3847,000000000000000;0,384700000000000;swvl1;StdTime;15-04-89 00:00:00;0,289170880274460
BE24;3;2706,000000000000000;0,270600000000000;swvl1;StdTime;15-04-89 00:00:00;0,335656160476335
BE25;4;4010,000000000000000;0,401000000000000;swvl1;StdTime;15-04-89 00:00:00;0,313896118598686
BE31;5;1403,000000000000000;0,140300000000000;swvl1;StdTime;15-04-89 00:00:00;0,352597916712526
BE32;6;4820,000000000000000;0,482000000000000;swvl1;StdTime;15-04-89 00:00:00;0,355665119808492
BE10;7;209,000000000000000;0,020900000000000;swvl1;StdTime;15-04-89 00:00:00;0,349146967727031
BE21;8;3689,000000000000000;0,368900000000000;swvl1;StdTime;15-04-89 00:00:00;0,249358456926186
BE33;9;4899,000000000000000;0,489900000000000;swvl1;StdTime;15-04-89 00:00:00;0,362270710632055
BE34;10;5582,000000000000000;0,558200000000000;swvl1;StdTime;15-04-89 00:00:00;0,355494771469070
BE35;11;4637,000000000000000;0,463700000000000;swvl1;StdTime;15-04-89 00:00:00;0,362221765799694
BE22;1;3104,000000000000000;0,310400000000000;swvl1;StdTime;15-04-90 00:00:00;0,264181535292571
BE23;2;3847,000000000000000;0,384700000000000;swvl1;StdTime;15-04-90 00:00:00;0,266664814772406
BE24;3;2706,000000000000000;0,270600000000000;swvl1;StdTime;15-04-90 00:00:00;0,312274180011272
BE25;4;4010,000000000000000;0,401000000000000;swvl1;StdTime;15-04-90 00:00:00;0,291512449368128
BE31;5;1403,000000000000000;0,140300000000000;swvl1;StdTime;15-04-90 00:00:00;0,331651509487875
BE32;6;4820,000000000000000;0,482000000000000;swvl1;StdTime;15-04-90 00:00:00;0,325940240907224
BE10;7;209,000000000000000;0,020900000000000;swvl1;StdTime;15-04-90 00:00:00;0,321686038702869
BE21;8;3689,000000000000000;0,368900000000000;swvl1;StdTime;15-04-90 00:00:00;0,225636939113461
BE33;9;4899,000000000000000;0,489900000000000;swvl1;StdTime;15-04-90 00:00:00;0,346512573851595
BE34;10;5582,000000000000000;0,558200000000000;swvl1;StdTime;15-04-90 00:00:00;0,328136571544510
BE35;11;4637,000000000000000;0,463700000000000;swvl1;StdTime;15-04-90 00:00:00;0,339927886667143
BE22;1;3104,000000000000000;0,310400000000000;swvl1;StdTime;15-04-91 00:00:00;0,263445499909984
BE23;2;3847,000000000000000;0,384700000000000;swvl1;StdTime;15-04-91 00:00:00;0,271154175199469
BE24;3;2706,000000000000000;0,270600000000000;swvl1;StdTime;15-04-91 00:00:00;0,317553940419788
BE25;4;4010,000000000000000;0,401000000000000;swvl1;StdTime;15-04-91 00:00:00;0,300322806994963
BE31;5;1403,000000000000000;0,140300000000000;swvl1;StdTime;15-04-91 00:00:00;0,340156900398407
BE32;6;4820,000000000000000;0,482000000000000;swvl1;StdTime;15-04-91 00:00:00;0,343596087501258
BE10;7;209,000000000000000;0,020900000000000;swvl1;StdTime;15-04-91 00:00:00;0,329965395220159
BE21;8;3689,000000000000000;0,368900000000000;swvl1;StdTime;15-04-91 00:00:00;0,226397704273487
BE33;9;4899,000000000000000;0,489900000000000;swvl1;StdTime;15-04-91 00:00:00;0,348368195398264
BE34;10;5582,000000000000000;0,558200000000000;swvl1;StdTime;15-04-91 00:00:00;0,327871902800085
BE35;11;4637,000000000000000;0,463700000000000;swvl1;StdTime;15-04-91 00:00:00;0,347252980424125
BE22;1;3104,000000000000000;0,310400000000000;swvl1;StdTime;15-04-92 00:00:00;0,282939503305428
BE23;2;3847,000000000000000;0,384700000000000;swvl1;StdTime;15-04-92 00:00:00;0,288854343056958
BE24;3;2706,000000000000000;0,270600000000000;swvl1;StdTime;15-04-92 00:00:00;0,337396340900364
BE25;4;4010,000000000000000;0,401000000000000;swvl1;StdTime;15-04-92 00:00:00;0,313813562553720
BE31;5;1403,000000000000000;0,140300000000000;swvl1;StdTime;15-04-92 00:00:00;0,355709504269738
BE32;6;4820,000000000000000;0,482000000000000;swvl1;StdTime;15-04-92 00:00:00;0,355542274691257
BE10;7;209,000000000000000;0,020900000000000;swvl1;StdTime;15-04-92 00:00:00;0,349863789583507
BE21;8;3689,000000000000000;0,368900000000000;swvl1;StdTime;15-04-92 00:00:00;0,249893102640381
BE33;9;4899,000000000000000;0,489900000000000;swvl1;StdTime;15-04-92 00:00:00;0,362516538887321
BE34;10;5582,000000000000000;0,558200000000000;swvl1;StdTime;15-04-92 00:00:00;0,346070849243585
BE35;11;4637,000000000000000;0,463700000000000;swvl1;StdTime;15-04-92 00:00:00;0,358560388654322
BE22;1;3104,000000000000000;0,310400000000000;swvl1;StdTime;15-04-93 00:00:00;0,259665668471572
BE23;2;3847,000000000000000;0,384700000000000;swvl1;StdTime;15-04-93 00:00:00;0,268262287367001
BE24;3;2706,000000000000000;0,270600000000000;swvl1;StdTime;15-04-93 00:00:00;0,310500370177488
BE25;4;4010,000000000000000;0,401000000000000;swvl1;StdTime;15-04-93 00:00:00;0,298064115457702
BE31;5;1403,000000000000000;0,140300000000000;swvl1;StdTime;15-04-93 00:00:00;0,335375295438175
BE32;6;4820,000000000000000;0,482000000000000;swvl1;StdTime;15-04-93 00:00:00;0,341419757568737
BE10;7;209,000000000000000;0,020900000000000;swvl1;StdTime;15-04-93 00:00:00;0,325322856315585
BE21;8;3689,000000000000000;0,368900000000000;swvl1;StdTime;15-04-93 00:00:00;0,220925489926797
BE33;9;4899,000000000000000;0,489900000000000;swvl1;StdTime;15-04-93 00:00:00;0,347670731452757
BE34;10;5582,000000000000000;0,558200000000000;swvl1;StdTime;15-04-93 00:00:00;0,327549760479818
BE35;11;4637,000000000000000;0,463700000000000;swvl1;StdTime;15-04-93 00:00:00;0,341937337478019
BE22;1;3104,000000000000000;0,310400000000000;swvl1;StdTime;15-04-94 00:00:00;0,295084200324203
BE23;2;3847,000000000000000;0,384700000000000;swvl1;StdTime;15-04-94 00:00:00;0,307828331074220
BE24;3;2706,000000000000000;0,270600000000000;swvl1;StdTime;15-04-94 00:00:00;0,351139717112404
BE25;4;4010,000000000000000;0,401000000000000;swvl1;StdTime;15-04-94 00:00:00;0,334728407726026
BE31;5;1403,000000000000000;0,140300000000000;swvl1;StdTime;15-04-94 00:00:00;0,370120710482873
BE32;6;4820,000000000000000;0,482000000000000;swvl1;StdTime;15-04-94 00:00:00;0,372912349715768
BE10;7;209,000000000000000;0,020900000000000;swvl1;StdTime;15-04-94 00:00:00;0,366684589659769
BE21;8;3689,000000000000000;0,368900000000000;swvl1;StdTime;15-04-94 00:00:00;0,262632945194481
BE33;9;4899,000000000000000;0,489900000000000;swvl1;StdTime;15-04-94 00:00:00;0,378130715558617
BE34;10;5582,000000000000000;0,558200000000000;swvl1;StdTime;15-04-94 00:00:00;0,368130557588761
BE35;11;4637,000000000000000;0,463700000000000;swvl1;StdTime;15-04-94 00:00:00;0,377620053523981
BE22;1;3104,000000000000000;0,310400000000000;swvl1;StdTime;15-04-95 00:00:00;0,288258687833075
BE23;2;3847,000000000000000;0,384700000000000;swvl1;StdTime;15-04-95 00:00:00;0,287857310994123
BE24;3;2706,000000000000000;0,270600000000000;swvl1;StdTime;15-04-95 00:00:00;0,338826805859782
BE25;4;4010,000000000000000;0,401000000000000;swvl1;StdTime;15-04-95 00:00:00;0,307033142648135
BE31;5;1403,000000000000000;0,140300000000000;swvl1;StdTime;15-04-95 00:00:00;0,358059704983481
BE32;6;4820,000000000000000;0,482000000000000;swvl1;StdTime;15-04-95 00:00:00;0,359022371099945
BE10;7;209,000000000000000;0,020900000000000;swvl1;StdTime;15-04-95 00:00:00;0,351011845483734
BE21;8;3689,000000000000000;0,368900000000000;swvl1;StdTime;15-04-95 00:00:00;0,250516028739017
BE33;9;4899,000000000000000;0,489900000000000;swvl1;StdTime;15-04-95 00:00:00;0,370824776034764
BE34;10;5582,000000000000000;0,558200000000000;swvl1;StdTime;15-04-95 00:00:00;0,358787374849262
BE35;11;4637,000000000000000;0,463700000000000;swvl1;StdTime;15-04-95 00:00:00;0,368236197886962
BE22;1;3104,000000000000000;0,310400000000000;swvl1;StdTime;15-04-96 00:00:00;0,252681242057228
BE23;2;3847,000000000000000;0,384700000000000;swvl1;StdTime;15-04-96 00:00:00;0,269381450985449
BE24;3;2706,000000000000000;0,270600000000000;swvl1;StdTime;15-04-96 00:00:00;0,308637418761486
BE25;4;4010,000000000000000;0,401000000000000;swvl1;StdTime;15-04-96 00:00:00;0,298742293720680
BE31;5;1403,000000000000000;0,140300000000000;swvl1;StdTime;15-04-96 00:00:00;0,334637310215174
BE32;6;4820,000000000000000;0,482000000000000;swvl1;StdTime;15-04-96 00:00:00;0,339382140264224
BE10;7;209,000000000000000;0,020900000000000;swvl1;StdTime;15-04-96 00:00:00;0,324261898344213
BE21;8;3689,000000000000000;0,368900000000000;swvl1;StdTime;15-04-96 00:00:00;0,216238936270502
BE33;9;4899,000000000000000;0,489900000000000;swvl1;StdTime;15-04-96 00:00:00;0,340983334318135
BE34;10;5582,000000000000000;0,558200000000000;swvl1;StdTime;15-04-96 00:00:00;0,322513070695612
BE35;11;4637,000000000000000;0,463700000000000;swvl1;StdTime;15-04-96 00:00:00;0,336316747188003
BE22;1;3104,000000000000000;0,310400000000000;swvl1;StdTime;15-04-97 00:00:00;0,275345156214094
BE23;2;3847,000000000000000;0,384700000000000;swvl1;StdTime;15-04-97 00:00:00;0,274720672635187
BE24;3;2706,000000000000000;0,270600000000000;swvl1;StdTime;15-04-97 00:00:00;0,322806264464492
BE25;4;4010,000000000000000;0,401000000000000;swvl1;StdTime;15-04-97 00:00:00;0,295720134794414
BE31;5;1403,000000000000000;0,140300000000000;swvl1;StdTime;15-04-97 00:00:00;0,340702748901914
BE32;6;4820,000000000000000;0,482000000000000;swvl1;StdTime;15-04-97 00:00:00;0,337046827666493
BE10;7;209,000000000000000;0,020900000000000;swvl1;StdTime;15-04-97 00:00:00;0,333981799594523
BE21;8;3689,000000000000000;0,368900000000000;swvl1;StdTime;15-04-97 00:00:00;0,239088156248180
BE33;9;4899,000000000000000;0,489900000000000;swvl1;StdTime;15-04-97 00:00:00;0,359113534437586
BE34;10;5582,000000000000000;0,558200000000000;swvl1;StdTime;15-04-97 00:00:00;0,332962705708028
BE35;11;4637,000000000000000;0,463700000000000;swvl1;StdTime;15-04-97 00:00:00;0,346701827476269
BE22;1;3104,000000000000000;0,310400000000000;swvl1;StdTime;15-04-98 00:00:00;0,288202014756533
BE23;2;3847,000000000000000;0,384700000000000;swvl1;StdTime;15-04-98 00:00:00;0,297212458134070
BE24;3;2706,000000000000000;0,270600000000000;swvl1;StdTime;15-04-98 00:00:00;0,343480166144178
BE25;4;4010,000000000000000;0,401000000000000;swvl1;StdTime;15-04-98 00:00:00;0,321218437733051
BE31;5;1403,000000000000000;0,140300000000000;swvl1;StdTime;15-04-98 00:00:00;0,360965739954223
BE32;6;4820,000000000000000;0,482000000000000;swvl1;StdTime;15-04-98 00:00:00;0,361094102597336
BE10;7;209,000000000000000;0,020900000000000;swvl1;StdTime;15-04-98 00:00:00;0,356964382258329
BE21;8;3689,000000000000000;0,368900000000000;swvl1;StdTime;15-04-98 00:00:00;0,257446535604211
BE33;9;4899,000000000000000;0,489900000000000;swvl1;StdTime;15-04-98 00:00:00;0,366779438650931
BE34;10;5582,000000000000000;0,558200000000000;swvl1;StdTime;15-04-98 00:00:00;0,350290081818464
BE35;11;4637,000000000000000;0,463700000000000;swvl1;StdTime;15-04-98 00:00:00;0,366010255261642
BE22;1;3104,000000000000000;0,310400000000000;swvl1;StdTime;15-04-99 00:00:00;0,289067180332796
BE23;2;3847,000000000000000;0,384700000000000;swvl1;StdTime;15-04-99 00:00:00;0,304991536673273
BE24;3;2706,000000000000000;0,270600000000000;swvl1;StdTime;15-04-99 00:00:00;0,346230218890457
BE25;4;4010,000000000000000;0,401000000000000;swvl1;StdTime;15-04-99 00:00:00;0,331311754347232
BE31;5;1403,000000000000000;0,140300000000000;swvl1;StdTime;15-04-99 00:00:00;0,366805611532752
BE32;6;4820,000000000000000;0,482000000000000;swvl1;StdTime;15-04-99 00:00:00;0,364462312202730
BE10;7;209,000000000000000;0,020900000000000;swvl1;StdTime;15-04-99 00:00:00;0,360654839203118
BE21;8;3689,000000000000000;0,368900000000000;swvl1;StdTime;15-04-99 00:00:00;0,259631726291969
BE33;9;4899,000000000000000;0,489900000000000;swvl1;StdTime;15-04-99 00:00:00;0,365754255727254
BE34;10;5582,000000000000000;0,558200000000000;swvl1;StdTime;15-04-99 00:00:00;0,359265936327020
BE35;11;4637,000000000000000;0,463700000000000;swvl1;StdTime;15-04-99 00:00:00;0,370609617539205
BE22;1;3104,000000000000000;0,310400000000000;swvl1;StdTime;15-04-00 00:00:00;0,297779414481147
BE23;2;3847,000000000000000;0,384700000000000;swvl1;StdTime;15-04-00 00:00:00;0,310429569925461
BE24;3;2706,000000000000000;0,270600000000000;swvl1;StdTime;15-04-00 00:00:00;0,355496532713935
BE25;4;4010,000000000000000;0,401000000000000;swvl1;StdTime;15-04-00 00:00:00;0,339430031659746
BE31;5;1403,000000000000000;0,140300000000000;swvl1;StdTime;15-04-00 00:00:00;0,377494798119546
BE32;6;4820,000000000000000;0,482000000000000;swvl1;StdTime;15-04-00 00:00:00;0,376657802917651
BE10;7;209,000000000000000;0,020900000000000;swvl1;StdTime;15-04-00 00:00:00;0,370946736141825
BE21;8;3689,000000000000000;0,368900000000000;swvl1;StdTime;15-04-00 00:00:00;0,263748553669140
BE33;9;4899,000000000000000;0,489900000000000;swvl1;StdTime;15-04-00 00:00:00;0,380626140333823
BE34;10;5582,000000000000000;0,558200000000000;swvl1;StdTime;15-04-00 00:00:00;0,366532255566086
BE35;11;4637,000000000000000;0,463700000000000;swvl1;StdTime;15-04-00 00:00:00;0,382107231016429
BE22;1;3104,000000000000000;0,310400000000000;swvl1;StdTime;15-04-01 00:00:00;0,295995535501807
BE23;2;3847,000000000000000;0,384700000000000;swvl1;StdTime;15-04-01 00:00:00;0,312877613385839
BE24;3;2706,000000000000000;0,270600000000000;swvl1;StdTime;15-04-01 00:00:00;0,352830613961241
BE25;4;4010,000000000000000;0,401000000000000;swvl1;StdTime;15-04-01 00:00:00;0,343315838674952
BE31;5;1403,000000000000000;0,140300000000000;swvl1;StdTime;15-04-01 00:00:00;0,370879739714111
BE32;6;4820,000000000000000;0,482000000000000;swvl1;StdTime;15-04-01 00:00:00;0,376289559294821
BE10;7;209,000000000000000;0,020900000000000;swvl1;StdTime;15-04-01 00:00:00;0,368284601058686
BE21;8;3689,000000000000000;0,368900000000000;swvl1;StdTime;15-04-01 00:00:00;0,263260139791131
BE33;9;4899,000000000000000;0,489900000000000;swvl1;StdTime;15-04-01 00:00:00;0,374164007803353
BE34;10;5582,000000000000000;0,558200000000000;swvl1;StdTime;15-04-01 00:00:00;0,363665563152153
BE35;11;4637,000000000000000;0,463700000000000;swvl1;StdTime;15-04-01 00:00:00;0,375356645021866
BE22;1;3104,000000000000000;0,310400000000000;swvl1;StdTime;15-04-02 00:00:00;0,273884618549233
BE23;2;3847,000000000000000;0,384700000000000;swvl1;StdTime;15-04-02 00:00:00;0,279663588784873
BE24;3;2706,000000000000000;0,270600000000000;swvl1;StdTime;15-04-02 00:00:00;0,325229757123318
BE25;4;4010,000000000000000;0,401000000000000;swvl1;StdTime;15-04-02 00:00:00;0,306014106216425
BE31;5;1403,000000000000000;0,140300000000000;swvl1;StdTime;15-04-02 00:00:00;0,342152680317504
BE32;6;4820,000000000000000;0,482000000000000;swvl1;StdTime;15-04-02 00:00:00;0,342080909650603
BE10;7;209,000000000000000;0,020900000000000;swvl1;StdTime;15-04-02 00:00:00;0,337242915869900
BE21;8;3689,000000000000000;0,368900000000000;swvl1;StdTime;15-04-02 00:00:00;0,240534495805686
BE33;9;4899,000000000000000;0,489900000000000;swvl1;StdTime;15-04-02 00:00:00;0,349995978354532
BE34;10;5582,000000000000000;0,558200000000000;swvl1;StdTime;15-04-02 00:00:00;0,335142988365895
BE35;11;4637,000000000000000;0,463700000000000;swvl1;StdTime;15-04-02 00:00:00;0,346637614262575
BE22;1;3104,000000000000000;0,310400000000000;swvl1;StdTime;15-04-03 00:00:00;0,261545834794026
BE23;2;3847,000000000000000;0,384700000000000;swvl1;StdTime;15-04-03 00:00:00;0,266940840361396
BE24;3;2706,000000000000000;0,270600000000000;swvl1;StdTime;15-04-03 00:00:00;0,310233913439120
BE25;4;4010,000000000000000;0,401000000000000;swvl1;StdTime;15-04-03 00:00:00;0,290371318094600
BE31;5;1403,000000000000000;0,140300000000000;swvl1;StdTime;15-04-03 00:00:00;0,329810237616874
BE32;6;4820,000000000000000;0,482000000000000;swvl1;StdTime;15-04-03 00:00:00;0,329616480645303
BE10;7;209,000000000000000;0,020900000000000;swvl1;StdTime;15-04-03 00:00:00;0,322374902273479
BE21;8;3689,000000000000000;0,368900000000000;swvl1;StdTime;15-04-03 00:00:00;0,222079190164279
BE33;9;4899,000000000000000;0,489900000000000;swvl1;StdTime;15-04-03 00:00:00;0,348558469922427
BE34;10;5582,000000000000000;0,558200000000000;swvl1;StdTime;15-04-03 00:00:00;0,330200872340965
BE35;11;4637,000000000000000;0,463700000000000;swvl1;StdTime;15-04-03 00:00:00;0,339931027293333
BE22;1;3104,000000000000000;0,310400000000000;swvl1;StdTime;15-04-04 00:00:00;0,280892523380054
BE23;2;3847,000000000000000;0,384700000000000;swvl1;StdTime;15-04-04 00:00:00;0,277309186386696
BE24;3;2706,000000000000000;0,270600000000000;swvl1;StdTime;15-04-04 00:00:00;0,324548514921932
BE25;4;4010,000000000000000;0,401000000000000;swvl1;StdTime;15-04-04 00:00:00;0,305254178462629
BE31;5;1403,000000000000000;0,140300000000000;swvl1;StdTime;15-04-04 00:00:00;0,346417635573036
BE32;6;4820,000000000000000;0,482000000000000;swvl1;StdTime;15-04-04 00:00:00;0,346938908600955
BE10;7;209,000000000000000;0,020900000000000;swvl1;StdTime;15-04-04 00:00:00;0,334582992860575
BE21;8;3689,000000000000000;0,368900000000000;swvl1;StdTime;15-04-04 00:00:00;0,239236374758033
BE33;9;4899,000000000000000;0,489900000000000;swvl1;StdTime;15-04-04 00:00:00;0,361166464726422
BE34;10;5582,000000000000000;0,558200000000000;swvl1;StdTime;15-04-04 00:00:00;0,343048193537710
BE35;11;4637,000000000000000;0,463700000000000;swvl1;StdTime;15-04-04 00:00:00;0,355633271737990
BE22;1;3104,000000000000000;0,310400000000000;swvl1;StdTime;15-04-05 00:00:00;0,298889810992309
BE23;2;3847,000000000000000;0,384700000000000;swvl1;StdTime;15-04-05 00:00:00;0,305347914947669
BE24;3;2706,000000000000000;0,270600000000000;swvl1;StdTime;15-04-05 00:00:00;0,350170206765906
BE25;4;4010,000000000000000;0,401000000000000;swvl1;StdTime;15-04-05 00:00:00;0,330759082567364
BE31;5;1403,000000000000000;0,140300000000000;swvl1;StdTime;15-04-05 00:00:00;0,367048196021948
BE32;6;4820,000000000000000;0,482000000000000;swvl1;StdTime;15-04-05 00:00:00;0,368606639223722
BE10;7;209,000000000000000;0,020900000000000;swvl1;StdTime;15-04-05 00:00:00;0,362837015726920
BE21;8;3689,000000000000000;0,368900000000000;swvl1;StdTime;15-04-05 00:00:00;0,265530780135503
BE33;9;4899,000000000000000;0,489900000000000;swvl1;StdTime;15-04-05 00:00:00;0,374590401175948
BE34;10;5582,000000000000000;0,558200000000000;swvl1;StdTime;15-04-05 00:00:00;0,359225705241974
BE35;11;4637,000000000000000;0,463700000000000;swvl1;StdTime;15-04-05 00:00:00;0,368533156248216
BE22;1;3104,000000000000000;0,310400000000000;swvl1;StdTime;15-04-06 00:00:00;0,299736638428624
BE23;2;3847,000000000000000;0,384700000000000;swvl1;StdTime;15-04-06 00:00:00;0,310330600534162
BE24;3;2706,000000000000000;0,270600000000000;swvl1;StdTime;15-04-06 00:00:00;0,355026367536890
BE25;4;4010,000000000000000;0,401000000000000;swvl1;StdTime;15-04-06 00:00:00;0,334797608960150
BE31;5;1403,000000000000000;0,140300000000000;swvl1;StdTime;15-04-06 00:00:00;0,374940256815847
BE32;6;4820,000000000000000;0,482000000000000;swvl1;StdTime;15-04-06 00:00:00;0,377705190457496
BE10;7;209,000000000000000;0,020900000000000;swvl1;StdTime;15-04-06 00:00:00;0,370588895664261
BE21;8;3689,000000000000000;0,368900000000000;swvl1;StdTime;15-04-06 00:00:00;0,262241603814188
BE33;9;4899,000000000000000;0,489900000000000;swvl1;StdTime;15-04-06 00:00:00;0,377423873134331
BE34;10;5582,000000000000000;0,558200000000000;swvl1;StdTime;15-04-06 00:00:00;0,368236899423967
BE35;11;4637,000000000000000;0,463700000000000;swvl1;StdTime;15-04-06 00:00:00;0,380256433752505
BE22;1;3104,000000000000000;0,310400000000000;swvl1;StdTime;15-04-07 00:00:00;0,249025490480600
BE23;2;3847,000000000000000;0,384700000000000;swvl1;StdTime;15-04-07 00:00:00;0,253014764566219
BE24;3;2706,000000000000000;0,270600000000000;swvl1;StdTime;15-04-07 00:00:00;0,297378731678128
BE25;4;4010,000000000000000;0,401000000000000;swvl1;StdTime;15-04-07 00:00:00;0,283066770984348
BE31;5;1403,000000000000000;0,140300000000000;swvl1;StdTime;15-04-07 00:00:00;0,317233824700180
BE32;6;4820,000000000000000;0,482000000000000;swvl1;StdTime;15-04-07 00:00:00;0,320901796567984
BE10;7;209,000000000000000;0,020900000000000;swvl1;StdTime;15-04-07 00:00:00;0,307857358997519
BE21;8;3689,000000000000000;0,368900000000000;swvl1;StdTime;15-04-07 00:00:00;0,211710372541325
BE33;9;4899,000000000000000;0,489900000000000;swvl1;StdTime;15-04-07 00:00:00;0,329021199251053
BE34;10;5582,000000000000000;0,558200000000000;swvl1;StdTime;15-04-07 00:00:00;0,315079696369679
BE35;11;4637,000000000000000;0,463700000000000;swvl1;StdTime;15-04-07 00:00:00;0,327007701839382
BE22;1;3104,000000000000000;0,310400000000000;swvl1;StdTime;15-04-08 00:00:00;0,285378440768103
BE23;2;3847,000000000000000;0,384700000000000;swvl1;StdTime;15-04-08 00:00:00;0,294664712189420
BE24;3;2706,000000000000000;0,270600000000000;swvl1;StdTime;15-04-08 00:00:00;0,340692327054271
BE25;4;4010,000000000000000;0,401000000000000;swvl1;StdTime;15-04-08 00:00:00;0,320851582756958
BE31;5;1403,000000000000000;0,140300000000000;swvl1;StdTime;15-04-08 00:00:00;0,361313008403914
BE32;6;4820,000000000000000;0,482000000000000;swvl1;StdTime;15-04-08 00:00:00;0,364535206655249
BE10;7;209,000000000000000;0,020900000000000;swvl1;StdTime;15-04-08 00:00:00;0,354829896294900
BE21;8;3689,000000000000000;0,368900000000000;swvl1;StdTime;15-04-08 00:00:00;0,248189569283030
BE33;9;4899,000000000000000;0,489900000000000;swvl1;StdTime;15-04-08 00:00:00;0,365353005690144
BE34;10;5582,000000000000000;0,558200000000000;swvl1;StdTime;15-04-08 00:00:00;0,357089883644855
BE35;11;4637,000000000000000;0,463700000000000;swvl1;StdTime;15-04-08 00:00:00;0,370286997713764
BE22;1;3104,000000000000000;0,310400000000000;swvl1;StdTime;15-04-09 00:00:00;0,281086814263356
BE23;2;3847,000000000000000;0,384700000000000;swvl1;StdTime;15-04-09 00:00:00;0,286995841030923
BE24;3;2706,000000000000000;0,270600000000000;swvl1;StdTime;15-04-09 00:00:00;0,337226742805593
BE25;4;4010,000000000000000;0,401000000000000;swvl1;StdTime;15-04-09 00:00:00;0,312344991495633
BE31;5;1403,000000000000000;0,140300000000000;swvl1;StdTime;15-04-09 00:00:00;0,362063282273620
BE32;6;4820,000000000000000;0,482000000000000;swvl1;StdTime;15-04-09 00:00:00;0,363291060732856
BE10;7;209,000000000000000;0,020900000000000;swvl1;StdTime;15-04-09 00:00:00;0,353444322587200
BE21;8;3689,000000000000000;0,368900000000000;swvl1;StdTime;15-04-09 00:00:00;0,241148668597080
BE33;9;4899,000000000000000;0,489900000000000;swvl1;StdTime;15-04-09 00:00:00;0,368867558012157
BE34;10;5582,000000000000000;0,558200000000000;swvl1;StdTime;15-04-09 00:00:00;0,356346740760776
BE35;11;4637,000000000000000;0,463700000000000;swvl1;StdTime;15-04-09 00:00:00;0,368335248048845
BE22;1;3104,000000000000000;0,310400000000000;swvl1;StdTime;15-04-10 00:00:00;0,276433907194812
BE23;2;3847,000000000000000;0,384700000000000;swvl1;StdTime;15-04-10 00:00:00;0,275939713751988
BE24;3;2706,000000000000000;0,270600000000000;swvl1;StdTime;15-04-10 00:00:00;0,320553367909289
BE25;4;4010,000000000000000;0,401000000000000;swvl1;StdTime;15-04-10 00:00:00;0,300058522151592
BE31;5;1403,000000000000000;0,140300000000000;swvl1;StdTime;15-04-10 00:00:00;0,336707822484623
BE32;6;4820,000000000000000;0,482000000000000;swvl1;StdTime;15-04-10 00:00:00;0,336583757827143
BE10;7;209,000000000000000;0,020900000000000;swvl1;StdTime;15-04-10 00:00:00;0,331409313604592
BE21;8;3689,000000000000000;0,368900000000000;swvl1;StdTime;15-04-10 00:00:00;0,238409249447781
BE33;9;4899,000000000000000;0,489900000000000;swvl1;StdTime;15-04-10 00:00:00;0,350081233175026
BE34;10;5582,000000000000000;0,558200000000000;swvl1;StdTime;15-04-10 00:00:00;0,335141785877959
BE35;11;4637,000000000000000;0,463700000000000;swvl1;StdTime;15-04-10 00:00:00;0,341269711745512
BE22;1;3104,000000000000000;0,310400000000000;swvl1;StdTime;15-04-11 00:00:00;0,214678719601373
BE23;2;3847,000000000000000;0,384700000000000;swvl1;StdTime;15-04-11 00:00:00;0,218428316091078
BE24;3;2706,000000000000000;0,270600000000000;swvl1;StdTime;15-04-11 00:00:00;0,257651635857969
BE25;4;4010,000000000000000;0,401000000000000;swvl1;StdTime;15-04-11 00:00:00;0,240517295882143
BE31;5;1403,000000000000000;0,140300000000000;swvl1;StdTime;15-04-11 00:00:00;0,271749121689916
BE32;6;4820,000000000000000;0,482000000000000;swvl1;StdTime;15-04-11 00:00:00;0,274054210660864
BE10;7;209,000000000000000;0,020900000000000;swvl1;StdTime;15-04-11 00:00:00;0,266928417117972
BE21;8;3689,000000000000000;0,368900000000000;swvl1;StdTime;15-04-11 00:00:00;0,185586544355102
BE33;9;4899,000000000000000;0,489900000000000;swvl1;StdTime;15-04-11 00:00:00;0,285911319072842
BE34;10;5582,000000000000000;0,558200000000000;swvl1;StdTime;15-04-11 00:00:00;0,266477535057991
BE35;11;4637,000000000000000;0,463700000000000;swvl1;StdTime;15-04-11 00:00:00;0,281544507083282
BE22;1;3104,000000000000000;0,310400000000000;swvl1;StdTime;15-04-12 00:00:00;0,275127660751957
BE23;2;3847,000000000000000;0,384700000000000;swvl1;StdTime;15-04-12 00:00:00;0,293427926900018
BE24;3;2706,000000000000000;0,270600000000000;swvl1;StdTime;15-04-12 00:00:00;0,334367377029598
BE25;4;4010,000000000000000;0,401000000000000;swvl1;StdTime;15-04-12 00:00:00;0,321357762865592
BE31;5;1403,000000000000000;0,140300000000000;swvl1;StdTime;15-04-12 00:00:00;0,354460922760872
BE32;6;4820,000000000000000;0,482000000000000;swvl1;StdTime;15-04-12 00:00:00;0,357749900339302
BE10;7;209,000000000000000;0,020900000000000;swvl1;StdTime;15-04-12 00:00:00;0,349648392228989
BE21;8;3689,000000000000000;0,368900000000000;swvl1;StdTime;15-04-12 00:00:00;0,245517019112764
BE33;9;4899,000000000000000;0,489900000000000;swvl1;StdTime;15-04-12 00:00:00;0,357001486409074
BE34;10;5582,000000000000000;0,558200000000000;swvl1;StdTime;15-04-12 00:00:00;0,347611455766691
BE35;11;4637,000000000000000;0,463700000000000;swvl1;StdTime;15-04-12 00:00:00;0,358203951059704
BE22;1;3104,000000000000000;0,310400000000000;swvl1;StdTime;15-04-13 00:00:00;0,282846397595462
BE23;2;3847,000000000000000;0,384700000000000;swvl1;StdTime;15-04-13 00:00:00;0,294196335811382
BE24;3;2706,000000000000000;0,270600000000000;swvl1;StdTime;15-04-13 00:00:00;0,337540874432522
BE25;4;4010,000000000000000;0,401000000000000;swvl1;StdTime;15-04-13 00:00:00;0,320996617159790
BE31;5;1403,000000000000000;0,140300000000000;swvl1;StdTime;15-04-13 00:00:00;0,356984327116441
BE32;6;4820,000000000000000;0,482000000000000;swvl1;StdTime;15-04-13 00:00:00;0,359947732597961
BE10;7;209,000000000000000;0,020900000000000;swvl1;StdTime;15-04-13 00:00:00;0,351599971215691
BE21;8;3689,000000000000000;0,368900000000000;swvl1;StdTime;15-04-13 00:00:00;0,251140524331035
BE33;9;4899,000000000000000;0,489900000000000;swvl1;StdTime;15-04-13 00:00:00;0,369740601673885
BE34;10;5582,000000000000000;0,558200000000000;swvl1;StdTime;15-04-13 00:00:00;0,360673684807009
BE35;11;4637,000000000000000;0,463700000000000;swvl1;StdTime;15-04-13 00:00:00;0,366218509275851
BE22;1;3104,000000000000000;0,310400000000000;swvl1;StdTime;15-04-14 00:00:00;0,246760476841447
BE23;2;3847,000000000000000;0,384700000000000;swvl1;StdTime;15-04-14 00:00:00;0,276054959468232
BE24;3;2706,000000000000000;0,270600000000000;swvl1;StdTime;15-04-14 00:00:00;0,303679637093281
BE25;4;4010,000000000000000;0,401000000000000;swvl1;StdTime;15-04-14 00:00:00;0,304856007191309
BE31;5;1403,000000000000000;0,140300000000000;swvl1;StdTime;15-04-14 00:00:00;0,320002699527075
BE32;6;4820,000000000000000;0,482000000000000;swvl1;StdTime;15-04-14 00:00:00;0,327904556098074
BE10;7;209,000000000000000;0,020900000000000;swvl1;StdTime;15-04-14 00:00:00;0,317846048961986
BE21;8;3689,000000000000000;0,368900000000000;swvl1;StdTime;15-04-14 00:00:00;0,226388587016793
BE33;9;4899,000000000000000;0,489900000000000;swvl1;StdTime;15-04-14 00:00:00;0,329748820786477
BE34;10;5582,000000000000000;0,558200000000000;swvl1;StdTime;15-04-14 00:00:00;0,315316934070464
BE35;11;4637,000000000000000;0,463700000000000;swvl1;StdTime;15-04-14 00:00:00;0,321782287619149
BE22;1;3104,000000000000000;0,310400000000000;swvl1;StdTime;15-04-15 00:00:00;0,268824422789603
BE23;2;3847,000000000000000;0,384700000000000;swvl1;StdTime;15-04-15 00:00:00;0,269754462511564
BE24;3;2706,000000000000000;0,270600000000000;swvl1;StdTime;15-04-15 00:00:00;0,322008151486681
BE25;4;4010,000000000000000;0,401000000000000;swvl1;StdTime;15-04-15 00:00:00;0,294760376772381
BE31;5;1403,000000000000000;0,140300000000000;swvl1;StdTime;15-04-15 00:00:00;0,341625066799346
BE32;6;4820,000000000000000;0,482000000000000;swvl1;StdTime;15-04-15 00:00:00;0,339838114968226
BE10;7;209,000000000000000;0,020900000000000;swvl1;StdTime;15-04-15 00:00:00;0,334479398276817
BE21;8;3689,000000000000000;0,368900000000000;swvl1;StdTime;15-04-15 00:00:00;0,230849516289963
BE33;9;4899,000000000000000;0,489900000000000;swvl1;StdTime;15-04-15 00:00:00;0,346023217856483
BE34;10;5582,000000000000000;0,558200000000000;swvl1;StdTime;15-04-15 00:00:00;0,334457103679553
BE35;11;4637,000000000000000;0,463700000000000;swvl1;StdTime;15-04-15 00:00:00;0,347315439208459
BE22;1;3104,000000000000000;0,310400000000000;swvl1;StdTime;15-04-16 00:00:00;0,281011405929002
BE23;2;3847,000000000000000;0,384700000000000;swvl1;StdTime;15-04-16 00:00:00;0,290737413758887
BE24;3;2706,000000000000000;0,270600000000000;swvl1;StdTime;15-04-16 00:00:00;0,337733594955379
BE25;4;4010,000000000000000;0,401000000000000;swvl1;StdTime;15-04-16 00:00:00;0,319232940528904
BE31;5;1403,000000000000000;0,140300000000000;swvl1;StdTime;15-04-16 00:00:00;0,360212949392036
BE32;6;4820,000000000000000;0,482000000000000;swvl1;StdTime;15-04-16 00:00:00;0,366475806357455
BE10;7;209,000000000000000;0,020900000000000;swvl1;StdTime;15-04-16 00:00:00;0,351027594799060
BE21;8;3689,000000000000000;0,368900000000000;swvl1;StdTime;15-04-16 00:00:00;0,246699429270891
BE33;9;4899,000000000000000;0,489900000000000;swvl1;StdTime;15-04-16 00:00:00;0,366718510932693
BE34;10;5582,000000000000000;0,558200000000000;swvl1;StdTime;15-04-16 00:00:00;0,361409191473310
BE35;11;4637,000000000000000;0,463700000000000;swvl1;StdTime;15-04-16 00:00:00;0,372499528072866
BE22;1;3104,000000000000000;0,310400000000000;swvl1;StdTime;15-04-17 00:00:00;0,262554534696542
BE23;2;3847,000000000000000;0,384700000000000;swvl1;StdTime;15-04-17 00:00:00;0,255800105617794
BE24;3;2706,000000000000000;0,270600000000000;swvl1;StdTime;15-04-17 00:00:00;0,306885408131572
BE25;4;4010,000000000000000;0,401000000000000;swvl1;StdTime;15-04-17 00:00:00;0,276230340029235
BE31;5;1403,000000000000000;0,140300000000000;swvl1;StdTime;15-04-17 00:00:00;0,326625222617698
BE32;6;4820,000000000000000;0,482000000000000;swvl1;StdTime;15-04-17 00:00:00;0,321212068292857
BE10;7;209,000000000000000;0,020900000000000;swvl1;StdTime;15-04-17 00:00:00;0,316323124335713
BE21;8;3689,000000000000000;0,368900000000000;swvl1;StdTime;15-04-17 00:00:00;0,227068482019869
BE33;9;4899,000000000000000;0,489900000000000;swvl1;StdTime;15-04-17 00:00:00;0,338584175983918
BE34;10;5582,000000000000000;0,558200000000000;swvl1;StdTime;15-04-17 00:00:00;0,310719106988384
BE35;11;4637,000000000000000;0,463700000000000;swvl1;StdTime;15-04-17 00:00:00;0,328841367761765
BE22;1;3104,000000000000000;0,310400000000000;swvl1;StdTime;15-04-18 00:00:00;0,274796298441007
BE23;2;3847,000000000000000;0,384700000000000;swvl1;StdTime;15-04-18 00:00:00;0,294980081302300
BE24;3;2706,000000000000000;0,270600000000000;swvl1;StdTime;15-04-18 00:00:00;0,331567365480676
BE25;4;4010,000000000000000;0,401000000000000;swvl1;StdTime;15-04-18 00:00:00;0,324281373913597
BE31;5;1403,000000000000000;0,140300000000000;swvl1;StdTime;15-04-18 00:00:00;0,349960111331192
BE32;6;4820,000000000000000;0,482000000000000;swvl1;StdTime;15-04-18 00:00:00;0,352747352928294
BE10;7;209,000000000000000;0,020900000000000;swvl1;StdTime;15-04-18 00:00:00;0,346464314529200
BE21;8;3689,000000000000000;0,368900000000000;swvl1;StdTime;15-04-18 00:00:00;0,247745054936823
BE33;9;4899,000000000000000;0,489900000000000;swvl1;StdTime;15-04-18 00:00:00;0,350369375368652
BE34;10;5582,000000000000000;0,558200000000000;swvl1;StdTime;15-04-18 00:00:00;0,337421273998850
BE35;11;4637,000000000000000;0,463700000000000;swvl1;StdTime;15-04-18 00:00:00;0,350199771179370
BE22;1;3104,000000000000000;0,310400000000000;swvl1;StdTime;15-04-19 00:00:00;0,263242286269928
BE23;2;3847,000000000000000;0,384700000000000;swvl1;StdTime;15-04-19 00:00:00;0,279870304273946
BE24;3;2706,000000000000000;0,270600000000000;swvl1;StdTime;15-04-19 00:00:00;0,320157517091882
BE25;4;4010,000000000000000;0,401000000000000;swvl1;StdTime;15-04-19 00:00:00;0,303272218801583
BE31;5;1403,000000000000000;0,140300000000000;swvl1;StdTime;15-04-19 00:00:00;0,341618601309769
BE32;6;4820,000000000000000;0,482000000000000;swvl1;StdTime;15-04-19 00:00:00;0,354964970985884
BE10;7;209,000000000000000;0,020900000000000;swvl1;StdTime;15-04-19 00:00:00;0,333156649433255
BE21;8;3689,000000000000000;0,368900000000000;swvl1;StdTime;15-04-19 00:00:00;0,230312470321444
BE33;9;4899,000000000000000;0,489900000000000;swvl1;StdTime;15-04-19 00:00:00;0,353993990556832
BE34;10;5582,000000000000000;0,558200000000000;swvl1;StdTime;15-04-19 00:00:00;0,349041568436361
BE35;11;4637,000000000000000;0,463700000000000;swvl1;StdTime;15-04-19 00:00:00;0,359338879630255
BE22;1;3104,000000000000000;0,310400000000000;swvl1;StdTime;15-04-20 00:00:00;0,212522401272790
BE23;2;3847,000000000000000;0,384700000000000;swvl1;StdTime;15-04-20 00:00:00;0,222596456667867
BE24;3;2706,000000000000000;0,270600000000000;swvl1;StdTime;15-04-20 00:00:00;0,262462119773548
BE25;4;4010,000000000000000;0,401000000000000;swvl1;StdTime;15-04-20 00:00:00;0,254591703325733
BE31;5;1403,000000000000000;0,140300000000000;swvl1;StdTime;15-04-20 00:00:00;0,279398673148301
BE32;6;4820,000000000000000;0,482000000000000;swvl1;StdTime;15-04-20 00:00:00;0,283826974720628
BE10;7;209,000000000000000;0,020900000000000;swvl1;StdTime;15-04-20 00:00:00;0,272328129938345
BE21;8;3689,000000000000000;0,368900000000000;swvl1;StdTime;15-04-20 00:00:00;0,178168450414278
BE33;9;4899,000000000000000;0,489900000000000;swvl1;StdTime;15-04-20 00:00:00;0,288521495466938
BE34;10;5582,000000000000000;0,558200000000000;swvl1;StdTime;15-04-20 00:00:00;0,277344681317234
BE35;11;4637,000000000000000;0,463700000000000;swvl1;StdTime;15-04-20 00:00:00;0,288397758132249
BE22;1;3104,000000000000000;0,310400000000000;swvl1;StdTime;15-04-21 00:00:00;0,278248002671051
BE23;2;3847,000000000000000;0,384700000000000;swvl1;StdTime;15-04-21 00:00:00;0,282722621025096
BE24;3;2706,000000000000000;0,270600000000000;swvl1;StdTime;15-04-21 00:00:00;0,325693844851308
BE25;4;4010,000000000000000;0,401000000000000;swvl1;StdTime;15-04-21 00:00:00;0,298947332676807
BE31;5;1403,000000000000000;0,140300000000000;swvl1;StdTime;15-04-21 00:00:00;0,344612373956509
BE32;6;4820,000000000000000;0,482000000000000;swvl1;StdTime;15-04-21 00:00:00;0,345785004691959
BE10;7;209,000000000000000;0,020900000000000;swvl1;StdTime;15-04-21 00:00:00;0,338373259351584
BE21;8;3689,000000000000000;0,368900000000000;swvl1;StdTime;15-04-21 00:00:00;0,244390818085668
BE33;9;4899,000000000000000;0,489900000000000;swvl1;StdTime;15-04-21 00:00:00;0,360178012024458
BE34;10;5582,000000000000000;0,558200000000000;swvl1;StdTime;15-04-21 00:00:00;0,345188546887075
BE35;11;4637,000000000000000;0,463700000000000;swvl1;StdTime;15-04-21 00:00:00;0,355591891891411
BE22;1;3104,000000000000000;0,310400000000000;swvl1;StdTime;15-04-22 00:00:00;0,229188267919283
BE23;2;3847,000000000000000;0,384700000000000;swvl1;StdTime;15-04-22 00:00:00;0,244183703672120
BE24;3;2706,000000000000000;0,270600000000000;swvl1;StdTime;15-04-22 00:00:00;0,276583075055306
BE25;4;4010,000000000000000;0,401000000000000;swvl1;StdTime;15-04-22 00:00:00;0,281426173203306
BE31;5;1403,000000000000000;0,140300000000000;swvl1;StdTime;15-04-22 00:00:00;0,290041687079863
BE32;6;4820,000000000000000;0,482000000000000;swvl1;StdTime;15-04-22 00:00:00;0,297389685860313
BE10;7;209,000000000000000;0,020900000000000;swvl1;StdTime;15-04-22 00:00:00;0,285852216647572
BE21;8;3689,000000000000000;0,368900000000000;swvl1;StdTime;15-04-22 00:00:00;0,203763869904865
BE33;9;4899,000000000000000;0,489900000000000;swvl1;StdTime;15-04-22 00:00:00;0,310407246970771
BE34;10;5582,000000000000000;0,558200000000000;swvl1;StdTime;15-04-22 00:00:00;0,304301027516894
BE35;11;4637,000000000000000;0,463700000000000;swvl1;StdTime;15-04-22 00:00:00;0,301784269603285
BE22;1;3104,000000000000000;0,310400000000000;swvl1;StdTime;15-04-23 00:00:00;0,292609237662527
BE23;2;3847,000000000000000;0,384700000000000;swvl1;StdTime;15-04-23 00:00:00;0,305688801069274
BE24;3;2706,000000000000000;0,270600000000000;swvl1;StdTime;15-04-23 00:00:00;0,350225740822042
BE25;4;4010,000000000000000;0,401000000000000;swvl1;StdTime;15-04-23 00:00:00;0,331387376554886
BE31;5;1403,000000000000000;0,140300000000000;swvl1;StdTime;15-04-23 00:00:00;0,368275126621541
BE32;6;4820,000000000000000;0,482000000000000;swvl1;StdTime;15-04-23 00:00:00;0,372664727691051
BE10;7;209,000000000000000;0,020900000000000;swvl1;StdTime;15-04-23 00:00:00;0,365585377769607
BE21;8;3689,000000000000000;0,368900000000000;swvl1;StdTime;15-04-23 00:00:00;0,263561749347634
BE33;9;4899,000000000000000;0,489900000000000;swvl1;StdTime;15-04-23 00:00:00;0,371755182962074
BE34;10;5582,000000000000000;0,558200000000000;swvl1;StdTime;15-04-23 00:00:00;0,357316103781564
BE35;11;4637,000000000000000;0,463700000000000;swvl1;StdTime;15-04-23 00:00:00;0,372370238496436
BE22;1;3104,000000000000000;0,310400000000000;swvl1;StdTime;15-04-24 00:00:00;0,312468305066920
BE23;2;3847,000000000000000;0,384700000000000;swvl1;StdTime;15-04-24 00:00:00;0,324809802168836
BE24;3;2706,000000000000000;0,270600000000000;swvl1;StdTime;15-04-24 00:00:00;0,367485207193707
BE25;4;4010,000000000000000;0,401000000000000;swvl1;StdTime;15-04-24 00:00:00;0,345319722537091
BE31;5;1403,000000000000000;0,140300000000000;swvl1;StdTime;15-04-24 00:00:00;0,385369448345725
BE32;6;4820,000000000000000;0,482000000000000;swvl1;StdTime;15-04-24 00:00:00;0,386184677704241
BE10;7;209,000000000000000;0,020900000000000;swvl1;StdTime;15-04-24 00:00:00;0,383918486571198
BE21;8;3689,000000000000000;0,368900000000000;swvl1;StdTime;15-04-24 00:00:00;0,283739724386091
BE33;9;4899,000000000000000;0,489900000000000;swvl1;StdTime;15-04-24 00:00:00;0,389055186137786
BE34;10;5582,000000000000000;0,558200000000000;swvl1;StdTime;15-04-24 00:00:00;0,375550831119162
BE35;11;4637,000000000000000;0,463700000000000;swvl1;StdTime;15-04-24 00:00:00;0,389008187993169
BE22;1;3104,000000000000000;0,310400000000000;swvl2;StdTime;15-04-61 00:00:00;0,282063202601233
BE23;2;3847,000000000000000;0,384700000000000;swvl2;StdTime;15-04-61 00:00:00;0,276242867836495
BE24;3;2706,000000000000000;0,270600000000000;swvl2;StdTime;15-04-61 00:00:00;0,327300297271209
BE25;4;4010,000000000000000;0,401000000000000;swvl2;StdTime;15-04-61 00:00:00;0,294619117651200
BE31;5;1403,000000000000000;0,140300000000000;swvl2;StdTime;15-04-61 00:00:00;0,345810257084269
BE32;6;4820,000000000000000;0,482000000000000;swvl2;StdTime;15-04-61 00:00:00;0,338494267181737
BE10;7;209,000000000000000;0,020900000000000;swvl2;StdTime;15-04-61 00:00:00;0,339737671271466
BE21;8;3689,000000000000000;0,368900000000000;swvl2;StdTime;15-04-61 00:00:00;0,242305658008387
BE33;9;4899,000000000000000;0,489900000000000;swvl2;StdTime;15-04-61 00:00:00;0,367279798546771
BE34;10;5582,000000000000000;0,558200000000000;swvl2;StdTime;15-04-61 00:00:00;0,342642473535421
BE35;11;4637,000000000000000;0,463700000000000;swvl2;StdTime;15-04-61 00:00:00;0,352858377249817
BE22;1;3104,000000000000000;0,310400000000000;swvl2;StdTime;15-04-62 00:00:00;0,293474886119942
BE23;2;3847,000000000000000;0,384700000000000;swvl2;StdTime;15-04-62 00:00:00;0,292975865755727
BE24;3;2706,000000000000000;0,270600000000000;swvl2;StdTime;15-04-62 00:00:00;0,344718729494813
BE25;4;4010,000000000000000;0,401000000000000;swvl2;StdTime;15-04-62 00:00:00;0,310587838414750
BE31;5;1403,000000000000000;0,140300000000000;swvl2;StdTime;15-04-62 00:00:00;0,365079749272028
BE32;6;4820,000000000000000;0,482000000000000;swvl2;StdTime;15-04-62 00:00:00;0,358348260207789
BE10;7;209,000000000000000;0,020900000000000;swvl2;StdTime;15-04-62 00:00:00;0,358845057099630
BE21;8;3689,000000000000000;0,368900000000000;swvl2;StdTime;15-04-62 00:00:00;0,257008178269162
BE33;9;4899,000000000000000;0,489900000000000;swvl2;StdTime;15-04-62 00:00:00;0,372303843102812
BE34;10;5582,000000000000000;0,558200000000000;swvl2;StdTime;15-04-62 00:00:00;0,357849481548621
BE35;11;4637,000000000000000;0,463700000000000;swvl2;StdTime;15-04-62 00:00:00;0,368402686276157
BE22;1;3104,000000000000000;0,310400000000000;swvl2;StdTime;15-04-63 00:00:00;0,295505614264762
BE23;2;3847,000000000000000;0,384700000000000;swvl2;StdTime;15-04-63 00:00:00;0,299867373303620
BE24;3;2706,000000000000000;0,270600000000000;swvl2;StdTime;15-04-63 00:00:00;0,346696473002786
BE25;4;4010,000000000000000;0,401000000000000;swvl2;StdTime;15-04-63 00:00:00;0,326572801466296
BE31;5;1403,000000000000000;0,140300000000000;swvl2;StdTime;15-04-63 00:00:00;0,367275994820673
BE32;6;4820,000000000000000;0,482000000000000;swvl2;StdTime;15-04-63 00:00:00;0,366630810455910
BE10;7;209,000000000000000;0,020900000000000;swvl2;StdTime;15-04-63 00:00:00;0,360276493016613
BE21;8;3689,000000000000000;0,368900000000000;swvl2;StdTime;15-04-63 00:00:00;0,258351945289754
BE33;9;4899,000000000000000;0,489900000000000;swvl2;StdTime;15-04-63 00:00:00;0,376475446898004
BE34;10;5582,000000000000000;0,558200000000000;swvl2;StdTime;15-04-63 00:00:00;0,364572865244459
BE35;11;4637,000000000000000;0,463700000000000;swvl2;StdTime;15-04-63 00:00:00;0,373526228915161
BE22;1;3104,000000000000000;0,310400000000000;swvl2;StdTime;15-04-64 00:00:00;0,285577992889454
BE23;2;3847,000000000000000;0,384700000000000;swvl2;StdTime;15-04-64 00:00:00;0,290210762464259
BE24;3;2706,000000000000000;0,270600000000000;swvl2;StdTime;15-04-64 00:00:00;0,336926008143076
BE25;4;4010,000000000000000;0,401000000000000;swvl2;StdTime;15-04-64 00:00:00;0,314820633847220
BE31;5;1403,000000000000000;0,140300000000000;swvl2;StdTime;15-04-64 00:00:00;0,356642949054348
BE32;6;4820,000000000000000;0,482000000000000;swvl2;StdTime;15-04-64 00:00:00;0,354431144658213
BE10;7;209,000000000000000;0,020900000000000;swvl2;StdTime;15-04-64 00:00:00;0,350155849205820
BE21;8;3689,000000000000000;0,368900000000000;swvl2;StdTime;15-04-64 00:00:00;0,247984216445247
BE33;9;4899,000000000000000;0,489900000000000;swvl2;StdTime;15-04-64 00:00:00;0,366594878227815
BE34;10;5582,000000000000000;0,558200000000000;swvl2;StdTime;15-04-64 00:00:00;0,349377984614172
BE35;11;4637,000000000000000;0,463700000000000;swvl2;StdTime;15-04-64 00:00:00;0,358914501687075
BE22;1;3104,000000000000000;0,310400000000000;swvl2;StdTime;15-04-65 00:00:00;0,301399380290286
BE23;2;3847,000000000000000;0,384700000000000;swvl2;StdTime;15-04-65 00:00:00;0,297751369079212
BE24;3;2706,000000000000000;0,270600000000000;swvl2;StdTime;15-04-65 00:00:00;0,349520013303512
BE25;4;4010,000000000000000;0,401000000000000;swvl2;StdTime;15-04-65 00:00:00;0,315374641492034
BE31;5;1403,000000000000000;0,140300000000000;swvl2;StdTime;15-04-65 00:00:00;0,370264161040931
BE32;6;4820,000000000000000;0,482000000000000;swvl2;StdTime;15-04-65 00:00:00;0,368711664506015
BE10;7;209,000000000000000;0,020900000000000;swvl2;StdTime;15-04-65 00:00:00;0,363526733298051
BE21;8;3689,000000000000000;0,368900000000000;swvl2;StdTime;15-04-65 00:00:00;0,260371598444614
BE33;9;4899,000000000000000;0,489900000000000;swvl2;StdTime;15-04-65 00:00:00;0,382745672510847
BE34;10;5582,000000000000000;0,558200000000000;swvl2;StdTime;15-04-65 00:00:00;0,368398314637550
BE35;11;4637,000000000000000;0,463700000000000;swvl2;StdTime;15-04-65 00:00:00;0,377794364094091
BE22;1;3104,000000000000000;0,310400000000000;swvl2;StdTime;15-04-66 00:00:00;0,292459317545416
BE23;2;3847,000000000000000;0,384700000000000;swvl2;StdTime;15-04-66 00:00:00;0,294541146167538
BE24;3;2706,000000000000000;0,270600000000000;swvl2;StdTime;15-04-66 00:00:00;0,344778077873757
BE25;4;4010,000000000000000;0,401000000000000;swvl2;StdTime;15-04-66 00:00:00;0,314164720011173
BE31;5;1403,000000000000000;0,140300000000000;swvl2;StdTime;15-04-66 00:00:00;0,365656527445644
BE32;6;4820,000000000000000;0,482000000000000;swvl2;StdTime;15-04-66 00:00:00;0,363534231044939
BE10;7;209,000000000000000;0,020900000000000;swvl2;StdTime;15-04-66 00:00:00;0,358846586429331
BE21;8;3689,000000000000000;0,368900000000000;swvl2;StdTime;15-04-66 00:00:00;0,256236391400024
BE33;9;4899,000000000000000;0,489900000000000;swvl2;StdTime;15-04-66 00:00:00;0,380335283646853
BE34;10;5582,000000000000000;0,558200000000000;swvl2;StdTime;15-04-66 00:00:00;0,366874932409912
BE35;11;4637,000000000000000;0,463700000000000;swvl2;StdTime;15-04-66 00:00:00;0,375621831009608
BE22;1;3104,000000000000000;0,310400000000000;swvl2;StdTime;15-04-67 00:00:00;0,301319907126545
BE23;2;3847,000000000000000;0,384700000000000;swvl2;StdTime;15-04-67 00:00:00;0,300352785442909
BE24;3;2706,000000000000000;0,270600000000000;swvl2;StdTime;15-04-67 00:00:00;0,347416155954378
BE25;4;4010,000000000000000;0,401000000000000;swvl2;StdTime;15-04-67 00:00:00;0,326442609623334
BE31;5;1403,000000000000000;0,140300000000000;swvl2;StdTime;15-04-67 00:00:00;0,364550220205881
BE32;6;4820,000000000000000;0,482000000000000;swvl2;StdTime;15-04-67 00:00:00;0,361680920218037
BE10;7;209,000000000000000;0,020900000000000;swvl2;StdTime;15-04-67 00:00:00;0,358685623658331
BE21;8;3689,000000000000000;0,368900000000000;swvl2;StdTime;15-04-67 00:00:00;0,263975178667866
BE33;9;4899,000000000000000;0,489900000000000;swvl2;StdTime;15-04-67 00:00:00;0,377120965432088
BE34;10;5582,000000000000000;0,558200000000000;swvl2;StdTime;15-04-67 00:00:00;0,360021010916835
BE35;11;4637,000000000000000;0,463700000000000;swvl2;StdTime;15-04-67 00:00:00;0,369783179183342
BE22;1;3104,000000000000000;0,310400000000000;swvl2;StdTime;15-04-68 00:00:00;0,277438609851236
BE23;2;3847,000000000000000;0,384700000000000;swvl2;StdTime;15-04-68 00:00:00;0,289063848216161
BE24;3;2706,000000000000000;0,270600000000000;swvl2;StdTime;15-04-68 00:00:00;0,333510037657515
BE25;4;4010,000000000000000;0,401000000000000;swvl2;StdTime;15-04-68 00:00:00;0,312829567744696
BE31;5;1403,000000000000000;0,140300000000000;swvl2;StdTime;15-04-68 00:00:00;0,349096627381556
BE32;6;4820,000000000000000;0,482000000000000;swvl2;StdTime;15-04-68 00:00:00;0,349411414631669
BE10;7;209,000000000000000;0,020900000000000;swvl2;StdTime;15-04-68 00:00:00;0,348083879816475
BE21;8;3689,000000000000000;0,368900000000000;swvl2;StdTime;15-04-68 00:00:00;0,245584199933638
BE33;9;4899,000000000000000;0,489900000000000;swvl2;StdTime;15-04-68 00:00:00;0,353134654132315
BE34;10;5582,000000000000000;0,558200000000000;swvl2;StdTime;15-04-68 00:00:00;0,336460892403374
BE35;11;4637,000000000000000;0,463700000000000;swvl2;StdTime;15-04-68 00:00:00;0,347072028287248
BE22;1;3104,000000000000000;0,310400000000000;swvl2;StdTime;15-04-69 00:00:00;0,299673792176410
BE23;2;3847,000000000000000;0,384700000000000;swvl2;StdTime;15-04-69 00:00:00;0,312623851669433
BE24;3;2706,000000000000000;0,270600000000000;swvl2;StdTime;15-04-69 00:00:00;0,358604633964527
BE25;4;4010,000000000000000;0,401000000000000;swvl2;StdTime;15-04-69 00:00:00;0,337555196937035
BE31;5;1403,000000000000000;0,140300000000000;swvl2;StdTime;15-04-69 00:00:00;0,376808037247219
BE32;6;4820,000000000000000;0,482000000000000;swvl2;StdTime;15-04-69 00:00:00;0,379812995749390
BE10;7;209,000000000000000;0,020900000000000;swvl2;StdTime;15-04-69 00:00:00;0,375072356046102
BE21;8;3689,000000000000000;0,368900000000000;swvl2;StdTime;15-04-69 00:00:00;0,269643234310676
BE33;9;4899,000000000000000;0,489900000000000;swvl2;StdTime;15-04-69 00:00:00;0,379708656147320
BE34;10;5582,000000000000000;0,558200000000000;swvl2;StdTime;15-04-69 00:00:00;0,364889514359233
BE35;11;4637,000000000000000;0,463700000000000;swvl2;StdTime;15-04-69 00:00:00;0,377288476085775
BE22;1;3104,000000000000000;0,310400000000000;swvl2;StdTime;15-04-70 00:00:00;0,309386372681438
BE23;2;3847,000000000000000;0,384700000000000;swvl2;StdTime;15-04-70 00:00:00;0,315588099362480
BE24;3;2706,000000000000000;0,270600000000000;swvl2;StdTime;15-04-70 00:00:00;0,366905419652936
BE25;4;4010,000000000000000;0,401000000000000;swvl2;StdTime;15-04-70 00:00:00;0,335532836616039
BE31;5;1403,000000000000000;0,140300000000000;swvl2;StdTime;15-04-70 00:00:00;0,386997116160069
BE32;6;4820,000000000000000;0,482000000000000;swvl2;StdTime;15-04-70 00:00:00;0,385664111858086
BE10;7;209,000000000000000;0,020900000000000;swvl2;StdTime;15-04-70 00:00:00;0,383393135937777
BE21;8;3689,000000000000000;0,368900000000000;swvl2;StdTime;15-04-70 00:00:00;0,274347821769109
BE33;9;4899,000000000000000;0,489900000000000;swvl2;StdTime;15-04-70 00:00:00;0,391872523511811
BE34;10;5582,000000000000000;0,558200000000000;swvl2;StdTime;15-04-70 00:00:00;0,375139920237841
BE35;11;4637,000000000000000;0,463700000000000;swvl2;StdTime;15-04-70 00:00:00;0,390070035729090
BE22;1;3104,000000000000000;0,310400000000000;swvl2;StdTime;15-04-71 00:00:00;0,271955042309368
BE23;2;3847,000000000000000;0,384700000000000;swvl2;StdTime;15-04-71 00:00:00;0,278949172509345
BE24;3;2706,000000000000000;0,270600000000000;swvl2;StdTime;15-04-71 00:00:00;0,326888099824907
BE25;4;4010,000000000000000;0,401000000000000;swvl2;StdTime;15-04-71 00:00:00;0,300009253829198
BE31;5;1403,000000000000000;0,140300000000000;swvl2;StdTime;15-04-71 00:00:00;0,345615898594207
BE32;6;4820,000000000000000;0,482000000000000;swvl2;StdTime;15-04-71 00:00:00;0,345189948664413
BE10;7;209,000000000000000;0,020900000000000;swvl2;StdTime;15-04-71 00:00:00;0,340842330427261
BE21;8;3689,000000000000000;0,368900000000000;swvl2;StdTime;15-04-71 00:00:00;0,241726419238354
BE33;9;4899,000000000000000;0,489900000000000;swvl2;StdTime;15-04-71 00:00:00;0,353633601061055
BE34;10;5582,000000000000000;0,558200000000000;swvl2;StdTime;15-04-71 00:00:00;0,331863393902308
BE35;11;4637,000000000000000;0,463700000000000;swvl2;StdTime;15-04-71 00:00:00;0,347458439177163
BE22;1;3104,000000000000000;0,310400000000000;swvl2;StdTime;15-04-72 00:00:00;0,301501883851538
BE23;2;3847,000000000000000;0,384700000000000;swvl2;StdTime;15-04-72 00:00:00;0,305292669181115
BE24;3;2706,000000000000000;0,270600000000000;swvl2;StdTime;15-04-72 00:00:00;0,356181933110235
BE25;4;4010,000000000000000;0,401000000000000;swvl2;StdTime;15-04-72 00:00:00;0,326084890827871
BE31;5;1403,000000000000000;0,140300000000000;swvl2;StdTime;15-04-72 00:00:00;0,376225970000432
BE32;6;4820,000000000000000;0,482000000000000;swvl2;StdTime;15-04-72 00:00:00;0,375041322657428
BE10;7;209,000000000000000;0,020900000000000;swvl2;StdTime;15-04-72 00:00:00;0,370588799270146
BE21;8;3689,000000000000000;0,368900000000000;swvl2;StdTime;15-04-72 00:00:00;0,269559050158099
BE33;9;4899,000000000000000;0,489900000000000;swvl2;StdTime;15-04-72 00:00:00;0,381494841409669
BE34;10;5582,000000000000000;0,558200000000000;swvl2;StdTime;15-04-72 00:00:00;0,370270135421046
BE35;11;4637,000000000000000;0,463700000000000;swvl2;StdTime;15-04-72 00:00:00;0,381517619755805
BE22;1;3104,000000000000000;0,310400000000000;swvl2;StdTime;15-04-73 00:00:00;0,304710671891333
BE23;2;3847,000000000000000;0,384700000000000;swvl2;StdTime;15-04-73 00:00:00;0,304105141146139
BE24;3;2706,000000000000000;0,270600000000000;swvl2;StdTime;15-04-73 00:00:00;0,353543897266090
BE25;4;4010,000000000000000;0,401000000000000;swvl2;StdTime;15-04-73 00:00:00;0,321081317909192
BE31;5;1403,000000000000000;0,140300000000000;swvl2;StdTime;15-04-73 00:00:00;0,372973073701390
BE32;6;4820,000000000000000;0,482000000000000;swvl2;StdTime;15-04-73 00:00:00;0,365923817604161
BE10;7;209,000000000000000;0,020900000000000;swvl2;StdTime;15-04-73 00:00:00;0,367639690067209
BE21;8;3689,000000000000000;0,368900000000000;swvl2;StdTime;15-04-73 00:00:00;0,265534633683234
BE33;9;4899,000000000000000;0,489900000000000;swvl2;StdTime;15-04-73 00:00:00;0,386252406860619
BE34;10;5582,000000000000000;0,558200000000000;swvl2;StdTime;15-04-73 00:00:00;0,366500278856753
BE35;11;4637,000000000000000;0,463700000000000;swvl2;StdTime;15-04-73 00:00:00;0,376613908809451
BE22;1;3104,000000000000000;0,310400000000000;swvl2;StdTime;15-04-74 00:00:00;0,262372672404210
BE23;2;3847,000000000000000;0,384700000000000;swvl2;StdTime;15-04-74 00:00:00;0,266337765577802
BE24;3;2706,000000000000000;0,270600000000000;swvl2;StdTime;15-04-74 00:00:00;0,314285446715549
BE25;4;4010,000000000000000;0,401000000000000;swvl2;StdTime;15-04-74 00:00:00;0,294572851255053
BE31;5;1403,000000000000000;0,140300000000000;swvl2;StdTime;15-04-74 00:00:00;0,338031084195087
BE32;6;4820,000000000000000;0,482000000000000;swvl2;StdTime;15-04-74 00:00:00;0,339645062343708
BE10;7;209,000000000000000;0,020900000000000;swvl2;StdTime;15-04-74 00:00:00;0,327114708543394
BE21;8;3689,000000000000000;0,368900000000000;swvl2;StdTime;15-04-74 00:00:00;0,220275462978447
BE33;9;4899,000000000000000;0,489900000000000;swvl2;StdTime;15-04-74 00:00:00;0,345544215914521
BE34;10;5582,000000000000000;0,558200000000000;swvl2;StdTime;15-04-74 00:00:00;0,333426159199571
BE35;11;4637,000000000000000;0,463700000000000;swvl2;StdTime;15-04-74 00:00:00;0,347080597312949
BE22;1;3104,000000000000000;0,310400000000000;swvl2;StdTime;15-04-75 00:00:00;0,303176033291389
BE23;2;3847,000000000000000;0,384700000000000;swvl2;StdTime;15-04-75 00:00:00;0,314860190931841
BE24;3;2706,000000000000000;0,270600000000000;swvl2;StdTime;15-04-75 00:00:00;0,361112589130821
BE25;4;4010,000000000000000;0,401000000000000;swvl2;StdTime;15-04-75 00:00:00;0,339244431402172
BE31;5;1403,000000000000000;0,140300000000000;swvl2;StdTime;15-04-75 00:00:00;0,379533091571955
BE32;6;4820,000000000000000;0,482000000000000;swvl2;StdTime;15-04-75 00:00:00;0,377010923147943
BE10;7;209,000000000000000;0,020900000000000;swvl2;StdTime;15-04-75 00:00:00;0,376870669531480
BE21;8;3689,000000000000000;0,368900000000000;swvl2;StdTime;15-04-75 00:00:00;0,272845027092254
BE33;9;4899,000000000000000;0,489900000000000;swvl2;StdTime;15-04-75 00:00:00;0,375907347941551
BE34;10;5582,000000000000000;0,558200000000000;swvl2;StdTime;15-04-75 00:00:00;0,356994930186267
BE35;11;4637,000000000000000;0,463700000000000;swvl2;StdTime;15-04-75 00:00:00;0,376517871169404
BE22;1;3104,000000000000000;0,310400000000000;swvl2;StdTime;15-04-76 00:00:00;0,239025629351165
BE23;2;3847,000000000000000;0,384700000000000;swvl2;StdTime;15-04-76 00:00:00;0,232707732489024
BE24;3;2706,000000000000000;0,270600000000000;swvl2;StdTime;15-04-76 00:00:00;0,283421305406781
BE25;4;4010,000000000000000;0,401000000000000;swvl2;StdTime;15-04-76 00:00:00;0,261015522138139
BE31;5;1403,000000000000000;0,140300000000000;swvl2;StdTime;15-04-76 00:00:00;0,303234337528349
BE32;6;4820,000000000000000;0,482000000000000;swvl2;StdTime;15-04-76 00:00:00;0,300729369937879
BE10;7;209,000000000000000;0,020900000000000;swvl2;StdTime;15-04-76 00:00:00;0,292986759871387
BE21;8;3689,000000000000000;0,368900000000000;swvl2;StdTime;15-04-76 00:00:00;0,198001340116450
BE33;9;4899,000000000000000;0,489900000000000;swvl2;StdTime;15-04-76 00:00:00;0,318201485240330
BE34;10;5582,000000000000000;0,558200000000000;swvl2;StdTime;15-04-76 00:00:00;0,307219668000199
BE35;11;4637,000000000000000;0,463700000000000;swvl2;StdTime;15-04-76 00:00:00;0,314679786868206
BE22;1;3104,000000000000000;0,310400000000000;swvl2;StdTime;15-04-77 00:00:00;0,302104589927788
BE23;2;3847,000000000000000;0,384700000000000;swvl2;StdTime;15-04-77 00:00:00;0,309793394855905
BE24;3;2706,000000000000000;0,270600000000000;swvl2;StdTime;15-04-77 00:00:00;0,357947776384558
BE25;4;4010,000000000000000;0,401000000000000;swvl2;StdTime;15-04-77 00:00:00;0,333247824013233
BE31;5;1403,000000000000000;0,140300000000000;swvl2;StdTime;15-04-77 00:00:00;0,377722139963488
BE32;6;4820,000000000000000;0,482000000000000;swvl2;StdTime;15-04-77 00:00:00;0,377441477200550
BE10;7;209,000000000000000;0,020900000000000;swvl2;StdTime;15-04-77 00:00:00;0,373469668997532
BE21;8;3689,000000000000000;0,368900000000000;swvl2;StdTime;15-04-77 00:00:00;0,268701671285661
BE33;9;4899,000000000000000;0,489900000000000;swvl2;StdTime;15-04-77 00:00:00;0,382577593635846
BE34;10;5582,000000000000000;0,558200000000000;swvl2;StdTime;15-04-77 00:00:00;0,366761713533985
BE35;11;4637,000000000000000;0,463700000000000;swvl2;StdTime;15-04-77 00:00:00;0,381802618927757
BE22;1;3104,000000000000000;0,310400000000000;swvl2;StdTime;15-04-78 00:00:00;0,305907425902708
BE23;2;3847,000000000000000;0,384700000000000;swvl2;StdTime;15-04-78 00:00:00;0,305607235893386
BE24;3;2706,000000000000000;0,270600000000000;swvl2;StdTime;15-04-78 00:00:00;0,356888778766525
BE25;4;4010,000000000000000;0,401000000000000;swvl2;StdTime;15-04-78 00:00:00;0,328606758937426
BE31;5;1403,000000000000000;0,140300000000000;swvl2;StdTime;15-04-78 00:00:00;0,376983480247870
BE32;6;4820,000000000000000;0,482000000000000;swvl2;StdTime;15-04-78 00:00:00;0,378366981156139
BE10;7;209,000000000000000;0,020900000000000;swvl2;StdTime;15-04-78 00:00:00;0,371326937915035
BE21;8;3689,000000000000000;0,368900000000000;swvl2;StdTime;15-04-78 00:00:00;0,266697914640281
BE33;9;4899,000000000000000;0,489900000000000;swvl2;StdTime;15-04-78 00:00:00;0,386753948604995
BE34;10;5582,000000000000000;0,558200000000000;swvl2;StdTime;15-04-78 00:00:00;0,372931920448455
BE35;11;4637,000000000000000;0,463700000000000;swvl2;StdTime;15-04-78 00:00:00;0,384623944772223
BE22;1;3104,000000000000000;0,310400000000000;swvl2;StdTime;15-04-79 00:00:00;0,306945590897627
BE23;2;3847,000000000000000;0,384700000000000;swvl2;StdTime;15-04-79 00:00:00;0,312837058657450
BE24;3;2706,000000000000000;0,270600000000000;swvl2;StdTime;15-04-79 00:00:00;0,359801763860015
BE25;4;4010,000000000000000;0,401000000000000;swvl2;StdTime;15-04-79 00:00:00;0,339585584855437
BE31;5;1403,000000000000000;0,140300000000000;swvl2;StdTime;15-04-79 00:00:00;0,377585382692659
BE32;6;4820,000000000000000;0,482000000000000;swvl2;StdTime;15-04-79 00:00:00;0,377434200240121
BE10;7;209,000000000000000;0,020900000000000;swvl2;StdTime;15-04-79 00:00:00;0,373540146071375
BE21;8;3689,000000000000000;0,368900000000000;swvl2;StdTime;15-04-79 00:00:00;0,274464231765054
BE33;9;4899,000000000000000;0,489900000000000;swvl2;StdTime;15-04-79 00:00:00;0,385484283646654
BE34;10;5582,000000000000000;0,558200000000000;swvl2;StdTime;15-04-79 00:00:00;0,374945273325889
BE35;11;4637,000000000000000;0,463700000000000;swvl2;StdTime;15-04-79 00:00:00;0,382417495770781
BE22;1;3104,000000000000000;0,310400000000000;swvl2;StdTime;15-04-80 00:00:00;0,277048206489687
BE23;2;3847,000000000000000;0,384700000000000;swvl2;StdTime;15-04-80 00:00:00;0,279876099713970
BE24;3;2706,000000000000000;0,270600000000000;swvl2;StdTime;15-04-80 00:00:00;0,330232229009436
BE25;4;4010,000000000000000;0,401000000000000;swvl2;StdTime;15-04-80 00:00:00;0,311182057225793
BE31;5;1403,000000000000000;0,140300000000000;swvl2;StdTime;15-04-80 00:00:00;0,350488469163945
BE32;6;4820,000000000000000;0,482000000000000;swvl2;StdTime;15-04-80 00:00:00;0,353221711145397
BE10;7;209,000000000000000;0,020900000000000;swvl2;StdTime;15-04-80 00:00:00;0,343608938050612
BE21;8;3689,000000000000000;0,368900000000000;swvl2;StdTime;15-04-80 00:00:00;0,236392434287536
BE33;9;4899,000000000000000;0,489900000000000;swvl2;StdTime;15-04-80 00:00:00;0,361636537578695
BE34;10;5582,000000000000000;0,558200000000000;swvl2;StdTime;15-04-80 00:00:00;0,346385663513405
BE35;11;4637,000000000000000;0,463700000000000;swvl2;StdTime;15-04-80 00:00:00;0,360428843836037
BE22;1;3104,000000000000000;0,310400000000000;swvl2;StdTime;15-04-81 00:00:00;0,298734065630118
BE23;2;3847,000000000000000;0,384700000000000;swvl2;StdTime;15-04-81 00:00:00;0,311630437815379
BE24;3;2706,000000000000000;0,270600000000000;swvl2;StdTime;15-04-81 00:00:00;0,354395920260694
BE25;4;4010,000000000000000;0,401000000000000;swvl2;StdTime;15-04-81 00:00:00;0,340379216219125
BE31;5;1403,000000000000000;0,140300000000000;swvl2;StdTime;15-04-81 00:00:00;0,371875825390507
BE32;6;4820,000000000000000;0,482000000000000;swvl2;StdTime;15-04-81 00:00:00;0,373010312904956
BE10;7;209,000000000000000;0,020900000000000;swvl2;StdTime;15-04-81 00:00:00;0,367748161679820
BE21;8;3689,000000000000000;0,368900000000000;swvl2;StdTime;15-04-81 00:00:00;0,266194754837327
BE33;9;4899,000000000000000;0,489900000000000;swvl2;StdTime;15-04-81 00:00:00;0,381040997153813
BE34;10;5582,000000000000000;0,558200000000000;swvl2;StdTime;15-04-81 00:00:00;0,366511938753776
BE35;11;4637,000000000000000;0,463700000000000;swvl2;StdTime;15-04-81 00:00:00;0,379113058482673
BE22;1;3104,000000000000000;0,310400000000000;swvl2;StdTime;15-04-82 00:00:00;0,280913165160790
BE23;2;3847,000000000000000;0,384700000000000;swvl2;StdTime;15-04-82 00:00:00;0,273271473613162
BE24;3;2706,000000000000000;0,270600000000000;swvl2;StdTime;15-04-82 00:00:00;0,322572017968229
BE25;4;4010,000000000000000;0,401000000000000;swvl2;StdTime;15-04-82 00:00:00;0,302947534208286
BE31;5;1403,000000000000000;0,140300000000000;swvl2;StdTime;15-04-82 00:00:00;0,347048942522755
BE32;6;4820,000000000000000;0,482000000000000;swvl2;StdTime;15-04-82 00:00:00;0,348114743921520
BE10;7;209,000000000000000;0,020900000000000;swvl2;StdTime;15-04-82 00:00:00;0,333762235048285
BE21;8;3689,000000000000000;0,368900000000000;swvl2;StdTime;15-04-82 00:00:00;0,233551516619986
BE33;9;4899,000000000000000;0,489900000000000;swvl2;StdTime;15-04-82 00:00:00;0,368643730690248
BE34;10;5582,000000000000000;0,558200000000000;swvl2;StdTime;15-04-82 00:00:00;0,351603668654255
BE35;11;4637,000000000000000;0,463700000000000;swvl2;StdTime;15-04-82 00:00:00;0,361611332806221
BE22;1;3104,000000000000000;0,310400000000000;swvl2;StdTime;15-04-83 00:00:00;0,319003757262199
BE23;2;3847,000000000000000;0,384700000000000;swvl2;StdTime;15-04-83 00:00:00;0,329011874638007
BE24;3;2706,000000000000000;0,270600000000000;swvl2;StdTime;15-04-83 00:00:00;0,375981921873882
BE25;4;4010,000000000000000;0,401000000000000;swvl2;StdTime;15-04-83 00:00:00;0,350266465128508
BE31;5;1403,000000000000000;0,140300000000000;swvl2;StdTime;15-04-83 00:00:00;0,395051517235068
BE32;6;4820,000000000000000;0,482000000000000;swvl2;StdTime;15-04-83 00:00:00;0,393333757869683
BE10;7;209,000000000000000;0,020900000000000;swvl2;StdTime;15-04-83 00:00:00;0,392443525734130
BE21;8;3689,000000000000000;0,368900000000000;swvl2;StdTime;15-04-83 00:00:00;0,287245758756384
BE33;9;4899,000000000000000;0,489900000000000;swvl2;StdTime;15-04-83 00:00:00;0,398065618049808
BE34;10;5582,000000000000000;0,558200000000000;swvl2;StdTime;15-04-83 00:00:00;0,388961591299013
BE35;11;4637,000000000000000;0,463700000000000;swvl2;StdTime;15-04-83 00:00:00;0,398374256669691
BE22;1;3104,000000000000000;0,310400000000000;swvl2;StdTime;15-04-84 00:00:00;0,286040748464731
BE23;2;3847,000000000000000;0,384700000000000;swvl2;StdTime;15-04-84 00:00:00;0,290162018786662
BE24;3;2706,000000000000000;0,270600000000000;swvl2;StdTime;15-04-84 00:00:00;0,337664568707270
BE25;4;4010,000000000000000;0,401000000000000;swvl2;StdTime;15-04-84 00:00:00;0,315628189751483
BE31;5;1403,000000000000000;0,140300000000000;swvl2;StdTime;15-04-84 00:00:00;0,357691667628815
BE32;6;4820,000000000000000;0,482000000000000;swvl2;StdTime;15-04-84 00:00:00;0,356623273160447
BE10;7;209,000000000000000;0,020900000000000;swvl2;StdTime;15-04-84 00:00:00;0,351444376997971
BE21;8;3689,000000000000000;0,368900000000000;swvl2;StdTime;15-04-84 00:00:00;0,246456989664539
BE33;9;4899,000000000000000;0,489900000000000;swvl2;StdTime;15-04-84 00:00:00;0,367760781798709
BE34;10;5582,000000000000000;0,558200000000000;swvl2;StdTime;15-04-84 00:00:00;0,350511513719824
BE35;11;4637,000000000000000;0,463700000000000;swvl2;StdTime;15-04-84 00:00:00;0,365057028127894
BE22;1;3104,000000000000000;0,310400000000000;swvl2;StdTime;15-04-85 00:00:00;0,305984980493938
BE23;2;3847,000000000000000;0,384700000000000;swvl2;StdTime;15-04-85 00:00:00;0,317635653884745
BE24;3;2706,000000000000000;0,270600000000000;swvl2;StdTime;15-04-85 00:00:00;0,362356568882840
BE25;4;4010,000000000000000;0,401000000000000;swvl2;StdTime;15-04-85 00:00:00;0,342920695182095
BE31;5;1403,000000000000000;0,140300000000000;swvl2;StdTime;15-04-85 00:00:00;0,381055702907395
BE32;6;4820,000000000000000;0,482000000000000;swvl2;StdTime;15-04-85 00:00:00;0,381435859543406
BE10;7;209,000000000000000;0,020900000000000;swvl2;StdTime;15-04-85 00:00:00;0,378631453907661
BE21;8;3689,000000000000000;0,368900000000000;swvl2;StdTime;15-04-85 00:00:00;0,275238042029303
BE33;9;4899,000000000000000;0,489900000000000;swvl2;StdTime;15-04-85 00:00:00;0,382919486121611
BE34;10;5582,000000000000000;0,558200000000000;swvl2;StdTime;15-04-85 00:00:00;0,368738775097824
BE35;11;4637,000000000000000;0,463700000000000;swvl2;StdTime;15-04-85 00:00:00;0,382327806070393
BE22;1;3104,000000000000000;0,310400000000000;swvl2;StdTime;15-04-86 00:00:00;0,296726751534902
BE23;2;3847,000000000000000;0,384700000000000;swvl2;StdTime;15-04-86 00:00:00;0,309795531338458
BE24;3;2706,000000000000000;0,270600000000000;swvl2;StdTime;15-04-86 00:00:00;0,350235737144330
BE25;4;4010,000000000000000;0,401000000000000;swvl2;StdTime;15-04-86 00:00:00;0,333903057564820
BE31;5;1403,000000000000000;0,140300000000000;swvl2;StdTime;15-04-86 00:00:00;0,367769744934903
BE32;6;4820,000000000000000;0,482000000000000;swvl2;StdTime;15-04-86 00:00:00;0,371269663488221
BE10;7;209,000000000000000;0,020900000000000;swvl2;StdTime;15-04-86 00:00:00;0,365029901123503
BE21;8;3689,000000000000000;0,368900000000000;swvl2;StdTime;15-04-86 00:00:00;0,263569089904424
BE33;9;4899,000000000000000;0,489900000000000;swvl2;StdTime;15-04-86 00:00:00;0,378534513022078
BE34;10;5582,000000000000000;0,558200000000000;swvl2;StdTime;15-04-86 00:00:00;0,366464916842252
BE35;11;4637,000000000000000;0,463700000000000;swvl2;StdTime;15-04-86 00:00:00;0,374459162511933
BE22;1;3104,000000000000000;0,310400000000000;swvl2;StdTime;15-04-87 00:00:00;0,292624482841798
BE23;2;3847,000000000000000;0,384700000000000;swvl2;StdTime;15-04-87 00:00:00;0,302244162796564
BE24;3;2706,000000000000000;0,270600000000000;swvl2;StdTime;15-04-87 00:00:00;0,346651425294672
BE25;4;4010,000000000000000;0,401000000000000;swvl2;StdTime;15-04-87 00:00:00;0,325996814207394
BE31;5;1403,000000000000000;0,140300000000000;swvl2;StdTime;15-04-87 00:00:00;0,363258370780469
BE32;6;4820,000000000000000;0,482000000000000;swvl2;StdTime;15-04-87 00:00:00;0,363830109231205
BE10;7;209,000000000000000;0,020900000000000;swvl2;StdTime;15-04-87 00:00:00;0,360918543270330
BE21;8;3689,000000000000000;0,368900000000000;swvl2;StdTime;15-04-87 00:00:00;0,258552948426477
BE33;9;4899,000000000000000;0,489900000000000;swvl2;StdTime;15-04-87 00:00:00;0,372812400723896
BE34;10;5582,000000000000000;0,558200000000000;swvl2;StdTime;15-04-87 00:00:00;0,358123296026216
BE35;11;4637,000000000000000;0,463700000000000;swvl2;StdTime;15-04-87 00:00:00;0,368325674960602
BE22;1;3104,000000000000000;0,310400000000000;swvl2;StdTime;15-04-88 00:00:00;0,278318344221748
BE23;2;3847,000000000000000;0,384700000000000;swvl2;StdTime;15-04-88 00:00:00;0,288263926834975
BE24;3;2706,000000000000000;0,270600000000000;swvl2;StdTime;15-04-88 00:00:00;0,328260868628071
BE25;4;4010,000000000000000;0,401000000000000;swvl2;StdTime;15-04-88 00:00:00;0,324952534996809
BE31;5;1403,000000000000000;0,140300000000000;swvl2;StdTime;15-04-88 00:00:00;0,348404266157919
BE32;6;4820,000000000000000;0,482000000000000;swvl2;StdTime;15-04-88 00:00:00;0,355780773241984
BE10;7;209,000000000000000;0,020900000000000;swvl2;StdTime;15-04-88 00:00:00;0,339074800174202
BE21;8;3689,000000000000000;0,368900000000000;swvl2;StdTime;15-04-88 00:00:00;0,240580251657016
BE33;9;4899,000000000000000;0,489900000000000;swvl2;StdTime;15-04-88 00:00:00;0,356332553244532
BE34;10;5582,000000000000000;0,558200000000000;swvl2;StdTime;15-04-88 00:00:00;0,342945322621279
BE35;11;4637,000000000000000;0,463700000000000;swvl2;StdTime;15-04-88 00:00:00;0,358553723121014
BE22;1;3104,000000000000000;0,310400000000000;swvl2;StdTime;15-04-89 00:00:00;0,292557228683043
BE23;2;3847,000000000000000;0,384700000000000;swvl2;StdTime;15-04-89 00:00:00;0,299277003535922
BE24;3;2706,000000000000000;0,270600000000000;swvl2;StdTime;15-04-89 00:00:00;0,345504666665529
BE25;4;4010,000000000000000;0,401000000000000;swvl2;StdTime;15-04-89 00:00:00;0,322904101270541
BE31;5;1403,000000000000000;0,140300000000000;swvl2;StdTime;15-04-89 00:00:00;0,362038727496576
BE32;6;4820,000000000000000;0,482000000000000;swvl2;StdTime;15-04-89 00:00:00;0,364379712265310
BE10;7;209,000000000000000;0,020900000000000;swvl2;StdTime;15-04-89 00:00:00;0,359970972441030
BE21;8;3689,000000000000000;0,368900000000000;swvl2;StdTime;15-04-89 00:00:00;0,259211462698968
BE33;9;4899,000000000000000;0,489900000000000;swvl2;StdTime;15-04-89 00:00:00;0,370470637483338
BE34;10;5582,000000000000000;0,558200000000000;swvl2;StdTime;15-04-89 00:00:00;0,363164965267550
BE35;11;4637,000000000000000;0,463700000000000;swvl2;StdTime;15-04-89 00:00:00;0,370131672367033
BE22;1;3104,000000000000000;0,310400000000000;swvl2;StdTime;15-04-90 00:00:00;0,269703501974684
BE23;2;3847,000000000000000;0,384700000000000;swvl2;StdTime;15-04-90 00:00:00;0,272477475650782
BE24;3;2706,000000000000000;0,270600000000000;swvl2;StdTime;15-04-90 00:00:00;0,317652317467479
BE25;4;4010,000000000000000;0,401000000000000;swvl2;StdTime;15-04-90 00:00:00;0,297410495742746
BE31;5;1403,000000000000000;0,140300000000000;swvl2;StdTime;15-04-90 00:00:00;0,336943577101463
BE32;6;4820,000000000000000;0,482000000000000;swvl2;StdTime;15-04-90 00:00:00;0,331755191569999
BE10;7;209,000000000000000;0,020900000000000;swvl2;StdTime;15-04-90 00:00:00;0,327825104505822
BE21;8;3689,000000000000000;0,368900000000000;swvl2;StdTime;15-04-90 00:00:00;0,231252872186904
BE33;9;4899,000000000000000;0,489900000000000;swvl2;StdTime;15-04-90 00:00:00;0,350466257055139
BE34;10;5582,000000000000000;0,558200000000000;swvl2;StdTime;15-04-90 00:00:00;0,331654763628040
BE35;11;4637,000000000000000;0,463700000000000;swvl2;StdTime;15-04-90 00:00:00;0,344478623830273
BE22;1;3104,000000000000000;0,310400000000000;swvl2;StdTime;15-04-91 00:00:00;0,264361159722369
BE23;2;3847,000000000000000;0,384700000000000;swvl2;StdTime;15-04-91 00:00:00;0,272589503421175
BE24;3;2706,000000000000000;0,270600000000000;swvl2;StdTime;15-04-91 00:00:00;0,318003941847718
BE25;4;4010,000000000000000;0,401000000000000;swvl2;StdTime;15-04-91 00:00:00;0,302170094546684
BE31;5;1403,000000000000000;0,140300000000000;swvl2;StdTime;15-04-91 00:00:00;0,341264883705487
BE32;6;4820,000000000000000;0,482000000000000;swvl2;StdTime;15-04-91 00:00:00;0,344873296824975
BE10;7;209,000000000000000;0,020900000000000;swvl2;StdTime;15-04-91 00:00:00;0,330930156570873
BE21;8;3689,000000000000000;0,368900000000000;swvl2;StdTime;15-04-91 00:00:00;0,226519133650245
BE33;9;4899,000000000000000;0,489900000000000;swvl2;StdTime;15-04-91 00:00:00;0,348135695430205
BE34;10;5582,000000000000000;0,558200000000000;swvl2;StdTime;15-04-91 00:00:00;0,327907521233619
BE35;11;4637,000000000000000;0,463700000000000;swvl2;StdTime;15-04-91 00:00:00;0,348210183413912
BE22;1;3104,000000000000000;0,310400000000000;swvl2;StdTime;15-04-92 00:00:00;0,284464334699412
BE23;2;3847,000000000000000;0,384700000000000;swvl2;StdTime;15-04-92 00:00:00;0,290681483549889
BE24;3;2706,000000000000000;0,270600000000000;swvl2;StdTime;15-04-92 00:00:00;0,338150419135139
BE25;4;4010,000000000000000;0,401000000000000;swvl2;StdTime;15-04-92 00:00:00;0,315222885376052
BE31;5;1403,000000000000000;0,140300000000000;swvl2;StdTime;15-04-92 00:00:00;0,356434229540978
BE32;6;4820,000000000000000;0,482000000000000;swvl2;StdTime;15-04-92 00:00:00;0,355910676686843
BE10;7;209,000000000000000;0,020900000000000;swvl2;StdTime;15-04-92 00:00:00;0,350934840845719
BE21;8;3689,000000000000000;0,368900000000000;swvl2;StdTime;15-04-92 00:00:00;0,251204512534700
BE33;9;4899,000000000000000;0,489900000000000;swvl2;StdTime;15-04-92 00:00:00;0,362744884646457
BE34;10;5582,000000000000000;0,558200000000000;swvl2;StdTime;15-04-92 00:00:00;0,347626888852891
BE35;11;4637,000000000000000;0,463700000000000;swvl2;StdTime;15-04-92 00:00:00;0,359646884973948
BE22;1;3104,000000000000000;0,310400000000000;swvl2;StdTime;15-04-93 00:00:00;0,255338283366111
BE23;2;3847,000000000000000;0,384700000000000;swvl2;StdTime;15-04-93 00:00:00;0,263248103495261
BE24;3;2706,000000000000000;0,270600000000000;swvl2;StdTime;15-04-93 00:00:00;0,305671676552833
BE25;4;4010,000000000000000;0,401000000000000;swvl2;StdTime;15-04-93 00:00:00;0,294745036981944
BE31;5;1403,000000000000000;0,140300000000000;swvl2;StdTime;15-04-93 00:00:00;0,331285820887587
BE32;6;4820,000000000000000;0,482000000000000;swvl2;StdTime;15-04-93 00:00:00;0,338165013028378
BE10;7;209,000000000000000;0,020900000000000;swvl2;StdTime;15-04-93 00:00:00;0,321037962248451
BE21;8;3689,000000000000000;0,368900000000000;swvl2;StdTime;15-04-93 00:00:00;0,216613515306695
BE33;9;4899,000000000000000;0,489900000000000;swvl2;StdTime;15-04-93 00:00:00;0,341861869308700
BE34;10;5582,000000000000000;0,558200000000000;swvl2;StdTime;15-04-93 00:00:00;0,319803007424881
BE35;11;4637,000000000000000;0,463700000000000;swvl2;StdTime;15-04-93 00:00:00;0,336790669027371
BE22;1;3104,000000000000000;0,310400000000000;swvl2;StdTime;15-04-94 00:00:00;0,293234888454611
BE23;2;3847,000000000000000;0,384700000000000;swvl2;StdTime;15-04-94 00:00:00;0,307160367187445
BE24;3;2706,000000000000000;0,270600000000000;swvl2;StdTime;15-04-94 00:00:00;0,349354162316629
BE25;4;4010,000000000000000;0,401000000000000;swvl2;StdTime;15-04-94 00:00:00;0,334242328362274
BE31;5;1403,000000000000000;0,140300000000000;swvl2;StdTime;15-04-94 00:00:00;0,367534261788968
BE32;6;4820,000000000000000;0,482000000000000;swvl2;StdTime;15-04-94 00:00:00;0,370935786116668
BE10;7;209,000000000000000;0,020900000000000;swvl2;StdTime;15-04-94 00:00:00;0,364894350322240
BE21;8;3689,000000000000000;0,368900000000000;swvl2;StdTime;15-04-94 00:00:00;0,261485136267809
BE33;9;4899,000000000000000;0,489900000000000;swvl2;StdTime;15-04-94 00:00:00;0,376256948047619
BE34;10;5582,000000000000000;0,558200000000000;swvl2;StdTime;15-04-94 00:00:00;0,366908586370137
BE35;11;4637,000000000000000;0,463700000000000;swvl2;StdTime;15-04-94 00:00:00;0,375167559711024
BE22;1;3104,000000000000000;0,310400000000000;swvl2;StdTime;15-04-95 00:00:00;0,287911641238660
BE23;2;3847,000000000000000;0,384700000000000;swvl2;StdTime;15-04-95 00:00:00;0,286661656407341
BE24;3;2706,000000000000000;0,270600000000000;swvl2;StdTime;15-04-95 00:00:00;0,337543626384037
BE25;4;4010,000000000000000;0,401000000000000;swvl2;StdTime;15-04-95 00:00:00;0,306385935471391
BE31;5;1403,000000000000000;0,140300000000000;swvl2;StdTime;15-04-95 00:00:00;0,356380055142740
BE32;6;4820,000000000000000;0,482000000000000;swvl2;StdTime;15-04-95 00:00:00;0,357532857142049
BE10;7;209,000000000000000;0,020900000000000;swvl2;StdTime;15-04-95 00:00:00;0,349808377654929
BE21;8;3689,000000000000000;0,368900000000000;swvl2;StdTime;15-04-95 00:00:00;0,249959078208157
BE33;9;4899,000000000000000;0,489900000000000;swvl2;StdTime;15-04-95 00:00:00;0,370479683330727
BE34;10;5582,000000000000000;0,558200000000000;swvl2;StdTime;15-04-95 00:00:00;0,360236243067549
BE35;11;4637,000000000000000;0,463700000000000;swvl2;StdTime;15-04-95 00:00:00;0,367992362489931
BE22;1;3104,000000000000000;0,310400000000000;swvl2;StdTime;15-04-96 00:00:00;0,249849805469173
BE23;2;3847,000000000000000;0,384700000000000;swvl2;StdTime;15-04-96 00:00:00;0,269696329982986
BE24;3;2706,000000000000000;0,270600000000000;swvl2;StdTime;15-04-96 00:00:00;0,305474091736987
BE25;4;4010,000000000000000;0,401000000000000;swvl2;StdTime;15-04-96 00:00:00;0,299622681495407
BE31;5;1403,000000000000000;0,140300000000000;swvl2;StdTime;15-04-96 00:00:00;0,331544634961096
BE32;6;4820,000000000000000;0,482000000000000;swvl2;StdTime;15-04-96 00:00:00;0,336678905049301
BE10;7;209,000000000000000;0,020900000000000;swvl2;StdTime;15-04-96 00:00:00;0,321530266241594
BE21;8;3689,000000000000000;0,368900000000000;swvl2;StdTime;15-04-96 00:00:00;0,214828204081840
BE33;9;4899,000000000000000;0,489900000000000;swvl2;StdTime;15-04-96 00:00:00;0,337305725350820
BE34;10;5582,000000000000000;0,558200000000000;swvl2;StdTime;15-04-96 00:00:00;0,317972630406529
BE35;11;4637,000000000000000;0,463700000000000;swvl2;StdTime;15-04-96 00:00:00;0,332412178162385
BE22;1;3104,000000000000000;0,310400000000000;swvl2;StdTime;15-04-97 00:00:00;0,277094573108959
BE23;2;3847,000000000000000;0,384700000000000;swvl2;StdTime;15-04-97 00:00:00;0,276625206718700
BE24;3;2706,000000000000000;0,270600000000000;swvl2;StdTime;15-04-97 00:00:00;0,324142140944138
BE25;4;4010,000000000000000;0,401000000000000;swvl2;StdTime;15-04-97 00:00:00;0,297395094909573
BE31;5;1403,000000000000000;0,140300000000000;swvl2;StdTime;15-04-97 00:00:00;0,341765858705606
BE32;6;4820,000000000000000;0,482000000000000;swvl2;StdTime;15-04-97 00:00:00;0,338195936035566
BE10;7;209,000000000000000;0,020900000000000;swvl2;StdTime;15-04-97 00:00:00;0,335797243711481
BE21;8;3689,000000000000000;0,368900000000000;swvl2;StdTime;15-04-97 00:00:00;0,241543572837339
BE33;9;4899,000000000000000;0,489900000000000;swvl2;StdTime;15-04-97 00:00:00;0,359277915123605
BE34;10;5582,000000000000000;0,558200000000000;swvl2;StdTime;15-04-97 00:00:00;0,332764980737260
BE35;11;4637,000000000000000;0,463700000000000;swvl2;StdTime;15-04-97 00:00:00;0,347190208326570
BE22;1;3104,000000000000000;0,310400000000000;swvl2;StdTime;15-04-98 00:00:00;0,291030937090478
BE23;2;3847,000000000000000;0,384700000000000;swvl2;StdTime;15-04-98 00:00:00;0,301459053514343
BE24;3;2706,000000000000000;0,270600000000000;swvl2;StdTime;15-04-98 00:00:00;0,346399306155141
BE25;4;4010,000000000000000;0,401000000000000;swvl2;StdTime;15-04-98 00:00:00;0,325047288652965
BE31;5;1403,000000000000000;0,140300000000000;swvl2;StdTime;15-04-98 00:00:00;0,364549302770168
BE32;6;4820,000000000000000;0,482000000000000;swvl2;StdTime;15-04-98 00:00:00;0,364190957451015
BE10;7;209,000000000000000;0,020900000000000;swvl2;StdTime;15-04-98 00:00:00;0,360755883335497
BE21;8;3689,000000000000000;0,368900000000000;swvl2;StdTime;15-04-98 00:00:00;0,260494539006740
BE33;9;4899,000000000000000;0,489900000000000;swvl2;StdTime;15-04-98 00:00:00;0,369439059665043
BE34;10;5582,000000000000000;0,558200000000000;swvl2;StdTime;15-04-98 00:00:00;0,354215193615938
BE35;11;4637,000000000000000;0,463700000000000;swvl2;StdTime;15-04-98 00:00:00;0,368623632441982
BE22;1;3104,000000000000000;0,310400000000000;swvl2;StdTime;15-04-99 00:00:00;0,289405735656043
BE23;2;3847,000000000000000;0,384700000000000;swvl2;StdTime;15-04-99 00:00:00;0,303944008913417
BE24;3;2706,000000000000000;0,270600000000000;swvl2;StdTime;15-04-99 00:00:00;0,344551483008127
BE25;4;4010,000000000000000;0,401000000000000;swvl2;StdTime;15-04-99 00:00:00;0,331421877525543
BE31;5;1403,000000000000000;0,140300000000000;swvl2;StdTime;15-04-99 00:00:00;0,364880393168285
BE32;6;4820,000000000000000;0,482000000000000;swvl2;StdTime;15-04-99 00:00:00;0,362564051472794
BE10;7;209,000000000000000;0,020900000000000;swvl2;StdTime;15-04-99 00:00:00;0,358526715821627
BE21;8;3689,000000000000000;0,368900000000000;swvl2;StdTime;15-04-99 00:00:00;0,258814291248446
BE33;9;4899,000000000000000;0,489900000000000;swvl2;StdTime;15-04-99 00:00:00;0,364023159543794
BE34;10;5582,000000000000000;0,558200000000000;swvl2;StdTime;15-04-99 00:00:00;0,357689629635559
BE35;11;4637,000000000000000;0,463700000000000;swvl2;StdTime;15-04-99 00:00:00;0,368960506319101
BE22;1;3104,000000000000000;0,310400000000000;swvl2;StdTime;15-04-00 00:00:00;0,296482858780925
BE23;2;3847,000000000000000;0,384700000000000;swvl2;StdTime;15-04-00 00:00:00;0,308217423362549
BE24;3;2706,000000000000000;0,270600000000000;swvl2;StdTime;15-04-00 00:00:00;0,353883143043571
BE25;4;4010,000000000000000;0,401000000000000;swvl2;StdTime;15-04-00 00:00:00;0,339091434692059
BE31;5;1403,000000000000000;0,140300000000000;swvl2;StdTime;15-04-00 00:00:00;0,376810230447493
BE32;6;4820,000000000000000;0,482000000000000;swvl2;StdTime;15-04-00 00:00:00;0,375309980292785
BE10;7;209,000000000000000;0,020900000000000;swvl2;StdTime;15-04-00 00:00:00;0,368922741361782
BE21;8;3689,000000000000000;0,368900000000000;swvl2;StdTime;15-04-00 00:00:00;0,260972240258601
BE33;9;4899,000000000000000;0,489900000000000;swvl2;StdTime;15-04-00 00:00:00;0,378642341644818
BE34;10;5582,000000000000000;0,558200000000000;swvl2;StdTime;15-04-00 00:00:00;0,364257817718877
BE35;11;4637,000000000000000;0,463700000000000;swvl2;StdTime;15-04-00 00:00:00;0,381831676918344
BE22;1;3104,000000000000000;0,310400000000000;swvl2;StdTime;15-04-01 00:00:00;0,301029852269813
BE23;2;3847,000000000000000;0,384700000000000;swvl2;StdTime;15-04-01 00:00:00;0,317379722966756
BE24;3;2706,000000000000000;0,270600000000000;swvl2;StdTime;15-04-01 00:00:00;0,358245895744604
BE25;4;4010,000000000000000;0,401000000000000;swvl2;StdTime;15-04-01 00:00:00;0,347011911315365
BE31;5;1403,000000000000000;0,140300000000000;swvl2;StdTime;15-04-01 00:00:00;0,376271669854458
BE32;6;4820,000000000000000;0,482000000000000;swvl2;StdTime;15-04-01 00:00:00;0,381113098023839
BE10;7;209,000000000000000;0,020900000000000;swvl2;StdTime;15-04-01 00:00:00;0,374396220206073
BE21;8;3689,000000000000000;0,368900000000000;swvl2;StdTime;15-04-01 00:00:00;0,268408765938101
BE33;9;4899,000000000000000;0,489900000000000;swvl2;StdTime;15-04-01 00:00:00;0,378645618385529
BE34;10;5582,000000000000000;0,558200000000000;swvl2;StdTime;15-04-01 00:00:00;0,368498249736920
BE35;11;4637,000000000000000;0,463700000000000;swvl2;StdTime;15-04-01 00:00:00;0,380049243553307
BE22;1;3104,000000000000000;0,310400000000000;swvl2;StdTime;15-04-02 00:00:00;0,273830092497670
BE23;2;3847,000000000000000;0,384700000000000;swvl2;StdTime;15-04-02 00:00:00;0,276984230350109
BE24;3;2706,000000000000000;0,270600000000000;swvl2;StdTime;15-04-02 00:00:00;0,321948302283343
BE25;4;4010,000000000000000;0,401000000000000;swvl2;StdTime;15-04-02 00:00:00;0,305423361089015
BE31;5;1403,000000000000000;0,140300000000000;swvl2;StdTime;15-04-02 00:00:00;0,338325027071061
BE32;6;4820,000000000000000;0,482000000000000;swvl2;StdTime;15-04-02 00:00:00;0,338644500398290
BE10;7;209,000000000000000;0,020900000000000;swvl2;StdTime;15-04-02 00:00:00;0,333410753872976
BE21;8;3689,000000000000000;0,368900000000000;swvl2;StdTime;15-04-02 00:00:00;0,238109695544635
BE33;9;4899,000000000000000;0,489900000000000;swvl2;StdTime;15-04-02 00:00:00;0,348343195088374
BE34;10;5582,000000000000000;0,558200000000000;swvl2;StdTime;15-04-02 00:00:00;0,332278575543989
BE35;11;4637,000000000000000;0,463700000000000;swvl2;StdTime;15-04-02 00:00:00;0,343530133022737
BE22;1;3104,000000000000000;0,310400000000000;swvl2;StdTime;15-04-03 00:00:00;0,260995550412378
BE23;2;3847,000000000000000;0,384700000000000;swvl2;StdTime;15-04-03 00:00:00;0,265584300055980
BE24;3;2706,000000000000000;0,270600000000000;swvl2;StdTime;15-04-03 00:00:00;0,308609305540236
BE25;4;4010,000000000000000;0,401000000000000;swvl2;StdTime;15-04-03 00:00:00;0,288885526269897
BE31;5;1403,000000000000000;0,140300000000000;swvl2;StdTime;15-04-03 00:00:00;0,327745221741099
BE32;6;4820,000000000000000;0,482000000000000;swvl2;StdTime;15-04-03 00:00:00;0,327002127245996
BE10;7;209,000000000000000;0,020900000000000;swvl2;StdTime;15-04-03 00:00:00;0,321002752586985
BE21;8;3689,000000000000000;0,368900000000000;swvl2;StdTime;15-04-03 00:00:00;0,221136933352670
BE33;9;4899,000000000000000;0,489900000000000;swvl2;StdTime;15-04-03 00:00:00;0,346818386772306
BE34;10;5582,000000000000000;0,558200000000000;swvl2;StdTime;15-04-03 00:00:00;0,329267555509404
BE35;11;4637,000000000000000;0,463700000000000;swvl2;StdTime;15-04-03 00:00:00;0,337800852197600
BE22;1;3104,000000000000000;0,310400000000000;swvl2;StdTime;15-04-04 00:00:00;0,282038542120381
BE23;2;3847,000000000000000;0,384700000000000;swvl2;StdTime;15-04-04 00:00:00;0,278549757337985
BE24;3;2706,000000000000000;0,270600000000000;swvl2;StdTime;15-04-04 00:00:00;0,324578716822316
BE25;4;4010,000000000000000;0,401000000000000;swvl2;StdTime;15-04-04 00:00:00;0,306099919922780
BE31;5;1403,000000000000000;0,140300000000000;swvl2;StdTime;15-04-04 00:00:00;0,346789645175805
BE32;6;4820,000000000000000;0,482000000000000;swvl2;StdTime;15-04-04 00:00:00;0,348616497397918
BE10;7;209,000000000000000;0,020900000000000;swvl2;StdTime;15-04-04 00:00:00;0,335600249504929
BE21;8;3689,000000000000000;0,368900000000000;swvl2;StdTime;15-04-04 00:00:00;0,239732622591322
BE33;9;4899,000000000000000;0,489900000000000;swvl2;StdTime;15-04-04 00:00:00;0,363098761559164
BE34;10;5582,000000000000000;0,558200000000000;swvl2;StdTime;15-04-04 00:00:00;0,346332156687003
BE35;11;4637,000000000000000;0,463700000000000;swvl2;StdTime;15-04-04 00:00:00;0,357552749716775
BE22;1;3104,000000000000000;0,310400000000000;swvl2;StdTime;15-04-05 00:00:00;0,299281255620503
BE23;2;3847,000000000000000;0,384700000000000;swvl2;StdTime;15-04-05 00:00:00;0,304926531087711
BE24;3;2706,000000000000000;0,270600000000000;swvl2;StdTime;15-04-05 00:00:00;0,349751315592442
BE25;4;4010,000000000000000;0,401000000000000;swvl2;StdTime;15-04-05 00:00:00;0,330288353599515
BE31;5;1403,000000000000000;0,140300000000000;swvl2;StdTime;15-04-05 00:00:00;0,366392557058518
BE32;6;4820,000000000000000;0,482000000000000;swvl2;StdTime;15-04-05 00:00:00;0,367752386617216
BE10;7;209,000000000000000;0,020900000000000;swvl2;StdTime;15-04-05 00:00:00;0,361718089671797
BE21;8;3689,000000000000000;0,368900000000000;swvl2;StdTime;15-04-05 00:00:00;0,265127580460413
BE33;9;4899,000000000000000;0,489900000000000;swvl2;StdTime;15-04-05 00:00:00;0,375115796251428
BE34;10;5582,000000000000000;0,558200000000000;swvl2;StdTime;15-04-05 00:00:00;0,359290857905130
BE35;11;4637,000000000000000;0,463700000000000;swvl2;StdTime;15-04-05 00:00:00;0,368157258296234
BE22;1;3104,000000000000000;0,310400000000000;swvl2;StdTime;15-04-06 00:00:00;0,298201173601537
BE23;2;3847,000000000000000;0,384700000000000;swvl2;StdTime;15-04-06 00:00:00;0,308342423467225
BE24;3;2706,000000000000000;0,270600000000000;swvl2;StdTime;15-04-06 00:00:00;0,352328634623325
BE25;4;4010,000000000000000;0,401000000000000;swvl2;StdTime;15-04-06 00:00:00;0,333608256473654
BE31;5;1403,000000000000000;0,140300000000000;swvl2;StdTime;15-04-06 00:00:00;0,372700555551417
BE32;6;4820,000000000000000;0,482000000000000;swvl2;StdTime;15-04-06 00:00:00;0,376886959330669
BE10;7;209,000000000000000;0,020900000000000;swvl2;StdTime;15-04-06 00:00:00;0,367577978441020
BE21;8;3689,000000000000000;0,368900000000000;swvl2;StdTime;15-04-06 00:00:00;0,260490976962723
BE33;9;4899,000000000000000;0,489900000000000;swvl2;StdTime;15-04-06 00:00:00;0,374925018768209
BE34;10;5582,000000000000000;0,558200000000000;swvl2;StdTime;15-04-06 00:00:00;0,367635774590003
BE35;11;4637,000000000000000;0,463700000000000;swvl2;StdTime;15-04-06 00:00:00;0,379219135192799
BE22;1;3104,000000000000000;0,310400000000000;swvl2;StdTime;15-04-07 00:00:00;0,253310394161333
BE23;2;3847,000000000000000;0,384700000000000;swvl2;StdTime;15-04-07 00:00:00;0,256590599603302
BE24;3;2706,000000000000000;0,270600000000000;swvl2;StdTime;15-04-07 00:00:00;0,299633727991968
BE25;4;4010,000000000000000;0,401000000000000;swvl2;StdTime;15-04-07 00:00:00;0,287155278283462
BE31;5;1403,000000000000000;0,140300000000000;swvl2;StdTime;15-04-07 00:00:00;0,318656991272421
BE32;6;4820,000000000000000;0,482000000000000;swvl2;StdTime;15-04-07 00:00:00;0,322479424591628
BE10;7;209,000000000000000;0,020900000000000;swvl2;StdTime;15-04-07 00:00:00;0,310883465993918
BE21;8;3689,000000000000000;0,368900000000000;swvl2;StdTime;15-04-07 00:00:00;0,215620747957491
BE33;9;4899,000000000000000;0,489900000000000;swvl2;StdTime;15-04-07 00:00:00;0,330413705671434
BE34;10;5582,000000000000000;0,558200000000000;swvl2;StdTime;15-04-07 00:00:00;0,315032474421678
BE35;11;4637,000000000000000;0,463700000000000;swvl2;StdTime;15-04-07 00:00:00;0,326984674978904
BE22;1;3104,000000000000000;0,310400000000000;swvl2;StdTime;15-04-08 00:00:00;0,286989754421118
BE23;2;3847,000000000000000;0,384700000000000;swvl2;StdTime;15-04-08 00:00:00;0,294255225533536
BE24;3;2706,000000000000000;0,270600000000000;swvl2;StdTime;15-04-08 00:00:00;0,340999600997212
BE25;4;4010,000000000000000;0,401000000000000;swvl2;StdTime;15-04-08 00:00:00;0,320885061292428
BE31;5;1403,000000000000000;0,140300000000000;swvl2;StdTime;15-04-08 00:00:00;0,361627341527558
BE32;6;4820,000000000000000;0,482000000000000;swvl2;StdTime;15-04-08 00:00:00;0,365202562523333
BE10;7;209,000000000000000;0,020900000000000;swvl2;StdTime;15-04-08 00:00:00;0,354704809531070
BE21;8;3689,000000000000000;0,368900000000000;swvl2;StdTime;15-04-08 00:00:00;0,247949893133173
BE33;9;4899,000000000000000;0,489900000000000;swvl2;StdTime;15-04-08 00:00:00;0,364760490826719
BE34;10;5582,000000000000000;0,558200000000000;swvl2;StdTime;15-04-08 00:00:00;0,356596785670580
BE35;11;4637,000000000000000;0,463700000000000;swvl2;StdTime;15-04-08 00:00:00;0,370720891512132
BE22;1;3104,000000000000000;0,310400000000000;swvl2;StdTime;15-04-09 00:00:00;0,280971196436890
BE23;2;3847,000000000000000;0,384700000000000;swvl2;StdTime;15-04-09 00:00:00;0,285694711388691
BE24;3;2706,000000000000000;0,270600000000000;swvl2;StdTime;15-04-09 00:00:00;0,336326100235063
BE25;4;4010,000000000000000;0,401000000000000;swvl2;StdTime;15-04-09 00:00:00;0,311966602437365
BE31;5;1403,000000000000000;0,140300000000000;swvl2;StdTime;15-04-09 00:00:00;0,362501379280369
BE32;6;4820,000000000000000;0,482000000000000;swvl2;StdTime;15-04-09 00:00:00;0,363633605064940
BE10;7;209,000000000000000;0,020900000000000;swvl2;StdTime;15-04-09 00:00:00;0,352838641861409
BE21;8;3689,000000000000000;0,368900000000000;swvl2;StdTime;15-04-09 00:00:00;0,240102250378414
BE33;9;4899,000000000000000;0,489900000000000;swvl2;StdTime;15-04-09 00:00:00;0,370210909744894
BE34;10;5582,000000000000000;0,558200000000000;swvl2;StdTime;15-04-09 00:00:00;0,357932861148243
BE35;11;4637,000000000000000;0,463700000000000;swvl2;StdTime;15-04-09 00:00:00;0,368982457924383
BE22;1;3104,000000000000000;0,310400000000000;swvl2;StdTime;15-04-10 00:00:00;0,276282482650899
BE23;2;3847,000000000000000;0,384700000000000;swvl2;StdTime;15-04-10 00:00:00;0,277907317033178
BE24;3;2706,000000000000000;0,270600000000000;swvl2;StdTime;15-04-10 00:00:00;0,320815158502666
BE25;4;4010,000000000000000;0,401000000000000;swvl2;StdTime;15-04-10 00:00:00;0,302946679294109
BE31;5;1403,000000000000000;0,140300000000000;swvl2;StdTime;15-04-10 00:00:00;0,335891612410460
BE32;6;4820,000000000000000;0,482000000000000;swvl2;StdTime;15-04-10 00:00:00;0,336741292841455
BE10;7;209,000000000000000;0,020900000000000;swvl2;StdTime;15-04-10 00:00:00;0,332861213735416
BE21;8;3689,000000000000000;0,368900000000000;swvl2;StdTime;15-04-10 00:00:00;0,239706897709744
BE33;9;4899,000000000000000;0,489900000000000;swvl2;StdTime;15-04-10 00:00:00;0,347159232989115
BE34;10;5582,000000000000000;0,558200000000000;swvl2;StdTime;15-04-10 00:00:00;0,332374059769019
BE35;11;4637,000000000000000;0,463700000000000;swvl2;StdTime;15-04-10 00:00:00;0,339059512246805
BE22;1;3104,000000000000000;0,310400000000000;swvl2;StdTime;15-04-11 00:00:00;0,217412646946296
BE23;2;3847,000000000000000;0,384700000000000;swvl2;StdTime;15-04-11 00:00:00;0,222184698764368
BE24;3;2706,000000000000000;0,270600000000000;swvl2;StdTime;15-04-11 00:00:00;0,264913443935772
BE25;4;4010,000000000000000;0,401000000000000;swvl2;StdTime;15-04-11 00:00:00;0,248434340567363
BE31;5;1403,000000000000000;0,140300000000000;swvl2;StdTime;15-04-11 00:00:00;0,278192588519133
BE32;6;4820,000000000000000;0,482000000000000;swvl2;StdTime;15-04-11 00:00:00;0,280114339254952
BE10;7;209,000000000000000;0,020900000000000;swvl2;StdTime;15-04-11 00:00:00;0,277027528679542
BE21;8;3689,000000000000000;0,368900000000000;swvl2;StdTime;15-04-11 00:00:00;0,186404360773829
BE33;9;4899,000000000000000;0,489900000000000;swvl2;StdTime;15-04-11 00:00:00;0,285596248926643
BE34;10;5582,000000000000000;0,558200000000000;swvl2;StdTime;15-04-11 00:00:00;0,262909463171312
BE35;11;4637,000000000000000;0,463700000000000;swvl2;StdTime;15-04-11 00:00:00;0,281313082801388
BE22;1;3104,000000000000000;0,310400000000000;swvl2;StdTime;15-04-12 00:00:00;0,276088088049947
BE23;2;3847,000000000000000;0,384700000000000;swvl2;StdTime;15-04-12 00:00:00;0,296305282188138
BE24;3;2706,000000000000000;0,270600000000000;swvl2;StdTime;15-04-12 00:00:00;0,335287788622659
BE25;4;4010,000000000000000;0,401000000000000;swvl2;StdTime;15-04-12 00:00:00;0,323958608032463
BE31;5;1403,000000000000000;0,140300000000000;swvl2;StdTime;15-04-12 00:00:00;0,355052094755220
BE32;6;4820,000000000000000;0,482000000000000;swvl2;StdTime;15-04-12 00:00:00;0,360165975301592
BE10;7;209,000000000000000;0,020900000000000;swvl2;StdTime;15-04-12 00:00:00;0,351069817274952
BE21;8;3689,000000000000000;0,368900000000000;swvl2;StdTime;15-04-12 00:00:00;0,248012887971871
BE33;9;4899,000000000000000;0,489900000000000;swvl2;StdTime;15-04-12 00:00:00;0,355272042590712
BE34;10;5582,000000000000000;0,558200000000000;swvl2;StdTime;15-04-12 00:00:00;0,347389128156585
BE35;11;4637,000000000000000;0,463700000000000;swvl2;StdTime;15-04-12 00:00:00;0,359062695473670
BE22;1;3104,000000000000000;0,310400000000000;swvl2;StdTime;15-04-13 00:00:00;0,279386065722702
BE23;2;3847,000000000000000;0,384700000000000;swvl2;StdTime;15-04-13 00:00:00;0,289442663808473
BE24;3;2706,000000000000000;0,270600000000000;swvl2;StdTime;15-04-13 00:00:00;0,332850584648798
BE25;4;4010,000000000000000;0,401000000000000;swvl2;StdTime;15-04-13 00:00:00;0,317617267897896
BE31;5;1403,000000000000000;0,140300000000000;swvl2;StdTime;15-04-13 00:00:00;0,352478045271875
BE32;6;4820,000000000000000;0,482000000000000;swvl2;StdTime;15-04-13 00:00:00;0,356271907136895
BE10;7;209,000000000000000;0,020900000000000;swvl2;StdTime;15-04-13 00:00:00;0,347168945239492
BE21;8;3689,000000000000000;0,368900000000000;swvl2;StdTime;15-04-13 00:00:00;0,246584449091653
BE33;9;4899,000000000000000;0,489900000000000;swvl2;StdTime;15-04-13 00:00:00;0,366519273665760
BE34;10;5582,000000000000000;0,558200000000000;swvl2;StdTime;15-04-13 00:00:00;0,358664944194008
BE35;11;4637,000000000000000;0,463700000000000;swvl2;StdTime;15-04-13 00:00:00;0,362827502096268
BE22;1;3104,000000000000000;0,310400000000000;swvl2;StdTime;15-04-14 00:00:00;0,242889985096516
BE23;2;3847,000000000000000;0,384700000000000;swvl2;StdTime;15-04-14 00:00:00;0,272493655511333
BE24;3;2706,000000000000000;0,270600000000000;swvl2;StdTime;15-04-14 00:00:00;0,297672512212111
BE25;4;4010,000000000000000;0,401000000000000;swvl2;StdTime;15-04-14 00:00:00;0,302502023883889
BE31;5;1403,000000000000000;0,140300000000000;swvl2;StdTime;15-04-14 00:00:00;0,313277671592880
BE32;6;4820,000000000000000;0,482000000000000;swvl2;StdTime;15-04-14 00:00:00;0,322094733648280
BE10;7;209,000000000000000;0,020900000000000;swvl2;StdTime;15-04-14 00:00:00;0,311173482945091
BE21;8;3689,000000000000000;0,368900000000000;swvl2;StdTime;15-04-14 00:00:00;0,221582191896555
BE33;9;4899,000000000000000;0,489900000000000;swvl2;StdTime;15-04-14 00:00:00;0,322475270778214
BE34;10;5582,000000000000000;0,558200000000000;swvl2;StdTime;15-04-14 00:00:00;0,307647377754444
BE35;11;4637,000000000000000;0,463700000000000;swvl2;StdTime;15-04-14 00:00:00;0,314947387287528
BE22;1;3104,000000000000000;0,310400000000000;swvl2;StdTime;15-04-15 00:00:00;0,270241323632870
BE23;2;3847,000000000000000;0,384700000000000;swvl2;StdTime;15-04-15 00:00:00;0,269195536250786
BE24;3;2706,000000000000000;0,270600000000000;swvl2;StdTime;15-04-15 00:00:00;0,322093722115203
BE25;4;4010,000000000000000;0,401000000000000;swvl2;StdTime;15-04-15 00:00:00;0,295572401475430
BE31;5;1403,000000000000000;0,140300000000000;swvl2;StdTime;15-04-15 00:00:00;0,341803991913540
BE32;6;4820,000000000000000;0,482000000000000;swvl2;StdTime;15-04-15 00:00:00;0,340042277403887
BE10;7;209,000000000000000;0,020900000000000;swvl2;StdTime;15-04-15 00:00:00;0,334526339073501
BE21;8;3689,000000000000000;0,368900000000000;swvl2;StdTime;15-04-15 00:00:00;0,230406022235028
BE33;9;4899,000000000000000;0,489900000000000;swvl2;StdTime;15-04-15 00:00:00;0,346389001834195
BE34;10;5582,000000000000000;0,558200000000000;swvl2;StdTime;15-04-15 00:00:00;0,336114230257067
BE35;11;4637,000000000000000;0,463700000000000;swvl2;StdTime;15-04-15 00:00:00;0,348282483025360
BE22;1;3104,000000000000000;0,310400000000000;swvl2;StdTime;15-04-16 00:00:00;0,280364308717478
BE23;2;3847,000000000000000;0,384700000000000;swvl2;StdTime;15-04-16 00:00:00;0,289102639130472
BE24;3;2706,000000000000000;0,270600000000000;swvl2;StdTime;15-04-16 00:00:00;0,336540589696905
BE25;4;4010,000000000000000;0,401000000000000;swvl2;StdTime;15-04-16 00:00:00;0,317905134538612
BE31;5;1403,000000000000000;0,140300000000000;swvl2;StdTime;15-04-16 00:00:00;0,358620530184217
BE32;6;4820,000000000000000;0,482000000000000;swvl2;StdTime;15-04-16 00:00:00;0,364742409292593
BE10;7;209,000000000000000;0,020900000000000;swvl2;StdTime;15-04-16 00:00:00;0,350346081992656
BE21;8;3689,000000000000000;0,368900000000000;swvl2;StdTime;15-04-16 00:00:00;0,245646182062924
BE33;9;4899,000000000000000;0,489900000000000;swvl2;StdTime;15-04-16 00:00:00;0,364149358758491
BE34;10;5582,000000000000000;0,558200000000000;swvl2;StdTime;15-04-16 00:00:00;0,359225239750199
BE35;11;4637,000000000000000;0,463700000000000;swvl2;StdTime;15-04-16 00:00:00;0,370816599404938
BE22;1;3104,000000000000000;0,310400000000000;swvl2;StdTime;15-04-17 00:00:00;0,263089736486718
BE23;2;3847,000000000000000;0,384700000000000;swvl2;StdTime;15-04-17 00:00:00;0,254040827565544
BE24;3;2706,000000000000000;0,270600000000000;swvl2;StdTime;15-04-17 00:00:00;0,305781243932045
BE25;4;4010,000000000000000;0,401000000000000;swvl2;StdTime;15-04-17 00:00:00;0,275261372037957
BE31;5;1403,000000000000000;0,140300000000000;swvl2;StdTime;15-04-17 00:00:00;0,324868929042021
BE32;6;4820,000000000000000;0,482000000000000;swvl2;StdTime;15-04-17 00:00:00;0,319455671403171
BE10;7;209,000000000000000;0,020900000000000;swvl2;StdTime;15-04-17 00:00:00;0,316036560889066
BE21;8;3689,000000000000000;0,368900000000000;swvl2;StdTime;15-04-17 00:00:00;0,225198670894545
BE33;9;4899,000000000000000;0,489900000000000;swvl2;StdTime;15-04-17 00:00:00;0,337516316657750
BE34;10;5582,000000000000000;0,558200000000000;swvl2;StdTime;15-04-17 00:00:00;0,309370350005891
BE35;11;4637,000000000000000;0,463700000000000;swvl2;StdTime;15-04-17 00:00:00;0,326473699006536
BE22;1;3104,000000000000000;0,310400000000000;swvl2;StdTime;15-04-18 00:00:00;0,273743784515974
BE23;2;3847,000000000000000;0,384700000000000;swvl2;StdTime;15-04-18 00:00:00;0,296100755279518
BE24;3;2706,000000000000000;0,270600000000000;swvl2;StdTime;15-04-18 00:00:00;0,332150199246116
BE25;4;4010,000000000000000;0,401000000000000;swvl2;StdTime;15-04-18 00:00:00;0,326296213209778
BE31;5;1403,000000000000000;0,140300000000000;swvl2;StdTime;15-04-18 00:00:00;0,349408425799626
BE32;6;4820,000000000000000;0,482000000000000;swvl2;StdTime;15-04-18 00:00:00;0,353769884372896
BE10;7;209,000000000000000;0,020900000000000;swvl2;StdTime;15-04-18 00:00:00;0,347222235784576
BE21;8;3689,000000000000000;0,368900000000000;swvl2;StdTime;15-04-18 00:00:00;0,248744832852179
BE33;9;4899,000000000000000;0,489900000000000;swvl2;StdTime;15-04-18 00:00:00;0,346371596760836
BE34;10;5582,000000000000000;0,558200000000000;swvl2;StdTime;15-04-18 00:00:00;0,333767497341444
BE35;11;4637,000000000000000;0,463700000000000;swvl2;StdTime;15-04-18 00:00:00;0,349339190050269
BE22;1;3104,000000000000000;0,310400000000000;swvl2;StdTime;15-04-19 00:00:00;0,260434902580359
BE23;2;3847,000000000000000;0,384700000000000;swvl2;StdTime;15-04-19 00:00:00;0,278798742718996
BE24;3;2706,000000000000000;0,270600000000000;swvl2;StdTime;15-04-19 00:00:00;0,317902064348756
BE25;4;4010,000000000000000;0,401000000000000;swvl2;StdTime;15-04-19 00:00:00;0,301732558413337
BE31;5;1403,000000000000000;0,140300000000000;swvl2;StdTime;15-04-19 00:00:00;0,339106134725144
BE32;6;4820,000000000000000;0,482000000000000;swvl2;StdTime;15-04-19 00:00:00;0,353331419881201
BE10;7;209,000000000000000;0,020900000000000;swvl2;StdTime;15-04-19 00:00:00;0,331576822904879
BE21;8;3689,000000000000000;0,368900000000000;swvl2;StdTime;15-04-19 00:00:00;0,228451440120396
BE33;9;4899,000000000000000;0,489900000000000;swvl2;StdTime;15-04-19 00:00:00;0,349725995484262
BE34;10;5582,000000000000000;0,558200000000000;swvl2;StdTime;15-04-19 00:00:00;0,346380977439906
BE35;11;4637,000000000000000;0,463700000000000;swvl2;StdTime;15-04-19 00:00:00;0,357581684101957
BE22;1;3104,000000000000000;0,310400000000000;swvl2;StdTime;15-04-20 00:00:00;0,223896777041295
BE23;2;3847,000000000000000;0,384700000000000;swvl2;StdTime;15-04-20 00:00:00;0,232542506294929
BE24;3;2706,000000000000000;0,270600000000000;swvl2;StdTime;15-04-20 00:00:00;0,273942806663684
BE25;4;4010,000000000000000;0,401000000000000;swvl2;StdTime;15-04-20 00:00:00;0,262301244651736
BE31;5;1403,000000000000000;0,140300000000000;swvl2;StdTime;15-04-20 00:00:00;0,288568356868971
BE32;6;4820,000000000000000;0,482000000000000;swvl2;StdTime;15-04-20 00:00:00;0,292415748134689
BE10;7;209,000000000000000;0,020900000000000;swvl2;StdTime;15-04-20 00:00:00;0,285532557080237
BE21;8;3689,000000000000000;0,368900000000000;swvl2;StdTime;15-04-20 00:00:00;0,189654247099612
BE33;9;4899,000000000000000;0,489900000000000;swvl2;StdTime;15-04-20 00:00:00;0,292020638072021
BE34;10;5582,000000000000000;0,558200000000000;swvl2;StdTime;15-04-20 00:00:00;0,280096220291032
BE35;11;4637,000000000000000;0,463700000000000;swvl2;StdTime;15-04-20 00:00:00;0,293767564244535
BE22;1;3104,000000000000000;0,310400000000000;swvl2;StdTime;15-04-21 00:00:00;0,275440204226095
BE23;2;3847,000000000000000;0,384700000000000;swvl2;StdTime;15-04-21 00:00:00;0,277639005988766
BE24;3;2706,000000000000000;0,270600000000000;swvl2;StdTime;15-04-21 00:00:00;0,322374108272928
BE25;4;4010,000000000000000;0,401000000000000;swvl2;StdTime;15-04-21 00:00:00;0,294540561345450
BE31;5;1403,000000000000000;0,140300000000000;swvl2;StdTime;15-04-21 00:00:00;0,340085228425812
BE32;6;4820,000000000000000;0,482000000000000;swvl2;StdTime;15-04-21 00:00:00;0,341497519235147
BE10;7;209,000000000000000;0,020900000000000;swvl2;StdTime;15-04-21 00:00:00;0,334864860944200
BE21;8;3689,000000000000000;0,368900000000000;swvl2;StdTime;15-04-21 00:00:00;0,240715837532765
BE33;9;4899,000000000000000;0,489900000000000;swvl2;StdTime;15-04-21 00:00:00;0,356399244247688
BE34;10;5582,000000000000000;0,558200000000000;swvl2;StdTime;15-04-21 00:00:00;0,341255655468835
BE35;11;4637,000000000000000;0,463700000000000;swvl2;StdTime;15-04-21 00:00:00;0,351429768406370
BE22;1;3104,000000000000000;0,310400000000000;swvl2;StdTime;15-04-22 00:00:00;0,230334682438100
BE23;2;3847,000000000000000;0,384700000000000;swvl2;StdTime;15-04-22 00:00:00;0,248146244332733
BE24;3;2706,000000000000000;0,270600000000000;swvl2;StdTime;15-04-22 00:00:00;0,279657254038215
BE25;4;4010,000000000000000;0,401000000000000;swvl2;StdTime;15-04-22 00:00:00;0,284886952866788
BE31;5;1403,000000000000000;0,140300000000000;swvl2;StdTime;15-04-22 00:00:00;0,292909270894587
BE32;6;4820,000000000000000;0,482000000000000;swvl2;StdTime;15-04-22 00:00:00;0,300335306763896
BE10;7;209,000000000000000;0,020900000000000;swvl2;StdTime;15-04-22 00:00:00;0,291319904430061
BE21;8;3689,000000000000000;0,368900000000000;swvl2;StdTime;15-04-22 00:00:00;0,206358799522535
BE33;9;4899,000000000000000;0,489900000000000;swvl2;StdTime;15-04-22 00:00:00;0,308028173169255
BE34;10;5582,000000000000000;0,558200000000000;swvl2;StdTime;15-04-22 00:00:00;0,300492179691151
BE35;11;4637,000000000000000;0,463700000000000;swvl2;StdTime;15-04-22 00:00:00;0,301315600704421
BE22;1;3104,000000000000000;0,310400000000000;swvl2;StdTime;15-04-23 00:00:00;0,296697435790154
BE23;2;3847,000000000000000;0,384700000000000;swvl2;StdTime;15-04-23 00:00:00;0,309979008104480
BE24;3;2706,000000000000000;0,270600000000000;swvl2;StdTime;15-04-23 00:00:00;0,354484402199454
BE25;4;4010,000000000000000;0,401000000000000;swvl2;StdTime;15-04-23 00:00:00;0,335290094188176
BE31;5;1403,000000000000000;0,140300000000000;swvl2;StdTime;15-04-23 00:00:00;0,372600991005398
BE32;6;4820,000000000000000;0,482000000000000;swvl2;StdTime;15-04-23 00:00:00;0,377442627730954
BE10;7;209,000000000000000;0,020900000000000;swvl2;StdTime;15-04-23 00:00:00;0,370227302232998
BE21;8;3689,000000000000000;0,368900000000000;swvl2;StdTime;15-04-23 00:00:00;0,267357340238546
BE33;9;4899,000000000000000;0,489900000000000;swvl2;StdTime;15-04-23 00:00:00;0,375055878727893
BE34;10;5582,000000000000000;0,558200000000000;swvl2;StdTime;15-04-23 00:00:00;0,361328046020108
BE35;11;4637,000000000000000;0,463700000000000;swvl2;StdTime;15-04-23 00:00:00;0,376254776640136
BE22;1;3104,000000000000000;0,310400000000000;swvl2;StdTime;15-04-24 00:00:00;0,313866926366751
BE23;2;3847,000000000000000;0,384700000000000;swvl2;StdTime;15-04-24 00:00:00;0,324259706424496
BE24;3;2706,000000000000000;0,270600000000000;swvl2;StdTime;15-04-24 00:00:00;0,368310255336480
BE25;4;4010,000000000000000;0,401000000000000;swvl2;StdTime;15-04-24 00:00:00;0,344424049247828
BE31;5;1403,000000000000000;0,140300000000000;swvl2;StdTime;15-04-24 00:00:00;0,385835212379885
BE32;6;4820,000000000000000;0,482000000000000;swvl2;StdTime;15-04-24 00:00:00;0,385744509459532
BE10;7;209,000000000000000;0,020900000000000;swvl2;StdTime;15-04-24 00:00:00;0,384374181619672
BE21;8;3689,000000000000000;0,368900000000000;swvl2;StdTime;15-04-24 00:00:00;0,284468896660775
BE33;9;4899,000000000000000;0,489900000000000;swvl2;StdTime;15-04-24 00:00:00;0,391361566964986
BE34;10;5582,000000000000000;0,558200000000000;swvl2;StdTime;15-04-24 00:00:00;0,376120799728638
BE35;11;4637,000000000000000;0,463700000000000;swvl2;StdTime;15-04-24 00:00:00;0,389234966281315
BE22;1;3104,000000000000000;0,310400000000000;t2m;StdTime;15-04-61 00:00:00;10,202791446877532
BE23;2;3847,000000000000000;0,384700000000000;t2m;StdTime;15-04-61 00:00:00;10,425733164189113
BE24;3;2706,000000000000000;0,270600000000000;t2m;StdTime;15-04-61 00:00:00;10,312905607977706
BE25;4;4010,000000000000000;0,401000000000000;t2m;StdTime;15-04-61 00:00:00;10,381940840010035
BE31;5;1403,000000000000000;0,140300000000000;t2m;StdTime;15-04-61 00:00:00;10,035785036773559
BE32;6;4820,000000000000000;0,482000000000000;t2m;StdTime;15-04-61 00:00:00;10,112464707125252
BE10;7;209,000000000000000;0,020900000000000;t2m;StdTime;15-04-61 00:00:00;10,242152277932782
BE21;8;3689,000000000000000;0,368900000000000;t2m;StdTime;15-04-61 00:00:00;10,325159740887489
BE33;9;4899,000000000000000;0,489900000000000;t2m;StdTime;15-04-61 00:00:00;8,881487789045034
BE34;10;5582,000000000000000;0,558200000000000;t2m;StdTime;15-04-61 00:00:00;8,712559980032291
BE35;11;4637,000000000000000;0,463700000000000;t2m;StdTime;15-04-61 00:00:00;9,394225038689301
BE22;1;3104,000000000000000;0,310400000000000;t2m;StdTime;15-04-62 00:00:00;6,853329494288287
BE23;2;3847,000000000000000;0,384700000000000;t2m;StdTime;15-04-62 00:00:00;7,035467129358548
BE24;3;2706,000000000000000;0,270600000000000;t2m;StdTime;15-04-62 00:00:00;6,887240224649349
BE25;4;4010,000000000000000;0,401000000000000;t2m;StdTime;15-04-62 00:00:00;7,044615403315674
BE31;5;1403,000000000000000;0,140300000000000;t2m;StdTime;15-04-62 00:00:00;6,554389626658653
BE32;6;4820,000000000000000;0,482000000000000;t2m;StdTime;15-04-62 00:00:00;6,629145256117668
BE10;7;209,000000000000000;0,020900000000000;t2m;StdTime;15-04-62 00:00:00;6,792725344023638
BE21;8;3689,000000000000000;0,368900000000000;t2m;StdTime;15-04-62 00:00:00;7,005669643705088
BE33;9;4899,000000000000000;0,489900000000000;t2m;StdTime;15-04-62 00:00:00;5,352812398475243
BE34;10;5582,000000000000000;0,558200000000000;t2m;StdTime;15-04-62 00:00:00;5,186231038853154
BE35;11;4637,000000000000000;0,463700000000000;t2m;StdTime;15-04-62 00:00:00;5,893801006336066
BE22;1;3104,000000000000000;0,310400000000000;t2m;StdTime;15-04-63 00:00:00;8,679331188349396
BE23;2;3847,000000000000000;0,384700000000000;t2m;StdTime;15-04-63 00:00:00;8,772785490941832
BE24;3;2706,000000000000000;0,270600000000000;t2m;StdTime;15-04-63 00:00:00;8,708742592833428
BE25;4;4010,000000000000000;0,401000000000000;t2m;StdTime;15-04-63 00:00:00;8,615220918679196
BE31;5;1403,000000000000000;0,140300000000000;t2m;StdTime;15-04-63 00:00:00;8,391269746373922
BE32;6;4820,000000000000000;0,482000000000000;t2m;StdTime;15-04-63 00:00:00;8,418481694415412
BE10;7;209,000000000000000;0,020900000000000;t2m;StdTime;15-04-63 00:00:00;8,614044864782306
BE21;8;3689,000000000000000;0,368900000000000;t2m;StdTime;15-04-63 00:00:00;8,804300928930200
BE33;9;4899,000000000000000;0,489900000000000;t2m;StdTime;15-04-63 00:00:00;7,321132190861634
BE34;10;5582,000000000000000;0,558200000000000;t2m;StdTime;15-04-63 00:00:00;7,040351348980820
BE35;11;4637,000000000000000;0,463700000000000;t2m;StdTime;15-04-63 00:00:00;7,740000057199898
BE22;1;3104,000000000000000;0,310400000000000;t2m;StdTime;15-04-64 00:00:00;9,124064637213657
BE23;2;3847,000000000000000;0,384700000000000;t2m;StdTime;15-04-64 00:00:00;9,231654039506378
BE24;3;2706,000000000000000;0,270600000000000;t2m;StdTime;15-04-64 00:00:00;9,133982627020000
BE25;4;4010,000000000000000;0,401000000000000;t2m;StdTime;15-04-64 00:00:00;9,139994896201417
BE31;5;1403,000000000000000;0,140300000000000;t2m;StdTime;15-04-64 00:00:00;8,844816601454827
BE32;6;4820,000000000000000;0,482000000000000;t2m;StdTime;15-04-64 00:00:00;8,903763555787927
BE10;7;209,000000000000000;0,020900000000000;t2m;StdTime;15-04-64 00:00:00;9,049135189877735
BE21;8;3689,000000000000000;0,368900000000000;t2m;StdTime;15-04-64 00:00:00;9,230745493153892
BE33;9;4899,000000000000000;0,489900000000000;t2m;StdTime;15-04-64 00:00:00;7,823179566390587
BE34;10;5582,000000000000000;0,558200000000000;t2m;StdTime;15-04-64 00:00:00;7,623874475263177
BE35;11;4637,000000000000000;0,463700000000000;t2m;StdTime;15-04-64 00:00:00;8,262311265055722
BE22;1;3104,000000000000000;0,310400000000000;t2m;StdTime;15-04-65 00:00:00;8,576065019848432
BE23;2;3847,000000000000000;0,384700000000000;t2m;StdTime;15-04-65 00:00:00;8,870749381600580
BE24;3;2706,000000000000000;0,270600000000000;t2m;StdTime;15-04-65 00:00:00;8,732807867102320
BE25;4;4010,000000000000000;0,401000000000000;t2m;StdTime;15-04-65 00:00:00;8,828569797506368
BE31;5;1403,000000000000000;0,140300000000000;t2m;StdTime;15-04-65 00:00:00;8,450631721480265
BE32;6;4820,000000000000000;0,482000000000000;t2m;StdTime;15-04-65 00:00:00;8,550505987341470
BE10;7;209,000000000000000;0,020900000000000;t2m;StdTime;15-04-65 00:00:00;8,677034638144752
BE21;8;3689,000000000000000;0,368900000000000;t2m;StdTime;15-04-65 00:00:00;8,775096033219910
BE33;9;4899,000000000000000;0,489900000000000;t2m;StdTime;15-04-65 00:00:00;7,081211539671648
BE34;10;5582,000000000000000;0,558200000000000;t2m;StdTime;15-04-65 00:00:00;6,886432204866715
BE35;11;4637,000000000000000;0,463700000000000;t2m;StdTime;15-04-65 00:00:00;7,768730295406264
BE22;1;3104,000000000000000;0,310400000000000;t2m;StdTime;15-04-66 00:00:00;9,218511427186222
BE23;2;3847,000000000000000;0,384700000000000;t2m;StdTime;15-04-66 00:00:00;9,237918471248857
BE24;3;2706,000000000000000;0,270600000000000;t2m;StdTime;15-04-66 00:00:00;9,197267948215478
BE25;4;4010,000000000000000;0,401000000000000;t2m;StdTime;15-04-66 00:00:00;9,167296816761663
BE31;5;1403,000000000000000;0,140300000000000;t2m;StdTime;15-04-66 00:00:00;8,913176786024428
BE32;6;4820,000000000000000;0,482000000000000;t2m;StdTime;15-04-66 00:00:00;8,919203238269601
BE10;7;209,000000000000000;0,020900000000000;t2m;StdTime;15-04-66 00:00:00;9,096345262664354
BE21;8;3689,000000000000000;0,368900000000000;t2m;StdTime;15-04-66 00:00:00;9,276754043457046
BE33;9;4899,000000000000000;0,489900000000000;t2m;StdTime;15-04-66 00:00:00;7,926625040458849
BE34;10;5582,000000000000000;0,558200000000000;t2m;StdTime;15-04-66 00:00:00;7,763751426848497
BE35;11;4637,000000000000000;0,463700000000000;t2m;StdTime;15-04-66 00:00:00;8,364927524581464
BE22;1;3104,000000000000000;0,310400000000000;t2m;StdTime;15-04-67 00:00:00;8,886540993280015
BE23;2;3847,000000000000000;0,384700000000000;t2m;StdTime;15-04-67 00:00:00;9,118004991260161
BE24;3;2706,000000000000000;0,270600000000000;t2m;StdTime;15-04-67 00:00:00;8,943974140389972
BE25;4;4010,000000000000000;0,401000000000000;t2m;StdTime;15-04-67 00:00:00;9,096162473531136
BE31;5;1403,000000000000000;0,140300000000000;t2m;StdTime;15-04-67 00:00:00;8,595015445608622
BE32;6;4820,000000000000000;0,482000000000000;t2m;StdTime;15-04-67 00:00:00;8,580729410361446
BE10;7;209,000000000000000;0,020900000000000;t2m;StdTime;15-04-67 00:00:00;8,851969750874350
BE21;8;3689,000000000000000;0,368900000000000;t2m;StdTime;15-04-67 00:00:00;9,097251084219899
BE33;9;4899,000000000000000;0,489900000000000;t2m;StdTime;15-04-67 00:00:00;7,465541672477860
BE34;10;5582,000000000000000;0,558200000000000;t2m;StdTime;15-04-67 00:00:00;7,181576316393386
BE35;11;4637,000000000000000;0,463700000000000;t2m;StdTime;15-04-67 00:00:00;7,883347617723779
BE22;1;3104,000000000000000;0,310400000000000;t2m;StdTime;15-04-68 00:00:00;8,974513217345939
BE23;2;3847,000000000000000;0,384700000000000;t2m;StdTime;15-04-68 00:00:00;8,983084519249697
BE24;3;2706,000000000000000;0,270600000000000;t2m;StdTime;15-04-68 00:00:00;8,933565104879976
BE25;4;4010,000000000000000;0,401000000000000;t2m;StdTime;15-04-68 00:00:00;8,843687345024344
BE31;5;1403,000000000000000;0,140300000000000;t2m;StdTime;15-04-68 00:00:00;8,589397066759370
BE32;6;4820,000000000000000;0,482000000000000;t2m;StdTime;15-04-68 00:00:00;8,532445054726978
BE10;7;209,000000000000000;0,020900000000000;t2m;StdTime;15-04-68 00:00:00;8,812112557260612
BE21;8;3689,000000000000000;0,368900000000000;t2m;StdTime;15-04-68 00:00:00;9,115285958982673
BE33;9;4899,000000000000000;0,489900000000000;t2m;StdTime;15-04-68 00:00:00;7,487550533895809
BE34;10;5582,000000000000000;0,558200000000000;t2m;StdTime;15-04-68 00:00:00;7,162395896385417
BE35;11;4637,000000000000000;0,463700000000000;t2m;StdTime;15-04-68 00:00:00;7,898430379320883
BE22;1;3104,000000000000000;0,310400000000000;t2m;StdTime;15-04-69 00:00:00;8,553424347307281
BE23;2;3847,000000000000000;0,384700000000000;t2m;StdTime;15-04-69 00:00:00;8,580993144642939
BE24;3;2706,000000000000000;0,270600000000000;t2m;StdTime;15-04-69 00:00:00;8,593210956562205
BE25;4;4010,000000000000000;0,401000000000000;t2m;StdTime;15-04-69 00:00:00;8,517440074578181
BE31;5;1403,000000000000000;0,140300000000000;t2m;StdTime;15-04-69 00:00:00;8,375074197629123
BE32;6;4820,000000000000000;0,482000000000000;t2m;StdTime;15-04-69 00:00:00;8,431430697144336
BE10;7;209,000000000000000;0,020900000000000;t2m;StdTime;15-04-69 00:00:00;8,502662695195683
BE21;8;3689,000000000000000;0,368900000000000;t2m;StdTime;15-04-69 00:00:00;8,516799381801054
BE33;9;4899,000000000000000;0,489900000000000;t2m;StdTime;15-04-69 00:00:00;7,393709890256988
BE34;10;5582,000000000000000;0,558200000000000;t2m;StdTime;15-04-69 00:00:00;7,245072913400510
BE35;11;4637,000000000000000;0,463700000000000;t2m;StdTime;15-04-69 00:00:00;7,893954083815146
BE22;1;3104,000000000000000;0,310400000000000;t2m;StdTime;15-04-70 00:00:00;7,394871367928903
BE23;2;3847,000000000000000;0,384700000000000;t2m;StdTime;15-04-70 00:00:00;7,652666958208239
BE24;3;2706,000000000000000;0,270600000000000;t2m;StdTime;15-04-70 00:00:00;7,438052246681604
BE25;4;4010,000000000000000;0,401000000000000;t2m;StdTime;15-04-70 00:00:00;7,646257532742842
BE31;5;1403,000000000000000;0,140300000000000;t2m;StdTime;15-04-70 00:00:00;7,016962960882863
BE32;6;4820,000000000000000;0,482000000000000;t2m;StdTime;15-04-70 00:00:00;7,023956971841232
BE10;7;209,000000000000000;0,020900000000000;t2m;StdTime;15-04-70 00:00:00;7,330063735469107
BE21;8;3689,000000000000000;0,368900000000000;t2m;StdTime;15-04-70 00:00:00;7,649958561933219
BE33;9;4899,000000000000000;0,489900000000000;t2m;StdTime;15-04-70 00:00:00;5,697000608660287
BE34;10;5582,000000000000000;0,558200000000000;t2m;StdTime;15-04-70 00:00:00;5,327249687574794
BE35;11;4637,000000000000000;0,463700000000000;t2m;StdTime;15-04-70 00:00:00;6,196243100724712
BE22;1;3104,000000000000000;0,310400000000000;t2m;StdTime;15-04-71 00:00:00;8,864723570875293
BE23;2;3847,000000000000000;0,384700000000000;t2m;StdTime;15-04-71 00:00:00;8,920386544196120
BE24;3;2706,000000000000000;0,270600000000000;t2m;StdTime;15-04-71 00:00:00;8,828042670698926
BE25;4;4010,000000000000000;0,401000000000000;t2m;StdTime;15-04-71 00:00:00;8,703415889692428
BE31;5;1403,000000000000000;0,140300000000000;t2m;StdTime;15-04-71 00:00:00;8,487800471712998
BE32;6;4820,000000000000000;0,482000000000000;t2m;StdTime;15-04-71 00:00:00;8,527267872940957
BE10;7;209,000000000000000;0,020900000000000;t2m;StdTime;15-04-71 00:00:00;8,713218291980798
BE21;8;3689,000000000000000;0,368900000000000;t2m;StdTime;15-04-71 00:00:00;8,981338321047764
BE33;9;4899,000000000000000;0,489900000000000;t2m;StdTime;15-04-71 00:00:00;7,510589225751161
BE34;10;5582,000000000000000;0,558200000000000;t2m;StdTime;15-04-71 00:00:00;7,393543783800880
BE35;11;4637,000000000000000;0,463700000000000;t2m;StdTime;15-04-71 00:00:00;7,954836493297361
BE22;1;3104,000000000000000;0,310400000000000;t2m;StdTime;15-04-72 00:00:00;8,840510611374349
BE23;2;3847,000000000000000;0,384700000000000;t2m;StdTime;15-04-72 00:00:00;9,007395818693952
BE24;3;2706,000000000000000;0,270600000000000;t2m;StdTime;15-04-72 00:00:00;8,889507709920441
BE25;4;4010,000000000000000;0,401000000000000;t2m;StdTime;15-04-72 00:00:00;8,910081379193628
BE31;5;1403,000000000000000;0,140300000000000;t2m;StdTime;15-04-72 00:00:00;8,566025732588276
BE32;6;4820,000000000000000;0,482000000000000;t2m;StdTime;15-04-72 00:00:00;8,590844044151149
BE10;7;209,000000000000000;0,020900000000000;t2m;StdTime;15-04-72 00:00:00;8,796728102214022
BE21;8;3689,000000000000000;0,368900000000000;t2m;StdTime;15-04-72 00:00:00;8,997924201305612
BE33;9;4899,000000000000000;0,489900000000000;t2m;StdTime;15-04-72 00:00:00;7,450090454753282
BE34;10;5582,000000000000000;0,558200000000000;t2m;StdTime;15-04-72 00:00:00;7,137517759168685
BE35;11;4637,000000000000000;0,463700000000000;t2m;StdTime;15-04-72 00:00:00;7,875703625826078
BE22;1;3104,000000000000000;0,310400000000000;t2m;StdTime;15-04-73 00:00:00;8,001761741244941
BE23;2;3847,000000000000000;0,384700000000000;t2m;StdTime;15-04-73 00:00:00;8,360121173923096
BE24;3;2706,000000000000000;0,270600000000000;t2m;StdTime;15-04-73 00:00:00;8,129665329644881
BE25;4;4010,000000000000000;0,401000000000000;t2m;StdTime;15-04-73 00:00:00;8,434731224944755
BE31;5;1403,000000000000000;0,140300000000000;t2m;StdTime;15-04-73 00:00:00;7,794548232132255
BE32;6;4820,000000000000000;0,482000000000000;t2m;StdTime;15-04-73 00:00:00;7,856642924898376
BE10;7;209,000000000000000;0,020900000000000;t2m;StdTime;15-04-73 00:00:00;8,051777175739053
BE21;8;3689,000000000000000;0,368900000000000;t2m;StdTime;15-04-73 00:00:00;8,273375302286578
BE33;9;4899,000000000000000;0,489900000000000;t2m;StdTime;15-04-73 00:00:00;6,578644440548364
BE34;10;5582,000000000000000;0,558200000000000;t2m;StdTime;15-04-73 00:00:00;6,354724211660336
BE35;11;4637,000000000000000;0,463700000000000;t2m;StdTime;15-04-73 00:00:00;7,111067114191016
BE22;1;3104,000000000000000;0,310400000000000;t2m;StdTime;15-04-74 00:00:00;9,494512687024395
BE23;2;3847,000000000000000;0,384700000000000;t2m;StdTime;15-04-74 00:00:00;9,486242935878716
BE24;3;2706,000000000000000;0,270600000000000;t2m;StdTime;15-04-74 00:00:00;9,455193962596208
BE25;4;4010,000000000000000;0,401000000000000;t2m;StdTime;15-04-74 00:00:00;9,302185012693698
BE31;5;1403,000000000000000;0,140300000000000;t2m;StdTime;15-04-74 00:00:00;9,105815890170140
BE32;6;4820,000000000000000;0,482000000000000;t2m;StdTime;15-04-74 00:00:00;9,089729748721901
BE10;7;209,000000000000000;0,020900000000000;t2m;StdTime;15-04-74 00:00:00;9,334596633911135
BE21;8;3689,000000000000000;0,368900000000000;t2m;StdTime;15-04-74 00:00:00;9,658874524386153
BE33;9;4899,000000000000000;0,489900000000000;t2m;StdTime;15-04-74 00:00:00;8,070389709367548
BE34;10;5582,000000000000000;0,558200000000000;t2m;StdTime;15-04-74 00:00:00;7,907019625253384
BE35;11;4637,000000000000000;0,463700000000000;t2m;StdTime;15-04-74 00:00:00;8,503652248399032
BE22;1;3104,000000000000000;0,310400000000000;t2m;StdTime;15-04-75 00:00:00;7,984764808385654
BE23;2;3847,000000000000000;0,384700000000000;t2m;StdTime;15-04-75 00:00:00;7,990865265266409
BE24;3;2706,000000000000000;0,270600000000000;t2m;StdTime;15-04-75 00:00:00;7,952397413105756
BE25;4;4010,000000000000000;0,401000000000000;t2m;StdTime;15-04-75 00:00:00;7,915344549592891
BE31;5;1403,000000000000000;0,140300000000000;t2m;StdTime;15-04-75 00:00:00;7,616652263035030
BE32;6;4820,000000000000000;0,482000000000000;t2m;StdTime;15-04-75 00:00:00;7,578350874596115
BE10;7;209,000000000000000;0,020900000000000;t2m;StdTime;15-04-75 00:00:00;7,838497572538386
BE21;8;3689,000000000000000;0,368900000000000;t2m;StdTime;15-04-75 00:00:00;8,049963354708948
BE33;9;4899,000000000000000;0,489900000000000;t2m;StdTime;15-04-75 00:00:00;6,433893510628089
BE34;10;5582,000000000000000;0,558200000000000;t2m;StdTime;15-04-75 00:00:00;6,152283386362358
BE35;11;4637,000000000000000;0,463700000000000;t2m;StdTime;15-04-75 00:00:00;6,910743832973814
BE22;1;3104,000000000000000;0,310400000000000;t2m;StdTime;15-04-76 00:00:00;8,380397430707504
BE23;2;3847,000000000000000;0,384700000000000;t2m;StdTime;15-04-76 00:00:00;8,636610956045775
BE24;3;2706,000000000000000;0,270600000000000;t2m;StdTime;15-04-76 00:00:00;8,483734068479357
BE25;4;4010,000000000000000;0,401000000000000;t2m;StdTime;15-04-76 00:00:00;8,533731635371934
BE31;5;1403,000000000000000;0,140300000000000;t2m;StdTime;15-04-76 00:00:00;8,148173322018256
BE32;6;4820,000000000000000;0,482000000000000;t2m;StdTime;15-04-76 00:00:00;8,230918580367851
BE10;7;209,000000000000000;0,020900000000000;t2m;StdTime;15-04-76 00:00:00;8,408610325680966
BE21;8;3689,000000000000000;0,368900000000000;t2m;StdTime;15-04-76 00:00:00;8,588973086195054
BE33;9;4899,000000000000000;0,489900000000000;t2m;StdTime;15-04-76 00:00:00;7,003371067790729
BE34;10;5582,000000000000000;0,558200000000000;t2m;StdTime;15-04-76 00:00:00;6,848767694372821
BE35;11;4637,000000000000000;0,463700000000000;t2m;StdTime;15-04-76 00:00:00;7,512029756418908
BE22;1;3104,000000000000000;0,310400000000000;t2m;StdTime;15-04-77 00:00:00;8,544952571084828
BE23;2;3847,000000000000000;0,384700000000000;t2m;StdTime;15-04-77 00:00:00;8,767946461686753
BE24;3;2706,000000000000000;0,270600000000000;t2m;StdTime;15-04-77 00:00:00;8,609860879442751
BE25;4;4010,000000000000000;0,401000000000000;t2m;StdTime;15-04-77 00:00:00;8,788149214147630
BE31;5;1403,000000000000000;0,140300000000000;t2m;StdTime;15-04-77 00:00:00;8,279147882250829
BE32;6;4820,000000000000000;0,482000000000000;t2m;StdTime;15-04-77 00:00:00;8,294981642580652
BE10;7;209,000000000000000;0,020900000000000;t2m;StdTime;15-04-77 00:00:00;8,519650331524568
BE21;8;3689,000000000000000;0,368900000000000;t2m;StdTime;15-04-77 00:00:00;8,723843417086236
BE33;9;4899,000000000000000;0,489900000000000;t2m;StdTime;15-04-77 00:00:00;7,165299021582086
BE34;10;5582,000000000000000;0,558200000000000;t2m;StdTime;15-04-77 00:00:00;6,894644766971222
BE35;11;4637,000000000000000;0,463700000000000;t2m;StdTime;15-04-77 00:00:00;7,599572367006944
BE22;1;3104,000000000000000;0,310400000000000;t2m;StdTime;15-04-78 00:00:00;8,673283502613142
BE23;2;3847,000000000000000;0,384700000000000;t2m;StdTime;15-04-78 00:00:00;8,795451456768522
BE24;3;2706,000000000000000;0,270600000000000;t2m;StdTime;15-04-78 00:00:00;8,691053137106108
BE25;4;4010,000000000000000;0,401000000000000;t2m;StdTime;15-04-78 00:00:00;8,649531337091178
BE31;5;1403,000000000000000;0,140300000000000;t2m;StdTime;15-04-78 00:00:00;8,345818170206263
BE32;6;4820,000000000000000;0,482000000000000;t2m;StdTime;15-04-78 00:00:00;8,351366724710763
BE10;7;209,000000000000000;0,020900000000000;t2m;StdTime;15-04-78 00:00:00;8,593433658472090
BE21;8;3689,000000000000000;0,368900000000000;t2m;StdTime;15-04-78 00:00:00;8,857644615990244
BE33;9;4899,000000000000000;0,489900000000000;t2m;StdTime;15-04-78 00:00:00;7,237525791897049
BE34;10;5582,000000000000000;0,558200000000000;t2m;StdTime;15-04-78 00:00:00;6,969511122910281
BE35;11;4637,000000000000000;0,463700000000000;t2m;StdTime;15-04-78 00:00:00;7,670887250285321
BE22;1;3104,000000000000000;0,310400000000000;t2m;StdTime;15-04-79 00:00:00;8,332250568670112
BE23;2;3847,000000000000000;0,384700000000000;t2m;StdTime;15-04-79 00:00:00;8,401445503572017
BE24;3;2706,000000000000000;0,270600000000000;t2m;StdTime;15-04-79 00:00:00;8,346663897247192
BE25;4;4010,000000000000000;0,401000000000000;t2m;StdTime;15-04-79 00:00:00;8,325019927274553
BE31;5;1403,000000000000000;0,140300000000000;t2m;StdTime;15-04-79 00:00:00;8,051806848897158
BE32;6;4820,000000000000000;0,482000000000000;t2m;StdTime;15-04-79 00:00:00;8,004048190967678
BE10;7;209,000000000000000;0,020900000000000;t2m;StdTime;15-04-79 00:00:00;8,244032937373847
BE21;8;3689,000000000000000;0,368900000000000;t2m;StdTime;15-04-79 00:00:00;8,427889010873235
BE33;9;4899,000000000000000;0,489900000000000;t2m;StdTime;15-04-79 00:00:00;6,956667470747071
BE34;10;5582,000000000000000;0,558200000000000;t2m;StdTime;15-04-79 00:00:00;6,580534553066539
BE35;11;4637,000000000000000;0,463700000000000;t2m;StdTime;15-04-79 00:00:00;7,369763181722183
BE22;1;3104,000000000000000;0,310400000000000;t2m;StdTime;15-04-80 00:00:00;8,335239148324305
BE23;2;3847,000000000000000;0,384700000000000;t2m;StdTime;15-04-80 00:00:00;8,590568683288122
BE24;3;2706,000000000000000;0,270600000000000;t2m;StdTime;15-04-80 00:00:00;8,403304812649138
BE25;4;4010,000000000000000;0,401000000000000;t2m;StdTime;15-04-80 00:00:00;8,535799209138107
BE31;5;1403,000000000000000;0,140300000000000;t2m;StdTime;15-04-80 00:00:00;8,028894736778716
BE32;6;4820,000000000000000;0,482000000000000;t2m;StdTime;15-04-80 00:00:00;8,074943242429212
BE10;7;209,000000000000000;0,020900000000000;t2m;StdTime;15-04-80 00:00:00;8,317078978251043
BE21;8;3689,000000000000000;0,368900000000000;t2m;StdTime;15-04-80 00:00:00;8,611059818076514
BE33;9;4899,000000000000000;0,489900000000000;t2m;StdTime;15-04-80 00:00:00;6,838918500492642
BE34;10;5582,000000000000000;0,558200000000000;t2m;StdTime;15-04-80 00:00:00;6,623364214058301
BE35;11;4637,000000000000000;0,463700000000000;t2m;StdTime;15-04-80 00:00:00;7,317044834600120
BE22;1;3104,000000000000000;0,310400000000000;t2m;StdTime;15-04-81 00:00:00;10,354369551250619
BE23;2;3847,000000000000000;0,384700000000000;t2m;StdTime;15-04-81 00:00:00;10,294030664492091
BE24;3;2706,000000000000000;0,270600000000000;t2m;StdTime;15-04-81 00:00:00;10,310657275313371
BE25;4;4010,000000000000000;0,401000000000000;t2m;StdTime;15-04-81 00:00:00;10,081186711461170
BE31;5;1403,000000000000000;0,140300000000000;t2m;StdTime;15-04-81 00:00:00;9,996545715495152
BE32;6;4820,000000000000000;0,482000000000000;t2m;StdTime;15-04-81 00:00:00;9,940449161846118
BE10;7;209,000000000000000;0,020900000000000;t2m;StdTime;15-04-81 00:00:00;10,205538147374202
BE21;8;3689,000000000000000;0,368900000000000;t2m;StdTime;15-04-81 00:00:00;10,423379570011480
BE33;9;4899,000000000000000;0,489900000000000;t2m;StdTime;15-04-81 00:00:00;8,942339923143857
BE34;10;5582,000000000000000;0,558200000000000;t2m;StdTime;15-04-81 00:00:00;8,606506659283244
BE35;11;4637,000000000000000;0,463700000000000;t2m;StdTime;15-04-81 00:00:00;9,315398009552991
BE22;1;3104,000000000000000;0,310400000000000;t2m;StdTime;15-04-82 00:00:00;8,677853612248436
BE23;2;3847,000000000000000;0,384700000000000;t2m;StdTime;15-04-82 00:00:00;8,893316050024488
BE24;3;2706,000000000000000;0,270600000000000;t2m;StdTime;15-04-82 00:00:00;8,750932705816485
BE25;4;4010,000000000000000;0,401000000000000;t2m;StdTime;15-04-82 00:00:00;8,860676249601600
BE31;5;1403,000000000000000;0,140300000000000;t2m;StdTime;15-04-82 00:00:00;8,414938524970829
BE32;6;4820,000000000000000;0,482000000000000;t2m;StdTime;15-04-82 00:00:00;8,488560155021702
BE10;7;209,000000000000000;0,020900000000000;t2m;StdTime;15-04-82 00:00:00;8,663526325134571
BE21;8;3689,000000000000000;0,368900000000000;t2m;StdTime;15-04-82 00:00:00;8,887533977381336
BE33;9;4899,000000000000000;0,489900000000000;t2m;StdTime;15-04-82 00:00:00;7,287694832723392
BE34;10;5582,000000000000000;0,558200000000000;t2m;StdTime;15-04-82 00:00:00;7,083954518689601
BE35;11;4637,000000000000000;0,463700000000000;t2m;StdTime;15-04-82 00:00:00;7,775461573268615
BE22;1;3104,000000000000000;0,310400000000000;t2m;StdTime;15-04-83 00:00:00;8,601517327974747
BE23;2;3847,000000000000000;0,384700000000000;t2m;StdTime;15-04-83 00:00:00;8,666739226069302
BE24;3;2706,000000000000000;0,270600000000000;t2m;StdTime;15-04-83 00:00:00;8,635835496038302
BE25;4;4010,000000000000000;0,401000000000000;t2m;StdTime;15-04-83 00:00:00;8,550500617181857
BE31;5;1403,000000000000000;0,140300000000000;t2m;StdTime;15-04-83 00:00:00;8,353000030463205
BE32;6;4820,000000000000000;0,482000000000000;t2m;StdTime;15-04-83 00:00:00;8,310984974876964
BE10;7;209,000000000000000;0,020900000000000;t2m;StdTime;15-04-83 00:00:00;8,551309968866233
BE21;8;3689,000000000000000;0,368900000000000;t2m;StdTime;15-04-83 00:00:00;8,679723671116674
BE33;9;4899,000000000000000;0,489900000000000;t2m;StdTime;15-04-83 00:00:00;7,252485384379484
BE34;10;5582,000000000000000;0,558200000000000;t2m;StdTime;15-04-83 00:00:00;6,798508995880320
BE35;11;4637,000000000000000;0,463700000000000;t2m;StdTime;15-04-83 00:00:00;7,638277389685968
BE22;1;3104,000000000000000;0,310400000000000;t2m;StdTime;15-04-84 00:00:00;7,597336732542392
BE23;2;3847,000000000000000;0,384700000000000;t2m;StdTime;15-04-84 00:00:00;7,787008237801554
BE24;3;2706,000000000000000;0,270600000000000;t2m;StdTime;15-04-84 00:00:00;7,642300191140575
BE25;4;4010,000000000000000;0,401000000000000;t2m;StdTime;15-04-84 00:00:00;7,701058752935126
BE31;5;1403,000000000000000;0,140300000000000;t2m;StdTime;15-04-84 00:00:00;7,287469292910544
BE32;6;4820,000000000000000;0,482000000000000;t2m;StdTime;15-04-84 00:00:00;7,338645515501242
BE10;7;209,000000000000000;0,020900000000000;t2m;StdTime;15-04-84 00:00:00;7,546016072542472
BE21;8;3689,000000000000000;0,368900000000000;t2m;StdTime;15-04-84 00:00:00;7,846794440061883
BE33;9;4899,000000000000000;0,489900000000000;t2m;StdTime;15-04-84 00:00:00;5,984829523923993
BE34;10;5582,000000000000000;0,558200000000000;t2m;StdTime;15-04-84 00:00:00;5,742644553370739
BE35;11;4637,000000000000000;0,463700000000000;t2m;StdTime;15-04-84 00:00:00;6,550875755690124
BE22;1;3104,000000000000000;0,310400000000000;t2m;StdTime;15-04-85 00:00:00;8,708342454482590
BE23;2;3847,000000000000000;0,384700000000000;t2m;StdTime;15-04-85 00:00:00;8,674893342770011
BE24;3;2706,000000000000000;0,270600000000000;t2m;StdTime;15-04-85 00:00:00;8,662629990602376
BE25;4;4010,000000000000000;0,401000000000000;t2m;StdTime;15-04-85 00:00:00;8,483202982781224
BE31;5;1403,000000000000000;0,140300000000000;t2m;StdTime;15-04-85 00:00:00;8,342210390358765
BE32;6;4820,000000000000000;0,482000000000000;t2m;StdTime;15-04-85 00:00:00;8,269558877766887
BE10;7;209,000000000000000;0,020900000000000;t2m;StdTime;15-04-85 00:00:00;8,551005472977199
BE21;8;3689,000000000000000;0,368900000000000;t2m;StdTime;15-04-85 00:00:00;8,810172656972641
BE33;9;4899,000000000000000;0,489900000000000;t2m;StdTime;15-04-85 00:00:00;7,312777316188241
BE34;10;5582,000000000000000;0,558200000000000;t2m;StdTime;15-04-85 00:00:00;7,053781823589149
BE35;11;4637,000000000000000;0,463700000000000;t2m;StdTime;15-04-85 00:00:00;7,667006034801712
BE22;1;3104,000000000000000;0,310400000000000;t2m;StdTime;15-04-86 00:00:00;8,256307920229792
BE23;2;3847,000000000000000;0,384700000000000;t2m;StdTime;15-04-86 00:00:00;8,093130077484012
BE24;3;2706,000000000000000;0,270600000000000;t2m;StdTime;15-04-86 00:00:00;8,169573833390869
BE25;4;4010,000000000000000;0,401000000000000;t2m;StdTime;15-04-86 00:00:00;7,887508435142306
BE31;5;1403,000000000000000;0,140300000000000;t2m;StdTime;15-04-86 00:00:00;7,880095327231854
BE32;6;4820,000000000000000;0,482000000000000;t2m;StdTime;15-04-86 00:00:00;7,795546385856084
BE10;7;209,000000000000000;0,020900000000000;t2m;StdTime;15-04-86 00:00:00;8,048708231255198
BE21;8;3689,000000000000000;0,368900000000000;t2m;StdTime;15-04-86 00:00:00;8,261734643968747
BE33;9;4899,000000000000000;0,489900000000000;t2m;StdTime;15-04-86 00:00:00;6,937973317478984
BE34;10;5582,000000000000000;0,558200000000000;t2m;StdTime;15-04-86 00:00:00;6,590419804994379
BE35;11;4637,000000000000000;0,463700000000000;t2m;StdTime;15-04-86 00:00:00;7,279344358191245
BE22;1;3104,000000000000000;0,310400000000000;t2m;StdTime;15-04-87 00:00:00;7,853613731787381
BE23;2;3847,000000000000000;0,384700000000000;t2m;StdTime;15-04-87 00:00:00;8,143967550390260
BE24;3;2706,000000000000000;0,270600000000000;t2m;StdTime;15-04-87 00:00:00;7,987393325289709
BE25;4;4010,000000000000000;0,401000000000000;t2m;StdTime;15-04-87 00:00:00;8,158676656166518
BE31;5;1403,000000000000000;0,140300000000000;t2m;StdTime;15-04-87 00:00:00;7,684965922504501
BE32;6;4820,000000000000000;0,482000000000000;t2m;StdTime;15-04-87 00:00:00;7,782501646196203
BE10;7;209,000000000000000;0,020900000000000;t2m;StdTime;15-04-87 00:00:00;7,925185700923063
BE21;8;3689,000000000000000;0,368900000000000;t2m;StdTime;15-04-87 00:00:00;8,075403083983268
BE33;9;4899,000000000000000;0,489900000000000;t2m;StdTime;15-04-87 00:00:00;6,394709652408004
BE34;10;5582,000000000000000;0,558200000000000;t2m;StdTime;15-04-87 00:00:00;6,116948906557832
BE35;11;4637,000000000000000;0,463700000000000;t2m;StdTime;15-04-87 00:00:00;6,983987499419695
BE22;1;3104,000000000000000;0,310400000000000;t2m;StdTime;15-04-88 00:00:00;9,671516833231625
BE23;2;3847,000000000000000;0,384700000000000;t2m;StdTime;15-04-88 00:00:00;9,755339674308823
BE24;3;2706,000000000000000;0,270600000000000;t2m;StdTime;15-04-88 00:00:00;9,716200900800301
BE25;4;4010,000000000000000;0,401000000000000;t2m;StdTime;15-04-88 00:00:00;9,521714133455276
BE31;5;1403,000000000000000;0,140300000000000;t2m;StdTime;15-04-88 00:00:00;9,392512407799073
BE32;6;4820,000000000000000;0,482000000000000;t2m;StdTime;15-04-88 00:00:00;9,387613655422719
BE10;7;209,000000000000000;0,020900000000000;t2m;StdTime;15-04-88 00:00:00;9,627347544619912
BE21;8;3689,000000000000000;0,368900000000000;t2m;StdTime;15-04-88 00:00:00;9,815038488175537
BE33;9;4899,000000000000000;0,489900000000000;t2m;StdTime;15-04-88 00:00:00;8,200077860957423
BE34;10;5582,000000000000000;0,558200000000000;t2m;StdTime;15-04-88 00:00:00;8,038310038577865
BE35;11;4637,000000000000000;0,463700000000000;t2m;StdTime;15-04-88 00:00:00;8,756976097185898
BE22;1;3104,000000000000000;0,310400000000000;t2m;StdTime;15-04-89 00:00:00;10,237239619505775
BE23;2;3847,000000000000000;0,384700000000000;t2m;StdTime;15-04-89 00:00:00;10,291836156267449
BE24;3;2706,000000000000000;0,270600000000000;t2m;StdTime;15-04-89 00:00:00;10,262635959842346
BE25;4;4010,000000000000000;0,401000000000000;t2m;StdTime;15-04-89 00:00:00;10,132385195877200
BE31;5;1403,000000000000000;0,140300000000000;t2m;StdTime;15-04-89 00:00:00;9,996578987377159
BE32;6;4820,000000000000000;0,482000000000000;t2m;StdTime;15-04-89 00:00:00;10,057642732319522
BE10;7;209,000000000000000;0,020900000000000;t2m;StdTime;15-04-89 00:00:00;10,185335191243006
BE21;8;3689,000000000000000;0,368900000000000;t2m;StdTime;15-04-89 00:00:00;10,298307760843075
BE33;9;4899,000000000000000;0,489900000000000;t2m;StdTime;15-04-89 00:00:00;9,023745058312375
BE34;10;5582,000000000000000;0,558200000000000;t2m;StdTime;15-04-89 00:00:00;8,840521458441584
BE35;11;4637,000000000000000;0,463700000000000;t2m;StdTime;15-04-89 00:00:00;9,487820627978834
BE22;1;3104,000000000000000;0,310400000000000;t2m;StdTime;15-04-90 00:00:00;10,383091509649450
BE23;2;3847,000000000000000;0,384700000000000;t2m;StdTime;15-04-90 00:00:00;10,572720419068403
BE24;3;2706,000000000000000;0,270600000000000;t2m;StdTime;15-04-90 00:00:00;10,430001402288914
BE25;4;4010,000000000000000;0,401000000000000;t2m;StdTime;15-04-90 00:00:00;10,488931319600642
BE31;5;1403,000000000000000;0,140300000000000;t2m;StdTime;15-04-90 00:00:00;10,086310033193264
BE32;6;4820,000000000000000;0,482000000000000;t2m;StdTime;15-04-90 00:00:00;10,157433900199999
BE10;7;209,000000000000000;0,020900000000000;t2m;StdTime;15-04-90 00:00:00;10,344599596050939
BE21;8;3689,000000000000000;0,368900000000000;t2m;StdTime;15-04-90 00:00:00;10,597246272934253
BE33;9;4899,000000000000000;0,489900000000000;t2m;StdTime;15-04-90 00:00:00;8,926336987599157
BE34;10;5582,000000000000000;0,558200000000000;t2m;StdTime;15-04-90 00:00:00;8,705822326683403
BE35;11;4637,000000000000000;0,463700000000000;t2m;StdTime;15-04-90 00:00:00;9,407062276108459
BE22;1;3104,000000000000000;0,310400000000000;t2m;StdTime;15-04-91 00:00:00;9,314936472275837
BE23;2;3847,000000000000000;0,384700000000000;t2m;StdTime;15-04-91 00:00:00;9,368678506207159
BE24;3;2706,000000000000000;0,270600000000000;t2m;StdTime;15-04-91 00:00:00;9,338490148517531
BE25;4;4010,000000000000000;0,401000000000000;t2m;StdTime;15-04-91 00:00:00;9,192241668463334
BE31;5;1403,000000000000000;0,140300000000000;t2m;StdTime;15-04-91 00:00:00;9,006326105113727
BE32;6;4820,000000000000000;0,482000000000000;t2m;StdTime;15-04-91 00:00:00;9,012317880456353
BE10;7;209,000000000000000;0,020900000000000;t2m;StdTime;15-04-91 00:00:00;9,229267398706464
BE21;8;3689,000000000000000;0,368900000000000;t2m;StdTime;15-04-91 00:00:00;9,452582252028847
BE33;9;4899,000000000000000;0,489900000000000;t2m;StdTime;15-04-91 00:00:00;7,806777024176631
BE34;10;5582,000000000000000;0,558200000000000;t2m;StdTime;15-04-91 00:00:00;7,562201369752685
BE35;11;4637,000000000000000;0,463700000000000;t2m;StdTime;15-04-91 00:00:00;8,329307159010847
BE22;1;3104,000000000000000;0,310400000000000;t2m;StdTime;15-04-92 00:00:00;10,252399515859882
BE23;2;3847,000000000000000;0,384700000000000;t2m;StdTime;15-04-92 00:00:00;10,499384161401549
BE24;3;2706,000000000000000;0,270600000000000;t2m;StdTime;15-04-92 00:00:00;10,317121294279577
BE25;4;4010,000000000000000;0,401000000000000;t2m;StdTime;15-04-92 00:00:00;10,377771288141641
BE31;5;1403,000000000000000;0,140300000000000;t2m;StdTime;15-04-92 00:00:00;9,967966733621207
BE32;6;4820,000000000000000;0,482000000000000;t2m;StdTime;15-04-92 00:00:00;9,996508045710970
BE10;7;209,000000000000000;0,020900000000000;t2m;StdTime;15-04-92 00:00:00;10,230104263889732
BE21;8;3689,000000000000000;0,368900000000000;t2m;StdTime;15-04-92 00:00:00;10,477593521465600
BE33;9;4899,000000000000000;0,489900000000000;t2m;StdTime;15-04-92 00:00:00;8,774258498927432
BE34;10;5582,000000000000000;0,558200000000000;t2m;StdTime;15-04-92 00:00:00;8,464897321826143
BE35;11;4637,000000000000000;0,463700000000000;t2m;StdTime;15-04-92 00:00:00;9,251196388851785
BE22;1;3104,000000000000000;0,310400000000000;t2m;StdTime;15-04-93 00:00:00;10,832199547401412
BE23;2;3847,000000000000000;0,384700000000000;t2m;StdTime;15-04-93 00:00:00;10,751874200579453
BE24;3;2706,000000000000000;0,270600000000000;t2m;StdTime;15-04-93 00:00:00;10,793233717448251
BE25;4;4010,000000000000000;0,401000000000000;t2m;StdTime;15-04-93 00:00:00;10,412433945330001
BE31;5;1403,000000000000000;0,140300000000000;t2m;StdTime;15-04-93 00:00:00;10,452978839724736
BE32;6;4820,000000000000000;0,482000000000000;t2m;StdTime;15-04-93 00:00:00;10,375970634088452
BE10;7;209,000000000000000;0,020900000000000;t2m;StdTime;15-04-93 00:00:00;10,668957869972342
BE21;8;3689,000000000000000;0,368900000000000;t2m;StdTime;15-04-93 00:00:00;10,939299135939747
BE33;9;4899,000000000000000;0,489900000000000;t2m;StdTime;15-04-93 00:00:00;9,377765016230740
BE34;10;5582,000000000000000;0,558200000000000;t2m;StdTime;15-04-93 00:00:00;9,011221667678946
BE35;11;4637,000000000000000;0,463700000000000;t2m;StdTime;15-04-93 00:00:00;9,786071035711311
BE22;1;3104,000000000000000;0,310400000000000;t2m;StdTime;15-04-94 00:00:00;9,641730062740358
BE23;2;3847,000000000000000;0,384700000000000;t2m;StdTime;15-04-94 00:00:00;9,624822964629852
BE24;3;2706,000000000000000;0,270600000000000;t2m;StdTime;15-04-94 00:00:00;9,630195873539618
BE25;4;4010,000000000000000;0,401000000000000;t2m;StdTime;15-04-94 00:00:00;9,510923153028221
BE31;5;1403,000000000000000;0,140300000000000;t2m;StdTime;15-04-94 00:00:00;9,348323328530718
BE32;6;4820,000000000000000;0,482000000000000;t2m;StdTime;15-04-94 00:00:00;9,340126120104346
BE10;7;209,000000000000000;0,020900000000000;t2m;StdTime;15-04-94 00:00:00;9,524720625443893
BE21;8;3689,000000000000000;0,368900000000000;t2m;StdTime;15-04-94 00:00:00;9,671987923932104
BE33;9;4899,000000000000000;0,489900000000000;t2m;StdTime;15-04-94 00:00:00;8,281304184040955
BE34;10;5582,000000000000000;0,558200000000000;t2m;StdTime;15-04-94 00:00:00;7,992541764295893
BE35;11;4637,000000000000000;0,463700000000000;t2m;StdTime;15-04-94 00:00:00;8,717532919274330
BE22;1;3104,000000000000000;0,310400000000000;t2m;StdTime;15-04-95 00:00:00;9,184114231891233
BE23;2;3847,000000000000000;0,384700000000000;t2m;StdTime;15-04-95 00:00:00;9,358201043773780
BE24;3;2706,000000000000000;0,270600000000000;t2m;StdTime;15-04-95 00:00:00;9,237890657634983
BE25;4;4010,000000000000000;0,401000000000000;t2m;StdTime;15-04-95 00:00:00;9,311091708423520
BE31;5;1403,000000000000000;0,140300000000000;t2m;StdTime;15-04-95 00:00:00;8,911335257912906
BE32;6;4820,000000000000000;0,482000000000000;t2m;StdTime;15-04-95 00:00:00;8,899126919275512
BE10;7;209,000000000000000;0,020900000000000;t2m;StdTime;15-04-95 00:00:00;9,148405741276358
BE21;8;3689,000000000000000;0,368900000000000;t2m;StdTime;15-04-95 00:00:00;9,370263723216723
BE33;9;4899,000000000000000;0,489900000000000;t2m;StdTime;15-04-95 00:00:00;7,716916212283206
BE34;10;5582,000000000000000;0,558200000000000;t2m;StdTime;15-04-95 00:00:00;7,443330164837260
BE35;11;4637,000000000000000;0,463700000000000;t2m;StdTime;15-04-95 00:00:00;8,229913806051492
BE22;1;3104,000000000000000;0,310400000000000;t2m;StdTime;15-04-96 00:00:00;7,888914860861820
BE23;2;3847,000000000000000;0,384700000000000;t2m;StdTime;15-04-96 00:00:00;7,946745340626429
BE24;3;2706,000000000000000;0,270600000000000;t2m;StdTime;15-04-96 00:00:00;7,893338191799991
BE25;4;4010,000000000000000;0,401000000000000;t2m;StdTime;15-04-96 00:00:00;7,857465038513604
BE31;5;1403,000000000000000;0,140300000000000;t2m;StdTime;15-04-96 00:00:00;7,585498363905431
BE32;6;4820,000000000000000;0,482000000000000;t2m;StdTime;15-04-96 00:00:00;7,633545647518272
BE10;7;209,000000000000000;0,020900000000000;t2m;StdTime;15-04-96 00:00:00;7,794734900077565
BE21;8;3689,000000000000000;0,368900000000000;t2m;StdTime;15-04-96 00:00:00;7,992018758329674
BE33;9;4899,000000000000000;0,489900000000000;t2m;StdTime;15-04-96 00:00:00;6,488132451499914
BE34;10;5582,000000000000000;0,558200000000000;t2m;StdTime;15-04-96 00:00:00;6,421886136052581
BE35;11;4637,000000000000000;0,463700000000000;t2m;StdTime;15-04-96 00:00:00;7,050310612547523
BE22;1;3104,000000000000000;0,310400000000000;t2m;StdTime;15-04-97 00:00:00;9,519996816964495
BE23;2;3847,000000000000000;0,384700000000000;t2m;StdTime;15-04-97 00:00:00;9,777457182953382
BE24;3;2706,000000000000000;0,270600000000000;t2m;StdTime;15-04-97 00:00:00;9,612579634342914
BE25;4;4010,000000000000000;0,401000000000000;t2m;StdTime;15-04-97 00:00:00;9,812407205824229
BE31;5;1403,000000000000000;0,140300000000000;t2m;StdTime;15-04-97 00:00:00;9,317854690959592
BE32;6;4820,000000000000000;0,482000000000000;t2m;StdTime;15-04-97 00:00:00;9,406042614418469
BE10;7;209,000000000000000;0,020900000000000;t2m;StdTime;15-04-97 00:00:00;9,538809014279305
BE21;8;3689,000000000000000;0,368900000000000;t2m;StdTime;15-04-97 00:00:00;9,669252612785344
BE33;9;4899,000000000000000;0,489900000000000;t2m;StdTime;15-04-97 00:00:00;8,231834815847410
BE34;10;5582,000000000000000;0,558200000000000;t2m;StdTime;15-04-97 00:00:00;8,030391776745422
BE35;11;4637,000000000000000;0,463700000000000;t2m;StdTime;15-04-97 00:00:00;8,704054559128076
BE22;1;3104,000000000000000;0,310400000000000;t2m;StdTime;15-04-98 00:00:00;10,377819082478899
BE23;2;3847,000000000000000;0,384700000000000;t2m;StdTime;15-04-98 00:00:00;10,582343015727790
BE24;3;2706,000000000000000;0,270600000000000;t2m;StdTime;15-04-98 00:00:00;10,421104419522159
BE25;4;4010,000000000000000;0,401000000000000;t2m;StdTime;15-04-98 00:00:00;10,528200657052594
BE31;5;1403,000000000000000;0,140300000000000;t2m;StdTime;15-04-98 00:00:00;10,067741399480902
BE32;6;4820,000000000000000;0,482000000000000;t2m;StdTime;15-04-98 00:00:00;10,068721456646401
BE10;7;209,000000000000000;0,020900000000000;t2m;StdTime;15-04-98 00:00:00;10,326588220003117
BE21;8;3689,000000000000000;0,368900000000000;t2m;StdTime;15-04-98 00:00:00;10,555474340253276
BE33;9;4899,000000000000000;0,489900000000000;t2m;StdTime;15-04-98 00:00:00;8,851657835895558
BE34;10;5582,000000000000000;0,558200000000000;t2m;StdTime;15-04-98 00:00:00;8,405034063708918
BE35;11;4637,000000000000000;0,463700000000000;t2m;StdTime;15-04-98 00:00:00;9,267217368330961
BE22;1;3104,000000000000000;0,310400000000000;t2m;StdTime;15-04-99 00:00:00;10,516782608228860
BE23;2;3847,000000000000000;0,384700000000000;t2m;StdTime;15-04-99 00:00:00;10,550052383022260
BE24;3;2706,000000000000000;0,270600000000000;t2m;StdTime;15-04-99 00:00:00;10,502405847167394
BE25;4;4010,000000000000000;0,401000000000000;t2m;StdTime;15-04-99 00:00:00;10,463333666889467
BE31;5;1403,000000000000000;0,140300000000000;t2m;StdTime;15-04-99 00:00:00;10,201160252136738
BE32;6;4820,000000000000000;0,482000000000000;t2m;StdTime;15-04-99 00:00:00;10,194458824964981
BE10;7;209,000000000000000;0,020900000000000;t2m;StdTime;15-04-99 00:00:00;10,405557363227222
BE21;8;3689,000000000000000;0,368900000000000;t2m;StdTime;15-04-99 00:00:00;10,578976212106255
BE33;9;4899,000000000000000;0,489900000000000;t2m;StdTime;15-04-99 00:00:00;9,147399067805715
BE34;10;5582,000000000000000;0,558200000000000;t2m;StdTime;15-04-99 00:00:00;8,752333552552930
BE35;11;4637,000000000000000;0,463700000000000;t2m;StdTime;15-04-99 00:00:00;9,546161489546352
BE22;1;3104,000000000000000;0,310400000000000;t2m;StdTime;15-04-00 00:00:00;10,643143096535457
BE23;2;3847,000000000000000;0,384700000000000;t2m;StdTime;15-04-00 00:00:00;10,550492793887139
BE24;3;2706,000000000000000;0,270600000000000;t2m;StdTime;15-04-00 00:00:00;10,549521942448800
BE25;4;4010,000000000000000;0,401000000000000;t2m;StdTime;15-04-00 00:00:00;10,312697961383916
BE31;5;1403,000000000000000;0,140300000000000;t2m;StdTime;15-04-00 00:00:00;10,208218971491736
BE32;6;4820,000000000000000;0,482000000000000;t2m;StdTime;15-04-00 00:00:00;10,119282108322688
BE10;7;209,000000000000000;0,020900000000000;t2m;StdTime;15-04-00 00:00:00;10,425854167299411
BE21;8;3689,000000000000000;0,368900000000000;t2m;StdTime;15-04-00 00:00:00;10,713568335078429
BE33;9;4899,000000000000000;0,489900000000000;t2m;StdTime;15-04-00 00:00:00;9,240601831320527
BE34;10;5582,000000000000000;0,558200000000000;t2m;StdTime;15-04-00 00:00:00;8,854989088722050
BE35;11;4637,000000000000000;0,463700000000000;t2m;StdTime;15-04-00 00:00:00;9,538323359009199
BE22;1;3104,000000000000000;0,310400000000000;t2m;StdTime;15-04-01 00:00:00;9,529780275428417
BE23;2;3847,000000000000000;0,384700000000000;t2m;StdTime;15-04-01 00:00:00;9,437033852075730
BE24;3;2706,000000000000000;0,270600000000000;t2m;StdTime;15-04-01 00:00:00;9,497365446154131
BE25;4;4010,000000000000000;0,401000000000000;t2m;StdTime;15-04-01 00:00:00;9,288716290776003
BE31;5;1403,000000000000000;0,140300000000000;t2m;StdTime;15-04-01 00:00:00;9,251613997597392
BE32;6;4820,000000000000000;0,482000000000000;t2m;StdTime;15-04-01 00:00:00;9,261874948398685
BE10;7;209,000000000000000;0,020900000000000;t2m;StdTime;15-04-01 00:00:00;9,388061833723881
BE21;8;3689,000000000000000;0,368900000000000;t2m;StdTime;15-04-01 00:00:00;9,476724371027256
BE33;9;4899,000000000000000;0,489900000000000;t2m;StdTime;15-04-01 00:00:00;8,286246827291592
BE34;10;5582,000000000000000;0,558200000000000;t2m;StdTime;15-04-01 00:00:00;8,093956081895403
BE35;11;4637,000000000000000;0,463700000000000;t2m;StdTime;15-04-01 00:00:00;8,739474453698838
BE22;1;3104,000000000000000;0,310400000000000;t2m;StdTime;15-04-02 00:00:00;9,998944657365074
BE23;2;3847,000000000000000;0,384700000000000;t2m;StdTime;15-04-02 00:00:00;10,187657858509198
BE24;3;2706,000000000000000;0,270600000000000;t2m;StdTime;15-04-02 00:00:00;10,032102211615987
BE25;4;4010,000000000000000;0,401000000000000;t2m;StdTime;15-04-02 00:00:00;10,183687404623058
BE31;5;1403,000000000000000;0,140300000000000;t2m;StdTime;15-04-02 00:00:00;9,704729857142279
BE32;6;4820,000000000000000;0,482000000000000;t2m;StdTime;15-04-02 00:00:00;9,754828733230513
BE10;7;209,000000000000000;0,020900000000000;t2m;StdTime;15-04-02 00:00:00;9,941374719428103
BE21;8;3689,000000000000000;0,368900000000000;t2m;StdTime;15-04-02 00:00:00;10,173813911142231
BE33;9;4899,000000000000000;0,489900000000000;t2m;StdTime;15-04-02 00:00:00;8,636261038596237
BE34;10;5582,000000000000000;0,558200000000000;t2m;StdTime;15-04-02 00:00:00;8,334148123203670
BE35;11;4637,000000000000000;0,463700000000000;t2m;StdTime;15-04-02 00:00:00;9,088444875133481
BE22;1;3104,000000000000000;0,310400000000000;t2m;StdTime;15-04-03 00:00:00;10,418828896026000
BE23;2;3847,000000000000000;0,384700000000000;t2m;StdTime;15-04-03 00:00:00;10,545121446038822
BE24;3;2706,000000000000000;0,270600000000000;t2m;StdTime;15-04-03 00:00:00;10,463252505635822
BE25;4;4010,000000000000000;0,401000000000000;t2m;StdTime;15-04-03 00:00:00;10,421467064503114
BE31;5;1403,000000000000000;0,140300000000000;t2m;StdTime;15-04-03 00:00:00;10,150071859189795
BE32;6;4820,000000000000000;0,482000000000000;t2m;StdTime;15-04-03 00:00:00;10,227698253694903
BE10;7;209,000000000000000;0,020900000000000;t2m;StdTime;15-04-03 00:00:00;10,369110901389964
BE21;8;3689,000000000000000;0,368900000000000;t2m;StdTime;15-04-03 00:00:00;10,577234257330700
BE33;9;4899,000000000000000;0,489900000000000;t2m;StdTime;15-04-03 00:00:00;9,097567914432108
BE34;10;5582,000000000000000;0,558200000000000;t2m;StdTime;15-04-03 00:00:00;8,871093689519782
BE35;11;4637,000000000000000;0,463700000000000;t2m;StdTime;15-04-03 00:00:00;9,564275682756600
BE22;1;3104,000000000000000;0,310400000000000;t2m;StdTime;15-04-04 00:00:00;9,271641382851534
BE23;2;3847,000000000000000;0,384700000000000;t2m;StdTime;15-04-04 00:00:00;9,490854532278025
BE24;3;2706,000000000000000;0,270600000000000;t2m;StdTime;15-04-04 00:00:00;9,329207839387822
BE25;4;4010,000000000000000;0,401000000000000;t2m;StdTime;15-04-04 00:00:00;9,448101877036549
BE31;5;1403,000000000000000;0,140300000000000;t2m;StdTime;15-04-04 00:00:00;8,975991052639799
BE32;6;4820,000000000000000;0,482000000000000;t2m;StdTime;15-04-04 00:00:00;9,008210623610571
BE10;7;209,000000000000000;0,020900000000000;t2m;StdTime;15-04-04 00:00:00;9,244233167912975
BE21;8;3689,000000000000000;0,368900000000000;t2m;StdTime;15-04-04 00:00:00;9,479396949327528
BE33;9;4899,000000000000000;0,489900000000000;t2m;StdTime;15-04-04 00:00:00;7,790343521419513
BE34;10;5582,000000000000000;0,558200000000000;t2m;StdTime;15-04-04 00:00:00;7,495236048003080
BE35;11;4637,000000000000000;0,463700000000000;t2m;StdTime;15-04-04 00:00:00;8,279454097990490
BE22;1;3104,000000000000000;0,310400000000000;t2m;StdTime;15-04-05 00:00:00;9,998388402548033
BE23;2;3847,000000000000000;0,384700000000000;t2m;StdTime;15-04-05 00:00:00;9,902188677151928
BE24;3;2706,000000000000000;0,270600000000000;t2m;StdTime;15-04-05 00:00:00;9,908720342829234
BE25;4;4010,000000000000000;0,401000000000000;t2m;StdTime;15-04-05 00:00:00;9,722241536280773
BE31;5;1403,000000000000000;0,140300000000000;t2m;StdTime;15-04-05 00:00:00;9,606115572977648
BE32;6;4820,000000000000000;0,482000000000000;t2m;StdTime;15-04-05 00:00:00;9,542494194537305
BE10;7;209,000000000000000;0,020900000000000;t2m;StdTime;15-04-05 00:00:00;9,792942987104352
BE21;8;3689,000000000000000;0,368900000000000;t2m;StdTime;15-04-05 00:00:00;10,004746860008860
BE33;9;4899,000000000000000;0,489900000000000;t2m;StdTime;15-04-05 00:00:00;8,570929091812326
BE34;10;5582,000000000000000;0,558200000000000;t2m;StdTime;15-04-05 00:00:00;8,123547016698723
BE35;11;4637,000000000000000;0,463700000000000;t2m;StdTime;15-04-05 00:00:00;8,933616984319867
BE22;1;3104,000000000000000;0,310400000000000;t2m;StdTime;15-04-06 00:00:00;8,939390669471203
BE23;2;3847,000000000000000;0,384700000000000;t2m;StdTime;15-04-06 00:00:00;9,057656245755918
BE24;3;2706,000000000000000;0,270600000000000;t2m;StdTime;15-04-06 00:00:00;8,980173485594502
BE25;4;4010,000000000000000;0,401000000000000;t2m;StdTime;15-04-06 00:00:00;8,927942374935771
BE31;5;1403,000000000000000;0,140300000000000;t2m;StdTime;15-04-06 00:00:00;8,652144881375584
BE32;6;4820,000000000000000;0,482000000000000;t2m;StdTime;15-04-06 00:00:00;8,658938218350208
BE10;7;209,000000000000000;0,020900000000000;t2m;StdTime;15-04-06 00:00:00;8,882425372110029
BE21;8;3689,000000000000000;0,368900000000000;t2m;StdTime;15-04-06 00:00:00;9,122149431792717
BE33;9;4899,000000000000000;0,489900000000000;t2m;StdTime;15-04-06 00:00:00;7,387014323921949
BE34;10;5582,000000000000000;0,558200000000000;t2m;StdTime;15-04-06 00:00:00;7,088722670560918
BE35;11;4637,000000000000000;0,463700000000000;t2m;StdTime;15-04-06 00:00:00;7,922164634715299
BE22;1;3104,000000000000000;0,310400000000000;t2m;StdTime;15-04-07 00:00:00;11,882642507860337
BE23;2;3847,000000000000000;0,384700000000000;t2m;StdTime;15-04-07 00:00:00;11,790341893387721
BE24;3;2706,000000000000000;0,270600000000000;t2m;StdTime;15-04-07 00:00:00;11,788164472192282
BE25;4;4010,000000000000000;0,401000000000000;t2m;StdTime;15-04-07 00:00:00;11,446399026142990
BE31;5;1403,000000000000000;0,140300000000000;t2m;StdTime;15-04-07 00:00:00;11,426199022566339
BE32;6;4820,000000000000000;0,482000000000000;t2m;StdTime;15-04-07 00:00:00;11,399569879033255
BE10;7;209,000000000000000;0,020900000000000;t2m;StdTime;15-04-07 00:00:00;11,660283540424548
BE21;8;3689,000000000000000;0,368900000000000;t2m;StdTime;15-04-07 00:00:00;12,018655316556254
BE33;9;4899,000000000000000;0,489900000000000;t2m;StdTime;15-04-07 00:00:00;10,444876020259782
BE34;10;5582,000000000000000;0,558200000000000;t2m;StdTime;15-04-07 00:00:00;10,230923087141564
BE35;11;4637,000000000000000;0,463700000000000;t2m;StdTime;15-04-07 00:00:00;10,843446347999878
BE22;1;3104,000000000000000;0,310400000000000;t2m;StdTime;15-04-08 00:00:00;10,077356391039093
BE23;2;3847,000000000000000;0,384700000000000;t2m;StdTime;15-04-08 00:00:00;10,268773245259863
BE24;3;2706,000000000000000;0,270600000000000;t2m;StdTime;15-04-08 00:00:00;10,115474847185991
BE25;4;4010,000000000000000;0,401000000000000;t2m;StdTime;15-04-08 00:00:00;10,234368618943753
BE31;5;1403,000000000000000;0,140300000000000;t2m;StdTime;15-04-08 00:00:00;9,755957732605063
BE32;6;4820,000000000000000;0,482000000000000;t2m;StdTime;15-04-08 00:00:00;9,772864835193035
BE10;7;209,000000000000000;0,020900000000000;t2m;StdTime;15-04-08 00:00:00;10,002832043113886
BE21;8;3689,000000000000000;0,368900000000000;t2m;StdTime;15-04-08 00:00:00;10,286725210994836
BE33;9;4899,000000000000000;0,489900000000000;t2m;StdTime;15-04-08 00:00:00;8,516006901206278
BE34;10;5582,000000000000000;0,558200000000000;t2m;StdTime;15-04-08 00:00:00;8,187814574991663
BE35;11;4637,000000000000000;0,463700000000000;t2m;StdTime;15-04-08 00:00:00;9,040400571084778
BE22;1;3104,000000000000000;0,310400000000000;t2m;StdTime;15-04-09 00:00:00;10,632970479345795
BE23;2;3847,000000000000000;0,384700000000000;t2m;StdTime;15-04-09 00:00:00;10,575653571973444
BE24;3;2706,000000000000000;0,270600000000000;t2m;StdTime;15-04-09 00:00:00;10,518790714844705
BE25;4;4010,000000000000000;0,401000000000000;t2m;StdTime;15-04-09 00:00:00;10,378520848091116
BE31;5;1403,000000000000000;0,140300000000000;t2m;StdTime;15-04-09 00:00:00;10,164570322396990
BE32;6;4820,000000000000000;0,482000000000000;t2m;StdTime;15-04-09 00:00:00;10,134115372455950
BE10;7;209,000000000000000;0,020900000000000;t2m;StdTime;15-04-09 00:00:00;10,382749571184222
BE21;8;3689,000000000000000;0,368900000000000;t2m;StdTime;15-04-09 00:00:00;10,728298889391775
BE33;9;4899,000000000000000;0,489900000000000;t2m;StdTime;15-04-09 00:00:00;9,229793550433335
BE34;10;5582,000000000000000;0,558200000000000;t2m;StdTime;15-04-09 00:00:00;8,952353874699964
BE35;11;4637,000000000000000;0,463700000000000;t2m;StdTime;15-04-09 00:00:00;9,572543611499745
BE22;1;3104,000000000000000;0,310400000000000;t2m;StdTime;15-04-10 00:00:00;8,621448873244614
BE23;2;3847,000000000000000;0,384700000000000;t2m;StdTime;15-04-10 00:00:00;8,750637053699661
BE24;3;2706,000000000000000;0,270600000000000;t2m;StdTime;15-04-10 00:00:00;8,666890950706911
BE25;4;4010,000000000000000;0,401000000000000;t2m;StdTime;15-04-10 00:00:00;8,643383529596477
BE31;5;1403,000000000000000;0,140300000000000;t2m;StdTime;15-04-10 00:00:00;8,361964744410180
BE32;6;4820,000000000000000;0,482000000000000;t2m;StdTime;15-04-10 00:00:00;8,416697507478357
BE10;7;209,000000000000000;0,020900000000000;t2m;StdTime;15-04-10 00:00:00;8,576509347943027
BE21;8;3689,000000000000000;0,368900000000000;t2m;StdTime;15-04-10 00:00:00;8,724249563943603
BE33;9;4899,000000000000000;0,489900000000000;t2m;StdTime;15-04-10 00:00:00;7,173610084663735
BE34;10;5582,000000000000000;0,558200000000000;t2m;StdTime;15-04-10 00:00:00;7,029946460556451
BE35;11;4637,000000000000000;0,463700000000000;t2m;StdTime;15-04-10 00:00:00;7,738198404762533
BE22;1;3104,000000000000000;0,310400000000000;t2m;StdTime;15-04-11 00:00:00;11,607076752738861
BE23;2;3847,000000000000000;0,384700000000000;t2m;StdTime;15-04-11 00:00:00;11,581199811345897
BE24;3;2706,000000000000000;0,270600000000000;t2m;StdTime;15-04-11 00:00:00;11,589727792225323
BE25;4;4010,000000000000000;0,401000000000000;t2m;StdTime;15-04-11 00:00:00;11,343669370998445
BE31;5;1403,000000000000000;0,140300000000000;t2m;StdTime;15-04-11 00:00:00;11,320249472527694
BE32;6;4820,000000000000000;0,482000000000000;t2m;StdTime;15-04-11 00:00:00;11,340937933783316
BE10;7;209,000000000000000;0,020900000000000;t2m;StdTime;15-04-11 00:00:00;11,489593528674552
BE21;8;3689,000000000000000;0,368900000000000;t2m;StdTime;15-04-11 00:00:00;11,653841645325286
BE33;9;4899,000000000000000;0,489900000000000;t2m;StdTime;15-04-11 00:00:00;10,375934926702881
BE34;10;5582,000000000000000;0,558200000000000;t2m;StdTime;15-04-11 00:00:00;10,262879996263861
BE35;11;4637,000000000000000;0,463700000000000;t2m;StdTime;15-04-11 00:00:00;10,823027001595429
BE22;1;3104,000000000000000;0,310400000000000;t2m;StdTime;15-04-12 00:00:00;10,349014853386539
BE23;2;3847,000000000000000;0,384700000000000;t2m;StdTime;15-04-12 00:00:00;10,037322141549657
BE24;3;2706,000000000000000;0,270600000000000;t2m;StdTime;15-04-12 00:00:00;10,167463247985737
BE25;4;4010,000000000000000;0,401000000000000;t2m;StdTime;15-04-12 00:00:00;9,713419090898846
BE31;5;1403,000000000000000;0,140300000000000;t2m;StdTime;15-04-12 00:00:00;9,866675629075402
BE32;6;4820,000000000000000;0,482000000000000;t2m;StdTime;15-04-12 00:00:00;9,750842254883999
BE10;7;209,000000000000000;0,020900000000000;t2m;StdTime;15-04-12 00:00:00;10,024718047329113
BE21;8;3689,000000000000000;0,368900000000000;t2m;StdTime;15-04-12 00:00:00;10,323266967262651
BE33;9;4899,000000000000000;0,489900000000000;t2m;StdTime;15-04-12 00:00:00;9,132164658953096
BE34;10;5582,000000000000000;0,558200000000000;t2m;StdTime;15-04-12 00:00:00;8,887925971156596
BE35;11;4637,000000000000000;0,463700000000000;t2m;StdTime;15-04-12 00:00:00;9,378267166864918
BE22;1;3104,000000000000000;0,310400000000000;t2m;StdTime;15-04-13 00:00:00;7,419223131285499
BE23;2;3847,000000000000000;0,384700000000000;t2m;StdTime;15-04-13 00:00:00;7,372553105598476
BE24;3;2706,000000000000000;0,270600000000000;t2m;StdTime;15-04-13 00:00:00;7,344786396752610
BE25;4;4010,000000000000000;0,401000000000000;t2m;StdTime;15-04-13 00:00:00;7,242873301708207
BE31;5;1403,000000000000000;0,140300000000000;t2m;StdTime;15-04-13 00:00:00;7,010953217681092
BE32;6;4820,000000000000000;0,482000000000000;t2m;StdTime;15-04-13 00:00:00;7,033787368343101
BE10;7;209,000000000000000;0,020900000000000;t2m;StdTime;15-04-13 00:00:00;7,230341003271952
BE21;8;3689,000000000000000;0,368900000000000;t2m;StdTime;15-04-13 00:00:00;7,474522998579221
BE33;9;4899,000000000000000;0,489900000000000;t2m;StdTime;15-04-13 00:00:00;5,997746909387408
BE34;10;5582,000000000000000;0,558200000000000;t2m;StdTime;15-04-13 00:00:00;5,888965761563286
BE35;11;4637,000000000000000;0,463700000000000;t2m;StdTime;15-04-13 00:00:00;6,474228492142036
BE22;1;3104,000000000000000;0,310400000000000;t2m;StdTime;15-04-14 00:00:00;11,333675084962046
BE23;2;3847,000000000000000;0,384700000000000;t2m;StdTime;15-04-14 00:00:00;11,205693952442910
BE24;3;2706,000000000000000;0,270600000000000;t2m;StdTime;15-04-14 00:00:00;11,225467639945652
BE25;4;4010,000000000000000;0,401000000000000;t2m;StdTime;15-04-14 00:00:00;11,050715799640820
BE31;5;1403,000000000000000;0,140300000000000;t2m;StdTime;15-04-14 00:00:00;10,882854672389112
BE32;6;4820,000000000000000;0,482000000000000;t2m;StdTime;15-04-14 00:00:00;10,755960268796246
BE10;7;209,000000000000000;0,020900000000000;t2m;StdTime;15-04-14 00:00:00;11,088445211711681
BE21;8;3689,000000000000000;0,368900000000000;t2m;StdTime;15-04-14 00:00:00;11,391436333318950
BE33;9;4899,000000000000000;0,489900000000000;t2m;StdTime;15-04-14 00:00:00;9,925076694920683
BE34;10;5582,000000000000000;0,558200000000000;t2m;StdTime;15-04-14 00:00:00;9,502126564564408
BE35;11;4637,000000000000000;0,463700000000000;t2m;StdTime;15-04-14 00:00:00;10,226664702543180
BE22;1;3104,000000000000000;0,310400000000000;t2m;StdTime;15-04-15 00:00:00;9,350949645964137
BE23;2;3847,000000000000000;0,384700000000000;t2m;StdTime;15-04-15 00:00:00;9,452188928126690
BE24;3;2706,000000000000000;0,270600000000000;t2m;StdTime;15-04-15 00:00:00;9,370814983878246
BE25;4;4010,000000000000000;0,401000000000000;t2m;StdTime;15-04-15 00:00:00;9,409865483262601
BE31;5;1403,000000000000000;0,140300000000000;t2m;StdTime;15-04-15 00:00:00;9,090574334539527
BE32;6;4820,000000000000000;0,482000000000000;t2m;StdTime;15-04-15 00:00:00;9,154865169327278
BE10;7;209,000000000000000;0,020900000000000;t2m;StdTime;15-04-15 00:00:00;9,288329635510605
BE21;8;3689,000000000000000;0,368900000000000;t2m;StdTime;15-04-15 00:00:00;9,405760566016554
BE33;9;4899,000000000000000;0,489900000000000;t2m;StdTime;15-04-15 00:00:00;8,124318495164697
BE34;10;5582,000000000000000;0,558200000000000;t2m;StdTime;15-04-15 00:00:00;8,002182923521628
BE35;11;4637,000000000000000;0,463700000000000;t2m;StdTime;15-04-15 00:00:00;8,561086828039718
BE22;1;3104,000000000000000;0,310400000000000;t2m;StdTime;15-04-16 00:00:00;9,338055387292954
BE23;2;3847,000000000000000;0,384700000000000;t2m;StdTime;15-04-16 00:00:00;9,497127736981328
BE24;3;2706,000000000000000;0,270600000000000;t2m;StdTime;15-04-16 00:00:00;9,359085793858185
BE25;4;4010,000000000000000;0,401000000000000;t2m;StdTime;15-04-16 00:00:00;9,400448832666484
BE31;5;1403,000000000000000;0,140300000000000;t2m;StdTime;15-04-16 00:00:00;8,973191145056061
BE32;6;4820,000000000000000;0,482000000000000;t2m;StdTime;15-04-16 00:00:00;8,953587144242277
BE10;7;209,000000000000000;0,020900000000000;t2m;StdTime;15-04-16 00:00:00;9,252835793928670
BE21;8;3689,000000000000000;0,368900000000000;t2m;StdTime;15-04-16 00:00:00;9,562622136234694
BE33;9;4899,000000000000000;0,489900000000000;t2m;StdTime;15-04-16 00:00:00;7,769756012971234
BE34;10;5582,000000000000000;0,558200000000000;t2m;StdTime;15-04-16 00:00:00;7,435666805012431
BE35;11;4637,000000000000000;0,463700000000000;t2m;StdTime;15-04-16 00:00:00;8,232712247131554
BE22;1;3104,000000000000000;0,310400000000000;t2m;StdTime;15-04-17 00:00:00;10,954075902085943
BE23;2;3847,000000000000000;0,384700000000000;t2m;StdTime;15-04-17 00:00:00;11,127893152130348
BE24;3;2706,000000000000000;0,270600000000000;t2m;StdTime;15-04-17 00:00:00;11,010319308360597
BE25;4;4010,000000000000000;0,401000000000000;t2m;StdTime;15-04-17 00:00:00;11,094965777076107
BE31;5;1403,000000000000000;0,140300000000000;t2m;StdTime;15-04-17 00:00:00;10,703392900234443
BE32;6;4820,000000000000000;0,482000000000000;t2m;StdTime;15-04-17 00:00:00;10,774998651005905
BE10;7;209,000000000000000;0,020900000000000;t2m;StdTime;15-04-17 00:00:00;10,938550643373333
BE21;8;3689,000000000000000;0,368900000000000;t2m;StdTime;15-04-17 00:00:00;11,066373636871827
BE33;9;4899,000000000000000;0,489900000000000;t2m;StdTime;15-04-17 00:00:00;9,621325818537024
BE34;10;5582,000000000000000;0,558200000000000;t2m;StdTime;15-04-17 00:00:00;9,417018250383745
BE35;11;4637,000000000000000;0,463700000000000;t2m;StdTime;15-04-17 00:00:00;10,114494932913852
BE22;1;3104,000000000000000;0,310400000000000;t2m;StdTime;15-04-18 00:00:00;11,409146497851792
BE23;2;3847,000000000000000;0,384700000000000;t2m;StdTime;15-04-18 00:00:00;11,094599880985012
BE24;3;2706,000000000000000;0,270600000000000;t2m;StdTime;15-04-18 00:00:00;11,242743410362808
BE25;4;4010,000000000000000;0,401000000000000;t2m;StdTime;15-04-18 00:00:00;10,701746147945316
BE31;5;1403,000000000000000;0,140300000000000;t2m;StdTime;15-04-18 00:00:00;10,965040665053509
BE32;6;4820,000000000000000;0,482000000000000;t2m;StdTime;15-04-18 00:00:00;10,897361671083715
BE10;7;209,000000000000000;0,020900000000000;t2m;StdTime;15-04-18 00:00:00;11,112790098600980
BE21;8;3689,000000000000000;0,368900000000000;t2m;StdTime;15-04-18 00:00:00;11,323385156697167
BE33;9;4899,000000000000000;0,489900000000000;t2m;StdTime;15-04-18 00:00:00;10,140968113681403
BE34;10;5582,000000000000000;0,558200000000000;t2m;StdTime;15-04-18 00:00:00;9,783965557375817
BE35;11;4637,000000000000000;0,463700000000000;t2m;StdTime;15-04-18 00:00:00;10,453307090505886
BE22;1;3104,000000000000000;0,310400000000000;t2m;StdTime;15-04-19 00:00:00;10,155821829419775
BE23;2;3847,000000000000000;0,384700000000000;t2m;StdTime;15-04-19 00:00:00;10,302697808642749
BE24;3;2706,000000000000000;0,270600000000000;t2m;StdTime;15-04-19 00:00:00;10,172096652801358
BE25;4;4010,000000000000000;0,401000000000000;t2m;StdTime;15-04-19 00:00:00;10,255300830783980
BE31;5;1403,000000000000000;0,140300000000000;t2m;StdTime;15-04-19 00:00:00;9,795434826710190
BE32;6;4820,000000000000000;0,482000000000000;t2m;StdTime;15-04-19 00:00:00;9,810705462728784
BE10;7;209,000000000000000;0,020900000000000;t2m;StdTime;15-04-19 00:00:00;10,069193858278997
BE21;8;3689,000000000000000;0,368900000000000;t2m;StdTime;15-04-19 00:00:00;10,368138823608751
BE33;9;4899,000000000000000;0,489900000000000;t2m;StdTime;15-04-19 00:00:00;8,617506641591135
BE34;10;5582,000000000000000;0,558200000000000;t2m;StdTime;15-04-19 00:00:00;8,258461726348244
BE35;11;4637,000000000000000;0,463700000000000;t2m;StdTime;15-04-19 00:00:00;9,045184032603892
BE22;1;3104,000000000000000;0,310400000000000;t2m;StdTime;15-04-20 00:00:00;10,967212893299219
BE23;2;3847,000000000000000;0,384700000000000;t2m;StdTime;15-04-20 00:00:00;10,982497569025428
BE24;3;2706,000000000000000;0,270600000000000;t2m;StdTime;15-04-20 00:00:00;10,973063819248068
BE25;4;4010,000000000000000;0,401000000000000;t2m;StdTime;15-04-20 00:00:00;10,834555611883898
BE31;5;1403,000000000000000;0,140300000000000;t2m;StdTime;15-04-20 00:00:00;10,677666446606946
BE32;6;4820,000000000000000;0,482000000000000;t2m;StdTime;15-04-20 00:00:00;10,762057307350206
BE10;7;209,000000000000000;0,020900000000000;t2m;StdTime;15-04-20 00:00:00;10,880809866070175
BE21;8;3689,000000000000000;0,368900000000000;t2m;StdTime;15-04-20 00:00:00;11,049666727872104
BE33;9;4899,000000000000000;0,489900000000000;t2m;StdTime;15-04-20 00:00:00;9,673420448015120
BE34;10;5582,000000000000000;0,558200000000000;t2m;StdTime;15-04-20 00:00:00;9,604240336840141
BE35;11;4637,000000000000000;0,463700000000000;t2m;StdTime;15-04-20 00:00:00;10,244453846238551
BE22;1;3104,000000000000000;0,310400000000000;t2m;StdTime;15-04-21 00:00:00;8,105519602900930
BE23;2;3847,000000000000000;0,384700000000000;t2m;StdTime;15-04-21 00:00:00;8,324277004948962
BE24;3;2706,000000000000000;0,270600000000000;t2m;StdTime;15-04-21 00:00:00;8,199286272326663
BE25;4;4010,000000000000000;0,401000000000000;t2m;StdTime;15-04-21 00:00:00;8,335757763308486
BE31;5;1403,000000000000000;0,140300000000000;t2m;StdTime;15-04-21 00:00:00;7,885678933334622
BE32;6;4820,000000000000000;0,482000000000000;t2m;StdTime;15-04-21 00:00:00;7,946236731204730
BE10;7;209,000000000000000;0,020900000000000;t2m;StdTime;15-04-21 00:00:00;8,129786997890925
BE21;8;3689,000000000000000;0,368900000000000;t2m;StdTime;15-04-21 00:00:00;8,267695422546074
BE33;9;4899,000000000000000;0,489900000000000;t2m;StdTime;15-04-21 00:00:00;6,692467058889970
BE34;10;5582,000000000000000;0,558200000000000;t2m;StdTime;15-04-21 00:00:00;6,502957530279657
BE35;11;4637,000000000000000;0,463700000000000;t2m;StdTime;15-04-21 00:00:00;7,252427382589492
BE22;1;3104,000000000000000;0,310400000000000;t2m;StdTime;15-04-22 00:00:00;10,789470168425847
BE23;2;3847,000000000000000;0,384700000000000;t2m;StdTime;15-04-22 00:00:00;10,899231029666172
BE24;3;2706,000000000000000;0,270600000000000;t2m;StdTime;15-04-22 00:00:00;10,859244388205338
BE25;4;4010,000000000000000;0,401000000000000;t2m;StdTime;15-04-22 00:00:00;10,783341759279786
BE31;5;1403,000000000000000;0,140300000000000;t2m;StdTime;15-04-22 00:00:00;10,590161113507907
BE32;6;4820,000000000000000;0,482000000000000;t2m;StdTime;15-04-22 00:00:00;10,644121768959316
BE10;7;209,000000000000000;0,020900000000000;t2m;StdTime;15-04-22 00:00:00;10,793416853726773
BE21;8;3689,000000000000000;0,368900000000000;t2m;StdTime;15-04-22 00:00:00;10,879161223837862
BE33;9;4899,000000000000000;0,489900000000000;t2m;StdTime;15-04-22 00:00:00;9,502333377862303
BE34;10;5582,000000000000000;0,558200000000000;t2m;StdTime;15-04-22 00:00:00;9,269008153657760
BE35;11;4637,000000000000000;0,463700000000000;t2m;StdTime;15-04-22 00:00:00;10,030319397732789
BE22;1;3104,000000000000000;0,310400000000000;t2m;StdTime;15-04-23 00:00:00;9,791669671068489
BE23;2;3847,000000000000000;0,384700000000000;t2m;StdTime;15-04-23 00:00:00;9,780972252457303
BE24;3;2706,000000000000000;0,270600000000000;t2m;StdTime;15-04-23 00:00:00;9,773629676300066
BE25;4;4010,000000000000000;0,401000000000000;t2m;StdTime;15-04-23 00:00:00;9,700712454883805
BE31;5;1403,000000000000000;0,140300000000000;t2m;StdTime;15-04-23 00:00:00;9,467816511223520
BE32;6;4820,000000000000000;0,482000000000000;t2m;StdTime;15-04-23 00:00:00;9,498179611229782
BE10;7;209,000000000000000;0,020900000000000;t2m;StdTime;15-04-23 00:00:00;9,680289501208446
BE21;8;3689,000000000000000;0,368900000000000;t2m;StdTime;15-04-23 00:00:00;9,841688956242381
BE33;9;4899,000000000000000;0,489900000000000;t2m;StdTime;15-04-23 00:00:00;8,464413054307187
BE34;10;5582,000000000000000;0,558200000000000;t2m;StdTime;15-04-23 00:00:00;8,355628149093443
BE35;11;4637,000000000000000;0,463700000000000;t2m;StdTime;15-04-23 00:00:00;8,928807833443054
BE22;1;3104,000000000000000;0,310400000000000;t2m;StdTime;15-04-24 00:00:00;11,714690914780812
BE23;2;3847,000000000000000;0,384700000000000;t2m;StdTime;15-04-24 00:00:00;11,508437736269286
BE24;3;2706,000000000000000;0,270600000000000;t2m;StdTime;15-04-24 00:00:00;11,558550830426604
BE25;4;4010,000000000000000;0,401000000000000;t2m;StdTime;15-04-24 00:00:00;11,319296293425134
BE31;5;1403,000000000000000;0,140300000000000;t2m;StdTime;15-04-24 00:00:00;11,195586763954289
BE32;6;4820,000000000000000;0,482000000000000;t2m;StdTime;15-04-24 00:00:00;11,060719068812126
BE10;7;209,000000000000000;0,020900000000000;t2m;StdTime;15-04-24 00:00:00;11,417369678260039
BE21;8;3689,000000000000000;0,368900000000000;t2m;StdTime;15-04-24 00:00:00;11,736111004716442
BE33;9;4899,000000000000000;0,489900000000000;t2m;StdTime;15-04-24 00:00:00;10,266997050985903
BE34;10;5582,000000000000000;0,558200000000000;t2m;StdTime;15-04-24 00:00:00;9,776496943245213
BE35;11;4637,000000000000000;0,463700000000000;t2m;StdTime;15-04-24 00:00:00;10,522536274480339
BE22;1;3104,000000000000000;0,310400000000000;tp;StdTime;15-04-61 00:00:00;160,110551465418069
BE23;2;3847,000000000000000;0,384700000000000;tp;StdTime;15-04-61 00:00:00;122,683583042669468
BE24;3;2706,000000000000000;0,270600000000000;tp;StdTime;15-04-61 00:00:00;139,052823080103622
BE25;4;4010,000000000000000;0,401000000000000;tp;StdTime;15-04-61 00:00:00;108,411475775663988
BE31;5;1403,000000000000000;0,140300000000000;tp;StdTime;15-04-61 00:00:00;149,304482468858509
BE32;6;4820,000000000000000;0,482000000000000;tp;StdTime;15-04-61 00:00:00;134,716411262923771
BE10;7;209,000000000000000;0,020900000000000;tp;StdTime;15-04-61 00:00:00;135,777708938817625
BE21;8;3689,000000000000000;0,368900000000000;tp;StdTime;15-04-61 00:00:00;139,760100809594803
BE33;9;4899,000000000000000;0,489900000000000;tp;StdTime;15-04-61 00:00:00;222,388038154037048
BE34;10;5582,000000000000000;0,558200000000000;tp;StdTime;15-04-61 00:00:00;197,517413495732399
BE35;11;4637,000000000000000;0,463700000000000;tp;StdTime;15-04-61 00:00:00;177,044548029732027
BE22;1;3104,000000000000000;0,310400000000000;tp;StdTime;15-04-62 00:00:00;213,971721472199619
BE23;2;3847,000000000000000;0,384700000000000;tp;StdTime;15-04-62 00:00:00;183,653938981629551
BE24;3;2706,000000000000000;0,270600000000000;tp;StdTime;15-04-62 00:00:00;203,132094913998714
BE25;4;4010,000000000000000;0,401000000000000;tp;StdTime;15-04-62 00:00:00;157,275820957098489
BE31;5;1403,000000000000000;0,140300000000000;tp;StdTime;15-04-62 00:00:00;212,240877886967240
BE32;6;4820,000000000000000;0,482000000000000;tp;StdTime;15-04-62 00:00:00;192,170090430801736
BE10;7;209,000000000000000;0,020900000000000;tp;StdTime;15-04-62 00:00:00;202,570352289665209
BE21;8;3689,000000000000000;0,368900000000000;tp;StdTime;15-04-62 00:00:00;206,188764030805515
BE33;9;4899,000000000000000;0,489900000000000;tp;StdTime;15-04-62 00:00:00;255,765579011834973
BE34;10;5582,000000000000000;0,558200000000000;tp;StdTime;15-04-62 00:00:00;269,738514705099306
BE35;11;4637,000000000000000;0,463700000000000;tp;StdTime;15-04-62 00:00:00;229,927748600521824
BE22;1;3104,000000000000000;0,310400000000000;tp;StdTime;15-04-63 00:00:00;184,313169066438775
BE23;2;3847,000000000000000;0,384700000000000;tp;StdTime;15-04-63 00:00:00;166,749723743332680
BE24;3;2706,000000000000000;0,270600000000000;tp;StdTime;15-04-63 00:00:00;172,138550475713430
BE25;4;4010,000000000000000;0,401000000000000;tp;StdTime;15-04-63 00:00:00;176,242167134653755
BE31;5;1403,000000000000000;0,140300000000000;tp;StdTime;15-04-63 00:00:00;180,281164907508241
BE32;6;4820,000000000000000;0,482000000000000;tp;StdTime;15-04-63 00:00:00;182,454866461536483
BE10;7;209,000000000000000;0,020900000000000;tp;StdTime;15-04-63 00:00:00;171,497447547730104
BE21;8;3689,000000000000000;0,368900000000000;tp;StdTime;15-04-63 00:00:00;170,749780151830606
BE33;9;4899,000000000000000;0,489900000000000;tp;StdTime;15-04-63 00:00:00;213,184397560208140
BE34;10;5582,000000000000000;0,558200000000000;tp;StdTime;15-04-63 00:00:00;220,397893442983218
BE35;11;4637,000000000000000;0,463700000000000;tp;StdTime;15-04-63 00:00:00;199,904900253654404
BE22;1;3104,000000000000000;0,310400000000000;tp;StdTime;15-04-64 00:00:00;182,578818316312464
BE23;2;3847,000000000000000;0,384700000000000;tp;StdTime;15-04-64 00:00:00;160,363742908689204
BE24;3;2706,000000000000000;0,270600000000000;tp;StdTime;15-04-64 00:00:00;173,494467578107049
BE25;4;4010,000000000000000;0,401000000000000;tp;StdTime;15-04-64 00:00:00;159,433066667285772
BE31;5;1403,000000000000000;0,140300000000000;tp;StdTime;15-04-64 00:00:00;180,973912266943813
BE32;6;4820,000000000000000;0,482000000000000;tp;StdTime;15-04-64 00:00:00;175,245422863465421
BE10;7;209,000000000000000;0,020900000000000;tp;StdTime;15-04-64 00:00:00;171,521112542403387
BE21;8;3689,000000000000000;0,368900000000000;tp;StdTime;15-04-64 00:00:00;169,376712454725947
BE33;9;4899,000000000000000;0,489900000000000;tp;StdTime;15-04-64 00:00:00;222,482477736682426
BE34;10;5582,000000000000000;0,558200000000000;tp;StdTime;15-04-64 00:00:00;216,144810683750052
BE35;11;4637,000000000000000;0,463700000000000;tp;StdTime;15-04-64 00:00:00;194,772866465239730
BE22;1;3104,000000000000000;0,310400000000000;tp;StdTime;15-04-65 00:00:00;249,986870387165879
BE23;2;3847,000000000000000;0,384700000000000;tp;StdTime;15-04-65 00:00:00;203,983736923214053
BE24;3;2706,000000000000000;0,270600000000000;tp;StdTime;15-04-65 00:00:00;224,647689808058317
BE25;4;4010,000000000000000;0,401000000000000;tp;StdTime;15-04-65 00:00:00;178,671822522703394
BE31;5;1403,000000000000000;0,140300000000000;tp;StdTime;15-04-65 00:00:00;236,869421254033938
BE32;6;4820,000000000000000;0,482000000000000;tp;StdTime;15-04-65 00:00:00;236,021280701823088
BE10;7;209,000000000000000;0,020900000000000;tp;StdTime;15-04-65 00:00:00;222,284398713180309
BE21;8;3689,000000000000000;0,368900000000000;tp;StdTime;15-04-65 00:00:00;223,388440581704600
BE33;9;4899,000000000000000;0,489900000000000;tp;StdTime;15-04-65 00:00:00;317,518013229416454
BE34;10;5582,000000000000000;0,558200000000000;tp;StdTime;15-04-65 00:00:00;319,148041001104161
BE35;11;4637,000000000000000;0,463700000000000;tp;StdTime;15-04-65 00:00:00;275,399223809718535
BE22;1;3104,000000000000000;0,310400000000000;tp;StdTime;15-04-66 00:00:00;218,651865905092990
BE23;2;3847,000000000000000;0,384700000000000;tp;StdTime;15-04-66 00:00:00;169,557354860873517
BE24;3;2706,000000000000000;0,270600000000000;tp;StdTime;15-04-66 00:00:00;197,816021413866622
BE25;4;4010,000000000000000;0,401000000000000;tp;StdTime;15-04-66 00:00:00;147,748571510981009
BE31;5;1403,000000000000000;0,140300000000000;tp;StdTime;15-04-66 00:00:00;211,245561008358209
BE32;6;4820,000000000000000;0,482000000000000;tp;StdTime;15-04-66 00:00:00;193,419585624472688
BE10;7;209,000000000000000;0,020900000000000;tp;StdTime;15-04-66 00:00:00;192,556054074228172
BE21;8;3689,000000000000000;0,368900000000000;tp;StdTime;15-04-66 00:00:00;197,730849847460036
BE33;9;4899,000000000000000;0,489900000000000;tp;StdTime;15-04-66 00:00:00;289,673891427638694
BE34;10;5582,000000000000000;0,558200000000000;tp;StdTime;15-04-66 00:00:00;290,575201293551629
BE35;11;4637,000000000000000;0,463700000000000;tp;StdTime;15-04-66 00:00:00;253,629938480590511
BE22;1;3104,000000000000000;0,310400000000000;tp;StdTime;15-04-67 00:00:00;267,624242423736519
BE23;2;3847,000000000000000;0,384700000000000;tp;StdTime;15-04-67 00:00:00;206,517575891910099
BE24;3;2706,000000000000000;0,270600000000000;tp;StdTime;15-04-67 00:00:00;223,717974220834293
BE25;4;4010,000000000000000;0,401000000000000;tp;StdTime;15-04-67 00:00:00;210,109254683877367
BE31;5;1403,000000000000000;0,140300000000000;tp;StdTime;15-04-67 00:00:00;227,465869297237248
BE32;6;4820,000000000000000;0,482000000000000;tp;StdTime;15-04-67 00:00:00;214,231769264189637
BE10;7;209,000000000000000;0,020900000000000;tp;StdTime;15-04-67 00:00:00;209,823044553327861
BE21;8;3689,000000000000000;0,368900000000000;tp;StdTime;15-04-67 00:00:00;235,485472462241347
BE33;9;4899,000000000000000;0,489900000000000;tp;StdTime;15-04-67 00:00:00;293,651150088476982
BE34;10;5582,000000000000000;0,558200000000000;tp;StdTime;15-04-67 00:00:00;276,131923471885614
BE35;11;4637,000000000000000;0,463700000000000;tp;StdTime;15-04-67 00:00:00;252,380121115494831
BE22;1;3104,000000000000000;0,310400000000000;tp;StdTime;15-04-68 00:00:00;179,671581268310462
BE23;2;3847,000000000000000;0,384700000000000;tp;StdTime;15-04-68 00:00:00;169,153058172294834
BE24;3;2706,000000000000000;0,270600000000000;tp;StdTime;15-04-68 00:00:00;175,534785714047018
BE25;4;4010,000000000000000;0,401000000000000;tp;StdTime;15-04-68 00:00:00;156,002583522273198
BE31;5;1403,000000000000000;0,140300000000000;tp;StdTime;15-04-68 00:00:00;177,544802719409972
BE32;6;4820,000000000000000;0,482000000000000;tp;StdTime;15-04-68 00:00:00;173,598203834755225
BE10;7;209,000000000000000;0,020900000000000;tp;StdTime;15-04-68 00:00:00;175,476565493350989
BE21;8;3689,000000000000000;0,368900000000000;tp;StdTime;15-04-68 00:00:00;174,115754212038496
BE33;9;4899,000000000000000;0,489900000000000;tp;StdTime;15-04-68 00:00:00;214,080370807823414
BE34;10;5582,000000000000000;0,558200000000000;tp;StdTime;15-04-68 00:00:00;210,998311528336643
BE35;11;4637,000000000000000;0,463700000000000;tp;StdTime;15-04-68 00:00:00;188,221882777145083
BE22;1;3104,000000000000000;0,310400000000000;tp;StdTime;15-04-69 00:00:00;237,634741522602354
BE23;2;3847,000000000000000;0,384700000000000;tp;StdTime;15-04-69 00:00:00;232,622474501837701
BE24;3;2706,000000000000000;0,270600000000000;tp;StdTime;15-04-69 00:00:00;241,777665114984075
BE25;4;4010,000000000000000;0,401000000000000;tp;StdTime;15-04-69 00:00:00;238,242369144277774
BE31;5;1403,000000000000000;0,140300000000000;tp;StdTime;15-04-69 00:00:00;249,160129201811657
BE32;6;4820,000000000000000;0,482000000000000;tp;StdTime;15-04-69 00:00:00;254,729314071211832
BE10;7;209,000000000000000;0,020900000000000;tp;StdTime;15-04-69 00:00:00;244,766552865790430
BE21;8;3689,000000000000000;0,368900000000000;tp;StdTime;15-04-69 00:00:00;239,526813977582975
BE33;9;4899,000000000000000;0,489900000000000;tp;StdTime;15-04-69 00:00:00;282,833290220012884
BE34;10;5582,000000000000000;0,558200000000000;tp;StdTime;15-04-69 00:00:00;285,574969519599335
BE35;11;4637,000000000000000;0,463700000000000;tp;StdTime;15-04-69 00:00:00;257,641327532813136
BE22;1;3104,000000000000000;0,310400000000000;tp;StdTime;15-04-70 00:00:00;250,872277608851761
BE23;2;3847,000000000000000;0,384700000000000;tp;StdTime;15-04-70 00:00:00;219,224561532131673
BE24;3;2706,000000000000000;0,270600000000000;tp;StdTime;15-04-70 00:00:00;251,864160942308587
BE25;4;4010,000000000000000;0,401000000000000;tp;StdTime;15-04-70 00:00:00;200,306437127548861
BE31;5;1403,000000000000000;0,140300000000000;tp;StdTime;15-04-70 00:00:00;269,207681776877507
BE32;6;4820,000000000000000;0,482000000000000;tp;StdTime;15-04-70 00:00:00;256,172382611160003
BE10;7;209,000000000000000;0,020900000000000;tp;StdTime;15-04-70 00:00:00;255,708631451620420
BE21;8;3689,000000000000000;0,368900000000000;tp;StdTime;15-04-70 00:00:00;230,933525257106339
BE33;9;4899,000000000000000;0,489900000000000;tp;StdTime;15-04-70 00:00:00;323,678020445369782
BE34;10;5582,000000000000000;0,558200000000000;tp;StdTime;15-04-70 00:00:00;318,860582729600424
BE35;11;4637,000000000000000;0,463700000000000;tp;StdTime;15-04-70 00:00:00;289,033392963158803
BE22;1;3104,000000000000000;0,310400000000000;tp;StdTime;15-04-71 00:00:00;159,069181368522806
BE23;2;3847,000000000000000;0,384700000000000;tp;StdTime;15-04-71 00:00:00;161,497157192801097
BE24;3;2706,000000000000000;0,270600000000000;tp;StdTime;15-04-71 00:00:00;170,906015586430044
BE25;4;4010,000000000000000;0,401000000000000;tp;StdTime;15-04-71 00:00:00;138,710077469366979
BE31;5;1403,000000000000000;0,140300000000000;tp;StdTime;15-04-71 00:00:00;170,773236047006776
BE32;6;4820,000000000000000;0,482000000000000;tp;StdTime;15-04-71 00:00:00;166,680392433894497
BE10;7;209,000000000000000;0,020900000000000;tp;StdTime;15-04-71 00:00:00;171,200859398362724
BE21;8;3689,000000000000000;0,368900000000000;tp;StdTime;15-04-71 00:00:00;176,578468498546442
BE33;9;4899,000000000000000;0,489900000000000;tp;StdTime;15-04-71 00:00:00;191,983012224124764
BE34;10;5582,000000000000000;0,558200000000000;tp;StdTime;15-04-71 00:00:00;183,124817012074885
BE35;11;4637,000000000000000;0,463700000000000;tp;StdTime;15-04-71 00:00:00;171,062204972613074
BE22;1;3104,000000000000000;0,310400000000000;tp;StdTime;15-04-72 00:00:00;270,684269654382263
BE23;2;3847,000000000000000;0,384700000000000;tp;StdTime;15-04-72 00:00:00;230,015252236548804
BE24;3;2706,000000000000000;0,270600000000000;tp;StdTime;15-04-72 00:00:00;257,830286735089317
BE25;4;4010,000000000000000;0,401000000000000;tp;StdTime;15-04-72 00:00:00;206,675599560060050
BE31;5;1403,000000000000000;0,140300000000000;tp;StdTime;15-04-72 00:00:00;261,420476466183175
BE32;6;4820,000000000000000;0,482000000000000;tp;StdTime;15-04-72 00:00:00;251,190762978074815
BE10;7;209,000000000000000;0,020900000000000;tp;StdTime;15-04-72 00:00:00;251,604151894601330
BE21;8;3689,000000000000000;0,368900000000000;tp;StdTime;15-04-72 00:00:00;265,843541559728294
BE33;9;4899,000000000000000;0,489900000000000;tp;StdTime;15-04-72 00:00:00;310,543000862291080
BE34;10;5582,000000000000000;0,558200000000000;tp;StdTime;15-04-72 00:00:00;314,274379816332441
BE35;11;4637,000000000000000;0,463700000000000;tp;StdTime;15-04-72 00:00:00;288,084719462309522
BE22;1;3104,000000000000000;0,310400000000000;tp;StdTime;15-04-73 00:00:00;239,395841932788414
BE23;2;3847,000000000000000;0,384700000000000;tp;StdTime;15-04-73 00:00:00;225,895741937932854
BE24;3;2706,000000000000000;0,270600000000000;tp;StdTime;15-04-73 00:00:00;227,814570221826898
BE25;4;4010,000000000000000;0,401000000000000;tp;StdTime;15-04-73 00:00:00;208,737098747120342
BE31;5;1403,000000000000000;0,140300000000000;tp;StdTime;15-04-73 00:00:00;233,160276504048738
BE32;6;4820,000000000000000;0,482000000000000;tp;StdTime;15-04-73 00:00:00;220,664605025928239
BE10;7;209,000000000000000;0,020900000000000;tp;StdTime;15-04-73 00:00:00;229,856445677542723
BE21;8;3689,000000000000000;0,368900000000000;tp;StdTime;15-04-73 00:00:00;223,426840703834216
BE33;9;4899,000000000000000;0,489900000000000;tp;StdTime;15-04-73 00:00:00;270,043665032309491
BE34;10;5582,000000000000000;0,558200000000000;tp;StdTime;15-04-73 00:00:00;246,016618477832452
BE35;11;4637,000000000000000;0,463700000000000;tp;StdTime;15-04-73 00:00:00;235,422444517766536
BE22;1;3104,000000000000000;0,310400000000000;tp;StdTime;15-04-74 00:00:00;161,187158196242677
BE23;2;3847,000000000000000;0,384700000000000;tp;StdTime;15-04-74 00:00:00;138,891785750799784
BE24;3;2706,000000000000000;0,270600000000000;tp;StdTime;15-04-74 00:00:00;151,675987012458478
BE25;4;4010,000000000000000;0,401000000000000;tp;StdTime;15-04-74 00:00:00;134,978367776466115
BE31;5;1403,000000000000000;0,140300000000000;tp;StdTime;15-04-74 00:00:00;165,664392146398285
BE32;6;4820,000000000000000;0,482000000000000;tp;StdTime;15-04-74 00:00:00;165,940382844283931
BE10;7;209,000000000000000;0,020900000000000;tp;StdTime;15-04-74 00:00:00;148,444081648685199
BE21;8;3689,000000000000000;0,368900000000000;tp;StdTime;15-04-74 00:00:00;140,189159055168602
BE33;9;4899,000000000000000;0,489900000000000;tp;StdTime;15-04-74 00:00:00;208,793740887086472
BE34;10;5582,000000000000000;0,558200000000000;tp;StdTime;15-04-74 00:00:00;223,013919197500854
BE35;11;4637,000000000000000;0,463700000000000;tp;StdTime;15-04-74 00:00:00;198,151255324813917
BE22;1;3104,000000000000000;0,310400000000000;tp;StdTime;15-04-75 00:00:00;246,773156928033131
BE23;2;3847,000000000000000;0,384700000000000;tp;StdTime;15-04-75 00:00:00;241,422592821510733
BE24;3;2706,000000000000000;0,270600000000000;tp;StdTime;15-04-75 00:00:00;252,927320955421749
BE25;4;4010,000000000000000;0,401000000000000;tp;StdTime;15-04-75 00:00:00;240,572087782101335
BE31;5;1403,000000000000000;0,140300000000000;tp;StdTime;15-04-75 00:00:00;267,104161801545501
BE32;6;4820,000000000000000;0,482000000000000;tp;StdTime;15-04-75 00:00:00;254,022981160903981
BE10;7;209,000000000000000;0,020900000000000;tp;StdTime;15-04-75 00:00:00;254,243618394769641
BE21;8;3689,000000000000000;0,368900000000000;tp;StdTime;15-04-75 00:00:00;246,284401260504382
BE33;9;4899,000000000000000;0,489900000000000;tp;StdTime;15-04-75 00:00:00;265,887013376379173
BE34;10;5582,000000000000000;0,558200000000000;tp;StdTime;15-04-75 00:00:00;254,988518012718430
BE35;11;4637,000000000000000;0,463700000000000;tp;StdTime;15-04-75 00:00:00;262,470033811397343
BE22;1;3104,000000000000000;0,310400000000000;tp;StdTime;15-04-76 00:00:00;101,836634517945043
BE23;2;3847,000000000000000;0,384700000000000;tp;StdTime;15-04-76 00:00:00;72,333434709549380
BE24;3;2706,000000000000000;0,270600000000000;tp;StdTime;15-04-76 00:00:00;90,142347359780629
BE25;4;4010,000000000000000;0,401000000000000;tp;StdTime;15-04-76 00:00:00;67,276598291563516
BE31;5;1403,000000000000000;0,140300000000000;tp;StdTime;15-04-76 00:00:00;96,852936987356969
BE32;6;4820,000000000000000;0,482000000000000;tp;StdTime;15-04-76 00:00:00;86,742094389729530
BE10;7;209,000000000000000;0,020900000000000;tp;StdTime;15-04-76 00:00:00;85,575515163001796
BE21;8;3689,000000000000000;0,368900000000000;tp;StdTime;15-04-76 00:00:00;85,624598793946092
BE33;9;4899,000000000000000;0,489900000000000;tp;StdTime;15-04-76 00:00:00;123,953439153829635
BE34;10;5582,000000000000000;0,558200000000000;tp;StdTime;15-04-76 00:00:00;123,861865222347433
BE35;11;4637,000000000000000;0,463700000000000;tp;StdTime;15-04-76 00:00:00;112,522084643981046
BE22;1;3104,000000000000000;0,310400000000000;tp;StdTime;15-04-77 00:00:00;209,438443832790369
BE23;2;3847,000000000000000;0,384700000000000;tp;StdTime;15-04-77 00:00:00;212,272736654735098
BE24;3;2706,000000000000000;0,270600000000000;tp;StdTime;15-04-77 00:00:00;215,712973973174797
BE25;4;4010,000000000000000;0,401000000000000;tp;StdTime;15-04-77 00:00:00;203,534185612172479
BE31;5;1403,000000000000000;0,140300000000000;tp;StdTime;15-04-77 00:00:00;223,577167807352765
BE32;6;4820,000000000000000;0,482000000000000;tp;StdTime;15-04-77 00:00:00;225,623056916676290
BE10;7;209,000000000000000;0,020900000000000;tp;StdTime;15-04-77 00:00:00;217,800874481931288
BE21;8;3689,000000000000000;0,368900000000000;tp;StdTime;15-04-77 00:00:00;212,437585038071006
BE33;9;4899,000000000000000;0,489900000000000;tp;StdTime;15-04-77 00:00:00;242,927568783344043
BE34;10;5582,000000000000000;0,558200000000000;tp;StdTime;15-04-77 00:00:00;242,092688193846300
BE35;11;4637,000000000000000;0,463700000000000;tp;StdTime;15-04-77 00:00:00;240,029049173881305
BE22;1;3104,000000000000000;0,310400000000000;tp;StdTime;15-04-78 00:00:00;260,458080517876795
BE23;2;3847,000000000000000;0,384700000000000;tp;StdTime;15-04-78 00:00:00;198,602957558687393
BE24;3;2706,000000000000000;0,270600000000000;tp;StdTime;15-04-78 00:00:00;229,973422922386703
BE25;4;4010,000000000000000;0,401000000000000;tp;StdTime;15-04-78 00:00:00;181,240133096214578
BE31;5;1403,000000000000000;0,140300000000000;tp;StdTime;15-04-78 00:00:00;248,942687868647312
BE32;6;4820,000000000000000;0,482000000000000;tp;StdTime;15-04-78 00:00:00;254,846298046824359
BE10;7;209,000000000000000;0,020900000000000;tp;StdTime;15-04-78 00:00:00;223,364517503948264
BE21;8;3689,000000000000000;0,368900000000000;tp;StdTime;15-04-78 00:00:00;215,430787431608508
BE33;9;4899,000000000000000;0,489900000000000;tp;StdTime;15-04-78 00:00:00;340,209847600734406
BE34;10;5582,000000000000000;0,558200000000000;tp;StdTime;15-04-78 00:00:00;344,446163755640384
BE35;11;4637,000000000000000;0,463700000000000;tp;StdTime;15-04-78 00:00:00;301,000047484219920
BE22;1;3104,000000000000000;0,310400000000000;tp;StdTime;15-04-79 00:00:00;301,333635802121819
BE23;2;3847,000000000000000;0,384700000000000;tp;StdTime;15-04-79 00:00:00;292,613566577852964
BE24;3;2706,000000000000000;0,270600000000000;tp;StdTime;15-04-79 00:00:00;298,987623633407793
BE25;4;4010,000000000000000;0,401000000000000;tp;StdTime;15-04-79 00:00:00;293,045432112164633
BE31;5;1403,000000000000000;0,140300000000000;tp;StdTime;15-04-79 00:00:00;312,963461258032510
BE32;6;4820,000000000000000;0,482000000000000;tp;StdTime;15-04-79 00:00:00;321,243050476327880
BE10;7;209,000000000000000;0,020900000000000;tp;StdTime;15-04-79 00:00:00;299,608678206302329
BE21;8;3689,000000000000000;0,368900000000000;tp;StdTime;15-04-79 00:00:00;300,192711077075330
BE33;9;4899,000000000000000;0,489900000000000;tp;StdTime;15-04-79 00:00:00;347,945611315615508
BE34;10;5582,000000000000000;0,558200000000000;tp;StdTime;15-04-79 00:00:00;373,735741588301380
BE35;11;4637,000000000000000;0,463700000000000;tp;StdTime;15-04-79 00:00:00;343,427788828836924
BE22;1;3104,000000000000000;0,310400000000000;tp;StdTime;15-04-80 00:00:00;201,675098910774068
BE23;2;3847,000000000000000;0,384700000000000;tp;StdTime;15-04-80 00:00:00;168,386884597607889
BE24;3;2706,000000000000000;0,270600000000000;tp;StdTime;15-04-80 00:00:00;194,415129419793459
BE25;4;4010,000000000000000;0,401000000000000;tp;StdTime;15-04-80 00:00:00;165,162455642966393
BE31;5;1403,000000000000000;0,140300000000000;tp;StdTime;15-04-80 00:00:00;205,740298781663512
BE32;6;4820,000000000000000;0,482000000000000;tp;StdTime;15-04-80 00:00:00;200,009598864163422
BE10;7;209,000000000000000;0,020900000000000;tp;StdTime;15-04-80 00:00:00;187,635418613561626
BE21;8;3689,000000000000000;0,368900000000000;tp;StdTime;15-04-80 00:00:00;179,308404435954458
BE33;9;4899,000000000000000;0,489900000000000;tp;StdTime;15-04-80 00:00:00;255,444131409302457
BE34;10;5582,000000000000000;0,558200000000000;tp;StdTime;15-04-80 00:00:00;265,058635538087970
BE35;11;4637,000000000000000;0,463700000000000;tp;StdTime;15-04-80 00:00:00;239,483586153182785
BE22;1;3104,000000000000000;0,310400000000000;tp;StdTime;15-04-81 00:00:00;263,003606511145790
BE23;2;3847,000000000000000;0,384700000000000;tp;StdTime;15-04-81 00:00:00;295,982545190766473
BE24;3;2706,000000000000000;0,270600000000000;tp;StdTime;15-04-81 00:00:00;271,546076840149169
BE25;4;4010,000000000000000;0,401000000000000;tp;StdTime;15-04-81 00:00:00;294,386626010048985
BE31;5;1403,000000000000000;0,140300000000000;tp;StdTime;15-04-81 00:00:00;268,133712779431164
BE32;6;4820,000000000000000;0,482000000000000;tp;StdTime;15-04-81 00:00:00;278,892559193972033
BE10;7;209,000000000000000;0,020900000000000;tp;StdTime;15-04-81 00:00:00;267,416250858580611
BE21;8;3689,000000000000000;0,368900000000000;tp;StdTime;15-04-81 00:00:00;274,006621032201963
BE33;9;4899,000000000000000;0,489900000000000;tp;StdTime;15-04-81 00:00:00;297,536271066659992
BE34;10;5582,000000000000000;0,558200000000000;tp;StdTime;15-04-81 00:00:00;300,063719686236311
BE35;11;4637,000000000000000;0,463700000000000;tp;StdTime;15-04-81 00:00:00;284,376834286115525
BE22;1;3104,000000000000000;0,310400000000000;tp;StdTime;15-04-82 00:00:00;215,096414600451112
BE23;2;3847,000000000000000;0,384700000000000;tp;StdTime;15-04-82 00:00:00;170,743878139717111
BE24;3;2706,000000000000000;0,270600000000000;tp;StdTime;15-04-82 00:00:00;185,721990293515660
BE25;4;4010,000000000000000;0,401000000000000;tp;StdTime;15-04-82 00:00:00;167,725977346367756
BE31;5;1403,000000000000000;0,140300000000000;tp;StdTime;15-04-82 00:00:00;202,367701643972737
BE32;6;4820,000000000000000;0,482000000000000;tp;StdTime;15-04-82 00:00:00;202,804489987322171
BE10;7;209,000000000000000;0,020900000000000;tp;StdTime;15-04-82 00:00:00;179,607817508387257
BE21;8;3689,000000000000000;0,368900000000000;tp;StdTime;15-04-82 00:00:00;179,479111545032112
BE33;9;4899,000000000000000;0,489900000000000;tp;StdTime;15-04-82 00:00:00;255,982397440380964
BE34;10;5582,000000000000000;0,558200000000000;tp;StdTime;15-04-82 00:00:00;258,237917351662531
BE35;11;4637,000000000000000;0,463700000000000;tp;StdTime;15-04-82 00:00:00;241,285226216006720
BE22;1;3104,000000000000000;0,310400000000000;tp;StdTime;15-04-83 00:00:00;322,611024659933037
BE23;2;3847,000000000000000;0,384700000000000;tp;StdTime;15-04-83 00:00:00;293,416869077987201
BE24;3;2706,000000000000000;0,270600000000000;tp;StdTime;15-04-83 00:00:00;311,815625581931727
BE25;4;4010,000000000000000;0,401000000000000;tp;StdTime;15-04-83 00:00:00;278,398193975815218
BE31;5;1403,000000000000000;0,140300000000000;tp;StdTime;15-04-83 00:00:00;321,059457943427390
BE32;6;4820,000000000000000;0,482000000000000;tp;StdTime;15-04-83 00:00:00;304,031547660353112
BE10;7;209,000000000000000;0,020900000000000;tp;StdTime;15-04-83 00:00:00;309,276862185537482
BE21;8;3689,000000000000000;0,368900000000000;tp;StdTime;15-04-83 00:00:00;311,799739664956917
BE33;9;4899,000000000000000;0,489900000000000;tp;StdTime;15-04-83 00:00:00;387,797620914643062
BE34;10;5582,000000000000000;0,558200000000000;tp;StdTime;15-04-83 00:00:00;427,222688467858575
BE35;11;4637,000000000000000;0,463700000000000;tp;StdTime;15-04-83 00:00:00;353,349222939667868
BE22;1;3104,000000000000000;0,310400000000000;tp;StdTime;15-04-84 00:00:00;221,909862921409967
BE23;2;3847,000000000000000;0,384700000000000;tp;StdTime;15-04-84 00:00:00;212,058944765611244
BE24;3;2706,000000000000000;0,270600000000000;tp;StdTime;15-04-84 00:00:00;214,878201266878705
BE25;4;4010,000000000000000;0,401000000000000;tp;StdTime;15-04-84 00:00:00;207,960411330529638
BE31;5;1403,000000000000000;0,140300000000000;tp;StdTime;15-04-84 00:00:00;225,157843048030486
BE32;6;4820,000000000000000;0,482000000000000;tp;StdTime;15-04-84 00:00:00;231,269396899844764
BE10;7;209,000000000000000;0,020900000000000;tp;StdTime;15-04-84 00:00:00;216,839065551757841
BE21;8;3689,000000000000000;0,368900000000000;tp;StdTime;15-04-84 00:00:00;206,579995233665301
BE33;9;4899,000000000000000;0,489900000000000;tp;StdTime;15-04-84 00:00:00;262,329287035121240
BE34;10;5582,000000000000000;0,558200000000000;tp;StdTime;15-04-84 00:00:00;266,305689287885400
BE35;11;4637,000000000000000;0,463700000000000;tp;StdTime;15-04-84 00:00:00;247,321480638126985
BE22;1;3104,000000000000000;0,310400000000000;tp;StdTime;15-04-85 00:00:00;250,933169910588305
BE23;2;3847,000000000000000;0,384700000000000;tp;StdTime;15-04-85 00:00:00;269,769406712579212
BE24;3;2706,000000000000000;0,270600000000000;tp;StdTime;15-04-85 00:00:00;267,869207986971389
BE25;4;4010,000000000000000;0,401000000000000;tp;StdTime;15-04-85 00:00:00;266,620349357015414
BE31;5;1403,000000000000000;0,140300000000000;tp;StdTime;15-04-85 00:00:00;273,143170118162004
BE32;6;4820,000000000000000;0,482000000000000;tp;StdTime;15-04-85 00:00:00;265,483810513444837
BE10;7;209,000000000000000;0,020900000000000;tp;StdTime;15-04-85 00:00:00;268,472812780352740
BE21;8;3689,000000000000000;0,368900000000000;tp;StdTime;15-04-85 00:00:00;273,757803383607893
BE33;9;4899,000000000000000;0,489900000000000;tp;StdTime;15-04-85 00:00:00;274,136113279131109
BE34;10;5582,000000000000000;0,558200000000000;tp;StdTime;15-04-85 00:00:00;283,584872440897470
BE35;11;4637,000000000000000;0,463700000000000;tp;StdTime;15-04-85 00:00:00;269,501660229961089
BE22;1;3104,000000000000000;0,310400000000000;tp;StdTime;15-04-86 00:00:00;256,240120386339527
BE23;2;3847,000000000000000;0,384700000000000;tp;StdTime;15-04-86 00:00:00;236,655004383837905
BE24;3;2706,000000000000000;0,270600000000000;tp;StdTime;15-04-86 00:00:00;246,895230560415683
BE25;4;4010,000000000000000;0,401000000000000;tp;StdTime;15-04-86 00:00:00;216,065631069269159
BE31;5;1403,000000000000000;0,140300000000000;tp;StdTime;15-04-86 00:00:00;250,045563505448598
BE32;6;4820,000000000000000;0,482000000000000;tp;StdTime;15-04-86 00:00:00;249,948513847761660
BE10;7;209,000000000000000;0,020900000000000;tp;StdTime;15-04-86 00:00:00;242,420211353940886
BE21;8;3689,000000000000000;0,368900000000000;tp;StdTime;15-04-86 00:00:00;246,484266778000318
BE33;9;4899,000000000000000;0,489900000000000;tp;StdTime;15-04-86 00:00:00;285,377908389358595
BE34;10;5582,000000000000000;0,558200000000000;tp;StdTime;15-04-86 00:00:00;296,848221743674401
BE35;11;4637,000000000000000;0,463700000000000;tp;StdTime;15-04-86 00:00:00;263,168705834739512
BE22;1;3104,000000000000000;0,310400000000000;tp;StdTime;15-04-87 00:00:00;248,295744527246427
BE23;2;3847,000000000000000;0,384700000000000;tp;StdTime;15-04-87 00:00:00;222,374316924263780
BE24;3;2706,000000000000000;0,270600000000000;tp;StdTime;15-04-87 00:00:00;238,599141044080881
BE25;4;4010,000000000000000;0,401000000000000;tp;StdTime;15-04-87 00:00:00;207,383857860232524
BE31;5;1403,000000000000000;0,140300000000000;tp;StdTime;15-04-87 00:00:00;236,807689957676672
BE32;6;4820,000000000000000;0,482000000000000;tp;StdTime;15-04-87 00:00:00;232,729727372292302
BE10;7;209,000000000000000;0,020900000000000;tp;StdTime;15-04-87 00:00:00;235,361520210521604
BE21;8;3689,000000000000000;0,368900000000000;tp;StdTime;15-04-87 00:00:00;234,242126191848911
BE33;9;4899,000000000000000;0,489900000000000;tp;StdTime;15-04-87 00:00:00;287,974277347612826
BE34;10;5582,000000000000000;0,558200000000000;tp;StdTime;15-04-87 00:00:00;275,430589857002587
BE35;11;4637,000000000000000;0,463700000000000;tp;StdTime;15-04-87 00:00:00;258,578168940179239
BE22;1;3104,000000000000000;0,310400000000000;tp;StdTime;15-04-88 00:00:00;262,934715806823533
BE23;2;3847,000000000000000;0,384700000000000;tp;StdTime;15-04-88 00:00:00;237,781590393557991
BE24;3;2706,000000000000000;0,270600000000000;tp;StdTime;15-04-88 00:00:00;249,548025544272889
BE25;4;4010,000000000000000;0,401000000000000;tp;StdTime;15-04-88 00:00:00;241,828408900995896
BE31;5;1403,000000000000000;0,140300000000000;tp;StdTime;15-04-88 00:00:00;265,538095954138953
BE32;6;4820,000000000000000;0,482000000000000;tp;StdTime;15-04-88 00:00:00;262,504449887097621
BE10;7;209,000000000000000;0,020900000000000;tp;StdTime;15-04-88 00:00:00;243,704499605169644
BE21;8;3689,000000000000000;0,368900000000000;tp;StdTime;15-04-88 00:00:00;234,931246382397518
BE33;9;4899,000000000000000;0,489900000000000;tp;StdTime;15-04-88 00:00:00;325,339966972742445
BE34;10;5582,000000000000000;0,558200000000000;tp;StdTime;15-04-88 00:00:00;321,063859748907873
BE35;11;4637,000000000000000;0,463700000000000;tp;StdTime;15-04-88 00:00:00;300,398203053658108
BE22;1;3104,000000000000000;0,310400000000000;tp;StdTime;15-04-89 00:00:00;238,425804570778240
BE23;2;3847,000000000000000;0,384700000000000;tp;StdTime;15-04-89 00:00:00;209,010034662796386
BE24;3;2706,000000000000000;0,270600000000000;tp;StdTime;15-04-89 00:00:00;236,019909415347144
BE25;4;4010,000000000000000;0,401000000000000;tp;StdTime;15-04-89 00:00:00;186,408545051251480
BE31;5;1403,000000000000000;0,140300000000000;tp;StdTime;15-04-89 00:00:00;246,565206624233070
BE32;6;4820,000000000000000;0,482000000000000;tp;StdTime;15-04-89 00:00:00;238,617739117887425
BE10;7;209,000000000000000;0,020900000000000;tp;StdTime;15-04-89 00:00:00;233,296197553570835
BE21;8;3689,000000000000000;0,368900000000000;tp;StdTime;15-04-89 00:00:00;230,640808490144138
BE33;9;4899,000000000000000;0,489900000000000;tp;StdTime;15-04-89 00:00:00;278,270350150806166
BE34;10;5582,000000000000000;0,558200000000000;tp;StdTime;15-04-89 00:00:00;309,890946938033494
BE35;11;4637,000000000000000;0,463700000000000;tp;StdTime;15-04-89 00:00:00;278,612125474881225
BE22;1;3104,000000000000000;0,310400000000000;tp;StdTime;15-04-90 00:00:00;136,431558921164935
BE23;2;3847,000000000000000;0,384700000000000;tp;StdTime;15-04-90 00:00:00;131,427973274010782
BE24;3;2706,000000000000000;0,270600000000000;tp;StdTime;15-04-90 00:00:00;130,527491308016465
BE25;4;4010,000000000000000;0,401000000000000;tp;StdTime;15-04-90 00:00:00;129,163631026346707
BE31;5;1403,000000000000000;0,140300000000000;tp;StdTime;15-04-90 00:00:00;131,873879294690909
BE32;6;4820,000000000000000;0,482000000000000;tp;StdTime;15-04-90 00:00:00;123,431972009809158
BE10;7;209,000000000000000;0,020900000000000;tp;StdTime;15-04-90 00:00:00;125,961880843605115
BE21;8;3689,000000000000000;0,368900000000000;tp;StdTime;15-04-90 00:00:00;132,635312095636294
BE33;9;4899,000000000000000;0,489900000000000;tp;StdTime;15-04-90 00:00:00;165,493488163041803
BE34;10;5582,000000000000000;0,558200000000000;tp;StdTime;15-04-90 00:00:00;168,586184874438828
BE35;11;4637,000000000000000;0,463700000000000;tp;StdTime;15-04-90 00:00:00;151,112235455310440
BE22;1;3104,000000000000000;0,310400000000000;tp;StdTime;15-04-91 00:00:00;124,874751506392670
BE23;2;3847,000000000000000;0,384700000000000;tp;StdTime;15-04-91 00:00:00;124,153699602682877
BE24;3;2706,000000000000000;0,270600000000000;tp;StdTime;15-04-91 00:00:00;128,356941767295723
BE25;4;4010,000000000000000;0,401000000000000;tp;StdTime;15-04-91 00:00:00;133,098776016805971
BE31;5;1403,000000000000000;0,140300000000000;tp;StdTime;15-04-91 00:00:00;138,694136322521473
BE32;6;4820,000000000000000;0,482000000000000;tp;StdTime;15-04-91 00:00:00;142,644196807102276
BE10;7;209,000000000000000;0,020900000000000;tp;StdTime;15-04-91 00:00:00;129,932200965698826
BE21;8;3689,000000000000000;0,368900000000000;tp;StdTime;15-04-91 00:00:00;116,804400234372395
BE33;9;4899,000000000000000;0,489900000000000;tp;StdTime;15-04-91 00:00:00;169,037342094114791
BE34;10;5582,000000000000000;0,558200000000000;tp;StdTime;15-04-91 00:00:00;160,151400993563016
BE35;11;4637,000000000000000;0,463700000000000;tp;StdTime;15-04-91 00:00:00;156,400500121701782
BE22;1;3104,000000000000000;0,310400000000000;tp;StdTime;15-04-92 00:00:00;209,185516264020833
BE23;2;3847,000000000000000;0,384700000000000;tp;StdTime;15-04-92 00:00:00;205,717472914320837
BE24;3;2706,000000000000000;0,270600000000000;tp;StdTime;15-04-92 00:00:00;215,102623809115073
BE25;4;4010,000000000000000;0,401000000000000;tp;StdTime;15-04-92 00:00:00;202,147073505050031
BE31;5;1403,000000000000000;0,140300000000000;tp;StdTime;15-04-92 00:00:00;221,851185010827294
BE32;6;4820,000000000000000;0,482000000000000;tp;StdTime;15-04-92 00:00:00;222,492771566557025
BE10;7;209,000000000000000;0,020900000000000;tp;StdTime;15-04-92 00:00:00;215,203391335227252
BE21;8;3689,000000000000000;0,368900000000000;tp;StdTime;15-04-92 00:00:00;212,773954391996625
BE33;9;4899,000000000000000;0,489900000000000;tp;StdTime;15-04-92 00:00:00;253,565387184655748
BE34;10;5582,000000000000000;0,558200000000000;tp;StdTime;15-04-92 00:00:00;253,253640760191161
BE35;11;4637,000000000000000;0,463700000000000;tp;StdTime;15-04-92 00:00:00;231,294198989457044
BE22;1;3104,000000000000000;0,310400000000000;tp;StdTime;15-04-93 00:00:00;141,932523909303342
BE23;2;3847,000000000000000;0,384700000000000;tp;StdTime;15-04-93 00:00:00;137,438823980574682
BE24;3;2706,000000000000000;0,270600000000000;tp;StdTime;15-04-93 00:00:00;139,534567915415522
BE25;4;4010,000000000000000;0,401000000000000;tp;StdTime;15-04-93 00:00:00;134,457692708992681
BE31;5;1403,000000000000000;0,140300000000000;tp;StdTime;15-04-93 00:00:00;156,103027746155846
BE32;6;4820,000000000000000;0,482000000000000;tp;StdTime;15-04-93 00:00:00;168,856645300773891
BE10;7;209,000000000000000;0,020900000000000;tp;StdTime;15-04-93 00:00:00;142,895934109482454
BE21;8;3689,000000000000000;0,368900000000000;tp;StdTime;15-04-93 00:00:00;136,915154520946402
BE33;9;4899,000000000000000;0,489900000000000;tp;StdTime;15-04-93 00:00:00;189,067726164842838
BE34;10;5582,000000000000000;0,558200000000000;tp;StdTime;15-04-93 00:00:00;180,998070777337887
BE35;11;4637,000000000000000;0,463700000000000;tp;StdTime;15-04-93 00:00:00;173,854570531526548
BE22;1;3104,000000000000000;0,310400000000000;tp;StdTime;15-04-94 00:00:00;227,980377423394657
BE23;2;3847,000000000000000;0,384700000000000;tp;StdTime;15-04-94 00:00:00;224,213532275523676
BE24;3;2706,000000000000000;0,270600000000000;tp;StdTime;15-04-94 00:00:00;220,488964968932805
BE25;4;4010,000000000000000;0,401000000000000;tp;StdTime;15-04-94 00:00:00;226,287423976222669
BE31;5;1403,000000000000000;0,140300000000000;tp;StdTime;15-04-94 00:00:00;226,914875370387591
BE32;6;4820,000000000000000;0,482000000000000;tp;StdTime;15-04-94 00:00:00;242,763776571820216
BE10;7;209,000000000000000;0,020900000000000;tp;StdTime;15-04-94 00:00:00;219,316848389840032
BE21;8;3689,000000000000000;0,368900000000000;tp;StdTime;15-04-94 00:00:00;225,526867037964593
BE33;9;4899,000000000000000;0,489900000000000;tp;StdTime;15-04-94 00:00:00;287,500575249184351
BE34;10;5582,000000000000000;0,558200000000000;tp;StdTime;15-04-94 00:00:00;309,093393739259000
BE35;11;4637,000000000000000;0,463700000000000;tp;StdTime;15-04-94 00:00:00;268,336303246954799
BE22;1;3104,000000000000000;0,310400000000000;tp;StdTime;15-04-95 00:00:00;211,776768807283503
BE23;2;3847,000000000000000;0,384700000000000;tp;StdTime;15-04-95 00:00:00;188,684003059976305
BE24;3;2706,000000000000000;0,270600000000000;tp;StdTime;15-04-95 00:00:00;195,596058357052755
BE25;4;4010,000000000000000;0,401000000000000;tp;StdTime;15-04-95 00:00:00;156,952184769399338
BE31;5;1403,000000000000000;0,140300000000000;tp;StdTime;15-04-95 00:00:00;198,365709518247741
BE32;6;4820,000000000000000;0,482000000000000;tp;StdTime;15-04-95 00:00:00;203,968637762425800
BE10;7;209,000000000000000;0,020900000000000;tp;StdTime;15-04-95 00:00:00;188,340559671940412
BE21;8;3689,000000000000000;0,368900000000000;tp;StdTime;15-04-95 00:00:00;205,679982860355437
BE33;9;4899,000000000000000;0,489900000000000;tp;StdTime;15-04-95 00:00:00;259,163740299409255
BE34;10;5582,000000000000000;0,558200000000000;tp;StdTime;15-04-95 00:00:00;281,581882418034866
BE35;11;4637,000000000000000;0,463700000000000;tp;StdTime;15-04-95 00:00:00;236,378572800870671
BE22;1;3104,000000000000000;0,310400000000000;tp;StdTime;15-04-96 00:00:00;113,887380550817227
BE23;2;3847,000000000000000;0,384700000000000;tp;StdTime;15-04-96 00:00:00;127,799250990191183
BE24;3;2706,000000000000000;0,270600000000000;tp;StdTime;15-04-96 00:00:00;117,025938221550135
BE25;4;4010,000000000000000;0,401000000000000;tp;StdTime;15-04-96 00:00:00;133,370181672056049
BE31;5;1403,000000000000000;0,140300000000000;tp;StdTime;15-04-96 00:00:00;125,391712202315489
BE32;6;4820,000000000000000;0,482000000000000;tp;StdTime;15-04-96 00:00:00;132,494594972855481
BE10;7;209,000000000000000;0,020900000000000;tp;StdTime;15-04-96 00:00:00;120,125442103335729
BE21;8;3689,000000000000000;0,368900000000000;tp;StdTime;15-04-96 00:00:00;113,656474714519774
BE33;9;4899,000000000000000;0,489900000000000;tp;StdTime;15-04-96 00:00:00;135,991426557053046
BE34;10;5582,000000000000000;0,558200000000000;tp;StdTime;15-04-96 00:00:00;137,327178314055658
BE35;11;4637,000000000000000;0,463700000000000;tp;StdTime;15-04-96 00:00:00;127,787863043019428
BE22;1;3104,000000000000000;0,310400000000000;tp;StdTime;15-04-97 00:00:00;154,128460598975323
BE23;2;3847,000000000000000;0,384700000000000;tp;StdTime;15-04-97 00:00:00;147,772461238947784
BE24;3;2706,000000000000000;0,270600000000000;tp;StdTime;15-04-97 00:00:00;150,653475714187806
BE25;4;4010,000000000000000;0,401000000000000;tp;StdTime;15-04-97 00:00:00;142,508145075010816
BE31;5;1403,000000000000000;0,140300000000000;tp;StdTime;15-04-97 00:00:00;151,977194962124145
BE32;6;4820,000000000000000;0,482000000000000;tp;StdTime;15-04-97 00:00:00;147,037342513151316
BE10;7;209,000000000000000;0,020900000000000;tp;StdTime;15-04-97 00:00:00;150,338177110589896
BE21;8;3689,000000000000000;0,368900000000000;tp;StdTime;15-04-97 00:00:00;153,779620461427015
BE33;9;4899,000000000000000;0,489900000000000;tp;StdTime;15-04-97 00:00:00;192,251760812554323
BE34;10;5582,000000000000000;0,558200000000000;tp;StdTime;15-04-97 00:00:00;181,614399567251553
BE35;11;4637,000000000000000;0,463700000000000;tp;StdTime;15-04-97 00:00:00;165,309377519329047
BE22;1;3104,000000000000000;0,310400000000000;tp;StdTime;15-04-98 00:00:00;256,532171367370097
BE23;2;3847,000000000000000;0,384700000000000;tp;StdTime;15-04-98 00:00:00;255,908314862807771
BE24;3;2706,000000000000000;0,270600000000000;tp;StdTime;15-04-98 00:00:00;258,119459790824294
BE25;4;4010,000000000000000;0,401000000000000;tp;StdTime;15-04-98 00:00:00;232,161426747766569
BE31;5;1403,000000000000000;0,140300000000000;tp;StdTime;15-04-98 00:00:00;257,989982403777674
BE32;6;4820,000000000000000;0,482000000000000;tp;StdTime;15-04-98 00:00:00;249,038777993229331
BE10;7;209,000000000000000;0,020900000000000;tp;StdTime;15-04-98 00:00:00;255,649817288777456
BE21;8;3689,000000000000000;0,368900000000000;tp;StdTime;15-04-98 00:00:00;274,371325324562861
BE33;9;4899,000000000000000;0,489900000000000;tp;StdTime;15-04-98 00:00:00;284,324987386191481
BE34;10;5582,000000000000000;0,558200000000000;tp;StdTime;15-04-98 00:00:00;296,486085619050300
BE35;11;4637,000000000000000;0,463700000000000;tp;StdTime;15-04-98 00:00:00;280,898120286985261
BE22;1;3104,000000000000000;0,310400000000000;tp;StdTime;15-04-99 00:00:00;219,283352905941712
BE23;2;3847,000000000000000;0,384700000000000;tp;StdTime;15-04-99 00:00:00;223,403761341877384
BE24;3;2706,000000000000000;0,270600000000000;tp;StdTime;15-04-99 00:00:00;211,467204531650310
BE25;4;4010,000000000000000;0,401000000000000;tp;StdTime;15-04-99 00:00:00;224,680732609090029
BE31;5;1403,000000000000000;0,140300000000000;tp;StdTime;15-04-99 00:00:00;226,108517299442781
BE32;6;4820,000000000000000;0,482000000000000;tp;StdTime;15-04-99 00:00:00;216,852002538783694
BE10;7;209,000000000000000;0,020900000000000;tp;StdTime;15-04-99 00:00:00;210,967807897540325
BE21;8;3689,000000000000000;0,368900000000000;tp;StdTime;15-04-99 00:00:00;221,994851347875937
BE33;9;4899,000000000000000;0,489900000000000;tp;StdTime;15-04-99 00:00:00;257,989787954971121
BE34;10;5582,000000000000000;0,558200000000000;tp;StdTime;15-04-99 00:00:00;278,578897367536968
BE35;11;4637,000000000000000;0,463700000000000;tp;StdTime;15-04-99 00:00:00;245,884213485207823
BE22;1;3104,000000000000000;0,310400000000000;tp;StdTime;15-04-00 00:00:00;238,900138112687500
BE23;2;3847,000000000000000;0,384700000000000;tp;StdTime;15-04-00 00:00:00;241,313506508914344
BE24;3;2706,000000000000000;0,270600000000000;tp;StdTime;15-04-00 00:00:00;240,416706415079119
BE25;4;4010,000000000000000;0,401000000000000;tp;StdTime;15-04-00 00:00:00;259,699096595973288
BE31;5;1403,000000000000000;0,140300000000000;tp;StdTime;15-04-00 00:00:00;256,440230116025134
BE32;6;4820,000000000000000;0,482000000000000;tp;StdTime;15-04-00 00:00:00;251,405092956416468
BE10;7;209,000000000000000;0,020900000000000;tp;StdTime;15-04-00 00:00:00;241,976244985772041
BE21;8;3689,000000000000000;0,368900000000000;tp;StdTime;15-04-00 00:00:00;229,713270233394269
BE33;9;4899,000000000000000;0,489900000000000;tp;StdTime;15-04-00 00:00:00;293,860472919552535
BE34;10;5582,000000000000000;0,558200000000000;tp;StdTime;15-04-00 00:00:00;304,122125875049505
BE35;11;4637,000000000000000;0,463700000000000;tp;StdTime;15-04-00 00:00:00;291,545121822064459
BE22;1;3104,000000000000000;0,310400000000000;tp;StdTime;15-04-01 00:00:00;250,225661307266307
BE23;2;3847,000000000000000;0,384700000000000;tp;StdTime;15-04-01 00:00:00;265,829516837960909
BE24;3;2706,000000000000000;0,270600000000000;tp;StdTime;15-04-01 00:00:00;262,405029494235805
BE25;4;4010,000000000000000;0,401000000000000;tp;StdTime;15-04-01 00:00:00;281,017797379719013
BE31;5;1403,000000000000000;0,140300000000000;tp;StdTime;15-04-01 00:00:00;279,791605921532550
BE32;6;4820,000000000000000;0,482000000000000;tp;StdTime;15-04-01 00:00:00;306,967265205858723
BE10;7;209,000000000000000;0,020900000000000;tp;StdTime;15-04-01 00:00:00;267,840742339357689
BE21;8;3689,000000000000000;0,368900000000000;tp;StdTime;15-04-01 00:00:00;237,807946833597299
BE33;9;4899,000000000000000;0,489900000000000;tp;StdTime;15-04-01 00:00:00;313,736445909520796
BE34;10;5582,000000000000000;0,558200000000000;tp;StdTime;15-04-01 00:00:00;348,131301223826483
BE35;11;4637,000000000000000;0,463700000000000;tp;StdTime;15-04-01 00:00:00;320,751101522012107
BE22;1;3104,000000000000000;0,310400000000000;tp;StdTime;15-04-02 00:00:00;179,752459565388619
BE23;2;3847,000000000000000;0,384700000000000;tp;StdTime;15-04-02 00:00:00;168,645335384613503
BE24;3;2706,000000000000000;0,270600000000000;tp;StdTime;15-04-02 00:00:00;176,563808635703339
BE25;4;4010,000000000000000;0,401000000000000;tp;StdTime;15-04-02 00:00:00;166,268049107882121
BE31;5;1403,000000000000000;0,140300000000000;tp;StdTime;15-04-02 00:00:00;185,049084490058164
BE32;6;4820,000000000000000;0,482000000000000;tp;StdTime;15-04-02 00:00:00;185,230886660374068
BE10;7;209,000000000000000;0,020900000000000;tp;StdTime;15-04-02 00:00:00;176,580743159973963
BE21;8;3689,000000000000000;0,368900000000000;tp;StdTime;15-04-02 00:00:00;173,972654272850860
BE33;9;4899,000000000000000;0,489900000000000;tp;StdTime;15-04-02 00:00:00;215,544529849642345
BE34;10;5582,000000000000000;0,558200000000000;tp;StdTime;15-04-02 00:00:00;214,975465119162919
BE35;11;4637,000000000000000;0,463700000000000;tp;StdTime;15-04-02 00:00:00;197,000324880251554
BE22;1;3104,000000000000000;0,310400000000000;tp;StdTime;15-04-03 00:00:00;186,560064222394715
BE23;2;3847,000000000000000;0,384700000000000;tp;StdTime;15-04-03 00:00:00;172,850210401526283
BE24;3;2706,000000000000000;0,270600000000000;tp;StdTime;15-04-03 00:00:00;174,456542145474799
BE25;4;4010,000000000000000;0,401000000000000;tp;StdTime;15-04-03 00:00:00;162,418351117750092
BE31;5;1403,000000000000000;0,140300000000000;tp;StdTime;15-04-03 00:00:00;181,384779883212985
BE32;6;4820,000000000000000;0,482000000000000;tp;StdTime;15-04-03 00:00:00;178,985370734123990
BE10;7;209,000000000000000;0,020900000000000;tp;StdTime;15-04-03 00:00:00;172,744527059308552
BE21;8;3689,000000000000000;0,368900000000000;tp;StdTime;15-04-03 00:00:00;174,163118878945966
BE33;9;4899,000000000000000;0,489900000000000;tp;StdTime;15-04-03 00:00:00;237,995854381056375
BE34;10;5582,000000000000000;0,558200000000000;tp;StdTime;15-04-03 00:00:00;239,087797719148057
BE35;11;4637,000000000000000;0,463700000000000;tp;StdTime;15-04-03 00:00:00;216,979101971199725
BE22;1;3104,000000000000000;0,310400000000000;tp;StdTime;15-04-04 00:00:00;164,200931809611859
BE23;2;3847,000000000000000;0,384700000000000;tp;StdTime;15-04-04 00:00:00;136,718505530162730
BE24;3;2706,000000000000000;0,270600000000000;tp;StdTime;15-04-04 00:00:00;142,401371879041761
BE25;4;4010,000000000000000;0,401000000000000;tp;StdTime;15-04-04 00:00:00;138,376504014317277
BE31;5;1403,000000000000000;0,140300000000000;tp;StdTime;15-04-04 00:00:00;151,238073325887939
BE32;6;4820,000000000000000;0,482000000000000;tp;StdTime;15-04-04 00:00:00;156,251063132385525
BE10;7;209,000000000000000;0,020900000000000;tp;StdTime;15-04-04 00:00:00;137,969621868224749
BE21;8;3689,000000000000000;0,368900000000000;tp;StdTime;15-04-04 00:00:00;147,677227418382671
BE33;9;4899,000000000000000;0,489900000000000;tp;StdTime;15-04-04 00:00:00;204,575568771285162
BE34;10;5582,000000000000000;0,558200000000000;tp;StdTime;15-04-04 00:00:00;203,779562211728290
BE35;11;4637,000000000000000;0,463700000000000;tp;StdTime;15-04-04 00:00:00;181,633464267805692
BE22;1;3104,000000000000000;0,310400000000000;tp;StdTime;15-04-05 00:00:00;226,985638638132599
BE23;2;3847,000000000000000;0,384700000000000;tp;StdTime;15-04-05 00:00:00;205,050067014126483
BE24;3;2706,000000000000000;0,270600000000000;tp;StdTime;15-04-05 00:00:00;211,626938531598142
BE25;4;4010,000000000000000;0,401000000000000;tp;StdTime;15-04-05 00:00:00;202,726005558004175
BE31;5;1403,000000000000000;0,140300000000000;tp;StdTime;15-04-05 00:00:00;208,793905028426963
BE32;6;4820,000000000000000;0,482000000000000;tp;StdTime;15-04-05 00:00:00;209,831680161725671
BE10;7;209,000000000000000;0,020900000000000;tp;StdTime;15-04-05 00:00:00;206,179281572405785
BE21;8;3689,000000000000000;0,368900000000000;tp;StdTime;15-04-05 00:00:00;219,858790119736881
BE33;9;4899,000000000000000;0,489900000000000;tp;StdTime;15-04-05 00:00:00;242,961800062308640
BE34;10;5582,000000000000000;0,558200000000000;tp;StdTime;15-04-05 00:00:00;222,339434791491300
BE35;11;4637,000000000000000;0,463700000000000;tp;StdTime;15-04-05 00:00:00;206,240861025200161
BE22;1;3104,000000000000000;0,310400000000000;tp;StdTime;15-04-06 00:00:00;262,963844741742605
BE23;2;3847,000000000000000;0,384700000000000;tp;StdTime;15-04-06 00:00:00;239,618868822613706
BE24;3;2706,000000000000000;0,270600000000000;tp;StdTime;15-04-06 00:00:00;246,065210831579492
BE25;4;4010,000000000000000;0,401000000000000;tp;StdTime;15-04-06 00:00:00;234,780691528320290
BE31;5;1403,000000000000000;0,140300000000000;tp;StdTime;15-04-06 00:00:00;256,000148476827007
BE32;6;4820,000000000000000;0,482000000000000;tp;StdTime;15-04-06 00:00:00;265,662802019554249
BE10;7;209,000000000000000;0,020900000000000;tp;StdTime;15-04-06 00:00:00;244,821345352099797
BE21;8;3689,000000000000000;0,368900000000000;tp;StdTime;15-04-06 00:00:00;238,993407830858700
BE33;9;4899,000000000000000;0,489900000000000;tp;StdTime;15-04-06 00:00:00;319,775991177797721
BE34;10;5582,000000000000000;0,558200000000000;tp;StdTime;15-04-06 00:00:00;343,909009675833033
BE35;11;4637,000000000000000;0,463700000000000;tp;StdTime;15-04-06 00:00:00;295,478924871184574
BE22;1;3104,000000000000000;0,310400000000000;tp;StdTime;15-04-07 00:00:00;178,622788237542039
BE23;2;3847,000000000000000;0,384700000000000;tp;StdTime;15-04-07 00:00:00;161,407434136767591
BE24;3;2706,000000000000000;0,270600000000000;tp;StdTime;15-04-07 00:00:00;169,242384736483359
BE25;4;4010,000000000000000;0,401000000000000;tp;StdTime;15-04-07 00:00:00;157,473466042687448
BE31;5;1403,000000000000000;0,140300000000000;tp;StdTime;15-04-07 00:00:00;179,700383061947946
BE32;6;4820,000000000000000;0,482000000000000;tp;StdTime;15-04-07 00:00:00;177,642084344887593
BE10;7;209,000000000000000;0,020900000000000;tp;StdTime;15-04-07 00:00:00;163,823635849656114
BE21;8;3689,000000000000000;0,368900000000000;tp;StdTime;15-04-07 00:00:00;173,533368589173648
BE33;9;4899,000000000000000;0,489900000000000;tp;StdTime;15-04-07 00:00:00;221,171580629024362
BE34;10;5582,000000000000000;0,558200000000000;tp;StdTime;15-04-07 00:00:00;228,053623165293430
BE35;11;4637,000000000000000;0,463700000000000;tp;StdTime;15-04-07 00:00:00;205,917018094863693
BE22;1;3104,000000000000000;0,310400000000000;tp;StdTime;15-04-08 00:00:00;252,883896395103079
BE23;2;3847,000000000000000;0,384700000000000;tp;StdTime;15-04-08 00:00:00;243,233697203558478
BE24;3;2706,000000000000000;0,270600000000000;tp;StdTime;15-04-08 00:00:00;254,915762168957656
BE25;4;4010,000000000000000;0,401000000000000;tp;StdTime;15-04-08 00:00:00;251,658462714673192
BE31;5;1403,000000000000000;0,140300000000000;tp;StdTime;15-04-08 00:00:00;266,474123181909704
BE32;6;4820,000000000000000;0,482000000000000;tp;StdTime;15-04-08 00:00:00;276,421729452679642
BE10;7;209,000000000000000;0,020900000000000;tp;StdTime;15-04-08 00:00:00;252,405248030521136
BE21;8;3689,000000000000000;0,368900000000000;tp;StdTime;15-04-08 00:00:00;237,248502202394377
BE33;9;4899,000000000000000;0,489900000000000;tp;StdTime;15-04-08 00:00:00;313,964578498112303
BE34;10;5582,000000000000000;0,558200000000000;tp;StdTime;15-04-08 00:00:00;346,318989566815333
BE35;11;4637,000000000000000;0,463700000000000;tp;StdTime;15-04-08 00:00:00;311,754536733818497
BE22;1;3104,000000000000000;0,310400000000000;tp;StdTime;15-04-09 00:00:00;175,730021368597136
BE23;2;3847,000000000000000;0,384700000000000;tp;StdTime;15-04-09 00:00:00;164,325271606445483
BE24;3;2706,000000000000000;0,270600000000000;tp;StdTime;15-04-09 00:00:00;183,566558973223778
BE25;4;4010,000000000000000;0,401000000000000;tp;StdTime;15-04-09 00:00:00;162,020937961949329
BE31;5;1403,000000000000000;0,140300000000000;tp;StdTime;15-04-09 00:00:00;211,981613626840016
BE32;6;4820,000000000000000;0,482000000000000;tp;StdTime;15-04-09 00:00:00;213,785812124671793
BE10;7;209,000000000000000;0,020900000000000;tp;StdTime;15-04-09 00:00:00;191,846066853646505
BE21;8;3689,000000000000000;0,368900000000000;tp;StdTime;15-04-09 00:00:00;158,831569085311344
BE33;9;4899,000000000000000;0,489900000000000;tp;StdTime;15-04-09 00:00:00;251,695856695882043
BE34;10;5582,000000000000000;0,558200000000000;tp;StdTime;15-04-09 00:00:00;245,858761996874762
BE35;11;4637,000000000000000;0,463700000000000;tp;StdTime;15-04-09 00:00:00;231,171110355985320
BE22;1;3104,000000000000000;0,310400000000000;tp;StdTime;15-04-10 00:00:00;169,472031858778053
BE23;2;3847,000000000000000;0,384700000000000;tp;StdTime;15-04-10 00:00:00;137,553938926893238
BE24;3;2706,000000000000000;0,270600000000000;tp;StdTime;15-04-10 00:00:00;143,294322919599011
BE25;4;4010,000000000000000;0,401000000000000;tp;StdTime;15-04-10 00:00:00;130,356082060093257
BE31;5;1403,000000000000000;0,140300000000000;tp;StdTime;15-04-10 00:00:00;144,376384329982585
BE32;6;4820,000000000000000;0,482000000000000;tp;StdTime;15-04-10 00:00:00;141,406962990661896
BE10;7;209,000000000000000;0,020900000000000;tp;StdTime;15-04-10 00:00:00;138,575167861281386
BE21;8;3689,000000000000000;0,368900000000000;tp;StdTime;15-04-10 00:00:00;154,391569655126972
BE33;9;4899,000000000000000;0,489900000000000;tp;StdTime;15-04-10 00:00:00;188,035762938705801
BE34;10;5582,000000000000000;0,558200000000000;tp;StdTime;15-04-10 00:00:00;200,418197284672686
BE35;11;4637,000000000000000;0,463700000000000;tp;StdTime;15-04-10 00:00:00;162,264100401160448
BE22;1;3104,000000000000000;0,310400000000000;tp;StdTime;15-04-11 00:00:00;82,523675729318924
BE23;2;3847,000000000000000;0,384700000000000;tp;StdTime;15-04-11 00:00:00;66,666203533794473
BE24;3;2706,000000000000000;0,270600000000000;tp;StdTime;15-04-11 00:00:00;69,847035573661898
BE25;4;4010,000000000000000;0,401000000000000;tp;StdTime;15-04-11 00:00:00;55,920013040557002
BE31;5;1403,000000000000000;0,140300000000000;tp;StdTime;15-04-11 00:00:00;71,534299783849576
BE32;6;4820,000000000000000;0,482000000000000;tp;StdTime;15-04-11 00:00:00;67,825053918609001
BE10;7;209,000000000000000;0,020900000000000;tp;StdTime;15-04-11 00:00:00;66,880691017260403
BE21;8;3689,000000000000000;0,368900000000000;tp;StdTime;15-04-11 00:00:00;77,939111469172701
BE33;9;4899,000000000000000;0,489900000000000;tp;StdTime;15-04-11 00:00:00;101,903699933666815
BE34;10;5582,000000000000000;0,558200000000000;tp;StdTime;15-04-11 00:00:00;101,236019450248989
BE35;11;4637,000000000000000;0,463700000000000;tp;StdTime;15-04-11 00:00:00;89,910413321272188
BE22;1;3104,000000000000000;0,310400000000000;tp;StdTime;15-04-12 00:00:00;168,160963092882639
BE23;2;3847,000000000000000;0,384700000000000;tp;StdTime;15-04-12 00:00:00;192,635677241460655
BE24;3;2706,000000000000000;0,270600000000000;tp;StdTime;15-04-12 00:00:00;179,518788210127923
BE25;4;4010,000000000000000;0,401000000000000;tp;StdTime;15-04-12 00:00:00;204,155279582872424
BE31;5;1403,000000000000000;0,140300000000000;tp;StdTime;15-04-12 00:00:00;191,743275724643411
BE32;6;4820,000000000000000;0,482000000000000;tp;StdTime;15-04-12 00:00:00;203,208387259328788
BE10;7;209,000000000000000;0,020900000000000;tp;StdTime;15-04-12 00:00:00;182,963023792613598
BE21;8;3689,000000000000000;0,368900000000000;tp;StdTime;15-04-12 00:00:00;176,900781934970752
BE33;9;4899,000000000000000;0,489900000000000;tp;StdTime;15-04-12 00:00:00;209,763920351251585
BE34;10;5582,000000000000000;0,558200000000000;tp;StdTime;15-04-12 00:00:00;242,425145634781359
BE35;11;4637,000000000000000;0,463700000000000;tp;StdTime;15-04-12 00:00:00;206,579880418873898
BE22;1;3104,000000000000000;0,310400000000000;tp;StdTime;15-04-13 00:00:00;194,827654007783764
BE23;2;3847,000000000000000;0,384700000000000;tp;StdTime;15-04-13 00:00:00;206,026567415971869
BE24;3;2706,000000000000000;0,270600000000000;tp;StdTime;15-04-13 00:00:00;197,670325387079231
BE25;4;4010,000000000000000;0,401000000000000;tp;StdTime;15-04-13 00:00:00;203,744411120331620
BE31;5;1403,000000000000000;0,140300000000000;tp;StdTime;15-04-13 00:00:00;198,085321536509866
BE32;6;4820,000000000000000;0,482000000000000;tp;StdTime;15-04-13 00:00:00;204,809454918699259
BE10;7;209,000000000000000;0,020900000000000;tp;StdTime;15-04-13 00:00:00;197,256398543216420
BE21;8;3689,000000000000000;0,368900000000000;tp;StdTime;15-04-13 00:00:00;204,317917502970062
BE33;9;4899,000000000000000;0,489900000000000;tp;StdTime;15-04-13 00:00:00;229,279637956746427
BE34;10;5582,000000000000000;0,558200000000000;tp;StdTime;15-04-13 00:00:00;264,851088375910194
BE35;11;4637,000000000000000;0,463700000000000;tp;StdTime;15-04-13 00:00:00;220,474641087087605
BE22;1;3104,000000000000000;0,310400000000000;tp;StdTime;15-04-14 00:00:00;135,446357446847486
BE23;2;3847,000000000000000;0,384700000000000;tp;StdTime;15-04-14 00:00:00;158,112609534069094
BE24;3;2706,000000000000000;0,270600000000000;tp;StdTime;15-04-14 00:00:00;131,017130153230028
BE25;4;4010,000000000000000;0,401000000000000;tp;StdTime;15-04-14 00:00:00;165,054271110096977
BE31;5;1403,000000000000000;0,140300000000000;tp;StdTime;15-04-14 00:00:00;127,578040097835583
BE32;6;4820,000000000000000;0,482000000000000;tp;StdTime;15-04-14 00:00:00;141,932836781102083
BE10;7;209,000000000000000;0,020900000000000;tp;StdTime;15-04-14 00:00:00;131,174207331461190
BE21;8;3689,000000000000000;0,368900000000000;tp;StdTime;15-04-14 00:00:00;152,710515424273382
BE33;9;4899,000000000000000;0,489900000000000;tp;StdTime;15-04-14 00:00:00;155,677186905595477
BE34;10;5582,000000000000000;0,558200000000000;tp;StdTime;15-04-14 00:00:00;160,903135558688376
BE35;11;4637,000000000000000;0,463700000000000;tp;StdTime;15-04-14 00:00:00;138,850112730762191
BE22;1;3104,000000000000000;0,310400000000000;tp;StdTime;15-04-15 00:00:00;174,631422583589824
BE23;2;3847,000000000000000;0,384700000000000;tp;StdTime;15-04-15 00:00:00;145,761770091244045
BE24;3;2706,000000000000000;0,270600000000000;tp;StdTime;15-04-15 00:00:00;167,866359724790556
BE25;4;4010,000000000000000;0,401000000000000;tp;StdTime;15-04-15 00:00:00;133,262490403325074
BE31;5;1403,000000000000000;0,140300000000000;tp;StdTime;15-04-15 00:00:00;173,566535150333607
BE32;6;4820,000000000000000;0,482000000000000;tp;StdTime;15-04-15 00:00:00;162,444883992365305
BE10;7;209,000000000000000;0,020900000000000;tp;StdTime;15-04-15 00:00:00;164,652647903661460
BE21;8;3689,000000000000000;0,368900000000000;tp;StdTime;15-04-15 00:00:00;159,679677626665921
BE33;9;4899,000000000000000;0,489900000000000;tp;StdTime;15-04-15 00:00:00;195,624445039803362
BE34;10;5582,000000000000000;0,558200000000000;tp;StdTime;15-04-15 00:00:00;199,430344817032875
BE35;11;4637,000000000000000;0,463700000000000;tp;StdTime;15-04-15 00:00:00;185,400929664675829
BE22;1;3104,000000000000000;0,310400000000000;tp;StdTime;15-04-16 00:00:00;235,055024397742045
BE23;2;3847,000000000000000;0,384700000000000;tp;StdTime;15-04-16 00:00:00;219,814590640522681
BE24;3;2706,000000000000000;0,270600000000000;tp;StdTime;15-04-16 00:00:00;241,095392107346782
BE25;4;4010,000000000000000;0,401000000000000;tp;StdTime;15-04-16 00:00:00;222,131307054933757
BE31;5;1403,000000000000000;0,140300000000000;tp;StdTime;15-04-16 00:00:00;258,798395995658780
BE32;6;4820,000000000000000;0,482000000000000;tp;StdTime;15-04-16 00:00:00;270,900050160895034
BE10;7;209,000000000000000;0,020900000000000;tp;StdTime;15-04-16 00:00:00;236,745124780390228
BE21;8;3689,000000000000000;0,368900000000000;tp;StdTime;15-04-16 00:00:00;228,834562546193922
BE33;9;4899,000000000000000;0,489900000000000;tp;StdTime;15-04-16 00:00:00;275,780742171055351
BE34;10;5582,000000000000000;0,558200000000000;tp;StdTime;15-04-16 00:00:00;312,031380216351863
BE35;11;4637,000000000000000;0,463700000000000;tp;StdTime;15-04-16 00:00:00;299,001651009531770
BE22;1;3104,000000000000000;0,310400000000000;tp;StdTime;15-04-17 00:00:00;157,885149267530721
BE23;2;3847,000000000000000;0,384700000000000;tp;StdTime;15-04-17 00:00:00;123,861299606493816
BE24;3;2706,000000000000000;0,270600000000000;tp;StdTime;15-04-17 00:00:00;139,470782734602466
BE25;4;4010,000000000000000;0,401000000000000;tp;StdTime;15-04-17 00:00:00;115,045026285451954
BE31;5;1403,000000000000000;0,140300000000000;tp;StdTime;15-04-17 00:00:00;145,964252344132717
BE32;6;4820,000000000000000;0,482000000000000;tp;StdTime;15-04-17 00:00:00;137,149492073850809
BE10;7;209,000000000000000;0,020900000000000;tp;StdTime;15-04-17 00:00:00;133,572893717642643
BE21;8;3689,000000000000000;0,368900000000000;tp;StdTime;15-04-17 00:00:00;144,893546270141400
BE33;9;4899,000000000000000;0,489900000000000;tp;StdTime;15-04-17 00:00:00;199,752565522903893
BE34;10;5582,000000000000000;0,558200000000000;tp;StdTime;15-04-17 00:00:00;178,798726438920625
BE35;11;4637,000000000000000;0,463700000000000;tp;StdTime;15-04-17 00:00:00;160,251076085212020
BE22;1;3104,000000000000000;0,310400000000000;tp;StdTime;15-04-18 00:00:00;201,703472304590065
BE23;2;3847,000000000000000;0,384700000000000;tp;StdTime;15-04-18 00:00:00;220,889558098487896
BE24;3;2706,000000000000000;0,270600000000000;tp;StdTime;15-04-18 00:00:00;204,935776715444263
BE25;4;4010,000000000000000;0,401000000000000;tp;StdTime;15-04-18 00:00:00;233,293603804819242
BE31;5;1403,000000000000000;0,140300000000000;tp;StdTime;15-04-18 00:00:00;207,443351326885931
BE32;6;4820,000000000000000;0,482000000000000;tp;StdTime;15-04-18 00:00:00;207,987479536760560
BE10;7;209,000000000000000;0,020900000000000;tp;StdTime;15-04-18 00:00:00;208,486560438238286
BE21;8;3689,000000000000000;0,368900000000000;tp;StdTime;15-04-18 00:00:00;223,276198691422252
BE33;9;4899,000000000000000;0,489900000000000;tp;StdTime;15-04-18 00:00:00;229,548318090865166
BE34;10;5582,000000000000000;0,558200000000000;tp;StdTime;15-04-18 00:00:00;238,367015673241866
BE35;11;4637,000000000000000;0,463700000000000;tp;StdTime;15-04-18 00:00:00;217,403929199719101
BE22;1;3104,000000000000000;0,310400000000000;tp;StdTime;15-04-19 00:00:00;185,010988594330655
BE23;2;3847,000000000000000;0,384700000000000;tp;StdTime;15-04-19 00:00:00;183,036735814300073
BE24;3;2706,000000000000000;0,270600000000000;tp;StdTime;15-04-19 00:00:00;185,186818175728376
BE25;4;4010,000000000000000;0,401000000000000;tp;StdTime;15-04-19 00:00:00;169,490808459350632
BE31;5;1403,000000000000000;0,140300000000000;tp;StdTime;15-04-19 00:00:00;196,137901452976166
BE32;6;4820,000000000000000;0,482000000000000;tp;StdTime;15-04-19 00:00:00;221,276391379961581
BE10;7;209,000000000000000;0,020900000000000;tp;StdTime;15-04-19 00:00:00;183,539448642274436
BE21;8;3689,000000000000000;0,368900000000000;tp;StdTime;15-04-19 00:00:00;182,862572649042676
BE33;9;4899,000000000000000;0,489900000000000;tp;StdTime;15-04-19 00:00:00;260,308342264973419
BE34;10;5582,000000000000000;0,558200000000000;tp;StdTime;15-04-19 00:00:00;293,774592955536605
BE35;11;4637,000000000000000;0,463700000000000;tp;StdTime;15-04-19 00:00:00;252,217916127085630
BE22;1;3104,000000000000000;0,310400000000000;tp;StdTime;15-04-20 00:00:00;117,860038464831419
BE23;2;3847,000000000000000;0,384700000000000;tp;StdTime;15-04-20 00:00:00;114,002390183998259
BE24;3;2706,000000000000000;0,270600000000000;tp;StdTime;15-04-20 00:00:00;112,335876932870192
BE25;4;4010,000000000000000;0,401000000000000;tp;StdTime;15-04-20 00:00:00;110,739132119651870
BE31;5;1403,000000000000000;0,140300000000000;tp;StdTime;15-04-20 00:00:00;115,766924933544303
BE32;6;4820,000000000000000;0,482000000000000;tp;StdTime;15-04-20 00:00:00;121,911160010816445
BE10;7;209,000000000000000;0,020900000000000;tp;StdTime;15-04-20 00:00:00;109,592621543190688
BE21;8;3689,000000000000000;0,368900000000000;tp;StdTime;15-04-20 00:00:00;109,992704534698547
BE33;9;4899,000000000000000;0,489900000000000;tp;StdTime;15-04-20 00:00:00;157,497346957866029
BE34;10;5582,000000000000000;0,558200000000000;tp;StdTime;15-04-20 00:00:00;171,477474998548189
BE35;11;4637,000000000000000;0,463700000000000;tp;StdTime;15-04-20 00:00:00;143,576396648447087
BE22;1;3104,000000000000000;0,310400000000000;tp;StdTime;15-04-21 00:00:00;204,610095746738182
BE23;2;3847,000000000000000;0,384700000000000;tp;StdTime;15-04-21 00:00:00;192,550462505121544
BE24;3;2706,000000000000000;0,270600000000000;tp;StdTime;15-04-21 00:00:00;189,838228184826249
BE25;4;4010,000000000000000;0,401000000000000;tp;StdTime;15-04-21 00:00:00;174,707254869266080
BE31;5;1403,000000000000000;0,140300000000000;tp;StdTime;15-04-21 00:00:00;196,239696815365562
BE32;6;4820,000000000000000;0,482000000000000;tp;StdTime;15-04-21 00:00:00;200,657912796463648
BE10;7;209,000000000000000;0,020900000000000;tp;StdTime;15-04-21 00:00:00;186,908401416249262
BE21;8;3689,000000000000000;0,368900000000000;tp;StdTime;15-04-21 00:00:00;200,432446379232744
BE33;9;4899,000000000000000;0,489900000000000;tp;StdTime;15-04-21 00:00:00;251,724467676010420
BE34;10;5582,000000000000000;0,558200000000000;tp;StdTime;15-04-21 00:00:00;266,840530581390112
BE35;11;4637,000000000000000;0,463700000000000;tp;StdTime;15-04-21 00:00:00;237,405799077609629
BE22;1;3104,000000000000000;0,310400000000000;tp;StdTime;15-04-22 00:00:00;116,066743125620647
BE23;2;3847,000000000000000;0,384700000000000;tp;StdTime;15-04-22 00:00:00;141,024909503124746
BE24;3;2706,000000000000000;0,270600000000000;tp;StdTime;15-04-22 00:00:00;119,658921827498219
BE25;4;4010,000000000000000;0,401000000000000;tp;StdTime;15-04-22 00:00:00;150,160021984071847
BE31;5;1403,000000000000000;0,140300000000000;tp;StdTime;15-04-22 00:00:00;112,323526454498776
BE32;6;4820,000000000000000;0,482000000000000;tp;StdTime;15-04-22 00:00:00;123,696947664442959
BE10;7;209,000000000000000;0,020900000000000;tp;StdTime;15-04-22 00:00:00;118,973600250682210
BE21;8;3689,000000000000000;0,368900000000000;tp;StdTime;15-04-22 00:00:00;137,601176683028228
BE33;9;4899,000000000000000;0,489900000000000;tp;StdTime;15-04-22 00:00:00;143,200278123901029
BE34;10;5582,000000000000000;0,558200000000000;tp;StdTime;15-04-22 00:00:00;148,864432370094647
BE35;11;4637,000000000000000;0,463700000000000;tp;StdTime;15-04-22 00:00:00;121,352551078344135
BE22;1;3104,000000000000000;0,310400000000000;tp;StdTime;15-04-23 00:00:00;134,045039039297222
BE23;2;3847,000000000000000;0,384700000000000;tp;StdTime;15-04-23 00:00:00;134,117169746336941
BE24;3;2706,000000000000000;0,270600000000000;tp;StdTime;15-04-23 00:00:00;136,758026557240157
BE25;4;4010,000000000000000;0,401000000000000;tp;StdTime;15-04-23 00:00:00;128,585760684500883
BE31;5;1403,000000000000000;0,140300000000000;tp;StdTime;15-04-23 00:00:00;143,009261910947856
BE32;6;4820,000000000000000;0,482000000000000;tp;StdTime;15-04-23 00:00:00;147,941599515859025
BE10;7;209,000000000000000;0,020900000000000;tp;StdTime;15-04-23 00:00:00;136,369462738767169
BE21;8;3689,000000000000000;0,368900000000000;tp;StdTime;15-04-23 00:00:00;134,495422168874910
BE33;9;4899,000000000000000;0,489900000000000;tp;StdTime;15-04-23 00:00:00;158,269496723835772
BE34;10;5582,000000000000000;0,558200000000000;tp;StdTime;15-04-23 00:00:00;161,795479867758274
BE35;11;4637,000000000000000;0,463700000000000;tp;StdTime;15-04-23 00:00:00;148,578450298165734
BE22;1;3104,000000000000000;0,310400000000000;tp;StdTime;15-04-24 00:00:00;329,850950604861566
BE23;2;3847,000000000000000;0,384700000000000;tp;StdTime;15-04-24 00:00:00;308,785087051966514
BE24;3;2706,000000000000000;0,270600000000000;tp;StdTime;15-04-24 00:00:00;307,148712158202557
BE25;4;4010,000000000000000;0,401000000000000;tp;StdTime;15-04-24 00:00:00;289,485299971810434
BE31;5;1403,000000000000000;0,140300000000000;tp;StdTime;15-04-24 00:00:00;309,425377778469681
BE32;6;4820,000000000000000;0,482000000000000;tp;StdTime;15-04-24 00:00:00;314,245456122560313
BE10;7;209,000000000000000;0,020900000000000;tp;StdTime;15-04-24 00:00:00;304,394682085685076
BE21;8;3689,000000000000000;0,368900000000000;tp;StdTime;15-04-24 00:00:00;335,694571135457181
BE33;9;4899,000000000000000;0,489900000000000;tp;StdTime;15-04-24 00:00:00;394,709514480094754
BE34;10;5582,000000000000000;0,558200000000000;tp;StdTime;15-04-24 00:00:00;389,774570707008422
BE35;11;4637,000000000000000;0,463700000000000;tp;StdTime;15-04-24 00:00:00;344,103767288073357
