NUTS_ID;ZONE_CODE;COUNT;AREA;Variable;Dimensions;StdTime;MEAN
BE22;1;3104,000000000000000;0,310400000000000;swvl1;StdTime;15-01-61 00:00:00;0,316447389360095
BE23;2;3847,000000000000000;0,384700000000000;swvl1;StdTime;15-01-61 00:00:00;0,326198828121207
BE24;3;2706,000000000000000;0,270600000000000;swvl1;StdTime;15-01-61 00:00:00;0,370319195669929
BE25;4;4010,000000000000000;0,401000000000000;swvl1;StdTime;15-01-61 00:00:00;0,351897660707892
BE31;5;1403,000000000000000;0,140300000000000;swvl1;StdTime;15-01-61 00:00:00;0,386868261390300
BE32;6;4820,000000000000000;0,482000000000000;swvl1;StdTime;15-01-61 00:00:00;0,388309933127703
BE10;7;209,000000000000000;0,020900000000000;swvl1;StdTime;15-01-61 00:00:00;0,386780517238179
BE21;8;3689,000000000000000;0,368900000000000;swvl1;StdTime;15-01-61 00:00:00;0,285682352788404
BE33;9;4899,000000000000000;0,489900000000000;swvl1;StdTime;15-01-61 00:00:00;0,390901386768240
BE34;10;5582,000000000000000;0,558200000000000;swvl1;StdTime;15-01-61 00:00:00;0,378811324429700
BE35;11;4637,000000000000000;0,463700000000000;swvl1;StdTime;15-01-61 00:00:00;0,390443566424183
BE22;1;3104,000000000000000;0,310400000000000;swvl1;StdTime;15-01-62 00:00:00;0,314370884406429
BE23;2;3847,000000000000000;0,384700000000000;swvl1;StdTime;15-01-62 00:00:00;0,325957975016962
BE24;3;2706,000000000000000;0,270600000000000;swvl1;StdTime;15-01-62 00:00:00;0,370690487991504
BE25;4;4010,000000000000000;0,401000000000000;swvl1;StdTime;15-01-62 00:00:00;0,349422525207597
BE31;5;1403,000000000000000;0,140300000000000;swvl1;StdTime;15-01-62 00:00:00;0,388802544886269
BE32;6;4820,000000000000000;0,482000000000000;swvl1;StdTime;15-01-62 00:00:00;0,389016555540294
BE10;7;209,000000000000000;0,020900000000000;swvl1;StdTime;15-01-62 00:00:00;0,387536714664487
BE21;8;3689,000000000000000;0,368900000000000;swvl1;StdTime;15-01-62 00:00:00;0,284203017822738
BE33;9;4899,000000000000000;0,489900000000000;swvl1;StdTime;15-01-62 00:00:00;0,392515015726211
BE34;10;5582,000000000000000;0,558200000000000;swvl1;StdTime;15-01-62 00:00:00;0,380301940642946
BE35;11;4637,000000000000000;0,463700000000000;swvl1;StdTime;15-01-62 00:00:00;0,391973786854605
BE22;1;3104,000000000000000;0,310400000000000;swvl1;StdTime;15-01-63 00:00:00;0,305247883514031
BE23;2;3847,000000000000000;0,384700000000000;swvl1;StdTime;15-01-63 00:00:00;0,313277565095838
BE24;3;2706,000000000000000;0,270600000000000;swvl1;StdTime;15-01-63 00:00:00;0,357275902641233
BE25;4;4010,000000000000000;0,401000000000000;swvl1;StdTime;15-01-63 00:00:00;0,333401388829189
BE31;5;1403,000000000000000;0,140300000000000;swvl1;StdTime;15-01-63 00:00:00;0,374394250549085
BE32;6;4820,000000000000000;0,482000000000000;swvl1;StdTime;15-01-63 00:00:00;0,370469850165716
BE10;7;209,000000000000000;0,020900000000000;swvl1;StdTime;15-01-63 00:00:00;0,371515647788938
BE21;8;3689,000000000000000;0,368900000000000;swvl1;StdTime;15-01-63 00:00:00;0,274726944358796
BE33;9;4899,000000000000000;0,489900000000000;swvl1;StdTime;15-01-63 00:00:00;0,374310198067938
BE34;10;5582,000000000000000;0,558200000000000;swvl1;StdTime;15-01-63 00:00:00;0,359395534504874
BE35;11;4637,000000000000000;0,463700000000000;swvl1;StdTime;15-01-63 00:00:00;0,374272097126275
BE22;1;3104,000000000000000;0,310400000000000;swvl1;StdTime;15-01-64 00:00:00;0,291688439628282
BE23;2;3847,000000000000000;0,384700000000000;swvl1;StdTime;15-01-64 00:00:00;0,302042168190580
BE24;3;2706,000000000000000;0,270600000000000;swvl1;StdTime;15-01-64 00:00:00;0,347108386319299
BE25;4;4010,000000000000000;0,401000000000000;swvl1;StdTime;15-01-64 00:00:00;0,328707866485875
BE31;5;1403,000000000000000;0,140300000000000;swvl1;StdTime;15-01-64 00:00:00;0,365525786207985
BE32;6;4820,000000000000000;0,482000000000000;swvl1;StdTime;15-01-64 00:00:00;0,364177431982335
BE10;7;209,000000000000000;0,020900000000000;swvl1;StdTime;15-01-64 00:00:00;0,363083104910463
BE21;8;3689,000000000000000;0,368900000000000;swvl1;StdTime;15-01-64 00:00:00;0,258870400914528
BE33;9;4899,000000000000000;0,489900000000000;swvl1;StdTime;15-01-64 00:00:00;0,374542731774246
BE34;10;5582,000000000000000;0,558200000000000;swvl1;StdTime;15-01-64 00:00:00;0,358410203090623
BE35;11;4637,000000000000000;0,463700000000000;swvl1;StdTime;15-01-64 00:00:00;0,369118645565505
BE22;1;3104,000000000000000;0,310400000000000;swvl1;StdTime;15-01-65 00:00:00;0,311223827196842
BE23;2;3847,000000000000000;0,384700000000000;swvl1;StdTime;15-01-65 00:00:00;0,321875728560262
BE24;3;2706,000000000000000;0,270600000000000;swvl1;StdTime;15-01-65 00:00:00;0,366739012284448
BE25;4;4010,000000000000000;0,401000000000000;swvl1;StdTime;15-01-65 00:00:00;0,345411136947070
BE31;5;1403,000000000000000;0,140300000000000;swvl1;StdTime;15-01-65 00:00:00;0,386639330145808
BE32;6;4820,000000000000000;0,482000000000000;swvl1;StdTime;15-01-65 00:00:00;0,387461745998672
BE10;7;209,000000000000000;0,020900000000000;swvl1;StdTime;15-01-65 00:00:00;0,383241943195106
BE21;8;3689,000000000000000;0,368900000000000;swvl1;StdTime;15-01-65 00:00:00;0,277359481635343
BE33;9;4899,000000000000000;0,489900000000000;swvl1;StdTime;15-01-65 00:00:00;0,390973064383090
BE34;10;5582,000000000000000;0,558200000000000;swvl1;StdTime;15-01-65 00:00:00;0,375593443843294
BE35;11;4637,000000000000000;0,463700000000000;swvl1;StdTime;15-01-65 00:00:00;0,389877920061292
BE22;1;3104,000000000000000;0,310400000000000;swvl1;StdTime;15-01-66 00:00:00;0,320165666559538
BE23;2;3847,000000000000000;0,384700000000000;swvl1;StdTime;15-01-66 00:00:00;0,328998192482438
BE24;3;2706,000000000000000;0,270600000000000;swvl1;StdTime;15-01-66 00:00:00;0,374635147347947
BE25;4;4010,000000000000000;0,401000000000000;swvl1;StdTime;15-01-66 00:00:00;0,351609593020413
BE31;5;1403,000000000000000;0,140300000000000;swvl1;StdTime;15-01-66 00:00:00;0,392144221029193
BE32;6;4820,000000000000000;0,482000000000000;swvl1;StdTime;15-01-66 00:00:00;0,391762295396249
BE10;7;209,000000000000000;0,020900000000000;swvl1;StdTime;15-01-66 00:00:00;0,390922655614369
BE21;8;3689,000000000000000;0,368900000000000;swvl1;StdTime;15-01-66 00:00:00;0,289293958278620
BE33;9;4899,000000000000000;0,489900000000000;swvl1;StdTime;15-01-66 00:00:00;0,396823530642201
BE34;10;5582,000000000000000;0,558200000000000;swvl1;StdTime;15-01-66 00:00:00;0,384203205876178
BE35;11;4637,000000000000000;0,463700000000000;swvl1;StdTime;15-01-66 00:00:00;0,394599460491158
BE22;1;3104,000000000000000;0,310400000000000;swvl1;StdTime;15-01-67 00:00:00;0,316147148753181
BE23;2;3847,000000000000000;0,384700000000000;swvl1;StdTime;15-01-67 00:00:00;0,323345213082663
BE24;3;2706,000000000000000;0,270600000000000;swvl1;StdTime;15-01-67 00:00:00;0,369422258433376
BE25;4;4010,000000000000000;0,401000000000000;swvl1;StdTime;15-01-67 00:00:00;0,347438528494645
BE31;5;1403,000000000000000;0,140300000000000;swvl1;StdTime;15-01-67 00:00:00;0,386604285758474
BE32;6;4820,000000000000000;0,482000000000000;swvl1;StdTime;15-01-67 00:00:00;0,386691237757315
BE10;7;209,000000000000000;0,020900000000000;swvl1;StdTime;15-01-67 00:00:00;0,384829991171805
BE21;8;3689,000000000000000;0,368900000000000;swvl1;StdTime;15-01-67 00:00:00;0,285137883311010
BE33;9;4899,000000000000000;0,489900000000000;swvl1;StdTime;15-01-67 00:00:00;0,392814738254301
BE34;10;5582,000000000000000;0,558200000000000;swvl1;StdTime;15-01-67 00:00:00;0,378943403181061
BE35;11;4637,000000000000000;0,463700000000000;swvl1;StdTime;15-01-67 00:00:00;0,390433240668229
BE22;1;3104,000000000000000;0,310400000000000;swvl1;StdTime;15-01-68 00:00:00;0,319617344575368
BE23;2;3847,000000000000000;0,384700000000000;swvl1;StdTime;15-01-68 00:00:00;0,327608960462541
BE24;3;2706,000000000000000;0,270600000000000;swvl1;StdTime;15-01-68 00:00:00;0,374472652927471
BE25;4;4010,000000000000000;0,401000000000000;swvl1;StdTime;15-01-68 00:00:00;0,349423513938661
BE31;5;1403,000000000000000;0,140300000000000;swvl1;StdTime;15-01-68 00:00:00;0,393398165617853
BE32;6;4820,000000000000000;0,482000000000000;swvl1;StdTime;15-01-68 00:00:00;0,392364542718002
BE10;7;209,000000000000000;0,020900000000000;swvl1;StdTime;15-01-68 00:00:00;0,390491589404750
BE21;8;3689,000000000000000;0,368900000000000;swvl1;StdTime;15-01-68 00:00:00;0,287295810799509
BE33;9;4899,000000000000000;0,489900000000000;swvl1;StdTime;15-01-68 00:00:00;0,395728922305145
BE34;10;5582,000000000000000;0,558200000000000;swvl1;StdTime;15-01-68 00:00:00;0,382285960133424
BE35;11;4637,000000000000000;0,463700000000000;swvl1;StdTime;15-01-68 00:00:00;0,396495140791711
BE22;1;3104,000000000000000;0,310400000000000;swvl1;StdTime;15-01-69 00:00:00;0,305562522627183
BE23;2;3847,000000000000000;0,384700000000000;swvl1;StdTime;15-01-69 00:00:00;0,319749511261249
BE24;3;2706,000000000000000;0,270600000000000;swvl1;StdTime;15-01-69 00:00:00;0,363844685074760
BE25;4;4010,000000000000000;0,401000000000000;swvl1;StdTime;15-01-69 00:00:00;0,348609329057751
BE31;5;1403,000000000000000;0,140300000000000;swvl1;StdTime;15-01-69 00:00:00;0,382455417346037
BE32;6;4820,000000000000000;0,482000000000000;swvl1;StdTime;15-01-69 00:00:00;0,383728698001115
BE10;7;209,000000000000000;0,020900000000000;swvl1;StdTime;15-01-69 00:00:00;0,380956525580164
BE21;8;3689,000000000000000;0,368900000000000;swvl1;StdTime;15-01-69 00:00:00;0,274151807031388
BE33;9;4899,000000000000000;0,489900000000000;swvl1;StdTime;15-01-69 00:00:00;0,384391164269878
BE34;10;5582,000000000000000;0,558200000000000;swvl1;StdTime;15-01-69 00:00:00;0,374676417515338
BE35;11;4637,000000000000000;0,463700000000000;swvl1;StdTime;15-01-69 00:00:00;0,385707827286138
BE22;1;3104,000000000000000;0,310400000000000;swvl1;StdTime;15-01-70 00:00:00;0,318117733852765
BE23;2;3847,000000000000000;0,384700000000000;swvl1;StdTime;15-01-70 00:00:00;0,328926156062661
BE24;3;2706,000000000000000;0,270600000000000;swvl1;StdTime;15-01-70 00:00:00;0,373042824351162
BE25;4;4010,000000000000000;0,401000000000000;swvl1;StdTime;15-01-70 00:00:00;0,355843517607882
BE31;5;1403,000000000000000;0,140300000000000;swvl1;StdTime;15-01-70 00:00:00;0,392255457103549
BE32;6;4820,000000000000000;0,482000000000000;swvl1;StdTime;15-01-70 00:00:00;0,392821310472935
BE10;7;209,000000000000000;0,020900000000000;swvl1;StdTime;15-01-70 00:00:00;0,389157891986473
BE21;8;3689,000000000000000;0,368900000000000;swvl1;StdTime;15-01-70 00:00:00;0,284934244292576
BE33;9;4899,000000000000000;0,489900000000000;swvl1;StdTime;15-01-70 00:00:00;0,392347647514020
BE34;10;5582,000000000000000;0,558200000000000;swvl1;StdTime;15-01-70 00:00:00;0,380980780222048
BE35;11;4637,000000000000000;0,463700000000000;swvl1;StdTime;15-01-70 00:00:00;0,395189570280301
BE22;1;3104,000000000000000;0,310400000000000;swvl1;StdTime;15-01-71 00:00:00;0,304130091994387
BE23;2;3847,000000000000000;0,384700000000000;swvl1;StdTime;15-01-71 00:00:00;0,314791661913066
BE24;3;2706,000000000000000;0,270600000000000;swvl1;StdTime;15-01-71 00:00:00;0,357634772746896
BE25;4;4010,000000000000000;0,401000000000000;swvl1;StdTime;15-01-71 00:00:00;0,344468997541509
BE31;5;1403,000000000000000;0,140300000000000;swvl1;StdTime;15-01-71 00:00:00;0,376799833940253
BE32;6;4820,000000000000000;0,482000000000000;swvl1;StdTime;15-01-71 00:00:00;0,377646145187473
BE10;7;209,000000000000000;0,020900000000000;swvl1;StdTime;15-01-71 00:00:00;0,372907088418897
BE21;8;3689,000000000000000;0,368900000000000;swvl1;StdTime;15-01-71 00:00:00;0,271138460954762
BE33;9;4899,000000000000000;0,489900000000000;swvl1;StdTime;15-01-71 00:00:00;0,386508922493927
BE34;10;5582,000000000000000;0,558200000000000;swvl1;StdTime;15-01-71 00:00:00;0,371938452706547
BE35;11;4637,000000000000000;0,463700000000000;swvl1;StdTime;15-01-71 00:00:00;0,384402721259058
BE22;1;3104,000000000000000;0,310400000000000;swvl1;StdTime;15-01-72 00:00:00;0,303637851039236
BE23;2;3847,000000000000000;0,384700000000000;swvl1;StdTime;15-01-72 00:00:00;0,311566404899529
BE24;3;2706,000000000000000;0,270600000000000;swvl1;StdTime;15-01-72 00:00:00;0,358900420692614
BE25;4;4010,000000000000000;0,401000000000000;swvl1;StdTime;15-01-72 00:00:00;0,337142304998087
BE31;5;1403,000000000000000;0,140300000000000;swvl1;StdTime;15-01-72 00:00:00;0,378995207659449
BE32;6;4820,000000000000000;0,482000000000000;swvl1;StdTime;15-01-72 00:00:00;0,379940412153347
BE10;7;209,000000000000000;0,020900000000000;swvl1;StdTime;15-01-72 00:00:00;0,373964060008811
BE21;8;3689,000000000000000;0,368900000000000;swvl1;StdTime;15-01-72 00:00:00;0,269701093568586
BE33;9;4899,000000000000000;0,489900000000000;swvl1;StdTime;15-01-72 00:00:00;0,384872563714078
BE34;10;5582,000000000000000;0,558200000000000;swvl1;StdTime;15-01-72 00:00:00;0,371426766585466
BE35;11;4637,000000000000000;0,463700000000000;swvl1;StdTime;15-01-72 00:00:00;0,383651239426712
BE22;1;3104,000000000000000;0,310400000000000;swvl1;StdTime;15-01-73 00:00:00;0,294610713546155
BE23;2;3847,000000000000000;0,384700000000000;swvl1;StdTime;15-01-73 00:00:00;0,302451195885276
BE24;3;2706,000000000000000;0,270600000000000;swvl1;StdTime;15-01-73 00:00:00;0,349045740417084
BE25;4;4010,000000000000000;0,401000000000000;swvl1;StdTime;15-01-73 00:00:00;0,327153918998052
BE31;5;1403,000000000000000;0,140300000000000;swvl1;StdTime;15-01-73 00:00:00;0,369737980753205
BE32;6;4820,000000000000000;0,482000000000000;swvl1;StdTime;15-01-73 00:00:00;0,370764968126888
BE10;7;209,000000000000000;0,020900000000000;swvl1;StdTime;15-01-73 00:00:00;0,364790241541475
BE21;8;3689,000000000000000;0,368900000000000;swvl1;StdTime;15-01-73 00:00:00;0,261957237365189
BE33;9;4899,000000000000000;0,489900000000000;swvl1;StdTime;15-01-73 00:00:00;0,375604411416405
BE34;10;5582,000000000000000;0,558200000000000;swvl1;StdTime;15-01-73 00:00:00;0,367178828266306
BE35;11;4637,000000000000000;0,463700000000000;swvl1;StdTime;15-01-73 00:00:00;0,376533751173320
BE22;1;3104,000000000000000;0,310400000000000;swvl1;StdTime;15-01-74 00:00:00;0,313781629950192
BE23;2;3847,000000000000000;0,384700000000000;swvl1;StdTime;15-01-74 00:00:00;0,323520361168651
BE24;3;2706,000000000000000;0,270600000000000;swvl1;StdTime;15-01-74 00:00:00;0,368894258000546
BE25;4;4010,000000000000000;0,401000000000000;swvl1;StdTime;15-01-74 00:00:00;0,346419524172892
BE31;5;1403,000000000000000;0,140300000000000;swvl1;StdTime;15-01-74 00:00:00;0,387365378019900
BE32;6;4820,000000000000000;0,482000000000000;swvl1;StdTime;15-01-74 00:00:00;0,387428049291813
BE10;7;209,000000000000000;0,020900000000000;swvl1;StdTime;15-01-74 00:00:00;0,385125199288272
BE21;8;3689,000000000000000;0,368900000000000;swvl1;StdTime;15-01-74 00:00:00;0,281557857836769
BE33;9;4899,000000000000000;0,489900000000000;swvl1;StdTime;15-01-74 00:00:00;0,391393330619637
BE34;10;5582,000000000000000;0,558200000000000;swvl1;StdTime;15-01-74 00:00:00;0,379735639235402
BE35;11;4637,000000000000000;0,463700000000000;swvl1;StdTime;15-01-74 00:00:00;0,390919413177366
BE22;1;3104,000000000000000;0,310400000000000;swvl1;StdTime;15-01-75 00:00:00;0,312547633942870
BE23;2;3847,000000000000000;0,384700000000000;swvl1;StdTime;15-01-75 00:00:00;0,322465765606376
BE24;3;2706,000000000000000;0,270600000000000;swvl1;StdTime;15-01-75 00:00:00;0,367675030156585
BE25;4;4010,000000000000000;0,401000000000000;swvl1;StdTime;15-01-75 00:00:00;0,347146104554880
BE31;5;1403,000000000000000;0,140300000000000;swvl1;StdTime;15-01-75 00:00:00;0,385280270960529
BE32;6;4820,000000000000000;0,482000000000000;swvl1;StdTime;15-01-75 00:00:00;0,385323485997949
BE10;7;209,000000000000000;0,020900000000000;swvl1;StdTime;15-01-75 00:00:00;0,384076175507176
BE21;8;3689,000000000000000;0,368900000000000;swvl1;StdTime;15-01-75 00:00:00;0,281044543775060
BE33;9;4899,000000000000000;0,489900000000000;swvl1;StdTime;15-01-75 00:00:00;0,391653243760282
BE34;10;5582,000000000000000;0,558200000000000;swvl1;StdTime;15-01-75 00:00:00;0,378033533959310
BE35;11;4637,000000000000000;0,463700000000000;swvl1;StdTime;15-01-75 00:00:00;0,388633748060520
BE22;1;3104,000000000000000;0,310400000000000;swvl1;StdTime;15-01-76 00:00:00;0,304150532114982
BE23;2;3847,000000000000000;0,384700000000000;swvl1;StdTime;15-01-76 00:00:00;0,311629414112964
BE24;3;2706,000000000000000;0,270600000000000;swvl1;StdTime;15-01-76 00:00:00;0,358203548968323
BE25;4;4010,000000000000000;0,401000000000000;swvl1;StdTime;15-01-76 00:00:00;0,339495520304860
BE31;5;1403,000000000000000;0,140300000000000;swvl1;StdTime;15-01-76 00:00:00;0,377801761147981
BE32;6;4820,000000000000000;0,482000000000000;swvl1;StdTime;15-01-76 00:00:00;0,376945356214690
BE10;7;209,000000000000000;0,020900000000000;swvl1;StdTime;15-01-76 00:00:00;0,373477411327179
BE21;8;3689,000000000000000;0,368900000000000;swvl1;StdTime;15-01-76 00:00:00;0,269802043155365
BE33;9;4899,000000000000000;0,489900000000000;swvl1;StdTime;15-01-76 00:00:00;0,388918900871842
BE34;10;5582,000000000000000;0,558200000000000;swvl1;StdTime;15-01-76 00:00:00;0,374932282150796
BE35;11;4637,000000000000000;0,463700000000000;swvl1;StdTime;15-01-76 00:00:00;0,384340254016701
BE22;1;3104,000000000000000;0,310400000000000;swvl1;StdTime;15-01-77 00:00:00;0,315595396679164
BE23;2;3847,000000000000000;0,384700000000000;swvl1;StdTime;15-01-77 00:00:00;0,327520981922936
BE24;3;2706,000000000000000;0,270600000000000;swvl1;StdTime;15-01-77 00:00:00;0,371006381727551
BE25;4;4010,000000000000000;0,401000000000000;swvl1;StdTime;15-01-77 00:00:00;0,354394240413520
BE31;5;1403,000000000000000;0,140300000000000;swvl1;StdTime;15-01-77 00:00:00;0,389841548009847
BE32;6;4820,000000000000000;0,482000000000000;swvl1;StdTime;15-01-77 00:00:00;0,390680720103727
BE10;7;209,000000000000000;0,020900000000000;swvl1;StdTime;15-01-77 00:00:00;0,386770881676788
BE21;8;3689,000000000000000;0,368900000000000;swvl1;StdTime;15-01-77 00:00:00;0,285055649816974
BE33;9;4899,000000000000000;0,489900000000000;swvl1;StdTime;15-01-77 00:00:00;0,392715668411834
BE34;10;5582,000000000000000;0,558200000000000;swvl1;StdTime;15-01-77 00:00:00;0,383022429678483
BE35;11;4637,000000000000000;0,463700000000000;swvl1;StdTime;15-01-77 00:00:00;0,394665810075690
BE22;1;3104,000000000000000;0,310400000000000;swvl1;StdTime;15-01-78 00:00:00;0,310729147779957
BE23;2;3847,000000000000000;0,384700000000000;swvl1;StdTime;15-01-78 00:00:00;0,324201176429619
BE24;3;2706,000000000000000;0,270600000000000;swvl1;StdTime;15-01-78 00:00:00;0,367646140230204
BE25;4;4010,000000000000000;0,401000000000000;swvl1;StdTime;15-01-78 00:00:00;0,350315430804976
BE31;5;1403,000000000000000;0,140300000000000;swvl1;StdTime;15-01-78 00:00:00;0,385620446776120
BE32;6;4820,000000000000000;0,482000000000000;swvl1;StdTime;15-01-78 00:00:00;0,386771719800732
BE10;7;209,000000000000000;0,020900000000000;swvl1;StdTime;15-01-78 00:00:00;0,384397299380964
BE21;8;3689,000000000000000;0,368900000000000;swvl1;StdTime;15-01-78 00:00:00;0,280667059254796
BE33;9;4899,000000000000000;0,489900000000000;swvl1;StdTime;15-01-78 00:00:00;0,389644856123468
BE34;10;5582,000000000000000;0,558200000000000;swvl1;StdTime;15-01-78 00:00:00;0,379144162799201
BE35;11;4637,000000000000000;0,463700000000000;swvl1;StdTime;15-01-78 00:00:00;0,389853826056582
BE22;1;3104,000000000000000;0,310400000000000;swvl1;StdTime;15-01-79 00:00:00;0,313319859181329
BE23;2;3847,000000000000000;0,384700000000000;swvl1;StdTime;15-01-79 00:00:00;0,323389292964074
BE24;3;2706,000000000000000;0,270600000000000;swvl1;StdTime;15-01-79 00:00:00;0,366501549053703
BE25;4;4010,000000000000000;0,401000000000000;swvl1;StdTime;15-01-79 00:00:00;0,347778330479477
BE31;5;1403,000000000000000;0,140300000000000;swvl1;StdTime;15-01-79 00:00:00;0,384636757357666
BE32;6;4820,000000000000000;0,482000000000000;swvl1;StdTime;15-01-79 00:00:00;0,385900300011596
BE10;7;209,000000000000000;0,020900000000000;swvl1;StdTime;15-01-79 00:00:00;0,381917320370104
BE21;8;3689,000000000000000;0,368900000000000;swvl1;StdTime;15-01-79 00:00:00;0,282421610419361
BE33;9;4899,000000000000000;0,489900000000000;swvl1;StdTime;15-01-79 00:00:00;0,386313025788108
BE34;10;5582,000000000000000;0,558200000000000;swvl1;StdTime;15-01-79 00:00:00;0,372809861924477
BE35;11;4637,000000000000000;0,463700000000000;swvl1;StdTime;15-01-79 00:00:00;0,387727457495736
BE22;1;3104,000000000000000;0,310400000000000;swvl1;StdTime;15-01-80 00:00:00;0,312570300452488
BE23;2;3847,000000000000000;0,384700000000000;swvl1;StdTime;15-01-80 00:00:00;0,325365951100293
BE24;3;2706,000000000000000;0,270600000000000;swvl1;StdTime;15-01-80 00:00:00;0,367919798414529
BE25;4;4010,000000000000000;0,401000000000000;swvl1;StdTime;15-01-80 00:00:00;0,350655616043214
BE31;5;1403,000000000000000;0,140300000000000;swvl1;StdTime;15-01-80 00:00:00;0,385118542551060
BE32;6;4820,000000000000000;0,482000000000000;swvl1;StdTime;15-01-80 00:00:00;0,387225623212414
BE10;7;209,000000000000000;0,020900000000000;swvl1;StdTime;15-01-80 00:00:00;0,384193527498884
BE21;8;3689,000000000000000;0,368900000000000;swvl1;StdTime;15-01-80 00:00:00;0,283160409684361
BE33;9;4899,000000000000000;0,489900000000000;swvl1;StdTime;15-01-80 00:00:00;0,388259106319663
BE34;10;5582,000000000000000;0,558200000000000;swvl1;StdTime;15-01-80 00:00:00;0,377846449554842
BE35;11;4637,000000000000000;0,463700000000000;swvl1;StdTime;15-01-80 00:00:00;0,389063951165506
BE22;1;3104,000000000000000;0,310400000000000;swvl1;StdTime;15-01-81 00:00:00;0,316546750322138
BE23;2;3847,000000000000000;0,384700000000000;swvl1;StdTime;15-01-81 00:00:00;0,324825356246466
BE24;3;2706,000000000000000;0,270600000000000;swvl1;StdTime;15-01-81 00:00:00;0,371172876884034
BE25;4;4010,000000000000000;0,401000000000000;swvl1;StdTime;15-01-81 00:00:00;0,348189134579941
BE31;5;1403,000000000000000;0,140300000000000;swvl1;StdTime;15-01-81 00:00:00;0,389492986568449
BE32;6;4820,000000000000000;0,482000000000000;swvl1;StdTime;15-01-81 00:00:00;0,389294626795651
BE10;7;209,000000000000000;0,020900000000000;swvl1;StdTime;15-01-81 00:00:00;0,387706597883736
BE21;8;3689,000000000000000;0,368900000000000;swvl1;StdTime;15-01-81 00:00:00;0,284106484400480
BE33;9;4899,000000000000000;0,489900000000000;swvl1;StdTime;15-01-81 00:00:00;0,393327136487711
BE34;10;5582,000000000000000;0,558200000000000;swvl1;StdTime;15-01-81 00:00:00;0,380764513748686
BE35;11;4637,000000000000000;0,463700000000000;swvl1;StdTime;15-01-81 00:00:00;0,393497265372420
BE22;1;3104,000000000000000;0,310400000000000;swvl1;StdTime;15-01-82 00:00:00;0,313528925391663
BE23;2;3847,000000000000000;0,384700000000000;swvl1;StdTime;15-01-82 00:00:00;0,322664462965373
BE24;3;2706,000000000000000;0,270600000000000;swvl1;StdTime;15-01-82 00:00:00;0,368225134672365
BE25;4;4010,000000000000000;0,401000000000000;swvl1;StdTime;15-01-82 00:00:00;0,348400647897375
BE31;5;1403,000000000000000;0,140300000000000;swvl1;StdTime;15-01-82 00:00:00;0,386131403260119
BE32;6;4820,000000000000000;0,482000000000000;swvl1;StdTime;15-01-82 00:00:00;0,386634978862225
BE10;7;209,000000000000000;0,020900000000000;swvl1;StdTime;15-01-82 00:00:00;0,384578701696898
BE21;8;3689,000000000000000;0,368900000000000;swvl1;StdTime;15-01-82 00:00:00;0,280424655962197
BE33;9;4899,000000000000000;0,489900000000000;swvl1;StdTime;15-01-82 00:00:00;0,386505182713094
BE34;10;5582,000000000000000;0,558200000000000;swvl1;StdTime;15-01-82 00:00:00;0,375032500687230
BE35;11;4637,000000000000000;0,463700000000000;swvl1;StdTime;15-01-82 00:00:00;0,389612185246784
BE22;1;3104,000000000000000;0,310400000000000;swvl1;StdTime;15-01-83 00:00:00;0,316034878959361
BE23;2;3847,000000000000000;0,384700000000000;swvl1;StdTime;15-01-83 00:00:00;0,323143774405808
BE24;3;2706,000000000000000;0,270600000000000;swvl1;StdTime;15-01-83 00:00:00;0,370534681978705
BE25;4;4010,000000000000000;0,401000000000000;swvl1;StdTime;15-01-83 00:00:00;0,348149883516709
BE31;5;1403,000000000000000;0,140300000000000;swvl1;StdTime;15-01-83 00:00:00;0,389736925332102
BE32;6;4820,000000000000000;0,482000000000000;swvl1;StdTime;15-01-83 00:00:00;0,389655628689097
BE10;7;209,000000000000000;0,020900000000000;swvl1;StdTime;15-01-83 00:00:00;0,386794994607497
BE21;8;3689,000000000000000;0,368900000000000;swvl1;StdTime;15-01-83 00:00:00;0,281976837175072
BE33;9;4899,000000000000000;0,489900000000000;swvl1;StdTime;15-01-83 00:00:00;0,394545031435806
BE34;10;5582,000000000000000;0,558200000000000;swvl1;StdTime;15-01-83 00:00:00;0,381894118942398
BE35;11;4637,000000000000000;0,463700000000000;swvl1;StdTime;15-01-83 00:00:00;0,394397597908587
BE22;1;3104,000000000000000;0,310400000000000;swvl1;StdTime;15-01-84 00:00:00;0,313253902033279
BE23;2;3847,000000000000000;0,384700000000000;swvl1;StdTime;15-01-84 00:00:00;0,321649561284392
BE24;3;2706,000000000000000;0,270600000000000;swvl1;StdTime;15-01-84 00:00:00;0,365312460763139
BE25;4;4010,000000000000000;0,401000000000000;swvl1;StdTime;15-01-84 00:00:00;0,347131716179431
BE31;5;1403,000000000000000;0,140300000000000;swvl1;StdTime;15-01-84 00:00:00;0,383004927754147
BE32;6;4820,000000000000000;0,482000000000000;swvl1;StdTime;15-01-84 00:00:00;0,382598258251965
BE10;7;209,000000000000000;0,020900000000000;swvl1;StdTime;15-01-84 00:00:00;0,380155299696626
BE21;8;3689,000000000000000;0,368900000000000;swvl1;StdTime;15-01-84 00:00:00;0,282620255945174
BE33;9;4899,000000000000000;0,489900000000000;swvl1;StdTime;15-01-84 00:00:00;0,390398380828892
BE34;10;5582,000000000000000;0,558200000000000;swvl1;StdTime;15-01-84 00:00:00;0,378454830880577
BE35;11;4637,000000000000000;0,463700000000000;swvl1;StdTime;15-01-84 00:00:00;0,387519392360251
BE22;1;3104,000000000000000;0,310400000000000;swvl1;StdTime;15-01-85 00:00:00;0,302142411892868
BE23;2;3847,000000000000000;0,384700000000000;swvl1;StdTime;15-01-85 00:00:00;0,315907770026526
BE24;3;2706,000000000000000;0,270600000000000;swvl1;StdTime;15-01-85 00:00:00;0,359179662847554
BE25;4;4010,000000000000000;0,401000000000000;swvl1;StdTime;15-01-85 00:00:00;0,343541691591615
BE31;5;1403,000000000000000;0,140300000000000;swvl1;StdTime;15-01-85 00:00:00;0,376429408958616
BE32;6;4820,000000000000000;0,482000000000000;swvl1;StdTime;15-01-85 00:00:00;0,378161392376384
BE10;7;209,000000000000000;0,020900000000000;swvl1;StdTime;15-01-85 00:00:00;0,375787417997013
BE21;8;3689,000000000000000;0,368900000000000;swvl1;StdTime;15-01-85 00:00:00;0,271993224740061
BE33;9;4899,000000000000000;0,489900000000000;swvl1;StdTime;15-01-85 00:00:00;0,378120905174287
BE34;10;5582,000000000000000;0,558200000000000;swvl1;StdTime;15-01-85 00:00:00;0,364956596106109
BE35;11;4637,000000000000000;0,463700000000000;swvl1;StdTime;15-01-85 00:00:00;0,379471869639135
BE22;1;3104,000000000000000;0,310400000000000;swvl1;StdTime;15-01-86 00:00:00;0,308785045605883
BE23;2;3847,000000000000000;0,384700000000000;swvl1;StdTime;15-01-86 00:00:00;0,315956757003250
BE24;3;2706,000000000000000;0,270600000000000;swvl1;StdTime;15-01-86 00:00:00;0,361536197039434
BE25;4;4010,000000000000000;0,401000000000000;swvl1;StdTime;15-01-86 00:00:00;0,341040873207952
BE31;5;1403,000000000000000;0,140300000000000;swvl1;StdTime;15-01-86 00:00:00;0,380477755964439
BE32;6;4820,000000000000000;0,482000000000000;swvl1;StdTime;15-01-86 00:00:00;0,380034633691875
BE10;7;209,000000000000000;0,020900000000000;swvl1;StdTime;15-01-86 00:00:00;0,376809307547848
BE21;8;3689,000000000000000;0,368900000000000;swvl1;StdTime;15-01-86 00:00:00;0,275227447590488
BE33;9;4899,000000000000000;0,489900000000000;swvl1;StdTime;15-01-86 00:00:00;0,385927813312037
BE34;10;5582,000000000000000;0,558200000000000;swvl1;StdTime;15-01-86 00:00:00;0,373102542566852
BE35;11;4637,000000000000000;0,463700000000000;swvl1;StdTime;15-01-86 00:00:00;0,386426114890759
BE22;1;3104,000000000000000;0,310400000000000;swvl1;StdTime;15-01-87 00:00:00;0,312867847578504
BE23;2;3847,000000000000000;0,384700000000000;swvl1;StdTime;15-01-87 00:00:00;0,319611444252015
BE24;3;2706,000000000000000;0,270600000000000;swvl1;StdTime;15-01-87 00:00:00;0,367031917471579
BE25;4;4010,000000000000000;0,401000000000000;swvl1;StdTime;15-01-87 00:00:00;0,343159740643014
BE31;5;1403,000000000000000;0,140300000000000;swvl1;StdTime;15-01-87 00:00:00;0,384766112649262
BE32;6;4820,000000000000000;0,482000000000000;swvl1;StdTime;15-01-87 00:00:00;0,384799597384525
BE10;7;209,000000000000000;0,020900000000000;swvl1;StdTime;15-01-87 00:00:00;0,383357339213339
BE21;8;3689,000000000000000;0,368900000000000;swvl1;StdTime;15-01-87 00:00:00;0,279257517902790
BE33;9;4899,000000000000000;0,489900000000000;swvl1;StdTime;15-01-87 00:00:00;0,386232836145750
BE34;10;5582,000000000000000;0,558200000000000;swvl1;StdTime;15-01-87 00:00:00;0,371867570717759
BE35;11;4637,000000000000000;0,463700000000000;swvl1;StdTime;15-01-87 00:00:00;0,386723465142590
BE22;1;3104,000000000000000;0,310400000000000;swvl1;StdTime;15-01-88 00:00:00;0,314806560515282
BE23;2;3847,000000000000000;0,384700000000000;swvl1;StdTime;15-01-88 00:00:00;0,324993133273780
BE24;3;2706,000000000000000;0,270600000000000;swvl1;StdTime;15-01-88 00:00:00;0,369987438188512
BE25;4;4010,000000000000000;0,401000000000000;swvl1;StdTime;15-01-88 00:00:00;0,351128689710636
BE31;5;1403,000000000000000;0,140300000000000;swvl1;StdTime;15-01-88 00:00:00;0,388803424001675
BE32;6;4820,000000000000000;0,482000000000000;swvl1;StdTime;15-01-88 00:00:00;0,389152044459744
BE10;7;209,000000000000000;0,020900000000000;swvl1;StdTime;15-01-88 00:00:00;0,386460322654989
BE21;8;3689,000000000000000;0,368900000000000;swvl1;StdTime;15-01-88 00:00:00;0,283942324071759
BE33;9;4899,000000000000000;0,489900000000000;swvl1;StdTime;15-01-88 00:00:00;0,394809717966796
BE34;10;5582,000000000000000;0,558200000000000;swvl1;StdTime;15-01-88 00:00:00;0,384355978261437
BE35;11;4637,000000000000000;0,463700000000000;swvl1;StdTime;15-01-88 00:00:00;0,395068018445944
BE22;1;3104,000000000000000;0,310400000000000;swvl1;StdTime;15-01-89 00:00:00;0,306544664181461
BE23;2;3847,000000000000000;0,384700000000000;swvl1;StdTime;15-01-89 00:00:00;0,313463050853689
BE24;3;2706,000000000000000;0,270600000000000;swvl1;StdTime;15-01-89 00:00:00;0,359384058209939
BE25;4;4010,000000000000000;0,401000000000000;swvl1;StdTime;15-01-89 00:00:00;0,338855815758729
BE31;5;1403,000000000000000;0,140300000000000;swvl1;StdTime;15-01-89 00:00:00;0,378736126830725
BE32;6;4820,000000000000000;0,482000000000000;swvl1;StdTime;15-01-89 00:00:00;0,378579721949160
BE10;7;209,000000000000000;0,020900000000000;swvl1;StdTime;15-01-89 00:00:00;0,373816754971965
BE21;8;3689,000000000000000;0,368900000000000;swvl1;StdTime;15-01-89 00:00:00;0,273044033469337
BE33;9;4899,000000000000000;0,489900000000000;swvl1;StdTime;15-01-89 00:00:00;0,387490501906780
BE34;10;5582,000000000000000;0,558200000000000;swvl1;StdTime;15-01-89 00:00:00;0,374630685136209
BE35;11;4637,000000000000000;0,463700000000000;swvl1;StdTime;15-01-89 00:00:00;0,385262571604622
BE22;1;3104,000000000000000;0,310400000000000;swvl1;StdTime;15-01-90 00:00:00;0,302537391211876
BE23;2;3847,000000000000000;0,384700000000000;swvl1;StdTime;15-01-90 00:00:00;0,313069195120805
BE24;3;2706,000000000000000;0,270600000000000;swvl1;StdTime;15-01-90 00:00:00;0,354328967129753
BE25;4;4010,000000000000000;0,401000000000000;swvl1;StdTime;15-01-90 00:00:00;0,336696247054157
BE31;5;1403,000000000000000;0,140300000000000;swvl1;StdTime;15-01-90 00:00:00;0,371525352564524
BE32;6;4820,000000000000000;0,482000000000000;swvl1;StdTime;15-01-90 00:00:00;0,372062587972993
BE10;7;209,000000000000000;0,020900000000000;swvl1;StdTime;15-01-90 00:00:00;0,368199838690781
BE21;8;3689,000000000000000;0,368900000000000;swvl1;StdTime;15-01-90 00:00:00;0,272398976153168
BE33;9;4899,000000000000000;0,489900000000000;swvl1;StdTime;15-01-90 00:00:00;0,378759310291261
BE34;10;5582,000000000000000;0,558200000000000;swvl1;StdTime;15-01-90 00:00:00;0,368555107229031
BE35;11;4637,000000000000000;0,463700000000000;swvl1;StdTime;15-01-90 00:00:00;0,376199948400779
BE22;1;3104,000000000000000;0,310400000000000;swvl1;StdTime;15-01-91 00:00:00;0,305665827125849
BE23;2;3847,000000000000000;0,384700000000000;swvl1;StdTime;15-01-91 00:00:00;0,314818298619909
BE24;3;2706,000000000000000;0,270600000000000;swvl1;StdTime;15-01-91 00:00:00;0,359747554614028
BE25;4;4010,000000000000000;0,401000000000000;swvl1;StdTime;15-01-91 00:00:00;0,339904771050313
BE31;5;1403,000000000000000;0,140300000000000;swvl1;StdTime;15-01-91 00:00:00;0,378575579553354
BE32;6;4820,000000000000000;0,482000000000000;swvl1;StdTime;15-01-91 00:00:00;0,379308586335776
BE10;7;209,000000000000000;0,020900000000000;swvl1;StdTime;15-01-91 00:00:00;0,375869502148560
BE21;8;3689,000000000000000;0,368900000000000;swvl1;StdTime;15-01-91 00:00:00;0,272006091999795
BE33;9;4899,000000000000000;0,489900000000000;swvl1;StdTime;15-01-91 00:00:00;0,383873774369508
BE34;10;5582,000000000000000;0,558200000000000;swvl1;StdTime;15-01-91 00:00:00;0,370030502149044
BE35;11;4637,000000000000000;0,463700000000000;swvl1;StdTime;15-01-91 00:00:00;0,383106132172706
BE22;1;3104,000000000000000;0,310400000000000;swvl1;StdTime;15-01-92 00:00:00;0,299200164576627
BE23;2;3847,000000000000000;0,384700000000000;swvl1;StdTime;15-01-92 00:00:00;0,307433486232704
BE24;3;2706,000000000000000;0,270600000000000;swvl1;StdTime;15-01-92 00:00:00;0,352174577151108
BE25;4;4010,000000000000000;0,401000000000000;swvl1;StdTime;15-01-92 00:00:00;0,332123121548621
BE31;5;1403,000000000000000;0,140300000000000;swvl1;StdTime;15-01-92 00:00:00;0,370334301900625
BE32;6;4820,000000000000000;0,482000000000000;swvl1;StdTime;15-01-92 00:00:00;0,369141123007938
BE10;7;209,000000000000000;0,020900000000000;swvl1;StdTime;15-01-92 00:00:00;0,367315712442809
BE21;8;3689,000000000000000;0,368900000000000;swvl1;StdTime;15-01-92 00:00:00;0,265896150985201
BE33;9;4899,000000000000000;0,489900000000000;swvl1;StdTime;15-01-92 00:00:00;0,380855674578428
BE34;10;5582,000000000000000;0,558200000000000;swvl1;StdTime;15-01-92 00:00:00;0,364822603674055
BE35;11;4637,000000000000000;0,463700000000000;swvl1;StdTime;15-01-92 00:00:00;0,374151886454270
BE22;1;3104,000000000000000;0,310400000000000;swvl1;StdTime;15-01-93 00:00:00;0,309591366006926
BE23;2;3847,000000000000000;0,384700000000000;swvl1;StdTime;15-01-93 00:00:00;0,316660022577559
BE24;3;2706,000000000000000;0,270600000000000;swvl1;StdTime;15-01-93 00:00:00;0,363217763806482
BE25;4;4010,000000000000000;0,401000000000000;swvl1;StdTime;15-01-93 00:00:00;0,341316877970672
BE31;5;1403,000000000000000;0,140300000000000;swvl1;StdTime;15-01-93 00:00:00;0,380273789167405
BE32;6;4820,000000000000000;0,482000000000000;swvl1;StdTime;15-01-93 00:00:00;0,379679044326806
BE10;7;209,000000000000000;0,020900000000000;swvl1;StdTime;15-01-93 00:00:00;0,379116752786499
BE21;8;3689,000000000000000;0,368900000000000;swvl1;StdTime;15-01-93 00:00:00;0,277221761468175
BE33;9;4899,000000000000000;0,489900000000000;swvl1;StdTime;15-01-93 00:00:00;0,386079163922657
BE34;10;5582,000000000000000;0,558200000000000;swvl1;StdTime;15-01-93 00:00:00;0,371004391735235
BE35;11;4637,000000000000000;0,463700000000000;swvl1;StdTime;15-01-93 00:00:00;0,383188113933343
BE22;1;3104,000000000000000;0,310400000000000;swvl1;StdTime;15-01-94 00:00:00;0,322469468439747
BE23;2;3847,000000000000000;0,384700000000000;swvl1;StdTime;15-01-94 00:00:00;0,333365825792397
BE24;3;2706,000000000000000;0,270600000000000;swvl1;StdTime;15-01-94 00:00:00;0,377521368909658
BE25;4;4010,000000000000000;0,401000000000000;swvl1;StdTime;15-01-94 00:00:00;0,357647958858650
BE31;5;1403,000000000000000;0,140300000000000;swvl1;StdTime;15-01-94 00:00:00;0,394750126030135
BE32;6;4820,000000000000000;0,482000000000000;swvl1;StdTime;15-01-94 00:00:00;0,395919066543896
BE10;7;209,000000000000000;0,020900000000000;swvl1;StdTime;15-01-94 00:00:00;0,393777586341475
BE21;8;3689,000000000000000;0,368900000000000;swvl1;StdTime;15-01-94 00:00:00;0,292190195640661
BE33;9;4899,000000000000000;0,489900000000000;swvl1;StdTime;15-01-94 00:00:00;0,397594066718862
BE34;10;5582,000000000000000;0,558200000000000;swvl1;StdTime;15-01-94 00:00:00;0,384792347523057
BE35;11;4637,000000000000000;0,463700000000000;swvl1;StdTime;15-01-94 00:00:00;0,397449408403779
BE22;1;3104,000000000000000;0,310400000000000;swvl1;StdTime;15-01-95 00:00:00;0,324241437046722
BE23;2;3847,000000000000000;0,384700000000000;swvl1;StdTime;15-01-95 00:00:00;0,333050082023962
BE24;3;2706,000000000000000;0,270600000000000;swvl1;StdTime;15-01-95 00:00:00;0,375748813361568
BE25;4;4010,000000000000000;0,401000000000000;swvl1;StdTime;15-01-95 00:00:00;0,358495681407743
BE31;5;1403,000000000000000;0,140300000000000;swvl1;StdTime;15-01-95 00:00:00;0,393205840822975
BE32;6;4820,000000000000000;0,482000000000000;swvl1;StdTime;15-01-95 00:00:00;0,394949842296942
BE10;7;209,000000000000000;0,020900000000000;swvl1;StdTime;15-01-95 00:00:00;0,390669441964638
BE21;8;3689,000000000000000;0,368900000000000;swvl1;StdTime;15-01-95 00:00:00;0,292940097365414
BE33;9;4899,000000000000000;0,489900000000000;swvl1;StdTime;15-01-95 00:00:00;0,399553706692685
BE34;10;5582,000000000000000;0,558200000000000;swvl1;StdTime;15-01-95 00:00:00;0,388216480954451
BE35;11;4637,000000000000000;0,463700000000000;swvl1;StdTime;15-01-95 00:00:00;0,398448853084489
BE22;1;3104,000000000000000;0,310400000000000;swvl1;StdTime;15-01-96 00:00:00;0,285199749773157
BE23;2;3847,000000000000000;0,384700000000000;swvl1;StdTime;15-01-96 00:00:00;0,298685176762352
BE24;3;2706,000000000000000;0,270600000000000;swvl1;StdTime;15-01-96 00:00:00;0,340580267612791
BE25;4;4010,000000000000000;0,401000000000000;swvl1;StdTime;15-01-96 00:00:00;0,325975061522012
BE31;5;1403,000000000000000;0,140300000000000;swvl1;StdTime;15-01-96 00:00:00;0,363837208139498
BE32;6;4820,000000000000000;0,482000000000000;swvl1;StdTime;15-01-96 00:00:00;0,367214264457898
BE10;7;209,000000000000000;0,020900000000000;swvl1;StdTime;15-01-96 00:00:00;0,356987568607741
BE21;8;3689,000000000000000;0,368900000000000;swvl1;StdTime;15-01-96 00:00:00;0,253013469042511
BE33;9;4899,000000000000000;0,489900000000000;swvl1;StdTime;15-01-96 00:00:00;0,369274375590286
BE34;10;5582,000000000000000;0,558200000000000;swvl1;StdTime;15-01-96 00:00:00;0,363605809629241
BE35;11;4637,000000000000000;0,463700000000000;swvl1;StdTime;15-01-96 00:00:00;0,371741421268447
BE22;1;3104,000000000000000;0,310400000000000;swvl1;StdTime;15-01-97 00:00:00;0,305603547079354
BE23;2;3847,000000000000000;0,384700000000000;swvl1;StdTime;15-01-97 00:00:00;0,313311377879642
BE24;3;2706,000000000000000;0,270600000000000;swvl1;StdTime;15-01-97 00:00:00;0,360863242758175
BE25;4;4010,000000000000000;0,401000000000000;swvl1;StdTime;15-01-97 00:00:00;0,336536499471439
BE31;5;1403,000000000000000;0,140300000000000;swvl1;StdTime;15-01-97 00:00:00;0,380579639526240
BE32;6;4820,000000000000000;0,482000000000000;swvl1;StdTime;15-01-97 00:00:00;0,380699842005844
BE10;7;209,000000000000000;0,020900000000000;swvl1;StdTime;15-01-97 00:00:00;0,376804597925341
BE21;8;3689,000000000000000;0,368900000000000;swvl1;StdTime;15-01-97 00:00:00;0,273178103873970
BE33;9;4899,000000000000000;0,489900000000000;swvl1;StdTime;15-01-97 00:00:00;0,386674794384985
BE34;10;5582,000000000000000;0,558200000000000;swvl1;StdTime;15-01-97 00:00:00;0,376978590571936
BE35;11;4637,000000000000000;0,463700000000000;swvl1;StdTime;15-01-97 00:00:00;0,387173952079677
BE22;1;3104,000000000000000;0,310400000000000;swvl1;StdTime;15-01-98 00:00:00;0,298643003496313
BE23;2;3847,000000000000000;0,384700000000000;swvl1;StdTime;15-01-98 00:00:00;0,310275544725457
BE24;3;2706,000000000000000;0,270600000000000;swvl1;StdTime;15-01-98 00:00:00;0,352951994789414
BE25;4;4010,000000000000000;0,401000000000000;swvl1;StdTime;15-01-98 00:00:00;0,338455133708635
BE31;5;1403,000000000000000;0,140300000000000;swvl1;StdTime;15-01-98 00:00:00;0,372102298803697
BE32;6;4820,000000000000000;0,482000000000000;swvl1;StdTime;15-01-98 00:00:00;0,374672447454138
BE10;7;209,000000000000000;0,020900000000000;swvl1;StdTime;15-01-98 00:00:00;0,368373035671608
BE21;8;3689,000000000000000;0,368900000000000;swvl1;StdTime;15-01-98 00:00:00;0,266503863535492
BE33;9;4899,000000000000000;0,489900000000000;swvl1;StdTime;15-01-98 00:00:00;0,385060637270731
BE34;10;5582,000000000000000;0,558200000000000;swvl1;StdTime;15-01-98 00:00:00;0,373542341877166
BE35;11;4637,000000000000000;0,463700000000000;swvl1;StdTime;15-01-98 00:00:00;0,379987691499973
BE22;1;3104,000000000000000;0,310400000000000;swvl1;StdTime;15-01-99 00:00:00;0,321037359046030
BE23;2;3847,000000000000000;0,384700000000000;swvl1;StdTime;15-01-99 00:00:00;0,333226009688192
BE24;3;2706,000000000000000;0,270600000000000;swvl1;StdTime;15-01-99 00:00:00;0,377151826081325
BE25;4;4010,000000000000000;0,401000000000000;swvl1;StdTime;15-01-99 00:00:00;0,357979754899209
BE31;5;1403,000000000000000;0,140300000000000;swvl1;StdTime;15-01-99 00:00:00;0,394621857769219
BE32;6;4820,000000000000000;0,482000000000000;swvl1;StdTime;15-01-99 00:00:00;0,395192639053610
BE10;7;209,000000000000000;0,020900000000000;swvl1;StdTime;15-01-99 00:00:00;0,394179082800897
BE21;8;3689,000000000000000;0,368900000000000;swvl1;StdTime;15-01-99 00:00:00;0,289784750194529
BE33;9;4899,000000000000000;0,489900000000000;swvl1;StdTime;15-01-99 00:00:00;0,396741790956660
BE34;10;5582,000000000000000;0,558200000000000;swvl1;StdTime;15-01-99 00:00:00;0,384210177217064
BE35;11;4637,000000000000000;0,463700000000000;swvl1;StdTime;15-01-99 00:00:00;0,397534845890556
BE22;1;3104,000000000000000;0,310400000000000;swvl1;StdTime;15-01-00 00:00:00;0,317116040169962
BE23;2;3847,000000000000000;0,384700000000000;swvl1;StdTime;15-01-00 00:00:00;0,324574875892029
BE24;3;2706,000000000000000;0,270600000000000;swvl1;StdTime;15-01-00 00:00:00;0,368438629589077
BE25;4;4010,000000000000000;0,401000000000000;swvl1;StdTime;15-01-00 00:00:00;0,351875224062927
BE31;5;1403,000000000000000;0,140300000000000;swvl1;StdTime;15-01-00 00:00:00;0,386912485020379
BE32;6;4820,000000000000000;0,482000000000000;swvl1;StdTime;15-01-00 00:00:00;0,388691969945470
BE10;7;209,000000000000000;0,020900000000000;swvl1;StdTime;15-01-00 00:00:00;0,382767815053748
BE21;8;3689,000000000000000;0,368900000000000;swvl1;StdTime;15-01-00 00:00:00;0,283826230575024
BE33;9;4899,000000000000000;0,489900000000000;swvl1;StdTime;15-01-00 00:00:00;0,398255732594084
BE34;10;5582,000000000000000;0,558200000000000;swvl1;StdTime;15-01-00 00:00:00;0,386340565149266
BE35;11;4637,000000000000000;0,463700000000000;swvl1;StdTime;15-01-00 00:00:00;0,394994846475466
BE22;1;3104,000000000000000;0,310400000000000;swvl1;StdTime;15-01-01 00:00:00;0,317983647059534
BE23;2;3847,000000000000000;0,384700000000000;swvl1;StdTime;15-01-01 00:00:00;0,330181256994074
BE24;3;2706,000000000000000;0,270600000000000;swvl1;StdTime;15-01-01 00:00:00;0,374008646539115
BE25;4;4010,000000000000000;0,401000000000000;swvl1;StdTime;15-01-01 00:00:00;0,355564946716563
BE31;5;1403,000000000000000;0,140300000000000;swvl1;StdTime;15-01-01 00:00:00;0,391627218221140
BE32;6;4820,000000000000000;0,482000000000000;swvl1;StdTime;15-01-01 00:00:00;0,392002510165031
BE10;7;209,000000000000000;0,020900000000000;swvl1;StdTime;15-01-01 00:00:00;0,390407305442545
BE21;8;3689,000000000000000;0,368900000000000;swvl1;StdTime;15-01-01 00:00:00;0,287285831973753
BE33;9;4899,000000000000000;0,489900000000000;swvl1;StdTime;15-01-01 00:00:00;0,393994976602346
BE34;10;5582,000000000000000;0,558200000000000;swvl1;StdTime;15-01-01 00:00:00;0,381334023145055
BE35;11;4637,000000000000000;0,463700000000000;swvl1;StdTime;15-01-01 00:00:00;0,393844893228296
BE22;1;3104,000000000000000;0,310400000000000;swvl1;StdTime;15-01-02 00:00:00;0,318592162495575
BE23;2;3847,000000000000000;0,384700000000000;swvl1;StdTime;15-01-02 00:00:00;0,328659686797125
BE24;3;2706,000000000000000;0,270600000000000;swvl1;StdTime;15-01-02 00:00:00;0,373622935895821
BE25;4;4010,000000000000000;0,401000000000000;swvl1;StdTime;15-01-02 00:00:00;0,351511103680306
BE31;5;1403,000000000000000;0,140300000000000;swvl1;StdTime;15-01-02 00:00:00;0,390935974276584
BE32;6;4820,000000000000000;0,482000000000000;swvl1;StdTime;15-01-02 00:00:00;0,391948677871484
BE10;7;209,000000000000000;0,020900000000000;swvl1;StdTime;15-01-02 00:00:00;0,390048401350040
BE21;8;3689,000000000000000;0,368900000000000;swvl1;StdTime;15-01-02 00:00:00;0,288143115715466
BE33;9;4899,000000000000000;0,489900000000000;swvl1;StdTime;15-01-02 00:00:00;0,391524511974767
BE34;10;5582,000000000000000;0,558200000000000;swvl1;StdTime;15-01-02 00:00:00;0,380494193433220
BE35;11;4637,000000000000000;0,463700000000000;swvl1;StdTime;15-01-02 00:00:00;0,394233111461637
BE22;1;3104,000000000000000;0,310400000000000;swvl1;StdTime;15-01-03 00:00:00;0,306696452027590
BE23;2;3847,000000000000000;0,384700000000000;swvl1;StdTime;15-01-03 00:00:00;0,319710429237823
BE24;3;2706,000000000000000;0,270600000000000;swvl1;StdTime;15-01-03 00:00:00;0,362625701871962
BE25;4;4010,000000000000000;0,401000000000000;swvl1;StdTime;15-01-03 00:00:00;0,346580322283759
BE31;5;1403,000000000000000;0,140300000000000;swvl1;StdTime;15-01-03 00:00:00;0,380328159054432
BE32;6;4820,000000000000000;0,482000000000000;swvl1;StdTime;15-01-03 00:00:00;0,383096178902382
BE10;7;209,000000000000000;0,020900000000000;swvl1;StdTime;15-01-03 00:00:00;0,379070644886300
BE21;8;3689,000000000000000;0,368900000000000;swvl1;StdTime;15-01-03 00:00:00;0,276216324718705
BE33;9;4899,000000000000000;0,489900000000000;swvl1;StdTime;15-01-03 00:00:00;0,385956266505981
BE34;10;5582,000000000000000;0,558200000000000;swvl1;StdTime;15-01-03 00:00:00;0,376907359022515
BE35;11;4637,000000000000000;0,463700000000000;swvl1;StdTime;15-01-03 00:00:00;0,385935303901119
BE22;1;3104,000000000000000;0,310400000000000;swvl1;StdTime;15-01-04 00:00:00;0,310537649020937
BE23;2;3847,000000000000000;0,384700000000000;swvl1;StdTime;15-01-04 00:00:00;0,321774067539718
BE24;3;2706,000000000000000;0,270600000000000;swvl1;StdTime;15-01-04 00:00:00;0,366079097356253
BE25;4;4010,000000000000000;0,401000000000000;swvl1;StdTime;15-01-04 00:00:00;0,347498602381073
BE31;5;1403,000000000000000;0,140300000000000;swvl1;StdTime;15-01-04 00:00:00;0,384016054660528
BE32;6;4820,000000000000000;0,482000000000000;swvl1;StdTime;15-01-04 00:00:00;0,383091834014382
BE10;7;209,000000000000000;0,020900000000000;swvl1;StdTime;15-01-04 00:00:00;0,382158218816137
BE21;8;3689,000000000000000;0,368900000000000;swvl1;StdTime;15-01-04 00:00:00;0,281826183179686
BE33;9;4899,000000000000000;0,489900000000000;swvl1;StdTime;15-01-04 00:00:00;0,386858957766221
BE34;10;5582,000000000000000;0,558200000000000;swvl1;StdTime;15-01-04 00:00:00;0,374070121561998
BE35;11;4637,000000000000000;0,463700000000000;swvl1;StdTime;15-01-04 00:00:00;0,385478987688902
BE22;1;3104,000000000000000;0,310400000000000;swvl1;StdTime;15-01-05 00:00:00;0,310498325154185
BE23;2;3847,000000000000000;0,384700000000000;swvl1;StdTime;15-01-05 00:00:00;0,314473621971365
BE24;3;2706,000000000000000;0,270600000000000;swvl1;StdTime;15-01-05 00:00:00;0,359549963696745
BE25;4;4010,000000000000000;0,401000000000000;swvl1;StdTime;15-01-05 00:00:00;0,341038844665685
BE31;5;1403,000000000000000;0,140300000000000;swvl1;StdTime;15-01-05 00:00:00;0,378739354636783
BE32;6;4820,000000000000000;0,482000000000000;swvl1;StdTime;15-01-05 00:00:00;0,375549275734118
BE10;7;209,000000000000000;0,020900000000000;swvl1;StdTime;15-01-05 00:00:00;0,372885216080972
BE21;8;3689,000000000000000;0,368900000000000;swvl1;StdTime;15-01-05 00:00:00;0,275464957105851
BE33;9;4899,000000000000000;0,489900000000000;swvl1;StdTime;15-01-05 00:00:00;0,387270265275007
BE34;10;5582,000000000000000;0,558200000000000;swvl1;StdTime;15-01-05 00:00:00;0,373309528611972
BE35;11;4637,000000000000000;0,463700000000000;swvl1;StdTime;15-01-05 00:00:00;0,384257333177622
BE22;1;3104,000000000000000;0,310400000000000;swvl1;StdTime;15-01-06 00:00:00;0,304006277314704
BE23;2;3847,000000000000000;0,384700000000000;swvl1;StdTime;15-01-06 00:00:00;0,312964130019658
BE24;3;2706,000000000000000;0,270600000000000;swvl1;StdTime;15-01-06 00:00:00;0,353697680421476
BE25;4;4010,000000000000000;0,401000000000000;swvl1;StdTime;15-01-06 00:00:00;0,340844540517229
BE31;5;1403,000000000000000;0,140300000000000;swvl1;StdTime;15-01-06 00:00:00;0,376858076854680
BE32;6;4820,000000000000000;0,482000000000000;swvl1;StdTime;15-01-06 00:00:00;0,377542285268732
BE10;7;209,000000000000000;0,020900000000000;swvl1;StdTime;15-01-06 00:00:00;0,368284699876913
BE21;8;3689,000000000000000;0,368900000000000;swvl1;StdTime;15-01-06 00:00:00;0,265749777399870
BE33;9;4899,000000000000000;0,489900000000000;swvl1;StdTime;15-01-06 00:00:00;0,387628768987621
BE34;10;5582,000000000000000;0,558200000000000;swvl1;StdTime;15-01-06 00:00:00;0,372041376073358
BE35;11;4637,000000000000000;0,463700000000000;swvl1;StdTime;15-01-06 00:00:00;0,380860899372401
BE22;1;3104,000000000000000;0,310400000000000;swvl1;StdTime;15-01-07 00:00:00;0,315697802403539
BE23;2;3847,000000000000000;0,384700000000000;swvl1;StdTime;15-01-07 00:00:00;0,327356186630758
BE24;3;2706,000000000000000;0,270600000000000;swvl1;StdTime;15-01-07 00:00:00;0,370373460842078
BE25;4;4010,000000000000000;0,401000000000000;swvl1;StdTime;15-01-07 00:00:00;0,353647718769952
BE31;5;1403,000000000000000;0,140300000000000;swvl1;StdTime;15-01-07 00:00:00;0,388280433093490
BE32;6;4820,000000000000000;0,482000000000000;swvl1;StdTime;15-01-07 00:00:00;0,389127656223864
BE10;7;209,000000000000000;0,020900000000000;swvl1;StdTime;15-01-07 00:00:00;0,386094362684414
BE21;8;3689,000000000000000;0,368900000000000;swvl1;StdTime;15-01-07 00:00:00;0,286264136906205
BE33;9;4899,000000000000000;0,489900000000000;swvl1;StdTime;15-01-07 00:00:00;0,392410772239513
BE34;10;5582,000000000000000;0,558200000000000;swvl1;StdTime;15-01-07 00:00:00;0,380123880330442
BE35;11;4637,000000000000000;0,463700000000000;swvl1;StdTime;15-01-07 00:00:00;0,391768146819638
BE22;1;3104,000000000000000;0,310400000000000;swvl1;StdTime;15-01-08 00:00:00;0,306521393771562
BE23;2;3847,000000000000000;0,384700000000000;swvl1;StdTime;15-01-08 00:00:00;0,317379099643475
BE24;3;2706,000000000000000;0,270600000000000;swvl1;StdTime;15-01-08 00:00:00;0,362064043405491
BE25;4;4010,000000000000000;0,401000000000000;swvl1;StdTime;15-01-08 00:00:00;0,342053467704173
BE31;5;1403,000000000000000;0,140300000000000;swvl1;StdTime;15-01-08 00:00:00;0,379935872465563
BE32;6;4820,000000000000000;0,482000000000000;swvl1;StdTime;15-01-08 00:00:00;0,381521605796092
BE10;7;209,000000000000000;0,020900000000000;swvl1;StdTime;15-01-08 00:00:00;0,378210141755748
BE21;8;3689,000000000000000;0,368900000000000;swvl1;StdTime;15-01-08 00:00:00;0,275960738943599
BE33;9;4899,000000000000000;0,489900000000000;swvl1;StdTime;15-01-08 00:00:00;0,384678413020417
BE34;10;5582,000000000000000;0,558200000000000;swvl1;StdTime;15-01-08 00:00:00;0,373008686025396
BE35;11;4637,000000000000000;0,463700000000000;swvl1;StdTime;15-01-08 00:00:00;0,384616767567037
BE22;1;3104,000000000000000;0,310400000000000;swvl1;StdTime;15-01-09 00:00:00;0,308760882931349
BE23;2;3847,000000000000000;0,384700000000000;swvl1;StdTime;15-01-09 00:00:00;0,314231314518435
BE24;3;2706,000000000000000;0,270600000000000;swvl1;StdTime;15-01-09 00:00:00;0,360591259440138
BE25;4;4010,000000000000000;0,401000000000000;swvl1;StdTime;15-01-09 00:00:00;0,341763868303667
BE31;5;1403,000000000000000;0,140300000000000;swvl1;StdTime;15-01-09 00:00:00;0,380057606137147
BE32;6;4820,000000000000000;0,482000000000000;swvl1;StdTime;15-01-09 00:00:00;0,379905490447376
BE10;7;209,000000000000000;0,020900000000000;swvl1;StdTime;15-01-09 00:00:00;0,375893770222459
BE21;8;3689,000000000000000;0,368900000000000;swvl1;StdTime;15-01-09 00:00:00;0,272918348964813
BE33;9;4899,000000000000000;0,489900000000000;swvl1;StdTime;15-01-09 00:00:00;0,387861960309942
BE34;10;5582,000000000000000;0,558200000000000;swvl1;StdTime;15-01-09 00:00:00;0,373234107086668
BE35;11;4637,000000000000000;0,463700000000000;swvl1;StdTime;15-01-09 00:00:00;0,385416162330220
BE22;1;3104,000000000000000;0,310400000000000;swvl1;StdTime;15-01-10 00:00:00;0,316265908962825
BE23;2;3847,000000000000000;0,384700000000000;swvl1;StdTime;15-01-10 00:00:00;0,326929229473119
BE24;3;2706,000000000000000;0,270600000000000;swvl1;StdTime;15-01-10 00:00:00;0,371150389688154
BE25;4;4010,000000000000000;0,401000000000000;swvl1;StdTime;15-01-10 00:00:00;0,352265656529520
BE31;5;1403,000000000000000;0,140300000000000;swvl1;StdTime;15-01-10 00:00:00;0,389200123182298
BE32;6;4820,000000000000000;0,482000000000000;swvl1;StdTime;15-01-10 00:00:00;0,390746167326864
BE10;7;209,000000000000000;0,020900000000000;swvl1;StdTime;15-01-10 00:00:00;0,387433383738595
BE21;8;3689,000000000000000;0,368900000000000;swvl1;StdTime;15-01-10 00:00:00;0,284962047904318
BE33;9;4899,000000000000000;0,489900000000000;swvl1;StdTime;15-01-10 00:00:00;0,391645581168918
BE34;10;5582,000000000000000;0,558200000000000;swvl1;StdTime;15-01-10 00:00:00;0,379776333655264
BE35;11;4637,000000000000000;0,463700000000000;swvl1;StdTime;15-01-10 00:00:00;0,392342019401184
BE22;1;3104,000000000000000;0,310400000000000;swvl1;StdTime;15-01-11 00:00:00;0,311761312791597
BE23;2;3847,000000000000000;0,384700000000000;swvl1;StdTime;15-01-11 00:00:00;0,323369492392495
BE24;3;2706,000000000000000;0,270600000000000;swvl1;StdTime;15-01-11 00:00:00;0,368972116083193
BE25;4;4010,000000000000000;0,401000000000000;swvl1;StdTime;15-01-11 00:00:00;0,349424145056719
BE31;5;1403,000000000000000;0,140300000000000;swvl1;StdTime;15-01-11 00:00:00;0,386821588276967
BE32;6;4820,000000000000000;0,482000000000000;swvl1;StdTime;15-01-11 00:00:00;0,386938226068415
BE10;7;209,000000000000000;0,020900000000000;swvl1;StdTime;15-01-11 00:00:00;0,385699046570719
BE21;8;3689,000000000000000;0,368900000000000;swvl1;StdTime;15-01-11 00:00:00;0,280153719131201
BE33;9;4899,000000000000000;0,489900000000000;swvl1;StdTime;15-01-11 00:00:00;0,385754949993249
BE34;10;5582,000000000000000;0,558200000000000;swvl1;StdTime;15-01-11 00:00:00;0,372346754122789
BE35;11;4637,000000000000000;0,463700000000000;swvl1;StdTime;15-01-11 00:00:00;0,387787081942313
BE22;1;3104,000000000000000;0,310400000000000;swvl1;StdTime;15-01-12 00:00:00;0,315952279556965
BE23;2;3847,000000000000000;0,384700000000000;swvl1;StdTime;15-01-12 00:00:00;0,324508709352234
BE24;3;2706,000000000000000;0,270600000000000;swvl1;StdTime;15-01-12 00:00:00;0,370189647584691
BE25;4;4010,000000000000000;0,401000000000000;swvl1;StdTime;15-01-12 00:00:00;0,347887067745749
BE31;5;1403,000000000000000;0,140300000000000;swvl1;StdTime;15-01-12 00:00:00;0,389485435195251
BE32;6;4820,000000000000000;0,482000000000000;swvl1;StdTime;15-01-12 00:00:00;0,388727394457427
BE10;7;209,000000000000000;0,020900000000000;swvl1;StdTime;15-01-12 00:00:00;0,385868250753321
BE21;8;3689,000000000000000;0,368900000000000;swvl1;StdTime;15-01-12 00:00:00;0,283699391624345
BE33;9;4899,000000000000000;0,489900000000000;swvl1;StdTime;15-01-12 00:00:00;0,395504183010267
BE34;10;5582,000000000000000;0,558200000000000;swvl1;StdTime;15-01-12 00:00:00;0,381837653002189
BE35;11;4637,000000000000000;0,463700000000000;swvl1;StdTime;15-01-12 00:00:00;0,393276131362629
BE22;1;3104,000000000000000;0,310400000000000;swvl1;StdTime;15-01-13 00:00:00;0,316035925122650
BE23;2;3847,000000000000000;0,384700000000000;swvl1;StdTime;15-01-13 00:00:00;0,326024258674384
BE24;3;2706,000000000000000;0,270600000000000;swvl1;StdTime;15-01-13 00:00:00;0,370530671925344
BE25;4;4010,000000000000000;0,401000000000000;swvl1;StdTime;15-01-13 00:00:00;0,352013038132256
BE31;5;1403,000000000000000;0,140300000000000;swvl1;StdTime;15-01-13 00:00:00;0,388345984268086
BE32;6;4820,000000000000000;0,482000000000000;swvl1;StdTime;15-01-13 00:00:00;0,389265725282465
BE10;7;209,000000000000000;0,020900000000000;swvl1;StdTime;15-01-13 00:00:00;0,386827801118057
BE21;8;3689,000000000000000;0,368900000000000;swvl1;StdTime;15-01-13 00:00:00;0,284955182657813
BE33;9;4899,000000000000000;0,489900000000000;swvl1;StdTime;15-01-13 00:00:00;0,391330706425942
BE34;10;5582,000000000000000;0,558200000000000;swvl1;StdTime;15-01-13 00:00:00;0,378303580202325
BE35;11;4637,000000000000000;0,463700000000000;swvl1;StdTime;15-01-13 00:00:00;0,392090682810381
BE22;1;3104,000000000000000;0,310400000000000;swvl1;StdTime;15-01-14 00:00:00;0,313213042694038
BE23;2;3847,000000000000000;0,384700000000000;swvl1;StdTime;15-01-14 00:00:00;0,326622701563524
BE24;3;2706,000000000000000;0,270600000000000;swvl1;StdTime;15-01-14 00:00:00;0,369799851324941
BE25;4;4010,000000000000000;0,401000000000000;swvl1;StdTime;15-01-14 00:00:00;0,352686870224458
BE31;5;1403,000000000000000;0,140300000000000;swvl1;StdTime;15-01-14 00:00:00;0,388520060015507
BE32;6;4820,000000000000000;0,482000000000000;swvl1;StdTime;15-01-14 00:00:00;0,389644277466778
BE10;7;209,000000000000000;0,020900000000000;swvl1;StdTime;15-01-14 00:00:00;0,386121304269042
BE21;8;3689,000000000000000;0,368900000000000;swvl1;StdTime;15-01-14 00:00:00;0,284115421122476
BE33;9;4899,000000000000000;0,489900000000000;swvl1;StdTime;15-01-14 00:00:00;0,393580556487667
BE34;10;5582,000000000000000;0,558200000000000;swvl1;StdTime;15-01-14 00:00:00;0,384555337650936
BE35;11;4637,000000000000000;0,463700000000000;swvl1;StdTime;15-01-14 00:00:00;0,394435094770286
BE22;1;3104,000000000000000;0,310400000000000;swvl1;StdTime;15-01-15 00:00:00;0,318491691512238
BE23;2;3847,000000000000000;0,384700000000000;swvl1;StdTime;15-01-15 00:00:00;0,331576555107425
BE24;3;2706,000000000000000;0,270600000000000;swvl1;StdTime;15-01-15 00:00:00;0,375774025355369
BE25;4;4010,000000000000000;0,401000000000000;swvl1;StdTime;15-01-15 00:00:00;0,353645127223911
BE31;5;1403,000000000000000;0,140300000000000;swvl1;StdTime;15-01-15 00:00:00;0,393825004760147
BE32;6;4820,000000000000000;0,482000000000000;swvl1;StdTime;15-01-15 00:00:00;0,394727997518922
BE10;7;209,000000000000000;0,020900000000000;swvl1;StdTime;15-01-15 00:00:00;0,392839590470757
BE21;8;3689,000000000000000;0,368900000000000;swvl1;StdTime;15-01-15 00:00:00;0,289180158704366
BE33;9;4899,000000000000000;0,489900000000000;swvl1;StdTime;15-01-15 00:00:00;0,395198922287229
BE34;10;5582,000000000000000;0,558200000000000;swvl1;StdTime;15-01-15 00:00:00;0,383081801297074
BE35;11;4637,000000000000000;0,463700000000000;swvl1;StdTime;15-01-15 00:00:00;0,397439897863778
BE22;1;3104,000000000000000;0,310400000000000;swvl1;StdTime;15-01-16 00:00:00;0,322276078855869
BE23;2;3847,000000000000000;0,384700000000000;swvl1;StdTime;15-01-16 00:00:00;0,329076287938242
BE24;3;2706,000000000000000;0,270600000000000;swvl1;StdTime;15-01-16 00:00:00;0,375409974414423
BE25;4;4010,000000000000000;0,401000000000000;swvl1;StdTime;15-01-16 00:00:00;0,354134998468688
BE31;5;1403,000000000000000;0,140300000000000;swvl1;StdTime;15-01-16 00:00:00;0,393905146242633
BE32;6;4820,000000000000000;0,482000000000000;swvl1;StdTime;15-01-16 00:00:00;0,393822713690922
BE10;7;209,000000000000000;0,020900000000000;swvl1;StdTime;15-01-16 00:00:00;0,390837383042112
BE21;8;3689,000000000000000;0,368900000000000;swvl1;StdTime;15-01-16 00:00:00;0,290071141585711
BE33;9;4899,000000000000000;0,489900000000000;swvl1;StdTime;15-01-16 00:00:00;0,397841223309687
BE34;10;5582,000000000000000;0,558200000000000;swvl1;StdTime;15-01-16 00:00:00;0,386825590626350
BE35;11;4637,000000000000000;0,463700000000000;swvl1;StdTime;15-01-16 00:00:00;0,398195811404940
BE22;1;3104,000000000000000;0,310400000000000;swvl1;StdTime;15-01-17 00:00:00;0,301252495843110
BE23;2;3847,000000000000000;0,384700000000000;swvl1;StdTime;15-01-17 00:00:00;0,305689559064656
BE24;3;2706,000000000000000;0,270600000000000;swvl1;StdTime;15-01-17 00:00:00;0,352521659816008
BE25;4;4010,000000000000000;0,401000000000000;swvl1;StdTime;15-01-17 00:00:00;0,329218567242647
BE31;5;1403,000000000000000;0,140300000000000;swvl1;StdTime;15-01-17 00:00:00;0,370231896660111
BE32;6;4820,000000000000000;0,482000000000000;swvl1;StdTime;15-01-17 00:00:00;0,367611636134845
BE10;7;209,000000000000000;0,020900000000000;swvl1;StdTime;15-01-17 00:00:00;0,366613076776979
BE21;8;3689,000000000000000;0,368900000000000;swvl1;StdTime;15-01-17 00:00:00;0,267207120267250
BE33;9;4899,000000000000000;0,489900000000000;swvl1;StdTime;15-01-17 00:00:00;0,380307724711164
BE34;10;5582,000000000000000;0,558200000000000;swvl1;StdTime;15-01-17 00:00:00;0,364420204265533
BE35;11;4637,000000000000000;0,463700000000000;swvl1;StdTime;15-01-17 00:00:00;0,372221625266415
BE22;1;3104,000000000000000;0,310400000000000;swvl1;StdTime;15-01-18 00:00:00;0,317295190830206
BE23;2;3847,000000000000000;0,384700000000000;swvl1;StdTime;15-01-18 00:00:00;0,327164291862949
BE24;3;2706,000000000000000;0,270600000000000;swvl1;StdTime;15-01-18 00:00:00;0,371786906610395
BE25;4;4010,000000000000000;0,401000000000000;swvl1;StdTime;15-01-18 00:00:00;0,352220279624932
BE31;5;1403,000000000000000;0,140300000000000;swvl1;StdTime;15-01-18 00:00:00;0,390696444344878
BE32;6;4820,000000000000000;0,482000000000000;swvl1;StdTime;15-01-18 00:00:00;0,391790196788014
BE10;7;209,000000000000000;0,020900000000000;swvl1;StdTime;15-01-18 00:00:00;0,387823172020570
BE21;8;3689,000000000000000;0,368900000000000;swvl1;StdTime;15-01-18 00:00:00;0,285902991733372
BE33;9;4899,000000000000000;0,489900000000000;swvl1;StdTime;15-01-18 00:00:00;0,396409987192735
BE34;10;5582,000000000000000;0,558200000000000;swvl1;StdTime;15-01-18 00:00:00;0,385630541721666
BE35;11;4637,000000000000000;0,463700000000000;swvl1;StdTime;15-01-18 00:00:00;0,396782660056271
BE22;1;3104,000000000000000;0,310400000000000;swvl1;StdTime;15-01-19 00:00:00;0,310503345837375
BE23;2;3847,000000000000000;0,384700000000000;swvl1;StdTime;15-01-19 00:00:00;0,315805873314313
BE24;3;2706,000000000000000;0,270600000000000;swvl1;StdTime;15-01-19 00:00:00;0,363873641224852
BE25;4;4010,000000000000000;0,401000000000000;swvl1;StdTime;15-01-19 00:00:00;0,339525229236729
BE31;5;1403,000000000000000;0,140300000000000;swvl1;StdTime;15-01-19 00:00:00;0,382670877048652
BE32;6;4820,000000000000000;0,482000000000000;swvl1;StdTime;15-01-19 00:00:00;0,381506376704239
BE10;7;209,000000000000000;0,020900000000000;swvl1;StdTime;15-01-19 00:00:00;0,379114646090275
BE21;8;3689,000000000000000;0,368900000000000;swvl1;StdTime;15-01-19 00:00:00;0,277795236853604
BE33;9;4899,000000000000000;0,489900000000000;swvl1;StdTime;15-01-19 00:00:00;0,389800248425404
BE34;10;5582,000000000000000;0,558200000000000;swvl1;StdTime;15-01-19 00:00:00;0,375010473476820
BE35;11;4637,000000000000000;0,463700000000000;swvl1;StdTime;15-01-19 00:00:00;0,386094169316427
BE22;1;3104,000000000000000;0,310400000000000;swvl1;StdTime;15-01-20 00:00:00;0,318327415235264
BE23;2;3847,000000000000000;0,384700000000000;swvl1;StdTime;15-01-20 00:00:00;0,329992043730312
BE24;3;2706,000000000000000;0,270600000000000;swvl1;StdTime;15-01-20 00:00:00;0,372699387971772
BE25;4;4010,000000000000000;0,401000000000000;swvl1;StdTime;15-01-20 00:00:00;0,356346669302617
BE31;5;1403,000000000000000;0,140300000000000;swvl1;StdTime;15-01-20 00:00:00;0,391420874056949
BE32;6;4820,000000000000000;0,482000000000000;swvl1;StdTime;15-01-20 00:00:00;0,393188798470864
BE10;7;209,000000000000000;0,020900000000000;swvl1;StdTime;15-01-20 00:00:00;0,388536590993690
BE21;8;3689,000000000000000;0,368900000000000;swvl1;StdTime;15-01-20 00:00:00;0,287622496610930
BE33;9;4899,000000000000000;0,489900000000000;swvl1;StdTime;15-01-20 00:00:00;0,397662906810735
BE34;10;5582,000000000000000;0,558200000000000;swvl1;StdTime;15-01-20 00:00:00;0,387788759246175
BE35;11;4637,000000000000000;0,463700000000000;swvl1;StdTime;15-01-20 00:00:00;0,397450161110051
BE22;1;3104,000000000000000;0,310400000000000;swvl1;StdTime;15-01-21 00:00:00;0,318360198538789
BE23;2;3847,000000000000000;0,384700000000000;swvl1;StdTime;15-01-21 00:00:00;0,330088218621288
BE24;3;2706,000000000000000;0,270600000000000;swvl1;StdTime;15-01-21 00:00:00;0,372873844346204
BE25;4;4010,000000000000000;0,401000000000000;swvl1;StdTime;15-01-21 00:00:00;0,355864500382594
BE31;5;1403,000000000000000;0,140300000000000;swvl1;StdTime;15-01-21 00:00:00;0,391116302457777
BE32;6;4820,000000000000000;0,482000000000000;swvl1;StdTime;15-01-21 00:00:00;0,391653947389967
BE10;7;209,000000000000000;0,020900000000000;swvl1;StdTime;15-01-21 00:00:00;0,388900709066665
BE21;8;3689,000000000000000;0,368900000000000;swvl1;StdTime;15-01-21 00:00:00;0,287985376732949
BE33;9;4899,000000000000000;0,489900000000000;swvl1;StdTime;15-01-21 00:00:00;0,392007620024617
BE34;10;5582,000000000000000;0,558200000000000;swvl1;StdTime;15-01-21 00:00:00;0,382558366168320
BE35;11;4637,000000000000000;0,463700000000000;swvl1;StdTime;15-01-21 00:00:00;0,394290461837410
BE22;1;3104,000000000000000;0,310400000000000;swvl1;StdTime;15-01-22 00:00:00;0,317797644131039
BE23;2;3847,000000000000000;0,384700000000000;swvl1;StdTime;15-01-22 00:00:00;0,325081444318058
BE24;3;2706,000000000000000;0,270600000000000;swvl1;StdTime;15-01-22 00:00:00;0,371426340812062
BE25;4;4010,000000000000000;0,401000000000000;swvl1;StdTime;15-01-22 00:00:00;0,348698179687646
BE31;5;1403,000000000000000;0,140300000000000;swvl1;StdTime;15-01-22 00:00:00;0,389436780662938
BE32;6;4820,000000000000000;0,482000000000000;swvl1;StdTime;15-01-22 00:00:00;0,388328605222504
BE10;7;209,000000000000000;0,020900000000000;swvl1;StdTime;15-01-22 00:00:00;0,387939968890550
BE21;8;3689,000000000000000;0,368900000000000;swvl1;StdTime;15-01-22 00:00:00;0,284999725803445
BE33;9;4899,000000000000000;0,489900000000000;swvl1;StdTime;15-01-22 00:00:00;0,398700508603662
BE34;10;5582,000000000000000;0,558200000000000;swvl1;StdTime;15-01-22 00:00:00;0,385126082183255
BE35;11;4637,000000000000000;0,463700000000000;swvl1;StdTime;15-01-22 00:00:00;0,394207847800933
BE22;1;3104,000000000000000;0,310400000000000;swvl1;StdTime;15-01-23 00:00:00;0,309069075813691
BE23;2;3847,000000000000000;0,384700000000000;swvl1;StdTime;15-01-23 00:00:00;0,312614216590999
BE24;3;2706,000000000000000;0,270600000000000;swvl1;StdTime;15-01-23 00:00:00;0,359175350376614
BE25;4;4010,000000000000000;0,401000000000000;swvl1;StdTime;15-01-23 00:00:00;0,339189500746287
BE31;5;1403,000000000000000;0,140300000000000;swvl1;StdTime;15-01-23 00:00:00;0,378411321196485
BE32;6;4820,000000000000000;0,482000000000000;swvl1;StdTime;15-01-23 00:00:00;0,376528132740888
BE10;7;209,000000000000000;0,020900000000000;swvl1;StdTime;15-01-23 00:00:00;0,373872530802585
BE21;8;3689,000000000000000;0,368900000000000;swvl1;StdTime;15-01-23 00:00:00;0,272803905178906
BE33;9;4899,000000000000000;0,489900000000000;swvl1;StdTime;15-01-23 00:00:00;0,389014700592281
BE34;10;5582,000000000000000;0,558200000000000;swvl1;StdTime;15-01-23 00:00:00;0,373438678476299
BE35;11;4637,000000000000000;0,463700000000000;swvl1;StdTime;15-01-23 00:00:00;0,384495369487470
BE22;1;3104,000000000000000;0,310400000000000;swvl1;StdTime;15-01-24 00:00:00;0,322525135097430
BE23;2;3847,000000000000000;0,384700000000000;swvl1;StdTime;15-01-24 00:00:00;0,331837965818019
BE24;3;2706,000000000000000;0,270600000000000;swvl1;StdTime;15-01-24 00:00:00;0,376530563509737
BE25;4;4010,000000000000000;0,401000000000000;swvl1;StdTime;15-01-24 00:00:00;0,354907298154962
BE31;5;1403,000000000000000;0,140300000000000;swvl1;StdTime;15-01-24 00:00:00;0,393768127548296
BE32;6;4820,000000000000000;0,482000000000000;swvl1;StdTime;15-01-24 00:00:00;0,394706523319497
BE10;7;209,000000000000000;0,020900000000000;swvl1;StdTime;15-01-24 00:00:00;0,392786853621451
BE21;8;3689,000000000000000;0,368900000000000;swvl1;StdTime;15-01-24 00:00:00;0,291816697126483
BE33;9;4899,000000000000000;0,489900000000000;swvl1;StdTime;15-01-24 00:00:00;0,398289212513319
BE34;10;5582,000000000000000;0,558200000000000;swvl1;StdTime;15-01-24 00:00:00;0,386516568220589
BE35;11;4637,000000000000000;0,463700000000000;swvl1;StdTime;15-01-24 00:00:00;0,397782131923487
BE22;1;3104,000000000000000;0,310400000000000;swvl2;StdTime;15-01-61 00:00:00;0,318886960933427
BE23;2;3847,000000000000000;0,384700000000000;swvl2;StdTime;15-01-61 00:00:00;0,328650527893489
BE24;3;2706,000000000000000;0,270600000000000;swvl2;StdTime;15-01-61 00:00:00;0,373065539657057
BE25;4;4010,000000000000000;0,401000000000000;swvl2;StdTime;15-01-61 00:00:00;0,354159391721585
BE31;5;1403,000000000000000;0,140300000000000;swvl2;StdTime;15-01-61 00:00:00;0,389701297176113
BE32;6;4820,000000000000000;0,482000000000000;swvl2;StdTime;15-01-61 00:00:00;0,391325987603406
BE10;7;209,000000000000000;0,020900000000000;swvl2;StdTime;15-01-61 00:00:00;0,389747119121004
BE21;8;3689,000000000000000;0,368900000000000;swvl2;StdTime;15-01-61 00:00:00;0,287885233844707
BE33;9;4899,000000000000000;0,489900000000000;swvl2;StdTime;15-01-61 00:00:00;0,393103338743040
BE34;10;5582,000000000000000;0,558200000000000;swvl2;StdTime;15-01-61 00:00:00;0,380618884064996
BE35;11;4637,000000000000000;0,463700000000000;swvl2;StdTime;15-01-61 00:00:00;0,392930292680856
BE22;1;3104,000000000000000;0,310400000000000;swvl2;StdTime;15-01-62 00:00:00;0,317526734933333
BE23;2;3847,000000000000000;0,384700000000000;swvl2;StdTime;15-01-62 00:00:00;0,329449364681630
BE24;3;2706,000000000000000;0,270600000000000;swvl2;StdTime;15-01-62 00:00:00;0,374253951448119
BE25;4;4010,000000000000000;0,401000000000000;swvl2;StdTime;15-01-62 00:00:00;0,352402930166062
BE31;5;1403,000000000000000;0,140300000000000;swvl2;StdTime;15-01-62 00:00:00;0,392661482329379
BE32;6;4820,000000000000000;0,482000000000000;swvl2;StdTime;15-01-62 00:00:00;0,392793869891850
BE10;7;209,000000000000000;0,020900000000000;swvl2;StdTime;15-01-62 00:00:00;0,391063265395507
BE21;8;3689,000000000000000;0,368900000000000;swvl2;StdTime;15-01-62 00:00:00;0,287362421752961
BE33;9;4899,000000000000000;0,489900000000000;swvl2;StdTime;15-01-62 00:00:00;0,395605549334895
BE34;10;5582,000000000000000;0,558200000000000;swvl2;StdTime;15-01-62 00:00:00;0,383716811360915
BE35;11;4637,000000000000000;0,463700000000000;swvl2;StdTime;15-01-62 00:00:00;0,395633777353253
BE22;1;3104,000000000000000;0,310400000000000;swvl2;StdTime;15-01-63 00:00:00;0,299378057308111
BE23;2;3847,000000000000000;0,384700000000000;swvl2;StdTime;15-01-63 00:00:00;0,308670655276393
BE24;3;2706,000000000000000;0,270600000000000;swvl2;StdTime;15-01-63 00:00:00;0,351593050623900
BE25;4;4010,000000000000000;0,401000000000000;swvl2;StdTime;15-01-63 00:00:00;0,330261274105741
BE31;5;1403,000000000000000;0,140300000000000;swvl2;StdTime;15-01-63 00:00:00;0,368562199860407
BE32;6;4820,000000000000000;0,482000000000000;swvl2;StdTime;15-01-63 00:00:00;0,364153611066431
BE10;7;209,000000000000000;0,020900000000000;swvl2;StdTime;15-01-63 00:00:00;0,365376527799944
BE21;8;3689,000000000000000;0,368900000000000;swvl2;StdTime;15-01-63 00:00:00;0,269778868169860
BE33;9;4899,000000000000000;0,489900000000000;swvl2;StdTime;15-01-63 00:00:00;0,372957061044683
BE34;10;5582,000000000000000;0,558200000000000;swvl2;StdTime;15-01-63 00:00:00;0,356401761654071
BE35;11;4637,000000000000000;0,463700000000000;swvl2;StdTime;15-01-63 00:00:00;0,367940295878890
BE22;1;3104,000000000000000;0,310400000000000;swvl2;StdTime;15-01-64 00:00:00;0,293143321251132
BE23;2;3847,000000000000000;0,384700000000000;swvl2;StdTime;15-01-64 00:00:00;0,303400538178087
BE24;3;2706,000000000000000;0,270600000000000;swvl2;StdTime;15-01-64 00:00:00;0,348356241595719
BE25;4;4010,000000000000000;0,401000000000000;swvl2;StdTime;15-01-64 00:00:00;0,329590761765577
BE31;5;1403,000000000000000;0,140300000000000;swvl2;StdTime;15-01-64 00:00:00;0,366787518910315
BE32;6;4820,000000000000000;0,482000000000000;swvl2;StdTime;15-01-64 00:00:00;0,365278704631376
BE10;7;209,000000000000000;0,020900000000000;swvl2;StdTime;15-01-64 00:00:00;0,364133257614939
BE21;8;3689,000000000000000;0,368900000000000;swvl2;StdTime;15-01-64 00:00:00;0,260292276986474
BE33;9;4899,000000000000000;0,489900000000000;swvl2;StdTime;15-01-64 00:00:00;0,376144728591963
BE34;10;5582,000000000000000;0,558200000000000;swvl2;StdTime;15-01-64 00:00:00;0,359973487774239
BE35;11;4637,000000000000000;0,463700000000000;swvl2;StdTime;15-01-64 00:00:00;0,370375937953550
BE22;1;3104,000000000000000;0,310400000000000;swvl2;StdTime;15-01-65 00:00:00;0,312749961957566
BE23;2;3847,000000000000000;0,384700000000000;swvl2;StdTime;15-01-65 00:00:00;0,322494594344915
BE24;3;2706,000000000000000;0,270600000000000;swvl2;StdTime;15-01-65 00:00:00;0,367406484964858
BE25;4;4010,000000000000000;0,401000000000000;swvl2;StdTime;15-01-65 00:00:00;0,345106982292974
BE31;5;1403,000000000000000;0,140300000000000;swvl2;StdTime;15-01-65 00:00:00;0,388203729753908
BE32;6;4820,000000000000000;0,482000000000000;swvl2;StdTime;15-01-65 00:00:00;0,388925518361365
BE10;7;209,000000000000000;0,020900000000000;swvl2;StdTime;15-01-65 00:00:00;0,383321736132699
BE21;8;3689,000000000000000;0,368900000000000;swvl2;StdTime;15-01-65 00:00:00;0,277755851505183
BE33;9;4899,000000000000000;0,489900000000000;swvl2;StdTime;15-01-65 00:00:00;0,393939855969130
BE34;10;5582,000000000000000;0,558200000000000;swvl2;StdTime;15-01-65 00:00:00;0,378391668526171
BE35;11;4637,000000000000000;0,463700000000000;swvl2;StdTime;15-01-65 00:00:00;0,391939474528839
BE22;1;3104,000000000000000;0,310400000000000;swvl2;StdTime;15-01-66 00:00:00;0,322260094096058
BE23;2;3847,000000000000000;0,384700000000000;swvl2;StdTime;15-01-66 00:00:00;0,331151479361799
BE24;3;2706,000000000000000;0,270600000000000;swvl2;StdTime;15-01-66 00:00:00;0,377567194330631
BE25;4;4010,000000000000000;0,401000000000000;swvl2;StdTime;15-01-66 00:00:00;0,353439402624853
BE31;5;1403,000000000000000;0,140300000000000;swvl2;StdTime;15-01-66 00:00:00;0,394862087832462
BE32;6;4820,000000000000000;0,482000000000000;swvl2;StdTime;15-01-66 00:00:00;0,394292801859716
BE10;7;209,000000000000000;0,020900000000000;swvl2;StdTime;15-01-66 00:00:00;0,393956969657013
BE21;8;3689,000000000000000;0,368900000000000;swvl2;StdTime;15-01-66 00:00:00;0,291260231111586
BE33;9;4899,000000000000000;0,489900000000000;swvl2;StdTime;15-01-66 00:00:00;0,397815100171902
BE34;10;5582,000000000000000;0,558200000000000;swvl2;StdTime;15-01-66 00:00:00;0,384218471814167
BE35;11;4637,000000000000000;0,463700000000000;swvl2;StdTime;15-01-66 00:00:00;0,395807647887607
BE22;1;3104,000000000000000;0,310400000000000;swvl2;StdTime;15-01-67 00:00:00;0,317763264761451
BE23;2;3847,000000000000000;0,384700000000000;swvl2;StdTime;15-01-67 00:00:00;0,324572940127769
BE24;3;2706,000000000000000;0,270600000000000;swvl2;StdTime;15-01-67 00:00:00;0,370952721654884
BE25;4;4010,000000000000000;0,401000000000000;swvl2;StdTime;15-01-67 00:00:00;0,348758731674672
BE31;5;1403,000000000000000;0,140300000000000;swvl2;StdTime;15-01-67 00:00:00;0,388452184323490
BE32;6;4820,000000000000000;0,482000000000000;swvl2;StdTime;15-01-67 00:00:00;0,388401203141916
BE10;7;209,000000000000000;0,020900000000000;swvl2;StdTime;15-01-67 00:00:00;0,386411210709211
BE21;8;3689,000000000000000;0,368900000000000;swvl2;StdTime;15-01-67 00:00:00;0,286160084371742
BE33;9;4899,000000000000000;0,489900000000000;swvl2;StdTime;15-01-67 00:00:00;0,394624129013762
BE34;10;5582,000000000000000;0,558200000000000;swvl2;StdTime;15-01-67 00:00:00;0,380364449460503
BE35;11;4637,000000000000000;0,463700000000000;swvl2;StdTime;15-01-67 00:00:00;0,392221802899826
BE22;1;3104,000000000000000;0,310400000000000;swvl2;StdTime;15-01-68 00:00:00;0,322537851078225
BE23;2;3847,000000000000000;0,384700000000000;swvl2;StdTime;15-01-68 00:00:00;0,329633686126967
BE24;3;2706,000000000000000;0,270600000000000;swvl2;StdTime;15-01-68 00:00:00;0,377121591184726
BE25;4;4010,000000000000000;0,401000000000000;swvl2;StdTime;15-01-68 00:00:00;0,350494134307205
BE31;5;1403,000000000000000;0,140300000000000;swvl2;StdTime;15-01-68 00:00:00;0,396720375597519
BE32;6;4820,000000000000000;0,482000000000000;swvl2;StdTime;15-01-68 00:00:00;0,395153792406514
BE10;7;209,000000000000000;0,020900000000000;swvl2;StdTime;15-01-68 00:00:00;0,392762710888420
BE21;8;3689,000000000000000;0,368900000000000;swvl2;StdTime;15-01-68 00:00:00;0,289534945722582
BE33;9;4899,000000000000000;0,489900000000000;swvl2;StdTime;15-01-68 00:00:00;0,398634469005422
BE34;10;5582,000000000000000;0,558200000000000;swvl2;StdTime;15-01-68 00:00:00;0,384966922971307
BE35;11;4637,000000000000000;0,463700000000000;swvl2;StdTime;15-01-68 00:00:00;0,399579633952010
BE22;1;3104,000000000000000;0,310400000000000;swvl2;StdTime;15-01-69 00:00:00;0,307042831113351
BE23;2;3847,000000000000000;0,384700000000000;swvl2;StdTime;15-01-69 00:00:00;0,320892372254059
BE24;3;2706,000000000000000;0,270600000000000;swvl2;StdTime;15-01-69 00:00:00;0,365741165331444
BE25;4;4010,000000000000000;0,401000000000000;swvl2;StdTime;15-01-69 00:00:00;0,349667613739682
BE31;5;1403,000000000000000;0,140300000000000;swvl2;StdTime;15-01-69 00:00:00;0,384728518602088
BE32;6;4820,000000000000000;0,482000000000000;swvl2;StdTime;15-01-69 00:00:00;0,385611583842777
BE10;7;209,000000000000000;0,020900000000000;swvl2;StdTime;15-01-69 00:00:00;0,383024177055039
BE21;8;3689,000000000000000;0,368900000000000;swvl2;StdTime;15-01-69 00:00:00;0,275041527446287
BE33;9;4899,000000000000000;0,489900000000000;swvl2;StdTime;15-01-69 00:00:00;0,386907842991960
BE34;10;5582,000000000000000;0,558200000000000;swvl2;StdTime;15-01-69 00:00:00;0,377538239211645
BE35;11;4637,000000000000000;0,463700000000000;swvl2;StdTime;15-01-69 00:00:00;0,388051996990502
BE22;1;3104,000000000000000;0,310400000000000;swvl2;StdTime;15-01-70 00:00:00;0,319386978057626
BE23;2;3847,000000000000000;0,384700000000000;swvl2;StdTime;15-01-70 00:00:00;0,329985380746000
BE24;3;2706,000000000000000;0,270600000000000;swvl2;StdTime;15-01-70 00:00:00;0,374305351125868
BE25;4;4010,000000000000000;0,401000000000000;swvl2;StdTime;15-01-70 00:00:00;0,356882686552562
BE31;5;1403,000000000000000;0,140300000000000;swvl2;StdTime;15-01-70 00:00:00;0,394743492666178
BE32;6;4820,000000000000000;0,482000000000000;swvl2;StdTime;15-01-70 00:00:00;0,395109463554199
BE10;7;209,000000000000000;0,020900000000000;swvl2;StdTime;15-01-70 00:00:00;0,390148426784853
BE21;8;3689,000000000000000;0,368900000000000;swvl2;StdTime;15-01-70 00:00:00;0,284851998252318
BE33;9;4899,000000000000000;0,489900000000000;swvl2;StdTime;15-01-70 00:00:00;0,395488440734947
BE34;10;5582,000000000000000;0,558200000000000;swvl2;StdTime;15-01-70 00:00:00;0,384312552647196
BE35;11;4637,000000000000000;0,463700000000000;swvl2;StdTime;15-01-70 00:00:00;0,398364374895714
BE22;1;3104,000000000000000;0,310400000000000;swvl2;StdTime;15-01-71 00:00:00;0,305373912485144
BE23;2;3847,000000000000000;0,384700000000000;swvl2;StdTime;15-01-71 00:00:00;0,316721203274809
BE24;3;2706,000000000000000;0,270600000000000;swvl2;StdTime;15-01-71 00:00:00;0,358697915376774
BE25;4;4010,000000000000000;0,401000000000000;swvl2;StdTime;15-01-71 00:00:00;0,346655715426007
BE31;5;1403,000000000000000;0,140300000000000;swvl2;StdTime;15-01-71 00:00:00;0,377731227271487
BE32;6;4820,000000000000000;0,482000000000000;swvl2;StdTime;15-01-71 00:00:00;0,378519050875887
BE10;7;209,000000000000000;0,020900000000000;swvl2;StdTime;15-01-71 00:00:00;0,373367483108238
BE21;8;3689,000000000000000;0,368900000000000;swvl2;StdTime;15-01-71 00:00:00;0,272841555626615
BE33;9;4899,000000000000000;0,489900000000000;swvl2;StdTime;15-01-71 00:00:00;0,387301743292131
BE34;10;5582,000000000000000;0,558200000000000;swvl2;StdTime;15-01-71 00:00:00;0,372705052554372
BE35;11;4637,000000000000000;0,463700000000000;swvl2;StdTime;15-01-71 00:00:00;0,385370040623721
BE22;1;3104,000000000000000;0,310400000000000;swvl2;StdTime;15-01-72 00:00:00;0,305183626154496
BE23;2;3847,000000000000000;0,384700000000000;swvl2;StdTime;15-01-72 00:00:00;0,312322890484275
BE24;3;2706,000000000000000;0,270600000000000;swvl2;StdTime;15-01-72 00:00:00;0,359732769269989
BE25;4;4010,000000000000000;0,401000000000000;swvl2;StdTime;15-01-72 00:00:00;0,337606427251847
BE31;5;1403,000000000000000;0,140300000000000;swvl2;StdTime;15-01-72 00:00:00;0,380297475110100
BE32;6;4820,000000000000000;0,482000000000000;swvl2;StdTime;15-01-72 00:00:00;0,381731658456731
BE10;7;209,000000000000000;0,020900000000000;swvl2;StdTime;15-01-72 00:00:00;0,374099000504143
BE21;8;3689,000000000000000;0,368900000000000;swvl2;StdTime;15-01-72 00:00:00;0,270711719711062
BE33;9;4899,000000000000000;0,489900000000000;swvl2;StdTime;15-01-72 00:00:00;0,387386206559538
BE34;10;5582,000000000000000;0,558200000000000;swvl2;StdTime;15-01-72 00:00:00;0,373566509793412
BE35;11;4637,000000000000000;0,463700000000000;swvl2;StdTime;15-01-72 00:00:00;0,385282884795577
BE22;1;3104,000000000000000;0,310400000000000;swvl2;StdTime;15-01-73 00:00:00;0,295244149662094
BE23;2;3847,000000000000000;0,384700000000000;swvl2;StdTime;15-01-73 00:00:00;0,302424019510045
BE24;3;2706,000000000000000;0,270600000000000;swvl2;StdTime;15-01-73 00:00:00;0,348886546664386
BE25;4;4010,000000000000000;0,401000000000000;swvl2;StdTime;15-01-73 00:00:00;0,326936641922616
BE31;5;1403,000000000000000;0,140300000000000;swvl2;StdTime;15-01-73 00:00:00;0,370325457450754
BE32;6;4820,000000000000000;0,482000000000000;swvl2;StdTime;15-01-73 00:00:00;0,371643620537773
BE10;7;209,000000000000000;0,020900000000000;swvl2;StdTime;15-01-73 00:00:00;0,364351829415873
BE21;8;3689,000000000000000;0,368900000000000;swvl2;StdTime;15-01-73 00:00:00;0,262136099598020
BE33;9;4899,000000000000000;0,489900000000000;swvl2;StdTime;15-01-73 00:00:00;0,377116305800355
BE34;10;5582,000000000000000;0,558200000000000;swvl2;StdTime;15-01-73 00:00:00;0,369149451468717
BE35;11;4637,000000000000000;0,463700000000000;swvl2;StdTime;15-01-73 00:00:00;0,377940395261698
BE22;1;3104,000000000000000;0,310400000000000;swvl2;StdTime;15-01-74 00:00:00;0,315968948109171
BE23;2;3847,000000000000000;0,384700000000000;swvl2;StdTime;15-01-74 00:00:00;0,325404225153089
BE24;3;2706,000000000000000;0,270600000000000;swvl2;StdTime;15-01-74 00:00:00;0,370915108954387
BE25;4;4010,000000000000000;0,401000000000000;swvl2;StdTime;15-01-74 00:00:00;0,347310175012768
BE31;5;1403,000000000000000;0,140300000000000;swvl2;StdTime;15-01-74 00:00:00;0,389758106668931
BE32;6;4820,000000000000000;0,482000000000000;swvl2;StdTime;15-01-74 00:00:00;0,389643356086554
BE10;7;209,000000000000000;0,020900000000000;swvl2;StdTime;15-01-74 00:00:00;0,386809012393632
BE21;8;3689,000000000000000;0,368900000000000;swvl2;StdTime;15-01-74 00:00:00;0,283195328675301
BE33;9;4899,000000000000000;0,489900000000000;swvl2;StdTime;15-01-74 00:00:00;0,393940820374473
BE34;10;5582,000000000000000;0,558200000000000;swvl2;StdTime;15-01-74 00:00:00;0,381980135994161
BE35;11;4637,000000000000000;0,463700000000000;swvl2;StdTime;15-01-74 00:00:00;0,392991225730249
BE22;1;3104,000000000000000;0,310400000000000;swvl2;StdTime;15-01-75 00:00:00;0,315969946736604
BE23;2;3847,000000000000000;0,384700000000000;swvl2;StdTime;15-01-75 00:00:00;0,325860928173713
BE24;3;2706,000000000000000;0,270600000000000;swvl2;StdTime;15-01-75 00:00:00;0,371518160688022
BE25;4;4010,000000000000000;0,401000000000000;swvl2;StdTime;15-01-75 00:00:00;0,349914373528036
BE31;5;1403,000000000000000;0,140300000000000;swvl2;StdTime;15-01-75 00:00:00;0,389155948366000
BE32;6;4820,000000000000000;0,482000000000000;swvl2;StdTime;15-01-75 00:00:00;0,389115309579244
BE10;7;209,000000000000000;0,020900000000000;swvl2;StdTime;15-01-75 00:00:00;0,388140756405141
BE21;8;3689,000000000000000;0,368900000000000;swvl2;StdTime;15-01-75 00:00:00;0,284220954749151
BE33;9;4899,000000000000000;0,489900000000000;swvl2;StdTime;15-01-75 00:00:00;0,394327104383645
BE34;10;5582,000000000000000;0,558200000000000;swvl2;StdTime;15-01-75 00:00:00;0,380549311013216
BE35;11;4637,000000000000000;0,463700000000000;swvl2;StdTime;15-01-75 00:00:00;0,391782042844968
BE22;1;3104,000000000000000;0,310400000000000;swvl2;StdTime;15-01-76 00:00:00;0,306241288185888
BE23;2;3847,000000000000000;0,384700000000000;swvl2;StdTime;15-01-76 00:00:00;0,314082872652221
BE24;3;2706,000000000000000;0,270600000000000;swvl2;StdTime;15-01-76 00:00:00;0,360624143824873
BE25;4;4010,000000000000000;0,401000000000000;swvl2;StdTime;15-01-76 00:00:00;0,341965455032346
BE31;5;1403,000000000000000;0,140300000000000;swvl2;StdTime;15-01-76 00:00:00;0,380431609309238
BE32;6;4820,000000000000000;0,482000000000000;swvl2;StdTime;15-01-76 00:00:00;0,379609478602024
BE10;7;209,000000000000000;0,020900000000000;swvl2;StdTime;15-01-76 00:00:00;0,375691827832227
BE21;8;3689,000000000000000;0,368900000000000;swvl2;StdTime;15-01-76 00:00:00;0,272149061350422
BE33;9;4899,000000000000000;0,489900000000000;swvl2;StdTime;15-01-76 00:00:00;0,391186196394272
BE34;10;5582,000000000000000;0,558200000000000;swvl2;StdTime;15-01-76 00:00:00;0,377301302142188
BE35;11;4637,000000000000000;0,463700000000000;swvl2;StdTime;15-01-76 00:00:00;0,386529907394592
BE22;1;3104,000000000000000;0,310400000000000;swvl2;StdTime;15-01-77 00:00:00;0,316225591115654
BE23;2;3847,000000000000000;0,384700000000000;swvl2;StdTime;15-01-77 00:00:00;0,327611881198589
BE24;3;2706,000000000000000;0,270600000000000;swvl2;StdTime;15-01-77 00:00:00;0,371045897206111
BE25;4;4010,000000000000000;0,401000000000000;swvl2;StdTime;15-01-77 00:00:00;0,355409133813328
BE31;5;1403,000000000000000;0,140300000000000;swvl2;StdTime;15-01-77 00:00:00;0,390657744298045
BE32;6;4820,000000000000000;0,482000000000000;swvl2;StdTime;15-01-77 00:00:00;0,391289050060932
BE10;7;209,000000000000000;0,020900000000000;swvl2;StdTime;15-01-77 00:00:00;0,386069704471022
BE21;8;3689,000000000000000;0,368900000000000;swvl2;StdTime;15-01-77 00:00:00;0,285572483178303
BE33;9;4899,000000000000000;0,489900000000000;swvl2;StdTime;15-01-77 00:00:00;0,394220509950568
BE34;10;5582,000000000000000;0,558200000000000;swvl2;StdTime;15-01-77 00:00:00;0,385331026053864
BE35;11;4637,000000000000000;0,463700000000000;swvl2;StdTime;15-01-77 00:00:00;0,396118484259114
BE22;1;3104,000000000000000;0,310400000000000;swvl2;StdTime;15-01-78 00:00:00;0,312962417077926
BE23;2;3847,000000000000000;0,384700000000000;swvl2;StdTime;15-01-78 00:00:00;0,326450950221827
BE24;3;2706,000000000000000;0,270600000000000;swvl2;StdTime;15-01-78 00:00:00;0,370115100125956
BE25;4;4010,000000000000000;0,401000000000000;swvl2;StdTime;15-01-78 00:00:00;0,352400548581471
BE31;5;1403,000000000000000;0,140300000000000;swvl2;StdTime;15-01-78 00:00:00;0,388191754318354
BE32;6;4820,000000000000000;0,482000000000000;swvl2;StdTime;15-01-78 00:00:00;0,388833641634937
BE10;7;209,000000000000000;0,020900000000000;swvl2;StdTime;15-01-78 00:00:00;0,386903730876138
BE21;8;3689,000000000000000;0,368900000000000;swvl2;StdTime;15-01-78 00:00:00;0,282596458269672
BE33;9;4899,000000000000000;0,489900000000000;swvl2;StdTime;15-01-78 00:00:00;0,392373553938613
BE34;10;5582,000000000000000;0,558200000000000;swvl2;StdTime;15-01-78 00:00:00;0,381968199758280
BE35;11;4637,000000000000000;0,463700000000000;swvl2;StdTime;15-01-78 00:00:00;0,392066776752472
BE22;1;3104,000000000000000;0,310400000000000;swvl2;StdTime;15-01-79 00:00:00;0,312695949107946
BE23;2;3847,000000000000000;0,384700000000000;swvl2;StdTime;15-01-79 00:00:00;0,320162441169934
BE24;3;2706,000000000000000;0,270600000000000;swvl2;StdTime;15-01-79 00:00:00;0,364466248720290
BE25;4;4010,000000000000000;0,401000000000000;swvl2;StdTime;15-01-79 00:00:00;0,345976400791558
BE31;5;1403,000000000000000;0,140300000000000;swvl2;StdTime;15-01-79 00:00:00;0,383498108416732
BE32;6;4820,000000000000000;0,482000000000000;swvl2;StdTime;15-01-79 00:00:00;0,384222571465237
BE10;7;209,000000000000000;0,020900000000000;swvl2;StdTime;15-01-79 00:00:00;0,379211328816756
BE21;8;3689,000000000000000;0,368900000000000;swvl2;StdTime;15-01-79 00:00:00;0,280286404959842
BE33;9;4899,000000000000000;0,489900000000000;swvl2;StdTime;15-01-79 00:00:00;0,387581646655329
BE34;10;5582,000000000000000;0,558200000000000;swvl2;StdTime;15-01-79 00:00:00;0,373208653906561
BE35;11;4637,000000000000000;0,463700000000000;swvl2;StdTime;15-01-79 00:00:00;0,387320136867105
BE22;1;3104,000000000000000;0,310400000000000;swvl2;StdTime;15-01-80 00:00:00;0,314301509650175
BE23;2;3847,000000000000000;0,384700000000000;swvl2;StdTime;15-01-80 00:00:00;0,327060522980772
BE24;3;2706,000000000000000;0,270600000000000;swvl2;StdTime;15-01-80 00:00:00;0,370052241234980
BE25;4;4010,000000000000000;0,401000000000000;swvl2;StdTime;15-01-80 00:00:00;0,351950153455770
BE31;5;1403,000000000000000;0,140300000000000;swvl2;StdTime;15-01-80 00:00:00;0,387304247084126
BE32;6;4820,000000000000000;0,482000000000000;swvl2;StdTime;15-01-80 00:00:00;0,389439847335776
BE10;7;209,000000000000000;0,020900000000000;swvl2;StdTime;15-01-80 00:00:00;0,386363569201465
BE21;8;3689,000000000000000;0,368900000000000;swvl2;StdTime;15-01-80 00:00:00;0,284552306251883
BE33;9;4899,000000000000000;0,489900000000000;swvl2;StdTime;15-01-80 00:00:00;0,390309454014312
BE34;10;5582,000000000000000;0,558200000000000;swvl2;StdTime;15-01-80 00:00:00;0,380289996991189
BE35;11;4637,000000000000000;0,463700000000000;swvl2;StdTime;15-01-80 00:00:00;0,391094877837109
BE22;1;3104,000000000000000;0,310400000000000;swvl2;StdTime;15-01-81 00:00:00;0,319183046247848
BE23;2;3847,000000000000000;0,384700000000000;swvl2;StdTime;15-01-81 00:00:00;0,327326543344471
BE24;3;2706,000000000000000;0,270600000000000;swvl2;StdTime;15-01-81 00:00:00;0,374253486031880
BE25;4;4010,000000000000000;0,401000000000000;swvl2;StdTime;15-01-81 00:00:00;0,349771511770246
BE31;5;1403,000000000000000;0,140300000000000;swvl2;StdTime;15-01-81 00:00:00;0,392770199098505
BE32;6;4820,000000000000000;0,482000000000000;swvl2;StdTime;15-01-81 00:00:00;0,392491546038275
BE10;7;209,000000000000000;0,020900000000000;swvl2;StdTime;15-01-81 00:00:00;0,390824383525757
BE21;8;3689,000000000000000;0,368900000000000;swvl2;StdTime;15-01-81 00:00:00;0,286561641938061
BE33;9;4899,000000000000000;0,489900000000000;swvl2;StdTime;15-01-81 00:00:00;0,396074015793934
BE34;10;5582,000000000000000;0,558200000000000;swvl2;StdTime;15-01-81 00:00:00;0,383879398683500
BE35;11;4637,000000000000000;0,463700000000000;swvl2;StdTime;15-01-81 00:00:00;0,396861251775422
BE22;1;3104,000000000000000;0,310400000000000;swvl2;StdTime;15-01-82 00:00:00;0,316077874675777
BE23;2;3847,000000000000000;0,384700000000000;swvl2;StdTime;15-01-82 00:00:00;0,325752159458090
BE24;3;2706,000000000000000;0,270600000000000;swvl2;StdTime;15-01-82 00:00:00;0,371633469463717
BE25;4;4010,000000000000000;0,401000000000000;swvl2;StdTime;15-01-82 00:00:00;0,351129096040405
BE31;5;1403,000000000000000;0,140300000000000;swvl2;StdTime;15-01-82 00:00:00;0,389325088419748
BE32;6;4820,000000000000000;0,482000000000000;swvl2;StdTime;15-01-82 00:00:00;0,389620639841340
BE10;7;209,000000000000000;0,020900000000000;swvl2;StdTime;15-01-82 00:00:00;0,388183881363800
BE21;8;3689,000000000000000;0,368900000000000;swvl2;StdTime;15-01-82 00:00:00;0,283122496412323
BE33;9;4899,000000000000000;0,489900000000000;swvl2;StdTime;15-01-82 00:00:00;0,388580137356176
BE34;10;5582,000000000000000;0,558200000000000;swvl2;StdTime;15-01-82 00:00:00;0,377044010262727
BE35;11;4637,000000000000000;0,463700000000000;swvl2;StdTime;15-01-82 00:00:00;0,391926453439795
BE22;1;3104,000000000000000;0,310400000000000;swvl2;StdTime;15-01-83 00:00:00;0,317878510879795
BE23;2;3847,000000000000000;0,384700000000000;swvl2;StdTime;15-01-83 00:00:00;0,325705938194211
BE24;3;2706,000000000000000;0,270600000000000;swvl2;StdTime;15-01-83 00:00:00;0,372912155330754
BE25;4;4010,000000000000000;0,401000000000000;swvl2;StdTime;15-01-83 00:00:00;0,350607329926585
BE31;5;1403,000000000000000;0,140300000000000;swvl2;StdTime;15-01-83 00:00:00;0,392243799276209
BE32;6;4820,000000000000000;0,482000000000000;swvl2;StdTime;15-01-83 00:00:00;0,392455847697387
BE10;7;209,000000000000000;0,020900000000000;swvl2;StdTime;15-01-83 00:00:00;0,389231994249033
BE21;8;3689,000000000000000;0,368900000000000;swvl2;StdTime;15-01-83 00:00:00;0,283903861116930
BE33;9;4899,000000000000000;0,489900000000000;swvl2;StdTime;15-01-83 00:00:00;0,396903600302685
BE34;10;5582,000000000000000;0,558200000000000;swvl2;StdTime;15-01-83 00:00:00;0,383977232745838
BE35;11;4637,000000000000000;0,463700000000000;swvl2;StdTime;15-01-83 00:00:00;0,396586738425595
BE22;1;3104,000000000000000;0,310400000000000;swvl2;StdTime;15-01-84 00:00:00;0,312256571001459
BE23;2;3847,000000000000000;0,384700000000000;swvl2;StdTime;15-01-84 00:00:00;0,319498723006292
BE24;3;2706,000000000000000;0,270600000000000;swvl2;StdTime;15-01-84 00:00:00;0,362727581694755
BE25;4;4010,000000000000000;0,401000000000000;swvl2;StdTime;15-01-84 00:00:00;0,345583950908404
BE31;5;1403,000000000000000;0,140300000000000;swvl2;StdTime;15-01-84 00:00:00;0,380281638117747
BE32;6;4820,000000000000000;0,482000000000000;swvl2;StdTime;15-01-84 00:00:00;0,379776128941057
BE10;7;209,000000000000000;0,020900000000000;swvl2;StdTime;15-01-84 00:00:00;0,376639650198831
BE21;8;3689,000000000000000;0,368900000000000;swvl2;StdTime;15-01-84 00:00:00;0,281897576367768
BE33;9;4899,000000000000000;0,489900000000000;swvl2;StdTime;15-01-84 00:00:00;0,389917205136317
BE34;10;5582,000000000000000;0,558200000000000;swvl2;StdTime;15-01-84 00:00:00;0,378697085881353
BE35;11;4637,000000000000000;0,463700000000000;swvl2;StdTime;15-01-84 00:00:00;0,385799026081782
BE22;1;3104,000000000000000;0,310400000000000;swvl2;StdTime;15-01-85 00:00:00;0,303533890649446
BE23;2;3847,000000000000000;0,384700000000000;swvl2;StdTime;15-01-85 00:00:00;0,317205013409509
BE24;3;2706,000000000000000;0,270600000000000;swvl2;StdTime;15-01-85 00:00:00;0,361673747334582
BE25;4;4010,000000000000000;0,401000000000000;swvl2;StdTime;15-01-85 00:00:00;0,345886855581752
BE31;5;1403,000000000000000;0,140300000000000;swvl2;StdTime;15-01-85 00:00:00;0,379742901620912
BE32;6;4820,000000000000000;0,482000000000000;swvl2;StdTime;15-01-85 00:00:00;0,381179876668819
BE10;7;209,000000000000000;0,020900000000000;swvl2;StdTime;15-01-85 00:00:00;0,378812821287858
BE21;8;3689,000000000000000;0,368900000000000;swvl2;StdTime;15-01-85 00:00:00;0,272432733588698
BE33;9;4899,000000000000000;0,489900000000000;swvl2;StdTime;15-01-85 00:00:00;0,380864963321740
BE34;10;5582,000000000000000;0,558200000000000;swvl2;StdTime;15-01-85 00:00:00;0,368067017553186
BE35;11;4637,000000000000000;0,463700000000000;swvl2;StdTime;15-01-85 00:00:00;0,382616444891939
BE22;1;3104,000000000000000;0,310400000000000;swvl2;StdTime;15-01-86 00:00:00;0,311288020506348
BE23;2;3847,000000000000000;0,384700000000000;swvl2;StdTime;15-01-86 00:00:00;0,316430583251493
BE24;3;2706,000000000000000;0,270600000000000;swvl2;StdTime;15-01-86 00:00:00;0,362495537673819
BE25;4;4010,000000000000000;0,401000000000000;swvl2;StdTime;15-01-86 00:00:00;0,341611738521558
BE31;5;1403,000000000000000;0,140300000000000;swvl2;StdTime;15-01-86 00:00:00;0,381796043979552
BE32;6;4820,000000000000000;0,482000000000000;swvl2;StdTime;15-01-86 00:00:00;0,380418078119082
BE10;7;209,000000000000000;0,020900000000000;swvl2;StdTime;15-01-86 00:00:00;0,376586407423019
BE21;8;3689,000000000000000;0,368900000000000;swvl2;StdTime;15-01-86 00:00:00;0,276973803940424
BE33;9;4899,000000000000000;0,489900000000000;swvl2;StdTime;15-01-86 00:00:00;0,388958357723179
BE34;10;5582,000000000000000;0,558200000000000;swvl2;StdTime;15-01-86 00:00:00;0,375678987063759
BE35;11;4637,000000000000000;0,463700000000000;swvl2;StdTime;15-01-86 00:00:00;0,388674971350107
BE22;1;3104,000000000000000;0,310400000000000;swvl2;StdTime;15-01-87 00:00:00;0,312168385324635
BE23;2;3847,000000000000000;0,384700000000000;swvl2;StdTime;15-01-87 00:00:00;0,319858725423593
BE24;3;2706,000000000000000;0,270600000000000;swvl2;StdTime;15-01-87 00:00:00;0,367048313385543
BE25;4;4010,000000000000000;0,401000000000000;swvl2;StdTime;15-01-87 00:00:00;0,344021591975207
BE31;5;1403,000000000000000;0,140300000000000;swvl2;StdTime;15-01-87 00:00:00;0,385185802866541
BE32;6;4820,000000000000000;0,482000000000000;swvl2;StdTime;15-01-87 00:00:00;0,385923301827364
BE10;7;209,000000000000000;0,020900000000000;swvl2;StdTime;15-01-87 00:00:00;0,383269559681130
BE21;8;3689,000000000000000;0,368900000000000;swvl2;StdTime;15-01-87 00:00:00;0,278761627770078
BE33;9;4899,000000000000000;0,489900000000000;swvl2;StdTime;15-01-87 00:00:00;0,386894808749467
BE34;10;5582,000000000000000;0,558200000000000;swvl2;StdTime;15-01-87 00:00:00;0,372060789408669
BE35;11;4637,000000000000000;0,463700000000000;swvl2;StdTime;15-01-87 00:00:00;0,387366327002616
BE22;1;3104,000000000000000;0,310400000000000;swvl2;StdTime;15-01-88 00:00:00;0,316993102047247
BE23;2;3847,000000000000000;0,384700000000000;swvl2;StdTime;15-01-88 00:00:00;0,327480562970580
BE24;3;2706,000000000000000;0,270600000000000;swvl2;StdTime;15-01-88 00:00:00;0,372423658063477
BE25;4;4010,000000000000000;0,401000000000000;swvl2;StdTime;15-01-88 00:00:00;0,353443300367293
BE31;5;1403,000000000000000;0,140300000000000;swvl2;StdTime;15-01-88 00:00:00;0,391077336611615
BE32;6;4820,000000000000000;0,482000000000000;swvl2;StdTime;15-01-88 00:00:00;0,391526575077372
BE10;7;209,000000000000000;0,020900000000000;swvl2;StdTime;15-01-88 00:00:00;0,388859701926628
BE21;8;3689,000000000000000;0,368900000000000;swvl2;StdTime;15-01-88 00:00:00;0,286222500460488
BE33;9;4899,000000000000000;0,489900000000000;swvl2;StdTime;15-01-88 00:00:00;0,396876563525098
BE34;10;5582,000000000000000;0,558200000000000;swvl2;StdTime;15-01-88 00:00:00;0,386452909125217
BE35;11;4637,000000000000000;0,463700000000000;swvl2;StdTime;15-01-88 00:00:00;0,397150123700361
BE22;1;3104,000000000000000;0,310400000000000;swvl2;StdTime;15-01-89 00:00:00;0,308771846211064
BE23;2;3847,000000000000000;0,384700000000000;swvl2;StdTime;15-01-89 00:00:00;0,314093875898954
BE24;3;2706,000000000000000;0,270600000000000;swvl2;StdTime;15-01-89 00:00:00;0,360507644531204
BE25;4;4010,000000000000000;0,401000000000000;swvl2;StdTime;15-01-89 00:00:00;0,339803596907423
BE31;5;1403,000000000000000;0,140300000000000;swvl2;StdTime;15-01-89 00:00:00;0,380341292362254
BE32;6;4820,000000000000000;0,482000000000000;swvl2;StdTime;15-01-89 00:00:00;0,379828532268893
BE10;7;209,000000000000000;0,020900000000000;swvl2;StdTime;15-01-89 00:00:00;0,373951801700455
BE21;8;3689,000000000000000;0,368900000000000;swvl2;StdTime;15-01-89 00:00:00;0,274573381126784
BE33;9;4899,000000000000000;0,489900000000000;swvl2;StdTime;15-01-89 00:00:00;0,389422806258543
BE34;10;5582,000000000000000;0,558200000000000;swvl2;StdTime;15-01-89 00:00:00;0,376419953102281
BE35;11;4637,000000000000000;0,463700000000000;swvl2;StdTime;15-01-89 00:00:00;0,387076759302387
BE22;1;3104,000000000000000;0,310400000000000;swvl2;StdTime;15-01-90 00:00:00;0,302554091016196
BE23;2;3847,000000000000000;0,384700000000000;swvl2;StdTime;15-01-90 00:00:00;0,312130528756603
BE24;3;2706,000000000000000;0,270600000000000;swvl2;StdTime;15-01-90 00:00:00;0,353455300440809
BE25;4;4010,000000000000000;0,401000000000000;swvl2;StdTime;15-01-90 00:00:00;0,335435550632025
BE31;5;1403,000000000000000;0,140300000000000;swvl2;StdTime;15-01-90 00:00:00;0,371158289318839
BE32;6;4820,000000000000000;0,482000000000000;swvl2;StdTime;15-01-90 00:00:00;0,371396769434832
BE10;7;209,000000000000000;0,020900000000000;swvl2;StdTime;15-01-90 00:00:00;0,366911038970263
BE21;8;3689,000000000000000;0,368900000000000;swvl2;StdTime;15-01-90 00:00:00;0,271660166135419
BE33;9;4899,000000000000000;0,489900000000000;swvl2;StdTime;15-01-90 00:00:00;0,379876729237058
BE34;10;5582,000000000000000;0,558200000000000;swvl2;StdTime;15-01-90 00:00:00;0,369641119692326
BE35;11;4637,000000000000000;0,463700000000000;swvl2;StdTime;15-01-90 00:00:00;0,376732472782637
BE22;1;3104,000000000000000;0,310400000000000;swvl2;StdTime;15-01-91 00:00:00;0,306399847476829
BE23;2;3847,000000000000000;0,384700000000000;swvl2;StdTime;15-01-91 00:00:00;0,314769760010489
BE24;3;2706,000000000000000;0,270600000000000;swvl2;StdTime;15-01-91 00:00:00;0,360166538911490
BE25;4;4010,000000000000000;0,401000000000000;swvl2;StdTime;15-01-91 00:00:00;0,339919523125574
BE31;5;1403,000000000000000;0,140300000000000;swvl2;StdTime;15-01-91 00:00:00;0,379695588639186
BE32;6;4820,000000000000000;0,482000000000000;swvl2;StdTime;15-01-91 00:00:00;0,380107883373236
BE10;7;209,000000000000000;0,020900000000000;swvl2;StdTime;15-01-91 00:00:00;0,376062708893461
BE21;8;3689,000000000000000;0,368900000000000;swvl2;StdTime;15-01-91 00:00:00;0,272168374523687
BE33;9;4899,000000000000000;0,489900000000000;swvl2;StdTime;15-01-91 00:00:00;0,385331077170775
BE34;10;5582,000000000000000;0,558200000000000;swvl2;StdTime;15-01-91 00:00:00;0,371695642716267
BE35;11;4637,000000000000000;0,463700000000000;swvl2;StdTime;15-01-91 00:00:00;0,384700943734950
BE22;1;3104,000000000000000;0,310400000000000;swvl2;StdTime;15-01-92 00:00:00;0,302227673101594
BE23;2;3847,000000000000000;0,384700000000000;swvl2;StdTime;15-01-92 00:00:00;0,310603932382876
BE24;3;2706,000000000000000;0,270600000000000;swvl2;StdTime;15-01-92 00:00:00;0,354822685277119
BE25;4;4010,000000000000000;0,401000000000000;swvl2;StdTime;15-01-92 00:00:00;0,334997739187648
BE31;5;1403,000000000000000;0,140300000000000;swvl2;StdTime;15-01-92 00:00:00;0,373059905178616
BE32;6;4820,000000000000000;0,482000000000000;swvl2;StdTime;15-01-92 00:00:00;0,371289377798679
BE10;7;209,000000000000000;0,020900000000000;swvl2;StdTime;15-01-92 00:00:00;0,369436531831203
BE21;8;3689,000000000000000;0,368900000000000;swvl2;StdTime;15-01-92 00:00:00;0,268808177620068
BE33;9;4899,000000000000000;0,489900000000000;swvl2;StdTime;15-01-92 00:00:00;0,383907849240192
BE34;10;5582,000000000000000;0,558200000000000;swvl2;StdTime;15-01-92 00:00:00;0,367866339984866
BE35;11;4637,000000000000000;0,463700000000000;swvl2;StdTime;15-01-92 00:00:00;0,376700384846426
BE22;1;3104,000000000000000;0,310400000000000;swvl2;StdTime;15-01-93 00:00:00;0,312559841479146
BE23;2;3847,000000000000000;0,384700000000000;swvl2;StdTime;15-01-93 00:00:00;0,319895523482866
BE24;3;2706,000000000000000;0,270600000000000;swvl2;StdTime;15-01-93 00:00:00;0,366540349926318
BE25;4;4010,000000000000000;0,401000000000000;swvl2;StdTime;15-01-93 00:00:00;0,344152371930957
BE31;5;1403,000000000000000;0,140300000000000;swvl2;StdTime;15-01-93 00:00:00;0,383253332214192
BE32;6;4820,000000000000000;0,482000000000000;swvl2;StdTime;15-01-93 00:00:00;0,382595885486277
BE10;7;209,000000000000000;0,020900000000000;swvl2;StdTime;15-01-93 00:00:00;0,382447384333496
BE21;8;3689,000000000000000;0,368900000000000;swvl2;StdTime;15-01-93 00:00:00;0,280075728150040
BE33;9;4899,000000000000000;0,489900000000000;swvl2;StdTime;15-01-93 00:00:00;0,388495212204481
BE34;10;5582,000000000000000;0,558200000000000;swvl2;StdTime;15-01-93 00:00:00;0,372740514888766
BE35;11;4637,000000000000000;0,463700000000000;swvl2;StdTime;15-01-93 00:00:00;0,385339834122198
BE22;1;3104,000000000000000;0,310400000000000;swvl2;StdTime;15-01-94 00:00:00;0,324261950386553
BE23;2;3847,000000000000000;0,384700000000000;swvl2;StdTime;15-01-94 00:00:00;0,335369556127414
BE24;3;2706,000000000000000;0,270600000000000;swvl2;StdTime;15-01-94 00:00:00;0,379845932126045
BE25;4;4010,000000000000000;0,401000000000000;swvl2;StdTime;15-01-94 00:00:00;0,359330482836673
BE31;5;1403,000000000000000;0,140300000000000;swvl2;StdTime;15-01-94 00:00:00;0,396981433172015
BE32;6;4820,000000000000000;0,482000000000000;swvl2;StdTime;15-01-94 00:00:00;0,397962321792400
BE10;7;209,000000000000000;0,020900000000000;swvl2;StdTime;15-01-94 00:00:00;0,396063724060378
BE21;8;3689,000000000000000;0,368900000000000;swvl2;StdTime;15-01-94 00:00:00;0,293964040064496
BE33;9;4899,000000000000000;0,489900000000000;swvl2;StdTime;15-01-94 00:00:00;0,399430875627088
BE34;10;5582,000000000000000;0,558200000000000;swvl2;StdTime;15-01-94 00:00:00;0,386022125263020
BE35;11;4637,000000000000000;0,463700000000000;swvl2;StdTime;15-01-94 00:00:00;0,399063967619833
BE22;1;3104,000000000000000;0,310400000000000;swvl2;StdTime;15-01-95 00:00:00;0,326702630416174
BE23;2;3847,000000000000000;0,384700000000000;swvl2;StdTime;15-01-95 00:00:00;0,334508783652438
BE24;3;2706,000000000000000;0,270600000000000;swvl2;StdTime;15-01-95 00:00:00;0,377621841668554
BE25;4;4010,000000000000000;0,401000000000000;swvl2;StdTime;15-01-95 00:00:00;0,359660764198352
BE31;5;1403,000000000000000;0,140300000000000;swvl2;StdTime;15-01-95 00:00:00;0,395074033218881
BE32;6;4820,000000000000000;0,482000000000000;swvl2;StdTime;15-01-95 00:00:00;0,396662043956304
BE10;7;209,000000000000000;0,020900000000000;swvl2;StdTime;15-01-95 00:00:00;0,391987776499616
BE21;8;3689,000000000000000;0,368900000000000;swvl2;StdTime;15-01-95 00:00:00;0,294768073405958
BE33;9;4899,000000000000000;0,489900000000000;swvl2;StdTime;15-01-95 00:00:00;0,401604935566388
BE34;10;5582,000000000000000;0,558200000000000;swvl2;StdTime;15-01-95 00:00:00;0,389667558113720
BE35;11;4637,000000000000000;0,463700000000000;swvl2;StdTime;15-01-95 00:00:00;0,400084328504891
BE22;1;3104,000000000000000;0,310400000000000;swvl2;StdTime;15-01-96 00:00:00;0,282590686636449
BE23;2;3847,000000000000000;0,384700000000000;swvl2;StdTime;15-01-96 00:00:00;0,295776040880346
BE24;3;2706,000000000000000;0,270600000000000;swvl2;StdTime;15-01-96 00:00:00;0,335951139904002
BE25;4;4010,000000000000000;0,401000000000000;swvl2;StdTime;15-01-96 00:00:00;0,324751184308470
BE31;5;1403,000000000000000;0,140300000000000;swvl2;StdTime;15-01-96 00:00:00;0,359668182906133
BE32;6;4820,000000000000000;0,482000000000000;swvl2;StdTime;15-01-96 00:00:00;0,363781552795800
BE10;7;209,000000000000000;0,020900000000000;swvl2;StdTime;15-01-96 00:00:00;0,351350365928486
BE21;8;3689,000000000000000;0,368900000000000;swvl2;StdTime;15-01-96 00:00:00;0,250399324965206
BE33;9;4899,000000000000000;0,489900000000000;swvl2;StdTime;15-01-96 00:00:00;0,368230300111220
BE34;10;5582,000000000000000;0,558200000000000;swvl2;StdTime;15-01-96 00:00:00;0,363736934070944
BE35;11;4637,000000000000000;0,463700000000000;swvl2;StdTime;15-01-96 00:00:00;0,369580749501847
BE22;1;3104,000000000000000;0,310400000000000;swvl2;StdTime;15-01-97 00:00:00;0,306905191650940
BE23;2;3847,000000000000000;0,384700000000000;swvl2;StdTime;15-01-97 00:00:00;0,315044532542357
BE24;3;2706,000000000000000;0,270600000000000;swvl2;StdTime;15-01-97 00:00:00;0,362814036668096
BE25;4;4010,000000000000000;0,401000000000000;swvl2;StdTime;15-01-97 00:00:00;0,338116284840719
BE31;5;1403,000000000000000;0,140300000000000;swvl2;StdTime;15-01-97 00:00:00;0,382567321710389
BE32;6;4820,000000000000000;0,482000000000000;swvl2;StdTime;15-01-97 00:00:00;0,383039865627327
BE10;7;209,000000000000000;0,020900000000000;swvl2;StdTime;15-01-97 00:00:00;0,378838834437457
BE21;8;3689,000000000000000;0,368900000000000;swvl2;StdTime;15-01-97 00:00:00;0,274343153112915
BE33;9;4899,000000000000000;0,489900000000000;swvl2;StdTime;15-01-97 00:00:00;0,387298946837839
BE34;10;5582,000000000000000;0,558200000000000;swvl2;StdTime;15-01-97 00:00:00;0,378248696993944
BE35;11;4637,000000000000000;0,463700000000000;swvl2;StdTime;15-01-97 00:00:00;0,389043512903772
BE22;1;3104,000000000000000;0,310400000000000;swvl2;StdTime;15-01-98 00:00:00;0,299679517793978
BE23;2;3847,000000000000000;0,384700000000000;swvl2;StdTime;15-01-98 00:00:00;0,312248814181908
BE24;3;2706,000000000000000;0,270600000000000;swvl2;StdTime;15-01-98 00:00:00;0,354041575845840
BE25;4;4010,000000000000000;0,401000000000000;swvl2;StdTime;15-01-98 00:00:00;0,341121543821254
BE31;5;1403,000000000000000;0,140300000000000;swvl2;StdTime;15-01-98 00:00:00;0,373319384015974
BE32;6;4820,000000000000000;0,482000000000000;swvl2;StdTime;15-01-98 00:00:00;0,377189266712587
BE10;7;209,000000000000000;0,020900000000000;swvl2;StdTime;15-01-98 00:00:00;0,368967374118321
BE21;8;3689,000000000000000;0,368900000000000;swvl2;StdTime;15-01-98 00:00:00;0,267661225290019
BE33;9;4899,000000000000000;0,489900000000000;swvl2;StdTime;15-01-98 00:00:00;0,386008203528467
BE34;10;5582,000000000000000;0,558200000000000;swvl2;StdTime;15-01-98 00:00:00;0,375338971235769
BE35;11;4637,000000000000000;0,463700000000000;swvl2;StdTime;15-01-98 00:00:00;0,381592896983673
BE22;1;3104,000000000000000;0,310400000000000;swvl2;StdTime;15-01-99 00:00:00;0,323396403448100
BE23;2;3847,000000000000000;0,384700000000000;swvl2;StdTime;15-01-99 00:00:00;0,335559371836563
BE24;3;2706,000000000000000;0,270600000000000;swvl2;StdTime;15-01-99 00:00:00;0,379762561891313
BE25;4;4010,000000000000000;0,401000000000000;swvl2;StdTime;15-01-99 00:00:00;0,359975118961120
BE31;5;1403,000000000000000;0,140300000000000;swvl2;StdTime;15-01-99 00:00:00;0,397493359814010
BE32;6;4820,000000000000000;0,482000000000000;swvl2;StdTime;15-01-99 00:00:00;0,398044074138171
BE10;7;209,000000000000000;0,020900000000000;swvl2;StdTime;15-01-99 00:00:00;0,396920207442279
BE21;8;3689,000000000000000;0,368900000000000;swvl2;StdTime;15-01-99 00:00:00;0,291968015934207
BE33;9;4899,000000000000000;0,489900000000000;swvl2;StdTime;15-01-99 00:00:00;0,399346531441223
BE34;10;5582,000000000000000;0,558200000000000;swvl2;StdTime;15-01-99 00:00:00;0,386787922936116
BE35;11;4637,000000000000000;0,463700000000000;swvl2;StdTime;15-01-99 00:00:00;0,400207785682635
BE22;1;3104,000000000000000;0,310400000000000;swvl2;StdTime;15-01-00 00:00:00;0,317345165215509
BE23;2;3847,000000000000000;0,384700000000000;swvl2;StdTime;15-01-00 00:00:00;0,323886764051079
BE24;3;2706,000000000000000;0,270600000000000;swvl2;StdTime;15-01-00 00:00:00;0,367299411762492
BE25;4;4010,000000000000000;0,401000000000000;swvl2;StdTime;15-01-00 00:00:00;0,352682680553034
BE31;5;1403,000000000000000;0,140300000000000;swvl2;StdTime;15-01-00 00:00:00;0,386280925441281
BE32;6;4820,000000000000000;0,482000000000000;swvl2;StdTime;15-01-00 00:00:00;0,388397936869212
BE10;7;209,000000000000000;0,020900000000000;swvl2;StdTime;15-01-00 00:00:00;0,380485843100616
BE21;8;3689,000000000000000;0,368900000000000;swvl2;StdTime;15-01-00 00:00:00;0,282808978105502
BE33;9;4899,000000000000000;0,489900000000000;swvl2;StdTime;15-01-00 00:00:00;0,399708140289377
BE34;10;5582,000000000000000;0,558200000000000;swvl2;StdTime;15-01-00 00:00:00;0,387853817598489
BE35;11;4637,000000000000000;0,463700000000000;swvl2;StdTime;15-01-00 00:00:00;0,395511166125710
BE22;1;3104,000000000000000;0,310400000000000;swvl2;StdTime;15-01-01 00:00:00;0,320765826121433
BE23;2;3847,000000000000000;0,384700000000000;swvl2;StdTime;15-01-01 00:00:00;0,333800598703981
BE24;3;2706,000000000000000;0,270600000000000;swvl2;StdTime;15-01-01 00:00:00;0,377659681906369
BE25;4;4010,000000000000000;0,401000000000000;swvl2;StdTime;15-01-01 00:00:00;0,359161301020375
BE31;5;1403,000000000000000;0,140300000000000;swvl2;StdTime;15-01-01 00:00:00;0,395368945275726
BE32;6;4820,000000000000000;0,482000000000000;swvl2;StdTime;15-01-01 00:00:00;0,395603229309514
BE10;7;209,000000000000000;0,020900000000000;swvl2;StdTime;15-01-01 00:00:00;0,394364109307385
BE21;8;3689,000000000000000;0,368900000000000;swvl2;StdTime;15-01-01 00:00:00;0,289919931848510
BE33;9;4899,000000000000000;0,489900000000000;swvl2;StdTime;15-01-01 00:00:00;0,397007786587663
BE34;10;5582,000000000000000;0,558200000000000;swvl2;StdTime;15-01-01 00:00:00;0,383614329364257
BE35;11;4637,000000000000000;0,463700000000000;swvl2;StdTime;15-01-01 00:00:00;0,396595961013590
BE22;1;3104,000000000000000;0,310400000000000;swvl2;StdTime;15-01-02 00:00:00;0,321246995984280
BE23;2;3847,000000000000000;0,384700000000000;swvl2;StdTime;15-01-02 00:00:00;0,331582147942787
BE24;3;2706,000000000000000;0,270600000000000;swvl2;StdTime;15-01-02 00:00:00;0,377012644522030
BE25;4;4010,000000000000000;0,401000000000000;swvl2;StdTime;15-01-02 00:00:00;0,353839590216516
BE31;5;1403,000000000000000;0,140300000000000;swvl2;StdTime;15-01-02 00:00:00;0,394279605137478
BE32;6;4820,000000000000000;0,482000000000000;swvl2;StdTime;15-01-02 00:00:00;0,395064001756091
BE10;7;209,000000000000000;0,020900000000000;swvl2;StdTime;15-01-02 00:00:00;0,393687730770933
BE21;8;3689,000000000000000;0,368900000000000;swvl2;StdTime;15-01-02 00:00:00;0,290772979144450
BE33;9;4899,000000000000000;0,489900000000000;swvl2;StdTime;15-01-02 00:00:00;0,393284131043005
BE34;10;5582,000000000000000;0,558200000000000;swvl2;StdTime;15-01-02 00:00:00;0,382427272676823
BE35;11;4637,000000000000000;0,463700000000000;swvl2;StdTime;15-01-02 00:00:00;0,396719456959419
BE22;1;3104,000000000000000;0,310400000000000;swvl2;StdTime;15-01-03 00:00:00;0,309571761109857
BE23;2;3847,000000000000000;0,384700000000000;swvl2;StdTime;15-01-03 00:00:00;0,323090583426877
BE24;3;2706,000000000000000;0,270600000000000;swvl2;StdTime;15-01-03 00:00:00;0,365907027821848
BE25;4;4010,000000000000000;0,401000000000000;swvl2;StdTime;15-01-03 00:00:00;0,349844822755775
BE31;5;1403,000000000000000;0,140300000000000;swvl2;StdTime;15-01-03 00:00:00;0,383825593116193
BE32;6;4820,000000000000000;0,482000000000000;swvl2;StdTime;15-01-03 00:00:00;0,386800519621224
BE10;7;209,000000000000000;0,020900000000000;swvl2;StdTime;15-01-03 00:00:00;0,382551805682159
BE21;8;3689,000000000000000;0,368900000000000;swvl2;StdTime;15-01-03 00:00:00;0,279137339072358
BE33;9;4899,000000000000000;0,489900000000000;swvl2;StdTime;15-01-03 00:00:00;0,387634282034011
BE34;10;5582,000000000000000;0,558200000000000;swvl2;StdTime;15-01-03 00:00:00;0,378783329429698
BE35;11;4637,000000000000000;0,463700000000000;swvl2;StdTime;15-01-03 00:00:00;0,388907821387445
BE22;1;3104,000000000000000;0,310400000000000;swvl2;StdTime;15-01-04 00:00:00;0,309506965282652
BE23;2;3847,000000000000000;0,384700000000000;swvl2;StdTime;15-01-04 00:00:00;0,320050986449316
BE24;3;2706,000000000000000;0,270600000000000;swvl2;StdTime;15-01-04 00:00:00;0,363960698180875
BE25;4;4010,000000000000000;0,401000000000000;swvl2;StdTime;15-01-04 00:00:00;0,346648800506853
BE31;5;1403,000000000000000;0,140300000000000;swvl2;StdTime;15-01-04 00:00:00;0,382208156611183
BE32;6;4820,000000000000000;0,482000000000000;swvl2;StdTime;15-01-04 00:00:00;0,380878330662043
BE10;7;209,000000000000000;0,020900000000000;swvl2;StdTime;15-01-04 00:00:00;0,379439510512010
BE21;8;3689,000000000000000;0,368900000000000;swvl2;StdTime;15-01-04 00:00:00;0,280305348104434
BE33;9;4899,000000000000000;0,489900000000000;swvl2;StdTime;15-01-04 00:00:00;0,387427738112414
BE34;10;5582,000000000000000;0,558200000000000;swvl2;StdTime;15-01-04 00:00:00;0,374895789986526
BE35;11;4637,000000000000000;0,463700000000000;swvl2;StdTime;15-01-04 00:00:00;0,384006375224780
BE22;1;3104,000000000000000;0,310400000000000;swvl2;StdTime;15-01-05 00:00:00;0,313446499263272
BE23;2;3847,000000000000000;0,384700000000000;swvl2;StdTime;15-01-05 00:00:00;0,315876410778758
BE24;3;2706,000000000000000;0,270600000000000;swvl2;StdTime;15-01-05 00:00:00;0,360219546471890
BE25;4;4010,000000000000000;0,401000000000000;swvl2;StdTime;15-01-05 00:00:00;0,342536778811207
BE31;5;1403,000000000000000;0,140300000000000;swvl2;StdTime;15-01-05 00:00:00;0,379383386774565
BE32;6;4820,000000000000000;0,482000000000000;swvl2;StdTime;15-01-05 00:00:00;0,374543040378707
BE10;7;209,000000000000000;0,020900000000000;swvl2;StdTime;15-01-05 00:00:00;0,371967928546468
BE21;8;3689,000000000000000;0,368900000000000;swvl2;StdTime;15-01-05 00:00:00;0,277558185739807
BE33;9;4899,000000000000000;0,489900000000000;swvl2;StdTime;15-01-05 00:00:00;0,390332903137350
BE34;10;5582,000000000000000;0,558200000000000;swvl2;StdTime;15-01-05 00:00:00;0,376183578384815
BE35;11;4637,000000000000000;0,463700000000000;swvl2;StdTime;15-01-05 00:00:00;0,385270441358707
BE22;1;3104,000000000000000;0,310400000000000;swvl2;StdTime;15-01-06 00:00:00;0,303617714649815
BE23;2;3847,000000000000000;0,384700000000000;swvl2;StdTime;15-01-06 00:00:00;0,312793321440769
BE24;3;2706,000000000000000;0,270600000000000;swvl2;StdTime;15-01-06 00:00:00;0,350730305483891
BE25;4;4010,000000000000000;0,401000000000000;swvl2;StdTime;15-01-06 00:00:00;0,341858172015360
BE31;5;1403,000000000000000;0,140300000000000;swvl2;StdTime;15-01-06 00:00:00;0,375172412807569
BE32;6;4820,000000000000000;0,482000000000000;swvl2;StdTime;15-01-06 00:00:00;0,376591107793368
BE10;7;209,000000000000000;0,020900000000000;swvl2;StdTime;15-01-06 00:00:00;0,364081323574605
BE21;8;3689,000000000000000;0,368900000000000;swvl2;StdTime;15-01-06 00:00:00;0,264053793538712
BE33;9;4899,000000000000000;0,489900000000000;swvl2;StdTime;15-01-06 00:00:00;0,388489546557304
BE34;10;5582,000000000000000;0,558200000000000;swvl2;StdTime;15-01-06 00:00:00;0,372310466111368
BE35;11;4637,000000000000000;0,463700000000000;swvl2;StdTime;15-01-06 00:00:00;0,379138048941498
BE22;1;3104,000000000000000;0,310400000000000;swvl2;StdTime;15-01-07 00:00:00;0,317027697454869
BE23;2;3847,000000000000000;0,384700000000000;swvl2;StdTime;15-01-07 00:00:00;0,329192296356110
BE24;3;2706,000000000000000;0,270600000000000;swvl2;StdTime;15-01-07 00:00:00;0,371767550839024
BE25;4;4010,000000000000000;0,401000000000000;swvl2;StdTime;15-01-07 00:00:00;0,355663609638476
BE31;5;1403,000000000000000;0,140300000000000;swvl2;StdTime;15-01-07 00:00:00;0,390340296757366
BE32;6;4820,000000000000000;0,482000000000000;swvl2;StdTime;15-01-07 00:00:00;0,391491353870428
BE10;7;209,000000000000000;0,020900000000000;swvl2;StdTime;15-01-07 00:00:00;0,387232387037369
BE21;8;3689,000000000000000;0,368900000000000;swvl2;StdTime;15-01-07 00:00:00;0,287402616207372
BE33;9;4899,000000000000000;0,489900000000000;swvl2;StdTime;15-01-07 00:00:00;0,394230486659717
BE34;10;5582,000000000000000;0,558200000000000;swvl2;StdTime;15-01-07 00:00:00;0,382315632360291
BE35;11;4637,000000000000000;0,463700000000000;swvl2;StdTime;15-01-07 00:00:00;0,393957179573967
BE22;1;3104,000000000000000;0,310400000000000;swvl2;StdTime;15-01-08 00:00:00;0,308887020732785
BE23;2;3847,000000000000000;0,384700000000000;swvl2;StdTime;15-01-08 00:00:00;0,319997969062910
BE24;3;2706,000000000000000;0,270600000000000;swvl2;StdTime;15-01-08 00:00:00;0,364770584816150
BE25;4;4010,000000000000000;0,401000000000000;swvl2;StdTime;15-01-08 00:00:00;0,344689173271828
BE31;5;1403,000000000000000;0,140300000000000;swvl2;StdTime;15-01-08 00:00:00;0,383014749010715
BE32;6;4820,000000000000000;0,482000000000000;swvl2;StdTime;15-01-08 00:00:00;0,384551814557112
BE10;7;209,000000000000000;0,020900000000000;swvl2;StdTime;15-01-08 00:00:00;0,381037034343875
BE21;8;3689,000000000000000;0,368900000000000;swvl2;StdTime;15-01-08 00:00:00;0,278036799193979
BE33;9;4899,000000000000000;0,489900000000000;swvl2;StdTime;15-01-08 00:00:00;0,386634288040514
BE34;10;5582,000000000000000;0,558200000000000;swvl2;StdTime;15-01-08 00:00:00;0,375226374409908
BE35;11;4637,000000000000000;0,463700000000000;swvl2;StdTime;15-01-08 00:00:00;0,387308279823224
BE22;1;3104,000000000000000;0,310400000000000;swvl2;StdTime;15-01-09 00:00:00;0,311049645075325
BE23;2;3847,000000000000000;0,384700000000000;swvl2;StdTime;15-01-09 00:00:00;0,316772219420161
BE24;3;2706,000000000000000;0,270600000000000;swvl2;StdTime;15-01-09 00:00:00;0,362834561866738
BE25;4;4010,000000000000000;0,401000000000000;swvl2;StdTime;15-01-09 00:00:00;0,344335004471782
BE31;5;1403,000000000000000;0,140300000000000;swvl2;StdTime;15-01-09 00:00:00;0,382697112969815
BE32;6;4820,000000000000000;0,482000000000000;swvl2;StdTime;15-01-09 00:00:00;0,382945283591995
BE10;7;209,000000000000000;0,020900000000000;swvl2;StdTime;15-01-09 00:00:00;0,377888220776782
BE21;8;3689,000000000000000;0,368900000000000;swvl2;StdTime;15-01-09 00:00:00;0,274654068171929
BE33;9;4899,000000000000000;0,489900000000000;swvl2;StdTime;15-01-09 00:00:00;0,389741792608752
BE34;10;5582,000000000000000;0,558200000000000;swvl2;StdTime;15-01-09 00:00:00;0,375280903076366
BE35;11;4637,000000000000000;0,463700000000000;swvl2;StdTime;15-01-09 00:00:00;0,387641239569880
BE22;1;3104,000000000000000;0,310400000000000;swvl2;StdTime;15-01-10 00:00:00;0,317931058931827
BE23;2;3847,000000000000000;0,384700000000000;swvl2;StdTime;15-01-10 00:00:00;0,328161297872960
BE24;3;2706,000000000000000;0,270600000000000;swvl2;StdTime;15-01-10 00:00:00;0,372682811008148
BE25;4;4010,000000000000000;0,401000000000000;swvl2;StdTime;15-01-10 00:00:00;0,353338753827789
BE31;5;1403,000000000000000;0,140300000000000;swvl2;StdTime;15-01-10 00:00:00;0,391141772079026
BE32;6;4820,000000000000000;0,482000000000000;swvl2;StdTime;15-01-10 00:00:00;0,392827113535395
BE10;7;209,000000000000000;0,020900000000000;swvl2;StdTime;15-01-10 00:00:00;0,388624003771960
BE21;8;3689,000000000000000;0,368900000000000;swvl2;StdTime;15-01-10 00:00:00;0,286249887275967
BE33;9;4899,000000000000000;0,489900000000000;swvl2;StdTime;15-01-10 00:00:00;0,393778118601281
BE34;10;5582,000000000000000;0,558200000000000;swvl2;StdTime;15-01-10 00:00:00;0,382335747982900
BE35;11;4637,000000000000000;0,463700000000000;swvl2;StdTime;15-01-10 00:00:00;0,394647069781511
BE22;1;3104,000000000000000;0,310400000000000;swvl2;StdTime;15-01-11 00:00:00;0,313054017943436
BE23;2;3847,000000000000000;0,384700000000000;swvl2;StdTime;15-01-11 00:00:00;0,325791558585353
BE24;3;2706,000000000000000;0,270600000000000;swvl2;StdTime;15-01-11 00:00:00;0,371366137962208
BE25;4;4010,000000000000000;0,401000000000000;swvl2;StdTime;15-01-11 00:00:00;0,351676484050596
BE31;5;1403,000000000000000;0,140300000000000;swvl2;StdTime;15-01-11 00:00:00;0,389024406352896
BE32;6;4820,000000000000000;0,482000000000000;swvl2;StdTime;15-01-11 00:00:00;0,389121127369740
BE10;7;209,000000000000000;0,020900000000000;swvl2;StdTime;15-01-11 00:00:00;0,388482588615144
BE21;8;3689,000000000000000;0,368900000000000;swvl2;StdTime;15-01-11 00:00:00;0,281997060349201
BE33;9;4899,000000000000000;0,489900000000000;swvl2;StdTime;15-01-11 00:00:00;0,387035598308851
BE34;10;5582,000000000000000;0,558200000000000;swvl2;StdTime;15-01-11 00:00:00;0,373196541905318
BE35;11;4637,000000000000000;0,463700000000000;swvl2;StdTime;15-01-11 00:00:00;0,389103518147805
BE22;1;3104,000000000000000;0,310400000000000;swvl2;StdTime;15-01-12 00:00:00;0,315103495973594
BE23;2;3847,000000000000000;0,384700000000000;swvl2;StdTime;15-01-12 00:00:00;0,324829485003038
BE24;3;2706,000000000000000;0,270600000000000;swvl2;StdTime;15-01-12 00:00:00;0,369107848789105
BE25;4;4010,000000000000000;0,401000000000000;swvl2;StdTime;15-01-12 00:00:00;0,348753570187418
BE31;5;1403,000000000000000;0,140300000000000;swvl2;StdTime;15-01-12 00:00:00;0,389039681583154
BE32;6;4820,000000000000000;0,482000000000000;swvl2;StdTime;15-01-12 00:00:00;0,388112552736063
BE10;7;209,000000000000000;0,020900000000000;swvl2;StdTime;15-01-12 00:00:00;0,384166244684794
BE21;8;3689,000000000000000;0,368900000000000;swvl2;StdTime;15-01-12 00:00:00;0,284023621365708
BE33;9;4899,000000000000000;0,489900000000000;swvl2;StdTime;15-01-12 00:00:00;0,395182715767280
BE34;10;5582,000000000000000;0,558200000000000;swvl2;StdTime;15-01-12 00:00:00;0,382015327608999
BE35;11;4637,000000000000000;0,463700000000000;swvl2;StdTime;15-01-12 00:00:00;0,393240945180326
BE22;1;3104,000000000000000;0,310400000000000;swvl2;StdTime;15-01-13 00:00:00;0,318021000410939
BE23;2;3847,000000000000000;0,384700000000000;swvl2;StdTime;15-01-13 00:00:00;0,328643131254554
BE24;3;2706,000000000000000;0,270600000000000;swvl2;StdTime;15-01-13 00:00:00;0,373191142855357
BE25;4;4010,000000000000000;0,401000000000000;swvl2;StdTime;15-01-13 00:00:00;0,354671688894382
BE31;5;1403,000000000000000;0,140300000000000;swvl2;StdTime;15-01-13 00:00:00;0,391134982268808
BE32;6;4820,000000000000000;0,482000000000000;swvl2;StdTime;15-01-13 00:00:00;0,391746621823162
BE10;7;209,000000000000000;0,020900000000000;swvl2;StdTime;15-01-13 00:00:00;0,389606868251089
BE21;8;3689,000000000000000;0,368900000000000;swvl2;StdTime;15-01-13 00:00:00;0,286958283882343
BE33;9;4899,000000000000000;0,489900000000000;swvl2;StdTime;15-01-13 00:00:00;0,393712889974179
BE34;10;5582,000000000000000;0,558200000000000;swvl2;StdTime;15-01-13 00:00:00;0,380457148537846
BE35;11;4637,000000000000000;0,463700000000000;swvl2;StdTime;15-01-13 00:00:00;0,394464363864405
BE22;1;3104,000000000000000;0,310400000000000;swvl2;StdTime;15-01-14 00:00:00;0,315584686037499
BE23;2;3847,000000000000000;0,384700000000000;swvl2;StdTime;15-01-14 00:00:00;0,328691740136101
BE24;3;2706,000000000000000;0,270600000000000;swvl2;StdTime;15-01-14 00:00:00;0,372376447737613
BE25;4;4010,000000000000000;0,401000000000000;swvl2;StdTime;15-01-14 00:00:00;0,354567088666105
BE31;5;1403,000000000000000;0,140300000000000;swvl2;StdTime;15-01-14 00:00:00;0,391340149804175
BE32;6;4820,000000000000000;0,482000000000000;swvl2;StdTime;15-01-14 00:00:00;0,392229052116762
BE10;7;209,000000000000000;0,020900000000000;swvl2;StdTime;15-01-14 00:00:00;0,388599813269656
BE21;8;3689,000000000000000;0,368900000000000;swvl2;StdTime;15-01-14 00:00:00;0,286278575796136
BE33;9;4899,000000000000000;0,489900000000000;swvl2;StdTime;15-01-14 00:00:00;0,396437779096322
BE34;10;5582,000000000000000;0,558200000000000;swvl2;StdTime;15-01-14 00:00:00;0,387135131129096
BE35;11;4637,000000000000000;0,463700000000000;swvl2;StdTime;15-01-14 00:00:00;0,397306662465006
BE22;1;3104,000000000000000;0,310400000000000;swvl2;StdTime;15-01-15 00:00:00;0,320489399279131
BE23;2;3847,000000000000000;0,384700000000000;swvl2;StdTime;15-01-15 00:00:00;0,334305877588867
BE24;3;2706,000000000000000;0,270600000000000;swvl2;StdTime;15-01-15 00:00:00;0,378555854106513
BE25;4;4010,000000000000000;0,401000000000000;swvl2;StdTime;15-01-15 00:00:00;0,355797076225281
BE31;5;1403,000000000000000;0,140300000000000;swvl2;StdTime;15-01-15 00:00:00;0,396676897641513
BE32;6;4820,000000000000000;0,482000000000000;swvl2;StdTime;15-01-15 00:00:00;0,397490790517251
BE10;7;209,000000000000000;0,020900000000000;swvl2;StdTime;15-01-15 00:00:00;0,395854423918793
BE21;8;3689,000000000000000;0,368900000000000;swvl2;StdTime;15-01-15 00:00:00;0,291244971643912
BE33;9;4899,000000000000000;0,489900000000000;swvl2;StdTime;15-01-15 00:00:00;0,397093900820994
BE34;10;5582,000000000000000;0,558200000000000;swvl2;StdTime;15-01-15 00:00:00;0,384874494229111
BE35;11;4637,000000000000000;0,463700000000000;swvl2;StdTime;15-01-15 00:00:00;0,399769111359096
BE22;1;3104,000000000000000;0,310400000000000;swvl2;StdTime;15-01-16 00:00:00;0,325513355597162
BE23;2;3847,000000000000000;0,384700000000000;swvl2;StdTime;15-01-16 00:00:00;0,331054310411920
BE24;3;2706,000000000000000;0,270600000000000;swvl2;StdTime;15-01-16 00:00:00;0,377881728867117
BE25;4;4010,000000000000000;0,401000000000000;swvl2;StdTime;15-01-16 00:00:00;0,356366423032528
BE31;5;1403,000000000000000;0,140300000000000;swvl2;StdTime;15-01-16 00:00:00;0,397023377784728
BE32;6;4820,000000000000000;0,482000000000000;swvl2;StdTime;15-01-16 00:00:00;0,396467348580786
BE10;7;209,000000000000000;0,020900000000000;swvl2;StdTime;15-01-16 00:00:00;0,392732447129117
BE21;8;3689,000000000000000;0,368900000000000;swvl2;StdTime;15-01-16 00:00:00;0,292290361351229
BE33;9;4899,000000000000000;0,489900000000000;swvl2;StdTime;15-01-16 00:00:00;0,401012379987116
BE34;10;5582,000000000000000;0,558200000000000;swvl2;StdTime;15-01-16 00:00:00;0,390110398771856
BE35;11;4637,000000000000000;0,463700000000000;swvl2;StdTime;15-01-16 00:00:00;0,401444196411831
BE22;1;3104,000000000000000;0,310400000000000;swvl2;StdTime;15-01-17 00:00:00;0,301055392740083
BE23;2;3847,000000000000000;0,384700000000000;swvl2;StdTime;15-01-17 00:00:00;0,304785349518874
BE24;3;2706,000000000000000;0,270600000000000;swvl2;StdTime;15-01-17 00:00:00;0,350597455546932
BE25;4;4010,000000000000000;0,401000000000000;swvl2;StdTime;15-01-17 00:00:00;0,329249328553231
BE31;5;1403,000000000000000;0,140300000000000;swvl2;StdTime;15-01-17 00:00:00;0,367932674210155
BE32;6;4820,000000000000000;0,482000000000000;swvl2;StdTime;15-01-17 00:00:00;0,364981988709250
BE10;7;209,000000000000000;0,020900000000000;swvl2;StdTime;15-01-17 00:00:00;0,363659674898860
BE21;8;3689,000000000000000;0,368900000000000;swvl2;StdTime;15-01-17 00:00:00;0,266918085178215
BE33;9;4899,000000000000000;0,489900000000000;swvl2;StdTime;15-01-17 00:00:00;0,380826236672926
BE34;10;5582,000000000000000;0,558200000000000;swvl2;StdTime;15-01-17 00:00:00;0,365097740422820
BE35;11;4637,000000000000000;0,463700000000000;swvl2;StdTime;15-01-17 00:00:00;0,370212996773404
BE22;1;3104,000000000000000;0,310400000000000;swvl2;StdTime;15-01-18 00:00:00;0,320288649769788
BE23;2;3847,000000000000000;0,384700000000000;swvl2;StdTime;15-01-18 00:00:00;0,329653797604866
BE24;3;2706,000000000000000;0,270600000000000;swvl2;StdTime;15-01-18 00:00:00;0,374624065476616
BE25;4;4010,000000000000000;0,401000000000000;swvl2;StdTime;15-01-18 00:00:00;0,354176646366976
BE31;5;1403,000000000000000;0,140300000000000;swvl2;StdTime;15-01-18 00:00:00;0,394217194125045
BE32;6;4820,000000000000000;0,482000000000000;swvl2;StdTime;15-01-18 00:00:00;0,394851153402655
BE10;7;209,000000000000000;0,020900000000000;swvl2;StdTime;15-01-18 00:00:00;0,390394077346656
BE21;8;3689,000000000000000;0,368900000000000;swvl2;StdTime;15-01-18 00:00:00;0,288481254149789
BE33;9;4899,000000000000000;0,489900000000000;swvl2;StdTime;15-01-18 00:00:00;0,399459770028019
BE34;10;5582,000000000000000;0,558200000000000;swvl2;StdTime;15-01-18 00:00:00;0,388705099741647
BE35;11;4637,000000000000000;0,463700000000000;swvl2;StdTime;15-01-18 00:00:00;0,400224718087085
BE22;1;3104,000000000000000;0,310400000000000;swvl2;StdTime;15-01-19 00:00:00;0,310243001802988
BE23;2;3847,000000000000000;0,384700000000000;swvl2;StdTime;15-01-19 00:00:00;0,314358169726653
BE24;3;2706,000000000000000;0,270600000000000;swvl2;StdTime;15-01-19 00:00:00;0,363293123538196
BE25;4;4010,000000000000000;0,401000000000000;swvl2;StdTime;15-01-19 00:00:00;0,338281137107911
BE31;5;1403,000000000000000;0,140300000000000;swvl2;StdTime;15-01-19 00:00:00;0,383135851268163
BE32;6;4820,000000000000000;0,482000000000000;swvl2;StdTime;15-01-19 00:00:00;0,381790076282756
BE10;7;209,000000000000000;0,020900000000000;swvl2;StdTime;15-01-19 00:00:00;0,377735191127330
BE21;8;3689,000000000000000;0,368900000000000;swvl2;StdTime;15-01-19 00:00:00;0,277518175447430
BE33;9;4899,000000000000000;0,489900000000000;swvl2;StdTime;15-01-19 00:00:00;0,390848294645701
BE34;10;5582,000000000000000;0,558200000000000;swvl2;StdTime;15-01-19 00:00:00;0,376699675319016
BE35;11;4637,000000000000000;0,463700000000000;swvl2;StdTime;15-01-19 00:00:00;0,386759515161629
BE22;1;3104,000000000000000;0,310400000000000;swvl2;StdTime;15-01-20 00:00:00;0,320721439364337
BE23;2;3847,000000000000000;0,384700000000000;swvl2;StdTime;15-01-20 00:00:00;0,331687033579260
BE24;3;2706,000000000000000;0,270600000000000;swvl2;StdTime;15-01-20 00:00:00;0,374453057239695
BE25;4;4010,000000000000000;0,401000000000000;swvl2;StdTime;15-01-20 00:00:00;0,358408898315822
BE31;5;1403,000000000000000;0,140300000000000;swvl2;StdTime;15-01-20 00:00:00;0,393561261216827
BE32;6;4820,000000000000000;0,482000000000000;swvl2;StdTime;15-01-20 00:00:00;0,395144762982966
BE10;7;209,000000000000000;0,020900000000000;swvl2;StdTime;15-01-20 00:00:00;0,389713095563451
BE21;8;3689,000000000000000;0,368900000000000;swvl2;StdTime;15-01-20 00:00:00;0,289407174514219
BE33;9;4899,000000000000000;0,489900000000000;swvl2;StdTime;15-01-20 00:00:00;0,400735849779609
BE34;10;5582,000000000000000;0,558200000000000;swvl2;StdTime;15-01-20 00:00:00;0,391072562494956
BE35;11;4637,000000000000000;0,463700000000000;swvl2;StdTime;15-01-20 00:00:00;0,400256600800531
BE22;1;3104,000000000000000;0,310400000000000;swvl2;StdTime;15-01-21 00:00:00;0,317620048760292
BE23;2;3847,000000000000000;0,384700000000000;swvl2;StdTime;15-01-21 00:00:00;0,331229833556300
BE24;3;2706,000000000000000;0,270600000000000;swvl2;StdTime;15-01-21 00:00:00;0,372502866358733
BE25;4;4010,000000000000000;0,401000000000000;swvl2;StdTime;15-01-21 00:00:00;0,357372191563211
BE31;5;1403,000000000000000;0,140300000000000;swvl2;StdTime;15-01-21 00:00:00;0,391831857599026
BE32;6;4820,000000000000000;0,482000000000000;swvl2;StdTime;15-01-21 00:00:00;0,393048208989047
BE10;7;209,000000000000000;0,020900000000000;swvl2;StdTime;15-01-21 00:00:00;0,388538414781744
BE21;8;3689,000000000000000;0,368900000000000;swvl2;StdTime;15-01-21 00:00:00;0,288080725422006
BE33;9;4899,000000000000000;0,489900000000000;swvl2;StdTime;15-01-21 00:00:00;0,393084923055225
BE34;10;5582,000000000000000;0,558200000000000;swvl2;StdTime;15-01-21 00:00:00;0,384457424651419
BE35;11;4637,000000000000000;0,463700000000000;swvl2;StdTime;15-01-21 00:00:00;0,395636210834669
BE22;1;3104,000000000000000;0,310400000000000;swvl2;StdTime;15-01-22 00:00:00;0,320441116770903
BE23;2;3847,000000000000000;0,384700000000000;swvl2;StdTime;15-01-22 00:00:00;0,327746855172982
BE24;3;2706,000000000000000;0,270600000000000;swvl2;StdTime;15-01-22 00:00:00;0,374239357374196
BE25;4;4010,000000000000000;0,401000000000000;swvl2;StdTime;15-01-22 00:00:00;0,350824979259784
BE31;5;1403,000000000000000;0,140300000000000;swvl2;StdTime;15-01-22 00:00:00;0,391724934747027
BE32;6;4820,000000000000000;0,482000000000000;swvl2;StdTime;15-01-22 00:00:00;0,390214245188286
BE10;7;209,000000000000000;0,020900000000000;swvl2;StdTime;15-01-22 00:00:00;0,390825231394699
BE21;8;3689,000000000000000;0,368900000000000;swvl2;StdTime;15-01-22 00:00:00;0,287505832572201
BE33;9;4899,000000000000000;0,489900000000000;swvl2;StdTime;15-01-22 00:00:00;0,401038350414612
BE34;10;5582,000000000000000;0,558200000000000;swvl2;StdTime;15-01-22 00:00:00;0,386763869002274
BE35;11;4637,000000000000000;0,463700000000000;swvl2;StdTime;15-01-22 00:00:00;0,395815462156799
BE22;1;3104,000000000000000;0,310400000000000;swvl2;StdTime;15-01-23 00:00:00;0,310972837193572
BE23;2;3847,000000000000000;0,384700000000000;swvl2;StdTime;15-01-23 00:00:00;0,316206195910998
BE24;3;2706,000000000000000;0,270600000000000;swvl2;StdTime;15-01-23 00:00:00;0,361870978311178
BE25;4;4010,000000000000000;0,401000000000000;swvl2;StdTime;15-01-23 00:00:00;0,342731552439140
BE31;5;1403,000000000000000;0,140300000000000;swvl2;StdTime;15-01-23 00:00:00;0,381106016577267
BE32;6;4820,000000000000000;0,482000000000000;swvl2;StdTime;15-01-23 00:00:00;0,379358318720121
BE10;7;209,000000000000000;0,020900000000000;swvl2;StdTime;15-01-23 00:00:00;0,376691314021936
BE21;8;3689,000000000000000;0,368900000000000;swvl2;StdTime;15-01-23 00:00:00;0,275411849949022
BE33;9;4899,000000000000000;0,489900000000000;swvl2;StdTime;15-01-23 00:00:00;0,391301448940380
BE34;10;5582,000000000000000;0,558200000000000;swvl2;StdTime;15-01-23 00:00:00;0,375793503640758
BE35;11;4637,000000000000000;0,463700000000000;swvl2;StdTime;15-01-23 00:00:00;0,386610482565309
BE22;1;3104,000000000000000;0,310400000000000;swvl2;StdTime;15-01-24 00:00:00;0,325378983223946
BE23;2;3847,000000000000000;0,384700000000000;swvl2;StdTime;15-01-24 00:00:00;0,334889121378804
BE24;3;2706,000000000000000;0,270600000000000;swvl2;StdTime;15-01-24 00:00:00;0,380251177123363
BE25;4;4010,000000000000000;0,401000000000000;swvl2;StdTime;15-01-24 00:00:00;0,357617568583263
BE31;5;1403,000000000000000;0,140300000000000;swvl2;StdTime;15-01-24 00:00:00;0,397635264156210
BE32;6;4820,000000000000000;0,482000000000000;swvl2;StdTime;15-01-24 00:00:00;0,398396165149587
BE10;7;209,000000000000000;0,020900000000000;swvl2;StdTime;15-01-24 00:00:00;0,396758182339691
BE21;8;3689,000000000000000;0,368900000000000;swvl2;StdTime;15-01-24 00:00:00;0,294254760265220
BE33;9;4899,000000000000000;0,489900000000000;swvl2;StdTime;15-01-24 00:00:00;0,400984368249577
BE34;10;5582,000000000000000;0,558200000000000;swvl2;StdTime;15-01-24 00:00:00;0,389301588904982
BE35;11;4637,000000000000000;0,463700000000000;swvl2;StdTime;15-01-24 00:00:00;0,401190693384362
BE22;1;3104,000000000000000;0,310400000000000;t2m;StdTime;15-01-61 00:00:00;3,984938226793843
BE23;2;3847,000000000000000;0,384700000000000;t2m;StdTime;15-01-61 00:00:00;4,535231072778116
BE24;3;2706,000000000000000;0,270600000000000;t2m;StdTime;15-01-61 00:00:00;4,224515352175138
BE25;4;4010,000000000000000;0,401000000000000;t2m;StdTime;15-01-61 00:00:00;4,935355748440552
BE31;5;1403,000000000000000;0,140300000000000;t2m;StdTime;15-01-61 00:00:00;3,929162357504336
BE32;6;4820,000000000000000;0,482000000000000;t2m;StdTime;15-01-61 00:00:00;4,029480517256814
BE10;7;209,000000000000000;0,020900000000000;t2m;StdTime;15-01-61 00:00:00;4,197958715794758
BE21;8;3689,000000000000000;0,368900000000000;t2m;StdTime;15-01-61 00:00:00;4,284382211447867
BE33;9;4899,000000000000000;0,489900000000000;t2m;StdTime;15-01-61 00:00:00;2,520962074085701
BE34;10;5582,000000000000000;0,558200000000000;t2m;StdTime;15-01-61 00:00:00;2,148590085541466
BE35;11;4637,000000000000000;0,463700000000000;t2m;StdTime;15-01-61 00:00:00;3,163272513997746
BE22;1;3104,000000000000000;0,310400000000000;t2m;StdTime;15-01-62 00:00:00;2,866428330771088
BE23;2;3847,000000000000000;0,384700000000000;t2m;StdTime;15-01-62 00:00:00;3,392041500927966
BE24;3;2706,000000000000000;0,270600000000000;t2m;StdTime;15-01-62 00:00:00;3,113352562001430
BE25;4;4010,000000000000000;0,401000000000000;t2m;StdTime;15-01-62 00:00:00;3,814187567311334
BE31;5;1403,000000000000000;0,140300000000000;t2m;StdTime;15-01-62 00:00:00;2,848805469865049
BE32;6;4820,000000000000000;0,482000000000000;t2m;StdTime;15-01-62 00:00:00;3,040912699204759
BE10;7;209,000000000000000;0,020900000000000;t2m;StdTime;15-01-62 00:00:00;3,081255811253233
BE21;8;3689,000000000000000;0,368900000000000;t2m;StdTime;15-01-62 00:00:00;3,137730383685562
BE33;9;4899,000000000000000;0,489900000000000;t2m;StdTime;15-01-62 00:00:00;1,505716037064877
BE34;10;5582,000000000000000;0,558200000000000;t2m;StdTime;15-01-62 00:00:00;1,315805841553643
BE35;11;4637,000000000000000;0,463700000000000;t2m;StdTime;15-01-62 00:00:00;2,234807537140347
BE22;1;3104,000000000000000;0,310400000000000;t2m;StdTime;15-01-63 00:00:00;-3,204101864517344
BE23;2;3847,000000000000000;0,384700000000000;t2m;StdTime;15-01-63 00:00:00;-2,136747355550365
BE24;3;2706,000000000000000;0,270600000000000;t2m;StdTime;15-01-63 00:00:00;-2,665357255089840
BE25;4;4010,000000000000000;0,401000000000000;t2m;StdTime;15-01-63 00:00:00;-1,432942530780359
BE31;5;1403,000000000000000;0,140300000000000;t2m;StdTime;15-01-63 00:00:00;-2,969879617711437
BE32;6;4820,000000000000000;0,482000000000000;t2m;StdTime;15-01-63 00:00:00;-2,421412481188281
BE10;7;209,000000000000000;0,020900000000000;t2m;StdTime;15-01-63 00:00:00;-2,620574743553781
BE21;8;3689,000000000000000;0,368900000000000;t2m;StdTime;15-01-63 00:00:00;-2,726438921361989
BE33;9;4899,000000000000000;0,489900000000000;t2m;StdTime;15-01-63 00:00:00;-4,560043444558532
BE34;10;5582,000000000000000;0,558200000000000;t2m;StdTime;15-01-63 00:00:00;-4,759196933987577
BE35;11;4637,000000000000000;0,463700000000000;t2m;StdTime;15-01-63 00:00:00;-3,654310929459021
BE22;1;3104,000000000000000;0,310400000000000;t2m;StdTime;15-01-64 00:00:00;1,302270733108072
BE23;2;3847,000000000000000;0,384700000000000;t2m;StdTime;15-01-64 00:00:00;1,822011333891471
BE24;3;2706,000000000000000;0,270600000000000;t2m;StdTime;15-01-64 00:00:00;1,572833804580254
BE25;4;4010,000000000000000;0,401000000000000;t2m;StdTime;15-01-64 00:00:00;2,260841334490404
BE31;5;1403,000000000000000;0,140300000000000;t2m;StdTime;15-01-64 00:00:00;1,354622539331977
BE32;6;4820,000000000000000;0,482000000000000;t2m;StdTime;15-01-64 00:00:00;1,517181077574792
BE10;7;209,000000000000000;0,020900000000000;t2m;StdTime;15-01-64 00:00:00;1,564240301054630
BE21;8;3689,000000000000000;0,368900000000000;t2m;StdTime;15-01-64 00:00:00;1,590281921080628
BE33;9;4899,000000000000000;0,489900000000000;t2m;StdTime;15-01-64 00:00:00;0,124568795536818
BE34;10;5582,000000000000000;0,558200000000000;t2m;StdTime;15-01-64 00:00:00;-0,084767456627999
BE35;11;4637,000000000000000;0,463700000000000;t2m;StdTime;15-01-64 00:00:00;0,834190026709737
BE22;1;3104,000000000000000;0,310400000000000;t2m;StdTime;15-01-65 00:00:00;2,031149407253434
BE23;2;3847,000000000000000;0,384700000000000;t2m;StdTime;15-01-65 00:00:00;2,594189476526832
BE24;3;2706,000000000000000;0,270600000000000;t2m;StdTime;15-01-65 00:00:00;2,178120200931806
BE25;4;4010,000000000000000;0,401000000000000;t2m;StdTime;15-01-65 00:00:00;3,104282471307200
BE31;5;1403,000000000000000;0,140300000000000;t2m;StdTime;15-01-65 00:00:00;1,772647752391384
BE32;6;4820,000000000000000;0,482000000000000;t2m;StdTime;15-01-65 00:00:00;1,833185113935544
BE10;7;209,000000000000000;0,020900000000000;t2m;StdTime;15-01-65 00:00:00;2,110735470028015
BE21;8;3689,000000000000000;0,368900000000000;t2m;StdTime;15-01-65 00:00:00;2,432493091631334
BE33;9;4899,000000000000000;0,489900000000000;t2m;StdTime;15-01-65 00:00:00;0,202807851778285
BE34;10;5582,000000000000000;0,558200000000000;t2m;StdTime;15-01-65 00:00:00;-0,087109447648767
BE35;11;4637,000000000000000;0,463700000000000;t2m;StdTime;15-01-65 00:00:00;0,918301431234410
BE22;1;3104,000000000000000;0,310400000000000;t2m;StdTime;15-01-66 00:00:00;3,872647415116886
BE23;2;3847,000000000000000;0,384700000000000;t2m;StdTime;15-01-66 00:00:00;4,117533632585341
BE24;3;2706,000000000000000;0,270600000000000;t2m;StdTime;15-01-66 00:00:00;4,055374589216593
BE25;4;4010,000000000000000;0,401000000000000;t2m;StdTime;15-01-66 00:00:00;4,445859499286846
BE31;5;1403,000000000000000;0,140300000000000;t2m;StdTime;15-01-66 00:00:00;3,875402654483330
BE32;6;4820,000000000000000;0,482000000000000;t2m;StdTime;15-01-66 00:00:00;3,980495343762294
BE10;7;209,000000000000000;0,020900000000000;t2m;StdTime;15-01-66 00:00:00;4,005204468822938
BE21;8;3689,000000000000000;0,368900000000000;t2m;StdTime;15-01-66 00:00:00;3,917012735510551
BE33;9;4899,000000000000000;0,489900000000000;t2m;StdTime;15-01-66 00:00:00;2,718039643718274
BE34;10;5582,000000000000000;0,558200000000000;t2m;StdTime;15-01-66 00:00:00;2,471436940910406
BE35;11;4637,000000000000000;0,463700000000000;t2m;StdTime;15-01-66 00:00:00;3,366628905373036
BE22;1;3104,000000000000000;0,310400000000000;t2m;StdTime;15-01-67 00:00:00;3,963434168435254
BE23;2;3847,000000000000000;0,384700000000000;t2m;StdTime;15-01-67 00:00:00;4,686762721004938
BE24;3;2706,000000000000000;0,270600000000000;t2m;StdTime;15-01-67 00:00:00;4,288518423427949
BE25;4;4010,000000000000000;0,401000000000000;t2m;StdTime;15-01-67 00:00:00;5,054509812875883
BE31;5;1403,000000000000000;0,140300000000000;t2m;StdTime;15-01-67 00:00:00;3,949884366241425
BE32;6;4820,000000000000000;0,482000000000000;t2m;StdTime;15-01-67 00:00:00;4,056598817510729
BE10;7;209,000000000000000;0,020900000000000;t2m;StdTime;15-01-67 00:00:00;4,283077495520194
BE21;8;3689,000000000000000;0,368900000000000;t2m;StdTime;15-01-67 00:00:00;4,414458660938513
BE33;9;4899,000000000000000;0,489900000000000;t2m;StdTime;15-01-67 00:00:00;2,392534172870744
BE34;10;5582,000000000000000;0,558200000000000;t2m;StdTime;15-01-67 00:00:00;2,000461513105148
BE35;11;4637,000000000000000;0,463700000000000;t2m;StdTime;15-01-67 00:00:00;3,085109515618936
BE22;1;3104,000000000000000;0,310400000000000;t2m;StdTime;15-01-68 00:00:00;1,775560001122584
BE23;2;3847,000000000000000;0,384700000000000;t2m;StdTime;15-01-68 00:00:00;2,607959610907047
BE24;3;2706,000000000000000;0,270600000000000;t2m;StdTime;15-01-68 00:00:00;2,079363464119695
BE25;4;4010,000000000000000;0,401000000000000;t2m;StdTime;15-01-68 00:00:00;3,109508926493866
BE31;5;1403,000000000000000;0,140300000000000;t2m;StdTime;15-01-68 00:00:00;1,680995051383293
BE32;6;4820,000000000000000;0,482000000000000;t2m;StdTime;15-01-68 00:00:00;1,837368273314601
BE10;7;209,000000000000000;0,020900000000000;t2m;StdTime;15-01-68 00:00:00;2,055375543507661
BE21;8;3689,000000000000000;0,368900000000000;t2m;StdTime;15-01-68 00:00:00;2,301298223849912
BE33;9;4899,000000000000000;0,489900000000000;t2m;StdTime;15-01-68 00:00:00;0,306535433464560
BE34;10;5582,000000000000000;0,558200000000000;t2m;StdTime;15-01-68 00:00:00;0,078572398093748
BE35;11;4637,000000000000000;0,463700000000000;t2m;StdTime;15-01-68 00:00:00;0,900993306269309
BE22;1;3104,000000000000000;0,310400000000000;t2m;StdTime;15-01-69 00:00:00;1,643800200222386
BE23;2;3847,000000000000000;0,384700000000000;t2m;StdTime;15-01-69 00:00:00;2,411700610281557
BE24;3;2706,000000000000000;0,270600000000000;t2m;StdTime;15-01-69 00:00:00;1,964526961313205
BE25;4;4010,000000000000000;0,401000000000000;t2m;StdTime;15-01-69 00:00:00;2,916980580736575
BE31;5;1403,000000000000000;0,140300000000000;t2m;StdTime;15-01-69 00:00:00;1,642128019526614
BE32;6;4820,000000000000000;0,482000000000000;t2m;StdTime;15-01-69 00:00:00;1,879976273621763
BE10;7;209,000000000000000;0,020900000000000;t2m;StdTime;15-01-69 00:00:00;1,955369507296804
BE21;8;3689,000000000000000;0,368900000000000;t2m;StdTime;15-01-69 00:00:00;2,044261591839711
BE33;9;4899,000000000000000;0,489900000000000;t2m;StdTime;15-01-69 00:00:00;0,249238907379884
BE34;10;5582,000000000000000;0,558200000000000;t2m;StdTime;15-01-69 00:00:00;-0,142947364098982
BE35;11;4637,000000000000000;0,463700000000000;t2m;StdTime;15-01-69 00:00:00;0,902838957330291
BE22;1;3104,000000000000000;0,310400000000000;t2m;StdTime;15-01-70 00:00:00;0,757101370628981
BE23;2;3847,000000000000000;0,384700000000000;t2m;StdTime;15-01-70 00:00:00;1,809637834445081
BE24;3;2706,000000000000000;0,270600000000000;t2m;StdTime;15-01-70 00:00:00;1,337918404993619
BE25;4;4010,000000000000000;0,401000000000000;t2m;StdTime;15-01-70 00:00:00;2,497823008396978
BE31;5;1403,000000000000000;0,140300000000000;t2m;StdTime;15-01-70 00:00:00;1,052786438064072
BE32;6;4820,000000000000000;0,482000000000000;t2m;StdTime;15-01-70 00:00:00;1,383822576013388
BE10;7;209,000000000000000;0,020900000000000;t2m;StdTime;15-01-70 00:00:00;1,382027848485554
BE21;8;3689,000000000000000;0,368900000000000;t2m;StdTime;15-01-70 00:00:00;1,216737531345691
BE33;9;4899,000000000000000;0,489900000000000;t2m;StdTime;15-01-70 00:00:00;-0,970733738117105
BE34;10;5582,000000000000000;0,558200000000000;t2m;StdTime;15-01-70 00:00:00;-1,368796325549992
BE35;11;4637,000000000000000;0,463700000000000;t2m;StdTime;15-01-70 00:00:00;0,095349513022006
BE22;1;3104,000000000000000;0,310400000000000;t2m;StdTime;15-01-71 00:00:00;2,749977429272587
BE23;2;3847,000000000000000;0,384700000000000;t2m;StdTime;15-01-71 00:00:00;3,506122818853385
BE24;3;2706,000000000000000;0,270600000000000;t2m;StdTime;15-01-71 00:00:00;3,094044318484622
BE25;4;4010,000000000000000;0,401000000000000;t2m;StdTime;15-01-71 00:00:00;3,929286937880103
BE31;5;1403,000000000000000;0,140300000000000;t2m;StdTime;15-01-71 00:00:00;2,710182893301705
BE32;6;4820,000000000000000;0,482000000000000;t2m;StdTime;15-01-71 00:00:00;2,842783805220949
BE10;7;209,000000000000000;0,020900000000000;t2m;StdTime;15-01-71 00:00:00;3,088273768219651
BE21;8;3689,000000000000000;0,368900000000000;t2m;StdTime;15-01-71 00:00:00;3,239377496687823
BE33;9;4899,000000000000000;0,489900000000000;t2m;StdTime;15-01-71 00:00:00;1,233531148625935
BE34;10;5582,000000000000000;0,558200000000000;t2m;StdTime;15-01-71 00:00:00;0,609898241788058
BE35;11;4637,000000000000000;0,463700000000000;t2m;StdTime;15-01-71 00:00:00;1,794721071990572
BE22;1;3104,000000000000000;0,310400000000000;t2m;StdTime;15-01-72 00:00:00;3,821856093314512
BE23;2;3847,000000000000000;0,384700000000000;t2m;StdTime;15-01-72 00:00:00;4,149964174543824
BE24;3;2706,000000000000000;0,270600000000000;t2m;StdTime;15-01-72 00:00:00;3,964856192172234
BE25;4;4010,000000000000000;0,401000000000000;t2m;StdTime;15-01-72 00:00:00;4,424609103880617
BE31;5;1403,000000000000000;0,140300000000000;t2m;StdTime;15-01-72 00:00:00;3,673791050656047
BE32;6;4820,000000000000000;0,482000000000000;t2m;StdTime;15-01-72 00:00:00;3,706421892029613
BE10;7;209,000000000000000;0,020900000000000;t2m;StdTime;15-01-72 00:00:00;3,909012189892490
BE21;8;3689,000000000000000;0,368900000000000;t2m;StdTime;15-01-72 00:00:00;4,053435767818258
BE33;9;4899,000000000000000;0,489900000000000;t2m;StdTime;15-01-72 00:00:00;2,469675657797357
BE34;10;5582,000000000000000;0,558200000000000;t2m;StdTime;15-01-72 00:00:00;1,889243122178226
BE35;11;4637,000000000000000;0,463700000000000;t2m;StdTime;15-01-72 00:00:00;2,924240146085365
BE22;1;3104,000000000000000;0,310400000000000;t2m;StdTime;15-01-73 00:00:00;3,078687014883942
BE23;2;3847,000000000000000;0,384700000000000;t2m;StdTime;15-01-73 00:00:00;3,731864333245732
BE24;3;2706,000000000000000;0,270600000000000;t2m;StdTime;15-01-73 00:00:00;3,337180101598355
BE25;4;4010,000000000000000;0,401000000000000;t2m;StdTime;15-01-73 00:00:00;4,143389799291643
BE31;5;1403,000000000000000;0,140300000000000;t2m;StdTime;15-01-73 00:00:00;2,954939642550683
BE32;6;4820,000000000000000;0,482000000000000;t2m;StdTime;15-01-73 00:00:00;3,054241180370455
BE10;7;209,000000000000000;0,020900000000000;t2m;StdTime;15-01-73 00:00:00;3,307413889460586
BE21;8;3689,000000000000000;0,368900000000000;t2m;StdTime;15-01-73 00:00:00;3,554774487687497
BE33;9;4899,000000000000000;0,489900000000000;t2m;StdTime;15-01-73 00:00:00;1,508585522975216
BE34;10;5582,000000000000000;0,558200000000000;t2m;StdTime;15-01-73 00:00:00;0,858747492251709
BE35;11;4637,000000000000000;0,463700000000000;t2m;StdTime;15-01-73 00:00:00;2,058142935173097
BE22;1;3104,000000000000000;0,310400000000000;t2m;StdTime;15-01-74 00:00:00;4,321689532051997
BE23;2;3847,000000000000000;0,384700000000000;t2m;StdTime;15-01-74 00:00:00;5,021614736478174
BE24;3;2706,000000000000000;0,270600000000000;t2m;StdTime;15-01-74 00:00:00;4,591655622476658
BE25;4;4010,000000000000000;0,401000000000000;t2m;StdTime;15-01-74 00:00:00;5,484811876063926
BE31;5;1403,000000000000000;0,140300000000000;t2m;StdTime;15-01-74 00:00:00;4,227024619101805
BE32;6;4820,000000000000000;0,482000000000000;t2m;StdTime;15-01-74 00:00:00;4,385024657882585
BE10;7;209,000000000000000;0,020900000000000;t2m;StdTime;15-01-74 00:00:00;4,565383785649349
BE21;8;3689,000000000000000;0,368900000000000;t2m;StdTime;15-01-74 00:00:00;4,721239974615715
BE33;9;4899,000000000000000;0,489900000000000;t2m;StdTime;15-01-74 00:00:00;2,766389079642890
BE34;10;5582,000000000000000;0,558200000000000;t2m;StdTime;15-01-74 00:00:00;2,302224997784753
BE35;11;4637,000000000000000;0,463700000000000;t2m;StdTime;15-01-74 00:00:00;3,358259006026806
BE22;1;3104,000000000000000;0,310400000000000;t2m;StdTime;15-01-75 00:00:00;5,592679797066864
BE23;2;3847,000000000000000;0,384700000000000;t2m;StdTime;15-01-75 00:00:00;6,038105272149798
BE24;3;2706,000000000000000;0,270600000000000;t2m;StdTime;15-01-75 00:00:00;5,778985295926553
BE25;4;4010,000000000000000;0,401000000000000;t2m;StdTime;15-01-75 00:00:00;6,343769860921657
BE31;5;1403,000000000000000;0,140300000000000;t2m;StdTime;15-01-75 00:00:00;5,465950031239736
BE32;6;4820,000000000000000;0,482000000000000;t2m;StdTime;15-01-75 00:00:00;5,576008655619328
BE10;7;209,000000000000000;0,020900000000000;t2m;StdTime;15-01-75 00:00:00;5,738439042032052
BE21;8;3689,000000000000000;0,368900000000000;t2m;StdTime;15-01-75 00:00:00;5,884379635725796
BE33;9;4899,000000000000000;0,489900000000000;t2m;StdTime;15-01-75 00:00:00;4,145603664944824
BE34;10;5582,000000000000000;0,558200000000000;t2m;StdTime;15-01-75 00:00:00;3,633936300366551
BE35;11;4637,000000000000000;0,463700000000000;t2m;StdTime;15-01-75 00:00:00;4,708707110697226
BE22;1;3104,000000000000000;0,310400000000000;t2m;StdTime;15-01-76 00:00:00;3,131694266783824
BE23;2;3847,000000000000000;0,384700000000000;t2m;StdTime;15-01-76 00:00:00;3,827378688739870
BE24;3;2706,000000000000000;0,270600000000000;t2m;StdTime;15-01-76 00:00:00;3,402261537088789
BE25;4;4010,000000000000000;0,401000000000000;t2m;StdTime;15-01-76 00:00:00;4,281008087132050
BE31;5;1403,000000000000000;0,140300000000000;t2m;StdTime;15-01-76 00:00:00;2,958642055541389
BE32;6;4820,000000000000000;0,482000000000000;t2m;StdTime;15-01-76 00:00:00;3,089566270444407
BE10;7;209,000000000000000;0,020900000000000;t2m;StdTime;15-01-76 00:00:00;3,341842015964564
BE21;8;3689,000000000000000;0,368900000000000;t2m;StdTime;15-01-76 00:00:00;3,663251575463252
BE33;9;4899,000000000000000;0,489900000000000;t2m;StdTime;15-01-76 00:00:00;1,491403261556422
BE34;10;5582,000000000000000;0,558200000000000;t2m;StdTime;15-01-76 00:00:00;1,098497086482549
BE35;11;4637,000000000000000;0,463700000000000;t2m;StdTime;15-01-76 00:00:00;2,088551961375588
BE22;1;3104,000000000000000;0,310400000000000;t2m;StdTime;15-01-77 00:00:00;2,971822002268939
BE23;2;3847,000000000000000;0,384700000000000;t2m;StdTime;15-01-77 00:00:00;3,372851283388511
BE24;3;2706,000000000000000;0,270600000000000;t2m;StdTime;15-01-77 00:00:00;3,144663571166008
BE25;4;4010,000000000000000;0,401000000000000;t2m;StdTime;15-01-77 00:00:00;3,720110945154600
BE31;5;1403,000000000000000;0,140300000000000;t2m;StdTime;15-01-77 00:00:00;2,873096300208047
BE32;6;4820,000000000000000;0,482000000000000;t2m;StdTime;15-01-77 00:00:00;2,981955311703985
BE10;7;209,000000000000000;0,020900000000000;t2m;StdTime;15-01-77 00:00:00;3,093934270183436
BE21;8;3689,000000000000000;0,368900000000000;t2m;StdTime;15-01-77 00:00:00;3,155794230668189
BE33;9;4899,000000000000000;0,489900000000000;t2m;StdTime;15-01-77 00:00:00;1,610976915471180
BE34;10;5582,000000000000000;0,558200000000000;t2m;StdTime;15-01-77 00:00:00;1,208416549333404
BE35;11;4637,000000000000000;0,463700000000000;t2m;StdTime;15-01-77 00:00:00;2,164482284497157
BE22;1;3104,000000000000000;0,310400000000000;t2m;StdTime;15-01-78 00:00:00;2,973996398912878
BE23;2;3847,000000000000000;0,384700000000000;t2m;StdTime;15-01-78 00:00:00;3,514348498250962
BE24;3;2706,000000000000000;0,270600000000000;t2m;StdTime;15-01-78 00:00:00;3,238047680586951
BE25;4;4010,000000000000000;0,401000000000000;t2m;StdTime;15-01-78 00:00:00;3,914389462780182
BE31;5;1403,000000000000000;0,140300000000000;t2m;StdTime;15-01-78 00:00:00;2,925101595271596
BE32;6;4820,000000000000000;0,482000000000000;t2m;StdTime;15-01-78 00:00:00;3,006966513073782
BE10;7;209,000000000000000;0,020900000000000;t2m;StdTime;15-01-78 00:00:00;3,200824529930736
BE21;8;3689,000000000000000;0,368900000000000;t2m;StdTime;15-01-78 00:00:00;3,300568076581223
BE33;9;4899,000000000000000;0,489900000000000;t2m;StdTime;15-01-78 00:00:00;1,303860197460822
BE34;10;5582,000000000000000;0,558200000000000;t2m;StdTime;15-01-78 00:00:00;0,794561980240812
BE35;11;4637,000000000000000;0,463700000000000;t2m;StdTime;15-01-78 00:00:00;2,034608309937880
BE22;1;3104,000000000000000;0,310400000000000;t2m;StdTime;15-01-79 00:00:00;-0,558532609474682
BE23;2;3847,000000000000000;0,384700000000000;t2m;StdTime;15-01-79 00:00:00;0,106210811152252
BE24;3;2706,000000000000000;0,270600000000000;t2m;StdTime;15-01-79 00:00:00;-0,246112793385267
BE25;4;4010,000000000000000;0,401000000000000;t2m;StdTime;15-01-79 00:00:00;0,888429313140026
BE31;5;1403,000000000000000;0,140300000000000;t2m;StdTime;15-01-79 00:00:00;-0,477438473013241
BE32;6;4820,000000000000000;0,482000000000000;t2m;StdTime;15-01-79 00:00:00;-0,094069586210417
BE10;7;209,000000000000000;0,020900000000000;t2m;StdTime;15-01-79 00:00:00;-0,233364809215354
BE21;8;3689,000000000000000;0,368900000000000;t2m;StdTime;15-01-79 00:00:00;-0,372413230697883
BE33;9;4899,000000000000000;0,489900000000000;t2m;StdTime;15-01-79 00:00:00;-1,681970713162427
BE34;10;5582,000000000000000;0,558200000000000;t2m;StdTime;15-01-79 00:00:00;-1,725305247994489
BE35;11;4637,000000000000000;0,463700000000000;t2m;StdTime;15-01-79 00:00:00;-0,886121358649340
BE22;1;3104,000000000000000;0,310400000000000;t2m;StdTime;15-01-80 00:00:00;3,782573821311142
BE23;2;3847,000000000000000;0,384700000000000;t2m;StdTime;15-01-80 00:00:00;4,352565879043368
BE24;3;2706,000000000000000;0,270600000000000;t2m;StdTime;15-01-80 00:00:00;4,081970267443859
BE25;4;4010,000000000000000;0,401000000000000;t2m;StdTime;15-01-80 00:00:00;4,729516001532500
BE31;5;1403,000000000000000;0,140300000000000;t2m;StdTime;15-01-80 00:00:00;3,806483733849449
BE32;6;4820,000000000000000;0,482000000000000;t2m;StdTime;15-01-80 00:00:00;3,904227369355950
BE10;7;209,000000000000000;0,020900000000000;t2m;StdTime;15-01-80 00:00:00;4,064048759104531
BE21;8;3689,000000000000000;0,368900000000000;t2m;StdTime;15-01-80 00:00:00;4,076235471427119
BE33;9;4899,000000000000000;0,489900000000000;t2m;StdTime;15-01-80 00:00:00;2,249896848839288
BE34;10;5582,000000000000000;0,558200000000000;t2m;StdTime;15-01-80 00:00:00;1,770706548032179
BE35;11;4637,000000000000000;0,463700000000000;t2m;StdTime;15-01-80 00:00:00;2,989171131844405
BE22;1;3104,000000000000000;0,310400000000000;t2m;StdTime;15-01-81 00:00:00;2,057756758419812
BE23;2;3847,000000000000000;0,384700000000000;t2m;StdTime;15-01-81 00:00:00;3,104074248407366
BE24;3;2706,000000000000000;0,270600000000000;t2m;StdTime;15-01-81 00:00:00;2,445733705803982
BE25;4;4010,000000000000000;0,401000000000000;t2m;StdTime;15-01-81 00:00:00;3,739303975152847
BE31;5;1403,000000000000000;0,140300000000000;t2m;StdTime;15-01-81 00:00:00;2,021374894649914
BE32;6;4820,000000000000000;0,482000000000000;t2m;StdTime;15-01-81 00:00:00;2,240123833635534
BE10;7;209,000000000000000;0,020900000000000;t2m;StdTime;15-01-81 00:00:00;2,445850550272820
BE21;8;3689,000000000000000;0,368900000000000;t2m;StdTime;15-01-81 00:00:00;2,680304354592435
BE33;9;4899,000000000000000;0,489900000000000;t2m;StdTime;15-01-81 00:00:00;0,042346470033629
BE34;10;5582,000000000000000;0,558200000000000;t2m;StdTime;15-01-81 00:00:00;-0,321337492196526
BE35;11;4637,000000000000000;0,463700000000000;t2m;StdTime;15-01-81 00:00:00;0,957563734556720
BE22;1;3104,000000000000000;0,310400000000000;t2m;StdTime;15-01-82 00:00:00;1,426615703178896
BE23;2;3847,000000000000000;0,384700000000000;t2m;StdTime;15-01-82 00:00:00;2,155405429824469
BE24;3;2706,000000000000000;0,270600000000000;t2m;StdTime;15-01-82 00:00:00;1,863071369710712
BE25;4;4010,000000000000000;0,401000000000000;t2m;StdTime;15-01-82 00:00:00;2,747479075208267
BE31;5;1403,000000000000000;0,140300000000000;t2m;StdTime;15-01-82 00:00:00;1,638755591614111
BE32;6;4820,000000000000000;0,482000000000000;t2m;StdTime;15-01-82 00:00:00;2,042676513867759
BE10;7;209,000000000000000;0,020900000000000;t2m;StdTime;15-01-82 00:00:00;1,879917638723930
BE21;8;3689,000000000000000;0,368900000000000;t2m;StdTime;15-01-82 00:00:00;1,610302903846727
BE33;9;4899,000000000000000;0,489900000000000;t2m;StdTime;15-01-82 00:00:00;0,290353058706372
BE34;10;5582,000000000000000;0,558200000000000;t2m;StdTime;15-01-82 00:00:00;-0,007850765722291
BE35;11;4637,000000000000000;0,463700000000000;t2m;StdTime;15-01-82 00:00:00;1,146213225674881
BE22;1;3104,000000000000000;0,310400000000000;t2m;StdTime;15-01-83 00:00:00;3,214962156623911
BE23;2;3847,000000000000000;0,384700000000000;t2m;StdTime;15-01-83 00:00:00;3,821993256594438
BE24;3;2706,000000000000000;0,270600000000000;t2m;StdTime;15-01-83 00:00:00;3,509959145642524
BE25;4;4010,000000000000000;0,401000000000000;t2m;StdTime;15-01-83 00:00:00;4,197550338699930
BE31;5;1403,000000000000000;0,140300000000000;t2m;StdTime;15-01-83 00:00:00;3,147775322899848
BE32;6;4820,000000000000000;0,482000000000000;t2m;StdTime;15-01-83 00:00:00;3,264344669229267
BE10;7;209,000000000000000;0,020900000000000;t2m;StdTime;15-01-83 00:00:00;3,476361754978671
BE21;8;3689,000000000000000;0,368900000000000;t2m;StdTime;15-01-83 00:00:00;3,649112492210010
BE33;9;4899,000000000000000;0,489900000000000;t2m;StdTime;15-01-83 00:00:00;1,436932931845210
BE34;10;5582,000000000000000;0,558200000000000;t2m;StdTime;15-01-83 00:00:00;1,055665245169554
BE35;11;4637,000000000000000;0,463700000000000;t2m;StdTime;15-01-83 00:00:00;2,159778307963477
BE22;1;3104,000000000000000;0,310400000000000;t2m;StdTime;15-01-84 00:00:00;3,046225323197765
BE23;2;3847,000000000000000;0,384700000000000;t2m;StdTime;15-01-84 00:00:00;3,708659996390192
BE24;3;2706,000000000000000;0,270600000000000;t2m;StdTime;15-01-84 00:00:00;3,336265186777136
BE25;4;4010,000000000000000;0,401000000000000;t2m;StdTime;15-01-84 00:00:00;4,193142393164511
BE31;5;1403,000000000000000;0,140300000000000;t2m;StdTime;15-01-84 00:00:00;2,998459828384250
BE32;6;4820,000000000000000;0,482000000000000;t2m;StdTime;15-01-84 00:00:00;3,141012397692900
BE10;7;209,000000000000000;0,020900000000000;t2m;StdTime;15-01-84 00:00:00;3,306866013832639
BE21;8;3689,000000000000000;0,368900000000000;t2m;StdTime;15-01-84 00:00:00;3,408787627891010
BE33;9;4899,000000000000000;0,489900000000000;t2m;StdTime;15-01-84 00:00:00;1,390766306219086
BE34;10;5582,000000000000000;0,558200000000000;t2m;StdTime;15-01-84 00:00:00;0,962794229887435
BE35;11;4637,000000000000000;0,463700000000000;t2m;StdTime;15-01-84 00:00:00;2,124276605252949
BE22;1;3104,000000000000000;0,310400000000000;t2m;StdTime;15-01-85 00:00:00;-0,079591207735219
BE23;2;3847,000000000000000;0,384700000000000;t2m;StdTime;15-01-85 00:00:00;0,727375696286120
BE24;3;2706,000000000000000;0,270600000000000;t2m;StdTime;15-01-85 00:00:00;0,469411197331158
BE25;4;4010,000000000000000;0,401000000000000;t2m;StdTime;15-01-85 00:00:00;1,371681280891200
BE31;5;1403,000000000000000;0,140300000000000;t2m;StdTime;15-01-85 00:00:00;0,329143710110498
BE32;6;4820,000000000000000;0,482000000000000;t2m;StdTime;15-01-85 00:00:00;0,473400314279766
BE10;7;209,000000000000000;0,020900000000000;t2m;StdTime;15-01-85 00:00:00;0,496824175119400
BE21;8;3689,000000000000000;0,368900000000000;t2m;StdTime;15-01-85 00:00:00;0,311187346812259
BE33;9;4899,000000000000000;0,489900000000000;t2m;StdTime;15-01-85 00:00:00;-1,252043132471946
BE34;10;5582,000000000000000;0,558200000000000;t2m;StdTime;15-01-85 00:00:00;-1,417340302715075
BE35;11;4637,000000000000000;0,463700000000000;t2m;StdTime;15-01-85 00:00:00;-0,259141639190737
BE22;1;3104,000000000000000;0,310400000000000;t2m;StdTime;15-01-86 00:00:00;1,726657825075664
BE23;2;3847,000000000000000;0,384700000000000;t2m;StdTime;15-01-86 00:00:00;2,324501602811441
BE24;3;2706,000000000000000;0,270600000000000;t2m;StdTime;15-01-86 00:00:00;2,010792204079061
BE25;4;4010,000000000000000;0,401000000000000;t2m;StdTime;15-01-86 00:00:00;2,718938484334589
BE31;5;1403,000000000000000;0,140300000000000;t2m;StdTime;15-01-86 00:00:00;1,636041612856235
BE32;6;4820,000000000000000;0,482000000000000;t2m;StdTime;15-01-86 00:00:00;1,798294720498854
BE10;7;209,000000000000000;0,020900000000000;t2m;StdTime;15-01-86 00:00:00;1,982396319722444
BE21;8;3689,000000000000000;0,368900000000000;t2m;StdTime;15-01-86 00:00:00;2,113249991378923
BE33;9;4899,000000000000000;0,489900000000000;t2m;StdTime;15-01-86 00:00:00;-0,342220857087010
BE34;10;5582,000000000000000;0,558200000000000;t2m;StdTime;15-01-86 00:00:00;-0,673216776260892
BE35;11;4637,000000000000000;0,463700000000000;t2m;StdTime;15-01-86 00:00:00;0,659025084351849
BE22;1;3104,000000000000000;0,310400000000000;t2m;StdTime;15-01-87 00:00:00;0,962355671191261
BE23;2;3847,000000000000000;0,384700000000000;t2m;StdTime;15-01-87 00:00:00;1,831540068620701
BE24;3;2706,000000000000000;0,270600000000000;t2m;StdTime;15-01-87 00:00:00;1,301337544334788
BE25;4;4010,000000000000000;0,401000000000000;t2m;StdTime;15-01-87 00:00:00;2,418370554720672
BE31;5;1403,000000000000000;0,140300000000000;t2m;StdTime;15-01-87 00:00:00;0,940247014345480
BE32;6;4820,000000000000000;0,482000000000000;t2m;StdTime;15-01-87 00:00:00;1,181929904006082
BE10;7;209,000000000000000;0,020900000000000;t2m;StdTime;15-01-87 00:00:00;1,294093219857468
BE21;8;3689,000000000000000;0,368900000000000;t2m;StdTime;15-01-87 00:00:00;1,495158326208967
BE33;9;4899,000000000000000;0,489900000000000;t2m;StdTime;15-01-87 00:00:00;-0,589445181236972
BE34;10;5582,000000000000000;0,558200000000000;t2m;StdTime;15-01-87 00:00:00;-0,724363008594654
BE35;11;4637,000000000000000;0,463700000000000;t2m;StdTime;15-01-87 00:00:00;0,259868791727894
BE22;1;3104,000000000000000;0,310400000000000;t2m;StdTime;15-01-88 00:00:00;4,753492956001736
BE23;2;3847,000000000000000;0,384700000000000;t2m;StdTime;15-01-88 00:00:00;5,174472313532135
BE24;3;2706,000000000000000;0,270600000000000;t2m;StdTime;15-01-88 00:00:00;4,934356497555249
BE25;4;4010,000000000000000;0,401000000000000;t2m;StdTime;15-01-88 00:00:00;5,468243932724009
BE31;5;1403,000000000000000;0,140300000000000;t2m;StdTime;15-01-88 00:00:00;4,611364288493225
BE32;6;4820,000000000000000;0,482000000000000;t2m;StdTime;15-01-88 00:00:00;4,680707955310943
BE10;7;209,000000000000000;0,020900000000000;t2m;StdTime;15-01-88 00:00:00;4,883049118461793
BE21;8;3689,000000000000000;0,368900000000000;t2m;StdTime;15-01-88 00:00:00;5,033839104653179
BE33;9;4899,000000000000000;0,489900000000000;t2m;StdTime;15-01-88 00:00:00;3,234483463225448
BE34;10;5582,000000000000000;0,558200000000000;t2m;StdTime;15-01-88 00:00:00;2,684612094095980
BE35;11;4637,000000000000000;0,463700000000000;t2m;StdTime;15-01-88 00:00:00;3,817006179734711
BE22;1;3104,000000000000000;0,310400000000000;t2m;StdTime;15-01-89 00:00:00;5,458577377280009
BE23;2;3847,000000000000000;0,384700000000000;t2m;StdTime;15-01-89 00:00:00;6,028598705576337
BE24;3;2706,000000000000000;0,270600000000000;t2m;StdTime;15-01-89 00:00:00;5,697931880520961
BE25;4;4010,000000000000000;0,401000000000000;t2m;StdTime;15-01-89 00:00:00;6,394740180303328
BE31;5;1403,000000000000000;0,140300000000000;t2m;StdTime;15-01-89 00:00:00;5,373960462027764
BE32;6;4820,000000000000000;0,482000000000000;t2m;StdTime;15-01-89 00:00:00;5,419855650727675
BE10;7;209,000000000000000;0,020900000000000;t2m;StdTime;15-01-89 00:00:00;5,670759737206421
BE21;8;3689,000000000000000;0,368900000000000;t2m;StdTime;15-01-89 00:00:00;5,813823897846977
BE33;9;4899,000000000000000;0,489900000000000;t2m;StdTime;15-01-89 00:00:00;4,083178408025699
BE34;10;5582,000000000000000;0,558200000000000;t2m;StdTime;15-01-89 00:00:00;3,413882780741381
BE35;11;4637,000000000000000;0,463700000000000;t2m;StdTime;15-01-89 00:00:00;4,519043433401434
BE22;1;3104,000000000000000;0,310400000000000;t2m;StdTime;15-01-90 00:00:00;5,904274334305343
BE23;2;3847,000000000000000;0,384700000000000;t2m;StdTime;15-01-90 00:00:00;6,264757670270400
BE24;3;2706,000000000000000;0,270600000000000;t2m;StdTime;15-01-90 00:00:00;6,068483447993322
BE25;4;4010,000000000000000;0,401000000000000;t2m;StdTime;15-01-90 00:00:00;6,570807935947784
BE31;5;1403,000000000000000;0,140300000000000;t2m;StdTime;15-01-90 00:00:00;5,733812113277245
BE32;6;4820,000000000000000;0,482000000000000;t2m;StdTime;15-01-90 00:00:00;5,724389149440277
BE10;7;209,000000000000000;0,020900000000000;t2m;StdTime;15-01-90 00:00:00;6,017805982434580
BE21;8;3689,000000000000000;0,368900000000000;t2m;StdTime;15-01-90 00:00:00;6,162173314093240
BE33;9;4899,000000000000000;0,489900000000000;t2m;StdTime;15-01-90 00:00:00;4,445660022064752
BE34;10;5582,000000000000000;0,558200000000000;t2m;StdTime;15-01-90 00:00:00;3,767713269081989
BE35;11;4637,000000000000000;0,463700000000000;t2m;StdTime;15-01-90 00:00:00;4,819605206887936
BE22;1;3104,000000000000000;0,310400000000000;t2m;StdTime;15-01-91 00:00:00;2,073378406503456
BE23;2;3847,000000000000000;0,384700000000000;t2m;StdTime;15-01-91 00:00:00;2,637682758928239
BE24;3;2706,000000000000000;0,270600000000000;t2m;StdTime;15-01-91 00:00:00;2,277049941216589
BE25;4;4010,000000000000000;0,401000000000000;t2m;StdTime;15-01-91 00:00:00;3,114269650428370
BE31;5;1403,000000000000000;0,140300000000000;t2m;StdTime;15-01-91 00:00:00;1,956517902936415
BE32;6;4820,000000000000000;0,482000000000000;t2m;StdTime;15-01-91 00:00:00;2,159888660660430
BE10;7;209,000000000000000;0,020900000000000;t2m;StdTime;15-01-91 00:00:00;2,253572315690620
BE21;8;3689,000000000000000;0,368900000000000;t2m;StdTime;15-01-91 00:00:00;2,368577990566821
BE33;9;4899,000000000000000;0,489900000000000;t2m;StdTime;15-01-91 00:00:00;0,622359240761057
BE34;10;5582,000000000000000;0,558200000000000;t2m;StdTime;15-01-91 00:00:00;0,236808258067084
BE35;11;4637,000000000000000;0,463700000000000;t2m;StdTime;15-01-91 00:00:00;1,212994714620840
BE22;1;3104,000000000000000;0,310400000000000;t2m;StdTime;15-01-92 00:00:00;3,353096246412117
BE23;2;3847,000000000000000;0,384700000000000;t2m;StdTime;15-01-92 00:00:00;3,886675743118396
BE24;3;2706,000000000000000;0,270600000000000;t2m;StdTime;15-01-92 00:00:00;3,537403077790231
BE25;4;4010,000000000000000;0,401000000000000;t2m;StdTime;15-01-92 00:00:00;4,249403389195844
BE31;5;1403,000000000000000;0,140300000000000;t2m;StdTime;15-01-92 00:00:00;3,216437750855092
BE32;6;4820,000000000000000;0,482000000000000;t2m;StdTime;15-01-92 00:00:00;3,296220540307866
BE10;7;209,000000000000000;0,020900000000000;t2m;StdTime;15-01-92 00:00:00;3,518673830625543
BE21;8;3689,000000000000000;0,368900000000000;t2m;StdTime;15-01-92 00:00:00;3,706374103120112
BE33;9;4899,000000000000000;0,489900000000000;t2m;StdTime;15-01-92 00:00:00;2,100214361536139
BE34;10;5582,000000000000000;0,558200000000000;t2m;StdTime;15-01-92 00:00:00;1,636908831198298
BE35;11;4637,000000000000000;0,463700000000000;t2m;StdTime;15-01-92 00:00:00;2,499095757459550
BE22;1;3104,000000000000000;0,310400000000000;t2m;StdTime;15-01-93 00:00:00;3,659881604854592
BE23;2;3847,000000000000000;0,384700000000000;t2m;StdTime;15-01-93 00:00:00;4,314448302957906
BE24;3;2706,000000000000000;0,270600000000000;t2m;StdTime;15-01-93 00:00:00;3,953483349820549
BE25;4;4010,000000000000000;0,401000000000000;t2m;StdTime;15-01-93 00:00:00;4,718669451501905
BE31;5;1403,000000000000000;0,140300000000000;t2m;StdTime;15-01-93 00:00:00;3,654873580993793
BE32;6;4820,000000000000000;0,482000000000000;t2m;StdTime;15-01-93 00:00:00;3,825149901674992
BE10;7;209,000000000000000;0,020900000000000;t2m;StdTime;15-01-93 00:00:00;3,948209070132680
BE21;8;3689,000000000000000;0,368900000000000;t2m;StdTime;15-01-93 00:00:00;4,074351871973388
BE33;9;4899,000000000000000;0,489900000000000;t2m;StdTime;15-01-93 00:00:00;2,350185919864052
BE34;10;5582,000000000000000;0,558200000000000;t2m;StdTime;15-01-93 00:00:00;2,001494632831660
BE35;11;4637,000000000000000;0,463700000000000;t2m;StdTime;15-01-93 00:00:00;2,962712803096746
BE22;1;3104,000000000000000;0,310400000000000;t2m;StdTime;15-01-94 00:00:00;4,005410826851418
BE23;2;3847,000000000000000;0,384700000000000;t2m;StdTime;15-01-94 00:00:00;4,599495502766438
BE24;3;2706,000000000000000;0,270600000000000;t2m;StdTime;15-01-94 00:00:00;4,300180714657282
BE25;4;4010,000000000000000;0,401000000000000;t2m;StdTime;15-01-94 00:00:00;5,079287225647162
BE31;5;1403,000000000000000;0,140300000000000;t2m;StdTime;15-01-94 00:00:00;4,053929921481244
BE32;6;4820,000000000000000;0,482000000000000;t2m;StdTime;15-01-94 00:00:00;4,278601280633849
BE10;7;209,000000000000000;0,020900000000000;t2m;StdTime;15-01-94 00:00:00;4,273004007111325
BE21;8;3689,000000000000000;0,368900000000000;t2m;StdTime;15-01-94 00:00:00;4,245066192228317
BE33;9;4899,000000000000000;0,489900000000000;t2m;StdTime;15-01-94 00:00:00;2,705922240260958
BE34;10;5582,000000000000000;0,558200000000000;t2m;StdTime;15-01-94 00:00:00;2,403477715980357
BE35;11;4637,000000000000000;0,463700000000000;t2m;StdTime;15-01-94 00:00:00;3,375375452858121
BE22;1;3104,000000000000000;0,310400000000000;t2m;StdTime;15-01-95 00:00:00;5,165168572639683
BE23;2;3847,000000000000000;0,384700000000000;t2m;StdTime;15-01-95 00:00:00;5,878008693108042
BE24;3;2706,000000000000000;0,270600000000000;t2m;StdTime;15-01-95 00:00:00;5,483188847480490
BE25;4;4010,000000000000000;0,401000000000000;t2m;StdTime;15-01-95 00:00:00;6,371213093065561
BE31;5;1403,000000000000000;0,140300000000000;t2m;StdTime;15-01-95 00:00:00;5,168659098727824
BE32;6;4820,000000000000000;0,482000000000000;t2m;StdTime;15-01-95 00:00:00;5,343109773699185
BE10;7;209,000000000000000;0,020900000000000;t2m;StdTime;15-01-95 00:00:00;5,469210382853968
BE21;8;3689,000000000000000;0,368900000000000;t2m;StdTime;15-01-95 00:00:00;5,526652071656287
BE33;9;4899,000000000000000;0,489900000000000;t2m;StdTime;15-01-95 00:00:00;3,575809442357016
BE34;10;5582,000000000000000;0,558200000000000;t2m;StdTime;15-01-95 00:00:00;3,192684977253627
BE35;11;4637,000000000000000;0,463700000000000;t2m;StdTime;15-01-95 00:00:00;4,303861460501652
BE22;1;3104,000000000000000;0,310400000000000;t2m;StdTime;15-01-96 00:00:00;0,885162563917718
BE23;2;3847,000000000000000;0,384700000000000;t2m;StdTime;15-01-96 00:00:00;1,508602350198792
BE24;3;2706,000000000000000;0,270600000000000;t2m;StdTime;15-01-96 00:00:00;1,299531158745421
BE25;4;4010,000000000000000;0,401000000000000;t2m;StdTime;15-01-96 00:00:00;2,003107507983942
BE31;5;1403,000000000000000;0,140300000000000;t2m;StdTime;15-01-96 00:00:00;1,194784023127892
BE32;6;4820,000000000000000;0,482000000000000;t2m;StdTime;15-01-96 00:00:00;1,568437106381808
BE10;7;209,000000000000000;0,020900000000000;t2m;StdTime;15-01-96 00:00:00;1,338946408632270
BE21;8;3689,000000000000000;0,368900000000000;t2m;StdTime;15-01-96 00:00:00;1,054509617151945
BE33;9;4899,000000000000000;0,489900000000000;t2m;StdTime;15-01-96 00:00:00;0,041184399942338
BE34;10;5582,000000000000000;0,558200000000000;t2m;StdTime;15-01-96 00:00:00;-0,197186267735862
BE35;11;4637,000000000000000;0,463700000000000;t2m;StdTime;15-01-96 00:00:00;0,776467498723663
BE22;1;3104,000000000000000;0,310400000000000;t2m;StdTime;15-01-97 00:00:00;1,599627521925981
BE23;2;3847,000000000000000;0,384700000000000;t2m;StdTime;15-01-97 00:00:00;2,308275993501856
BE24;3;2706,000000000000000;0,270600000000000;t2m;StdTime;15-01-97 00:00:00;2,059417446674635
BE25;4;4010,000000000000000;0,401000000000000;t2m;StdTime;15-01-97 00:00:00;2,700299180951203
BE31;5;1403,000000000000000;0,140300000000000;t2m;StdTime;15-01-97 00:00:00;1,869019231452995
BE32;6;4820,000000000000000;0,482000000000000;t2m;StdTime;15-01-97 00:00:00;2,120637399205532
BE10;7;209,000000000000000;0,020900000000000;t2m;StdTime;15-01-97 00:00:00;2,111632392737283
BE21;8;3689,000000000000000;0,368900000000000;t2m;StdTime;15-01-97 00:00:00;1,951858193902149
BE33;9;4899,000000000000000;0,489900000000000;t2m;StdTime;15-01-97 00:00:00;0,616630051288070
BE34;10;5582,000000000000000;0,558200000000000;t2m;StdTime;15-01-97 00:00:00;0,219665437625453
BE35;11;4637,000000000000000;0,463700000000000;t2m;StdTime;15-01-97 00:00:00;1,280218568525876
BE22;1;3104,000000000000000;0,310400000000000;t2m;StdTime;15-01-98 00:00:00;4,892110904313855
BE23;2;3847,000000000000000;0,384700000000000;t2m;StdTime;15-01-98 00:00:00;5,278786721463820
BE24;3;2706,000000000000000;0,270600000000000;t2m;StdTime;15-01-98 00:00:00;5,032061789358276
BE25;4;4010,000000000000000;0,401000000000000;t2m;StdTime;15-01-98 00:00:00;5,628191164901428
BE31;5;1403,000000000000000;0,140300000000000;t2m;StdTime;15-01-98 00:00:00;4,689717797492118
BE32;6;4820,000000000000000;0,482000000000000;t2m;StdTime;15-01-98 00:00:00;4,688873860648072
BE10;7;209,000000000000000;0,020900000000000;t2m;StdTime;15-01-98 00:00:00;4,978412434244840
BE21;8;3689,000000000000000;0,368900000000000;t2m;StdTime;15-01-98 00:00:00;5,161135486484896
BE33;9;4899,000000000000000;0,489900000000000;t2m;StdTime;15-01-98 00:00:00;3,179304482426343
BE34;10;5582,000000000000000;0,558200000000000;t2m;StdTime;15-01-98 00:00:00;2,578660647722180
BE35;11;4637,000000000000000;0,463700000000000;t2m;StdTime;15-01-98 00:00:00;3,802110168166225
BE22;1;3104,000000000000000;0,310400000000000;t2m;StdTime;15-01-99 00:00:00;3,950724788163733
BE23;2;3847,000000000000000;0,384700000000000;t2m;StdTime;15-01-99 00:00:00;4,746228175315725
BE24;3;2706,000000000000000;0,270600000000000;t2m;StdTime;15-01-99 00:00:00;4,228646366048193
BE25;4;4010,000000000000000;0,401000000000000;t2m;StdTime;15-01-99 00:00:00;5,286062534788909
BE31;5;1403,000000000000000;0,140300000000000;t2m;StdTime;15-01-99 00:00:00;3,882921414127202
BE32;6;4820,000000000000000;0,482000000000000;t2m;StdTime;15-01-99 00:00:00;4,136358669635163
BE10;7;209,000000000000000;0,020900000000000;t2m;StdTime;15-01-99 00:00:00;4,226502083134992
BE21;8;3689,000000000000000;0,368900000000000;t2m;StdTime;15-01-99 00:00:00;4,331689240002443
BE33;9;4899,000000000000000;0,489900000000000;t2m;StdTime;15-01-99 00:00:00;2,120505320901745
BE34;10;5582,000000000000000;0,558200000000000;t2m;StdTime;15-01-99 00:00:00;1,574067369888263
BE35;11;4637,000000000000000;0,463700000000000;t2m;StdTime;15-01-99 00:00:00;2,936849505525483
BE22;1;3104,000000000000000;0,310400000000000;t2m;StdTime;15-01-00 00:00:00;4,416428265881907
BE23;2;3847,000000000000000;0,384700000000000;t2m;StdTime;15-01-00 00:00:00;5,015206554384081
BE24;3;2706,000000000000000;0,270600000000000;t2m;StdTime;15-01-00 00:00:00;4,653182084174485
BE25;4;4010,000000000000000;0,401000000000000;t2m;StdTime;15-01-00 00:00:00;5,463308454451713
BE31;5;1403,000000000000000;0,140300000000000;t2m;StdTime;15-01-00 00:00:00;4,283052928432437
BE32;6;4820,000000000000000;0,482000000000000;t2m;StdTime;15-01-00 00:00:00;4,330600755194903
BE10;7;209,000000000000000;0,020900000000000;t2m;StdTime;15-01-00 00:00:00;4,603212511710574
BE21;8;3689,000000000000000;0,368900000000000;t2m;StdTime;15-01-00 00:00:00;4,803690516745124
BE33;9;4899,000000000000000;0,489900000000000;t2m;StdTime;15-01-00 00:00:00;2,722358874044361
BE34;10;5582,000000000000000;0,558200000000000;t2m;StdTime;15-01-00 00:00:00;2,189208062179454
BE35;11;4637,000000000000000;0,463700000000000;t2m;StdTime;15-01-00 00:00:00;3,344015451708516
BE22;1;3104,000000000000000;0,310400000000000;t2m;StdTime;15-01-01 00:00:00;4,233265569068716
BE23;2;3847,000000000000000;0,384700000000000;t2m;StdTime;15-01-01 00:00:00;4,502267536077062
BE24;3;2706,000000000000000;0,270600000000000;t2m;StdTime;15-01-01 00:00:00;4,377857520328302
BE25;4;4010,000000000000000;0,401000000000000;t2m;StdTime;15-01-01 00:00:00;4,847911116488265
BE31;5;1403,000000000000000;0,140300000000000;t2m;StdTime;15-01-01 00:00:00;4,160469796091685
BE32;6;4820,000000000000000;0,482000000000000;t2m;StdTime;15-01-01 00:00:00;4,285533836966244
BE10;7;209,000000000000000;0,020900000000000;t2m;StdTime;15-01-01 00:00:00;4,326312049153889
BE21;8;3689,000000000000000;0,368900000000000;t2m;StdTime;15-01-01 00:00:00;4,326445030047985
BE33;9;4899,000000000000000;0,489900000000000;t2m;StdTime;15-01-01 00:00:00;3,079838419622441
BE34;10;5582,000000000000000;0,558200000000000;t2m;StdTime;15-01-01 00:00:00;2,870835675256987
BE35;11;4637,000000000000000;0,463700000000000;t2m;StdTime;15-01-01 00:00:00;3,683113951813647
BE22;1;3104,000000000000000;0,310400000000000;t2m;StdTime;15-01-02 00:00:00;4,307365009849214
BE23;2;3847,000000000000000;0,384700000000000;t2m;StdTime;15-01-02 00:00:00;4,913573763728111
BE24;3;2706,000000000000000;0,270600000000000;t2m;StdTime;15-01-02 00:00:00;4,515825103145127
BE25;4;4010,000000000000000;0,401000000000000;t2m;StdTime;15-01-02 00:00:00;5,388518728104014
BE31;5;1403,000000000000000;0,140300000000000;t2m;StdTime;15-01-02 00:00:00;4,127259855685022
BE32;6;4820,000000000000000;0,482000000000000;t2m;StdTime;15-01-02 00:00:00;4,245008788316579
BE10;7;209,000000000000000;0,020900000000000;t2m;StdTime;15-01-02 00:00:00;4,472522861079164
BE21;8;3689,000000000000000;0,368900000000000;t2m;StdTime;15-01-02 00:00:00;4,689435191967498
BE33;9;4899,000000000000000;0,489900000000000;t2m;StdTime;15-01-02 00:00:00;2,562134656474936
BE34;10;5582,000000000000000;0,558200000000000;t2m;StdTime;15-01-02 00:00:00;1,856815847304936
BE35;11;4637,000000000000000;0,463700000000000;t2m;StdTime;15-01-02 00:00:00;3,140630520698656
BE22;1;3104,000000000000000;0,310400000000000;t2m;StdTime;15-01-03 00:00:00;2,546406105314334
BE23;2;3847,000000000000000;0,384700000000000;t2m;StdTime;15-01-03 00:00:00;3,229984152059842
BE24;3;2706,000000000000000;0,270600000000000;t2m;StdTime;15-01-03 00:00:00;2,903922636422593
BE25;4;4010,000000000000000;0,401000000000000;t2m;StdTime;15-01-03 00:00:00;3,804853096864470
BE31;5;1403,000000000000000;0,140300000000000;t2m;StdTime;15-01-03 00:00:00;2,666445890665905
BE32;6;4820,000000000000000;0,482000000000000;t2m;StdTime;15-01-03 00:00:00;2,903335061211807
BE10;7;209,000000000000000;0,020900000000000;t2m;StdTime;15-01-03 00:00:00;2,910894876461851
BE21;8;3689,000000000000000;0,368900000000000;t2m;StdTime;15-01-03 00:00:00;2,843622001343933
BE33;9;4899,000000000000000;0,489900000000000;t2m;StdTime;15-01-03 00:00:00;1,123530019324856
BE34;10;5582,000000000000000;0,558200000000000;t2m;StdTime;15-01-03 00:00:00;0,622951589941521
BE35;11;4637,000000000000000;0,463700000000000;t2m;StdTime;15-01-03 00:00:00;1,953263359875009
BE22;1;3104,000000000000000;0,310400000000000;t2m;StdTime;15-01-04 00:00:00;3,694321789769162
BE23;2;3847,000000000000000;0,384700000000000;t2m;StdTime;15-01-04 00:00:00;4,401919638115861
BE24;3;2706,000000000000000;0,270600000000000;t2m;StdTime;15-01-04 00:00:00;3,960585464659398
BE25;4;4010,000000000000000;0,401000000000000;t2m;StdTime;15-01-04 00:00:00;4,932183590910382
BE31;5;1403,000000000000000;0,140300000000000;t2m;StdTime;15-01-04 00:00:00;3,603004759409901
BE32;6;4820,000000000000000;0,482000000000000;t2m;StdTime;15-01-04 00:00:00;3,792336422130786
BE10;7;209,000000000000000;0,020900000000000;t2m;StdTime;15-01-04 00:00:00;3,942592222724805
BE21;8;3689,000000000000000;0,368900000000000;t2m;StdTime;15-01-04 00:00:00;4,093084187131494
BE33;9;4899,000000000000000;0,489900000000000;t2m;StdTime;15-01-04 00:00:00;2,146384502435411
BE34;10;5582,000000000000000;0,558200000000000;t2m;StdTime;15-01-04 00:00:00;1,667556664212038
BE35;11;4637,000000000000000;0,463700000000000;t2m;StdTime;15-01-04 00:00:00;2,751360695912759
BE22;1;3104,000000000000000;0,310400000000000;t2m;StdTime;15-01-05 00:00:00;2,831971571771137
BE23;2;3847,000000000000000;0,384700000000000;t2m;StdTime;15-01-05 00:00:00;3,753282665431667
BE24;3;2706,000000000000000;0,270600000000000;t2m;StdTime;15-01-05 00:00:00;3,188111148141351
BE25;4;4010,000000000000000;0,401000000000000;t2m;StdTime;15-01-05 00:00:00;4,399252491817822
BE31;5;1403,000000000000000;0,140300000000000;t2m;StdTime;15-01-05 00:00:00;2,794447792145669
BE32;6;4820,000000000000000;0,482000000000000;t2m;StdTime;15-01-05 00:00:00;2,970710225125072
BE10;7;209,000000000000000;0,020900000000000;t2m;StdTime;15-01-05 00:00:00;3,178284128316852
BE21;8;3689,000000000000000;0,368900000000000;t2m;StdTime;15-01-05 00:00:00;3,370792516559470
BE33;9;4899,000000000000000;0,489900000000000;t2m;StdTime;15-01-05 00:00:00;0,967091454662557
BE34;10;5582,000000000000000;0,558200000000000;t2m;StdTime;15-01-05 00:00:00;0,294316469506831
BE35;11;4637,000000000000000;0,463700000000000;t2m;StdTime;15-01-05 00:00:00;1,647280218145160
BE22;1;3104,000000000000000;0,310400000000000;t2m;StdTime;15-01-06 00:00:00;2,063877896933827
BE23;2;3847,000000000000000;0,384700000000000;t2m;StdTime;15-01-06 00:00:00;2,818886405497615
BE24;3;2706,000000000000000;0,270600000000000;t2m;StdTime;15-01-06 00:00:00;2,358911599482066
BE25;4;4010,000000000000000;0,401000000000000;t2m;StdTime;15-01-06 00:00:00;3,372039396388282
BE31;5;1403,000000000000000;0,140300000000000;t2m;StdTime;15-01-06 00:00:00;2,008009224301646
BE32;6;4820,000000000000000;0,482000000000000;t2m;StdTime;15-01-06 00:00:00;2,191066700417967
BE10;7;209,000000000000000;0,020900000000000;t2m;StdTime;15-01-06 00:00:00;2,337636332762869
BE21;8;3689,000000000000000;0,368900000000000;t2m;StdTime;15-01-06 00:00:00;2,546674156421631
BE33;9;4899,000000000000000;0,489900000000000;t2m;StdTime;15-01-06 00:00:00;0,642908273638895
BE34;10;5582,000000000000000;0,558200000000000;t2m;StdTime;15-01-06 00:00:00;0,326694682406997
BE35;11;4637,000000000000000;0,463700000000000;t2m;StdTime;15-01-06 00:00:00;1,279362670956739
BE22;1;3104,000000000000000;0,310400000000000;t2m;StdTime;15-01-07 00:00:00;6,174368730371758
BE23;2;3847,000000000000000;0,384700000000000;t2m;StdTime;15-01-07 00:00:00;6,609553960567641
BE24;3;2706,000000000000000;0,270600000000000;t2m;StdTime;15-01-07 00:00:00;6,325573070791148
BE25;4;4010,000000000000000;0,401000000000000;t2m;StdTime;15-01-07 00:00:00;6,976269460497353
BE31;5;1403,000000000000000;0,140300000000000;t2m;StdTime;15-01-07 00:00:00;5,984729852832720
BE32;6;4820,000000000000000;0,482000000000000;t2m;StdTime;15-01-07 00:00:00;6,035135782704790
BE10;7;209,000000000000000;0,020900000000000;t2m;StdTime;15-01-07 00:00:00;6,267492134605297
BE21;8;3689,000000000000000;0,368900000000000;t2m;StdTime;15-01-07 00:00:00;6,460414346946737
BE33;9;4899,000000000000000;0,489900000000000;t2m;StdTime;15-01-07 00:00:00;4,715853026994127
BE34;10;5582,000000000000000;0,558200000000000;t2m;StdTime;15-01-07 00:00:00;4,215446537004841
BE35;11;4637,000000000000000;0,463700000000000;t2m;StdTime;15-01-07 00:00:00;5,168581687506864
BE22;1;3104,000000000000000;0,310400000000000;t2m;StdTime;15-01-08 00:00:00;4,770991781630459
BE23;2;3847,000000000000000;0,384700000000000;t2m;StdTime;15-01-08 00:00:00;5,159618401360074
BE24;3;2706,000000000000000;0,270600000000000;t2m;StdTime;15-01-08 00:00:00;4,915588980855897
BE25;4;4010,000000000000000;0,401000000000000;t2m;StdTime;15-01-08 00:00:00;5,517109621552166
BE31;5;1403,000000000000000;0,140300000000000;t2m;StdTime;15-01-08 00:00:00;4,591756109331479
BE32;6;4820,000000000000000;0,482000000000000;t2m;StdTime;15-01-08 00:00:00;4,677122023046269
BE10;7;209,000000000000000;0,020900000000000;t2m;StdTime;15-01-08 00:00:00;4,869719179053055
BE21;8;3689,000000000000000;0,368900000000000;t2m;StdTime;15-01-08 00:00:00;5,027734347752156
BE33;9;4899,000000000000000;0,489900000000000;t2m;StdTime;15-01-08 00:00:00;3,460680928028806
BE34;10;5582,000000000000000;0,558200000000000;t2m;StdTime;15-01-08 00:00:00;2,854076381098713
BE35;11;4637,000000000000000;0,463700000000000;t2m;StdTime;15-01-08 00:00:00;3,854673454364064
BE22;1;3104,000000000000000;0,310400000000000;t2m;StdTime;15-01-09 00:00:00;1,608668695021536
BE23;2;3847,000000000000000;0,384700000000000;t2m;StdTime;15-01-09 00:00:00;2,316617568003400
BE24;3;2706,000000000000000;0,270600000000000;t2m;StdTime;15-01-09 00:00:00;1,926803416044555
BE25;4;4010,000000000000000;0,401000000000000;t2m;StdTime;15-01-09 00:00:00;2,812441407772072
BE31;5;1403,000000000000000;0,140300000000000;t2m;StdTime;15-01-09 00:00:00;1,621645131709316
BE32;6;4820,000000000000000;0,482000000000000;t2m;StdTime;15-01-09 00:00:00;1,837101568151806
BE10;7;209,000000000000000;0,020900000000000;t2m;StdTime;15-01-09 00:00:00;1,941911240513815
BE21;8;3689,000000000000000;0,368900000000000;t2m;StdTime;15-01-09 00:00:00;2,042514625911490
BE33;9;4899,000000000000000;0,489900000000000;t2m;StdTime;15-01-09 00:00:00;0,301425064702342
BE34;10;5582,000000000000000;0,558200000000000;t2m;StdTime;15-01-09 00:00:00;0,059209339588277
BE35;11;4637,000000000000000;0,463700000000000;t2m;StdTime;15-01-09 00:00:00;0,964059254064986
BE22;1;3104,000000000000000;0,310400000000000;t2m;StdTime;15-01-10 00:00:00;1,214240424623043
BE23;2;3847,000000000000000;0,384700000000000;t2m;StdTime;15-01-10 00:00:00;1,732252498431611
BE24;3;2706,000000000000000;0,270600000000000;t2m;StdTime;15-01-10 00:00:00;1,508983986384766
BE25;4;4010,000000000000000;0,401000000000000;t2m;StdTime;15-01-10 00:00:00;2,338954337814501
BE31;5;1403,000000000000000;0,140300000000000;t2m;StdTime;15-01-10 00:00:00;1,251806163906797
BE32;6;4820,000000000000000;0,482000000000000;t2m;StdTime;15-01-10 00:00:00;1,491254254173933
BE10;7;209,000000000000000;0,020900000000000;t2m;StdTime;15-01-10 00:00:00;1,473561115812457
BE21;8;3689,000000000000000;0,368900000000000;t2m;StdTime;15-01-10 00:00:00;1,437845569924954
BE33;9;4899,000000000000000;0,489900000000000;t2m;StdTime;15-01-10 00:00:00;-0,203518404888270
BE34;10;5582,000000000000000;0,558200000000000;t2m;StdTime;15-01-10 00:00:00;-0,372764478340750
BE35;11;4637,000000000000000;0,463700000000000;t2m;StdTime;15-01-10 00:00:00;0,635727136525317
BE22;1;3104,000000000000000;0,310400000000000;t2m;StdTime;15-01-11 00:00:00;2,001100196320680
BE23;2;3847,000000000000000;0,384700000000000;t2m;StdTime;15-01-11 00:00:00;2,840345074363831
BE24;3;2706,000000000000000;0,270600000000000;t2m;StdTime;15-01-11 00:00:00;2,392372168617078
BE25;4;4010,000000000000000;0,401000000000000;t2m;StdTime;15-01-11 00:00:00;3,414770448832141
BE31;5;1403,000000000000000;0,140300000000000;t2m;StdTime;15-01-11 00:00:00;2,083088282933856
BE32;6;4820,000000000000000;0,482000000000000;t2m;StdTime;15-01-11 00:00:00;2,354379830716552
BE10;7;209,000000000000000;0,020900000000000;t2m;StdTime;15-01-11 00:00:00;2,416318912825516
BE21;8;3689,000000000000000;0,368900000000000;t2m;StdTime;15-01-11 00:00:00;2,380578064084790
BE33;9;4899,000000000000000;0,489900000000000;t2m;StdTime;15-01-11 00:00:00;0,605274233695597
BE34;10;5582,000000000000000;0,558200000000000;t2m;StdTime;15-01-11 00:00:00;0,392409072952775
BE35;11;4637,000000000000000;0,463700000000000;t2m;StdTime;15-01-11 00:00:00;1,302928218482663
BE22;1;3104,000000000000000;0,310400000000000;t2m;StdTime;15-01-12 00:00:00;3,367222423098754
BE23;2;3847,000000000000000;0,384700000000000;t2m;StdTime;15-01-12 00:00:00;4,086514435280491
BE24;3;2706,000000000000000;0,270600000000000;t2m;StdTime;15-01-12 00:00:00;3,667457818984984
BE25;4;4010,000000000000000;0,401000000000000;t2m;StdTime;15-01-12 00:00:00;4,586633591996765
BE31;5;1403,000000000000000;0,140300000000000;t2m;StdTime;15-01-12 00:00:00;3,302638579502501
BE32;6;4820,000000000000000;0,482000000000000;t2m;StdTime;15-01-12 00:00:00;3,478859359842119
BE10;7;209,000000000000000;0,020900000000000;t2m;StdTime;15-01-12 00:00:00;3,639522407613872
BE21;8;3689,000000000000000;0,368900000000000;t2m;StdTime;15-01-12 00:00:00;3,805473217249367
BE33;9;4899,000000000000000;0,489900000000000;t2m;StdTime;15-01-12 00:00:00;1,781804610639174
BE34;10;5582,000000000000000;0,558200000000000;t2m;StdTime;15-01-12 00:00:00;1,443745443082889
BE35;11;4637,000000000000000;0,463700000000000;t2m;StdTime;15-01-12 00:00:00;2,484693092674642
BE22;1;3104,000000000000000;0,310400000000000;t2m;StdTime;15-01-13 00:00:00;2,461423984123875
BE23;2;3847,000000000000000;0,384700000000000;t2m;StdTime;15-01-13 00:00:00;2,996228367438835
BE24;3;2706,000000000000000;0,270600000000000;t2m;StdTime;15-01-13 00:00:00;2,691067388122909
BE25;4;4010,000000000000000;0,401000000000000;t2m;StdTime;15-01-13 00:00:00;3,454451562341611
BE31;5;1403,000000000000000;0,140300000000000;t2m;StdTime;15-01-13 00:00:00;2,341185002520693
BE32;6;4820,000000000000000;0,482000000000000;t2m;StdTime;15-01-13 00:00:00;2,536552126996250
BE10;7;209,000000000000000;0,020900000000000;t2m;StdTime;15-01-13 00:00:00;2,641894947398792
BE21;8;3689,000000000000000;0,368900000000000;t2m;StdTime;15-01-13 00:00:00;2,747614996450704
BE33;9;4899,000000000000000;0,489900000000000;t2m;StdTime;15-01-13 00:00:00;0,798119975550499
BE34;10;5582,000000000000000;0,558200000000000;t2m;StdTime;15-01-13 00:00:00;0,432811019177018
BE35;11;4637,000000000000000;0,463700000000000;t2m;StdTime;15-01-13 00:00:00;1,569923551670816
BE22;1;3104,000000000000000;0,310400000000000;t2m;StdTime;15-01-14 00:00:00;5,728075919384799
BE23;2;3847,000000000000000;0,384700000000000;t2m;StdTime;15-01-14 00:00:00;6,080282483374829
BE24;3;2706,000000000000000;0,270600000000000;t2m;StdTime;15-01-14 00:00:00;5,895307474813015
BE25;4;4010,000000000000000;0,401000000000000;t2m;StdTime;15-01-14 00:00:00;6,332193650152911
BE31;5;1403,000000000000000;0,140300000000000;t2m;StdTime;15-01-14 00:00:00;5,562171559459554
BE32;6;4820,000000000000000;0,482000000000000;t2m;StdTime;15-01-14 00:00:00;5,543097189452157
BE10;7;209,000000000000000;0,020900000000000;t2m;StdTime;15-01-14 00:00:00;5,832850803028457
BE21;8;3689,000000000000000;0,368900000000000;t2m;StdTime;15-01-14 00:00:00;5,961886619739531
BE33;9;4899,000000000000000;0,489900000000000;t2m;StdTime;15-01-14 00:00:00;4,285256275378279
BE34;10;5582,000000000000000;0,558200000000000;t2m;StdTime;15-01-14 00:00:00;3,595576803515950
BE35;11;4637,000000000000000;0,463700000000000;t2m;StdTime;15-01-14 00:00:00;4,678582031150453
BE22;1;3104,000000000000000;0,310400000000000;t2m;StdTime;15-01-15 00:00:00;3,398832969137071
BE23;2;3847,000000000000000;0,384700000000000;t2m;StdTime;15-01-15 00:00:00;4,023412014745810
BE24;3;2706,000000000000000;0,270600000000000;t2m;StdTime;15-01-15 00:00:00;3,596040948443474
BE25;4;4010,000000000000000;0,401000000000000;t2m;StdTime;15-01-15 00:00:00;4,564794426368650
BE31;5;1403,000000000000000;0,140300000000000;t2m;StdTime;15-01-15 00:00:00;3,245036286791135
BE32;6;4820,000000000000000;0,482000000000000;t2m;StdTime;15-01-15 00:00:00;3,332421932081957
BE10;7;209,000000000000000;0,020900000000000;t2m;StdTime;15-01-15 00:00:00;3,539663461977216
BE21;8;3689,000000000000000;0,368900000000000;t2m;StdTime;15-01-15 00:00:00;3,755773782794735
BE33;9;4899,000000000000000;0,489900000000000;t2m;StdTime;15-01-15 00:00:00;1,808613151506544
BE34;10;5582,000000000000000;0,558200000000000;t2m;StdTime;15-01-15 00:00:00;1,395702750750746
BE35;11;4637,000000000000000;0,463700000000000;t2m;StdTime;15-01-15 00:00:00;2,464507205413804
BE22;1;3104,000000000000000;0,310400000000000;t2m;StdTime;15-01-16 00:00:00;6,027142288451334
BE23;2;3847,000000000000000;0,384700000000000;t2m;StdTime;15-01-16 00:00:00;6,492564942082526
BE24;3;2706,000000000000000;0,270600000000000;t2m;StdTime;15-01-16 00:00:00;6,207869685850403
BE25;4;4010,000000000000000;0,401000000000000;t2m;StdTime;15-01-16 00:00:00;6,850842018079878
BE31;5;1403,000000000000000;0,140300000000000;t2m;StdTime;15-01-16 00:00:00;5,847124289718592
BE32;6;4820,000000000000000;0,482000000000000;t2m;StdTime;15-01-16 00:00:00;5,893037994471839
BE10;7;209,000000000000000;0,020900000000000;t2m;StdTime;15-01-16 00:00:00;6,157889302267414
BE21;8;3689,000000000000000;0,368900000000000;t2m;StdTime;15-01-16 00:00:00;6,303692504492985
BE33;9;4899,000000000000000;0,489900000000000;t2m;StdTime;15-01-16 00:00:00;4,384573842000175
BE34;10;5582,000000000000000;0,558200000000000;t2m;StdTime;15-01-16 00:00:00;3,801876282017114
BE35;11;4637,000000000000000;0,463700000000000;t2m;StdTime;15-01-16 00:00:00;4,882975656666942
BE22;1;3104,000000000000000;0,310400000000000;t2m;StdTime;15-01-17 00:00:00;3,611152266641868
BE23;2;3847,000000000000000;0,384700000000000;t2m;StdTime;15-01-17 00:00:00;4,199399295459319
BE24;3;2706,000000000000000;0,270600000000000;t2m;StdTime;15-01-17 00:00:00;3,888277413311133
BE25;4;4010,000000000000000;0,401000000000000;t2m;StdTime;15-01-17 00:00:00;4,617539496552618
BE31;5;1403,000000000000000;0,140300000000000;t2m;StdTime;15-01-17 00:00:00;3,483980884062591
BE32;6;4820,000000000000000;0,482000000000000;t2m;StdTime;15-01-17 00:00:00;3,563313971169258
BE10;7;209,000000000000000;0,020900000000000;t2m;StdTime;15-01-17 00:00:00;3,873933464716497
BE21;8;3689,000000000000000;0,368900000000000;t2m;StdTime;15-01-17 00:00:00;4,005809442562031
BE33;9;4899,000000000000000;0,489900000000000;t2m;StdTime;15-01-17 00:00:00;1,994740360694219
BE34;10;5582,000000000000000;0,558200000000000;t2m;StdTime;15-01-17 00:00:00;1,372788656199974
BE35;11;4637,000000000000000;0,463700000000000;t2m;StdTime;15-01-17 00:00:00;2,581152754558012
BE22;1;3104,000000000000000;0,310400000000000;t2m;StdTime;15-01-18 00:00:00;3,521152691512379
BE23;2;3847,000000000000000;0,384700000000000;t2m;StdTime;15-01-18 00:00:00;3,995083668525107
BE24;3;2706,000000000000000;0,270600000000000;t2m;StdTime;15-01-18 00:00:00;3,723571152309972
BE25;4;4010,000000000000000;0,401000000000000;t2m;StdTime;15-01-18 00:00:00;4,420907445084697
BE31;5;1403,000000000000000;0,140300000000000;t2m;StdTime;15-01-18 00:00:00;3,429799597006733
BE32;6;4820,000000000000000;0,482000000000000;t2m;StdTime;15-01-18 00:00:00;3,555244086985763
BE10;7;209,000000000000000;0,020900000000000;t2m;StdTime;15-01-18 00:00:00;3,668657894910237
BE21;8;3689,000000000000000;0,368900000000000;t2m;StdTime;15-01-18 00:00:00;3,788558981224077
BE33;9;4899,000000000000000;0,489900000000000;t2m;StdTime;15-01-18 00:00:00;1,945421204527547
BE34;10;5582,000000000000000;0,558200000000000;t2m;StdTime;15-01-18 00:00:00;1,603773833292868
BE35;11;4637,000000000000000;0,463700000000000;t2m;StdTime;15-01-18 00:00:00;2,707871980083022
BE22;1;3104,000000000000000;0,310400000000000;t2m;StdTime;15-01-19 00:00:00;4,733199713617252
BE23;2;3847,000000000000000;0,384700000000000;t2m;StdTime;15-01-19 00:00:00;5,334522089649568
BE24;3;2706,000000000000000;0,270600000000000;t2m;StdTime;15-01-19 00:00:00;4,972350195259494
BE25;4;4010,000000000000000;0,401000000000000;t2m;StdTime;15-01-19 00:00:00;5,709868056756306
BE31;5;1403,000000000000000;0,140300000000000;t2m;StdTime;15-01-19 00:00:00;4,618231764199991
BE32;6;4820,000000000000000;0,482000000000000;t2m;StdTime;15-01-19 00:00:00;4,720285557463936
BE10;7;209,000000000000000;0,020900000000000;t2m;StdTime;15-01-19 00:00:00;4,944843956157921
BE21;8;3689,000000000000000;0,368900000000000;t2m;StdTime;15-01-19 00:00:00;5,088145206665454
BE33;9;4899,000000000000000;0,489900000000000;t2m;StdTime;15-01-19 00:00:00;3,349992428270735
BE34;10;5582,000000000000000;0,558200000000000;t2m;StdTime;15-01-19 00:00:00;2,798527512572566
BE35;11;4637,000000000000000;0,463700000000000;t2m;StdTime;15-01-19 00:00:00;3,822493427499551
BE22;1;3104,000000000000000;0,310400000000000;t2m;StdTime;15-01-20 00:00:00;6,030533386259962
BE23;2;3847,000000000000000;0,384700000000000;t2m;StdTime;15-01-20 00:00:00;6,465751324810547
BE24;3;2706,000000000000000;0,270600000000000;t2m;StdTime;15-01-20 00:00:00;6,225326935097802
BE25;4;4010,000000000000000;0,401000000000000;t2m;StdTime;15-01-20 00:00:00;6,782536357418268
BE31;5;1403,000000000000000;0,140300000000000;t2m;StdTime;15-01-20 00:00:00;5,911519000977176
BE32;6;4820,000000000000000;0,482000000000000;t2m;StdTime;15-01-20 00:00:00;5,950739145674651
BE10;7;209,000000000000000;0,020900000000000;t2m;StdTime;15-01-20 00:00:00;6,180166014073571
BE21;8;3689,000000000000000;0,368900000000000;t2m;StdTime;15-01-20 00:00:00;6,308954172193861
BE33;9;4899,000000000000000;0,489900000000000;t2m;StdTime;15-01-20 00:00:00;4,666393871428068
BE34;10;5582,000000000000000;0,558200000000000;t2m;StdTime;15-01-20 00:00:00;4,213917410318172
BE35;11;4637,000000000000000;0,463700000000000;t2m;StdTime;15-01-20 00:00:00;5,177799637214314
BE22;1;3104,000000000000000;0,310400000000000;t2m;StdTime;15-01-21 00:00:00;4,415485084671322
BE23;2;3847,000000000000000;0,384700000000000;t2m;StdTime;15-01-21 00:00:00;4,652040921343374
BE24;3;2706,000000000000000;0,270600000000000;t2m;StdTime;15-01-21 00:00:00;4,538214524058354
BE25;4;4010,000000000000000;0,401000000000000;t2m;StdTime;15-01-21 00:00:00;4,956864583640927
BE31;5;1403,000000000000000;0,140300000000000;t2m;StdTime;15-01-21 00:00:00;4,304177822594295
BE32;6;4820,000000000000000;0,482000000000000;t2m;StdTime;15-01-21 00:00:00;4,336300354379841
BE10;7;209,000000000000000;0,020900000000000;t2m;StdTime;15-01-21 00:00:00;4,467885069869921
BE21;8;3689,000000000000000;0,368900000000000;t2m;StdTime;15-01-21 00:00:00;4,509805883292291
BE33;9;4899,000000000000000;0,489900000000000;t2m;StdTime;15-01-21 00:00:00;3,157232830976555
BE34;10;5582,000000000000000;0,558200000000000;t2m;StdTime;15-01-21 00:00:00;2,705912520662511
BE35;11;4637,000000000000000;0,463700000000000;t2m;StdTime;15-01-21 00:00:00;3,670011209109902
BE22;1;3104,000000000000000;0,310400000000000;t2m;StdTime;15-01-22 00:00:00;5,171646478249856
BE23;2;3847,000000000000000;0,384700000000000;t2m;StdTime;15-01-22 00:00:00;5,885812152662239
BE24;3;2706,000000000000000;0,270600000000000;t2m;StdTime;15-01-22 00:00:00;5,455108607687604
BE25;4;4010,000000000000000;0,401000000000000;t2m;StdTime;15-01-22 00:00:00;6,271476157823397
BE31;5;1403,000000000000000;0,140300000000000;t2m;StdTime;15-01-22 00:00:00;5,089580221169342
BE32;6;4820,000000000000000;0,482000000000000;t2m;StdTime;15-01-22 00:00:00;5,223955043717541
BE10;7;209,000000000000000;0,020900000000000;t2m;StdTime;15-01-22 00:00:00;5,442009747883924
BE21;8;3689,000000000000000;0,368900000000000;t2m;StdTime;15-01-22 00:00:00;5,623114188921502
BE33;9;4899,000000000000000;0,489900000000000;t2m;StdTime;15-01-22 00:00:00;3,623886830808200
BE34;10;5582,000000000000000;0,558200000000000;t2m;StdTime;15-01-22 00:00:00;3,234926184929638
BE35;11;4637,000000000000000;0,463700000000000;t2m;StdTime;15-01-22 00:00:00;4,277249071293157
BE22;1;3104,000000000000000;0,310400000000000;t2m;StdTime;15-01-23 00:00:00;4,749232866561293
BE23;2;3847,000000000000000;0,384700000000000;t2m;StdTime;15-01-23 00:00:00;5,165369787060011
BE24;3;2706,000000000000000;0,270600000000000;t2m;StdTime;15-01-23 00:00:00;4,936244213043633
BE25;4;4010,000000000000000;0,401000000000000;t2m;StdTime;15-01-23 00:00:00;5,523345483984444
BE31;5;1403,000000000000000;0,140300000000000;t2m;StdTime;15-01-23 00:00:00;4,631993762442493
BE32;6;4820,000000000000000;0,482000000000000;t2m;StdTime;15-01-23 00:00:00;4,724507883920706
BE10;7;209,000000000000000;0,020900000000000;t2m;StdTime;15-01-23 00:00:00;4,894638175599312
BE21;8;3689,000000000000000;0,368900000000000;t2m;StdTime;15-01-23 00:00:00;5,012963489388725
BE33;9;4899,000000000000000;0,489900000000000;t2m;StdTime;15-01-23 00:00:00;3,246873277672753
BE34;10;5582,000000000000000;0,558200000000000;t2m;StdTime;15-01-23 00:00:00;2,974231848491223
BE35;11;4637,000000000000000;0,463700000000000;t2m;StdTime;15-01-23 00:00:00;3,943856426372282
BE22;1;3104,000000000000000;0,310400000000000;t2m;StdTime;15-01-24 00:00:00;5,909931520518571
BE23;2;3847,000000000000000;0,384700000000000;t2m;StdTime;15-01-24 00:00:00;6,456034382318618
BE24;3;2706,000000000000000;0,270600000000000;t2m;StdTime;15-01-24 00:00:00;6,134072627830928
BE25;4;4010,000000000000000;0,401000000000000;t2m;StdTime;15-01-24 00:00:00;6,815367569174251
BE31;5;1403,000000000000000;0,140300000000000;t2m;StdTime;15-01-24 00:00:00;5,777210811334944
BE32;6;4820,000000000000000;0,482000000000000;t2m;StdTime;15-01-24 00:00:00;5,881310617379622
BE10;7;209,000000000000000;0,020900000000000;t2m;StdTime;15-01-24 00:00:00;6,104092591116875
BE21;8;3689,000000000000000;0,368900000000000;t2m;StdTime;15-01-24 00:00:00;6,239467017209181
BE33;9;4899,000000000000000;0,489900000000000;t2m;StdTime;15-01-24 00:00:00;4,446933523541341
BE34;10;5582,000000000000000;0,558200000000000;t2m;StdTime;15-01-24 00:00:00;4,024678699562777
BE35;11;4637,000000000000000;0,463700000000000;t2m;StdTime;15-01-24 00:00:00;5,007012384010332
BE22;1;3104,000000000000000;0,310400000000000;tp;StdTime;15-01-61 00:00:00;263,956062651172431
BE23;2;3847,000000000000000;0,384700000000000;tp;StdTime;15-01-61 00:00:00;227,010993725484752
BE24;3;2706,000000000000000;0,270600000000000;tp;StdTime;15-01-61 00:00:00;237,290518107276853
BE25;4;4010,000000000000000;0,401000000000000;tp;StdTime;15-01-61 00:00:00;218,095738855680622
BE31;5;1403,000000000000000;0,140300000000000;tp;StdTime;15-01-61 00:00:00;229,970403419760856
BE32;6;4820,000000000000000;0,482000000000000;tp;StdTime;15-01-61 00:00:00;238,664930861224008
BE10;7;209,000000000000000;0,020900000000000;tp;StdTime;15-01-61 00:00:00;230,352758453223117
BE21;8;3689,000000000000000;0,368900000000000;tp;StdTime;15-01-61 00:00:00;261,385445850979465
BE33;9;4899,000000000000000;0,489900000000000;tp;StdTime;15-01-61 00:00:00;305,303233040574526
BE34;10;5582,000000000000000;0,558200000000000;tp;StdTime;15-01-61 00:00:00;312,119239886401999
BE35;11;4637,000000000000000;0,463700000000000;tp;StdTime;15-01-61 00:00:00;262,245807284909574
BE22;1;3104,000000000000000;0,310400000000000;tp;StdTime;15-01-62 00:00:00;196,886399323178381
BE23;2;3847,000000000000000;0,384700000000000;tp;StdTime;15-01-62 00:00:00;180,556457805112757
BE24;3;2706,000000000000000;0,270600000000000;tp;StdTime;15-01-62 00:00:00;190,573723916380146
BE25;4;4010,000000000000000;0,401000000000000;tp;StdTime;15-01-62 00:00:00;176,129334797466981
BE31;5;1403,000000000000000;0,140300000000000;tp;StdTime;15-01-62 00:00:00;199,990107171295818
BE32;6;4820,000000000000000;0,482000000000000;tp;StdTime;15-01-62 00:00:00;205,905702241129745
BE10;7;209,000000000000000;0,020900000000000;tp;StdTime;15-01-62 00:00:00;189,732309879868836
BE21;8;3689,000000000000000;0,368900000000000;tp;StdTime;15-01-62 00:00:00;195,326306006746307
BE33;9;4899,000000000000000;0,489900000000000;tp;StdTime;15-01-62 00:00:00;264,069628019190930
BE34;10;5582,000000000000000;0,558200000000000;tp;StdTime;15-01-62 00:00:00;281,288507568841339
BE35;11;4637,000000000000000;0,463700000000000;tp;StdTime;15-01-62 00:00:00;235,253686707056232
BE22;1;3104,000000000000000;0,310400000000000;tp;StdTime;15-01-63 00:00:00;143,880182959369762
BE23;2;3847,000000000000000;0,384700000000000;tp;StdTime;15-01-63 00:00:00;107,651769810104653
BE24;3;2706,000000000000000;0,270600000000000;tp;StdTime;15-01-63 00:00:00;123,762288200000597
BE25;4;4010,000000000000000;0,401000000000000;tp;StdTime;15-01-63 00:00:00;99,239530530059199
BE31;5;1403,000000000000000;0,140300000000000;tp;StdTime;15-01-63 00:00:00;123,328013419425218
BE32;6;4820,000000000000000;0,482000000000000;tp;StdTime;15-01-63 00:00:00;104,283776057706277
BE10;7;209,000000000000000;0,020900000000000;tp;StdTime;15-01-63 00:00:00;117,802116357538694
BE21;8;3689,000000000000000;0,368900000000000;tp;StdTime;15-01-63 00:00:00;132,644946680769579
BE33;9;4899,000000000000000;0,489900000000000;tp;StdTime;15-01-63 00:00:00;170,110789828311283
BE34;10;5582,000000000000000;0,558200000000000;tp;StdTime;15-01-63 00:00:00;145,392483404058112
BE35;11;4637,000000000000000;0,463700000000000;tp;StdTime;15-01-63 00:00:00;125,889999666064142
BE22;1;3104,000000000000000;0,310400000000000;tp;StdTime;15-01-64 00:00:00;77,117538474269807
BE23;2;3847,000000000000000;0,384700000000000;tp;StdTime;15-01-64 00:00:00;70,900301154632217
BE24;3;2706,000000000000000;0,270600000000000;tp;StdTime;15-01-64 00:00:00;75,764723958919674
BE25;4;4010,000000000000000;0,401000000000000;tp;StdTime;15-01-64 00:00:00;76,010590767801006
BE31;5;1403,000000000000000;0,140300000000000;tp;StdTime;15-01-64 00:00:00;78,355378382730862
BE32;6;4820,000000000000000;0,482000000000000;tp;StdTime;15-01-64 00:00:00;74,619547732341289
BE10;7;209,000000000000000;0,020900000000000;tp;StdTime;15-01-64 00:00:00;75,574194036602393
BE21;8;3689,000000000000000;0,368900000000000;tp;StdTime;15-01-64 00:00:00;72,318784482629781
BE33;9;4899,000000000000000;0,489900000000000;tp;StdTime;15-01-64 00:00:00;108,085557913094135
BE34;10;5582,000000000000000;0,558200000000000;tp;StdTime;15-01-64 00:00:00;92,628886156892065
BE35;11;4637,000000000000000;0,463700000000000;tp;StdTime;15-01-64 00:00:00;83,054758374228854
BE22;1;3104,000000000000000;0,310400000000000;tp;StdTime;15-01-65 00:00:00;183,501400947570914
BE23;2;3847,000000000000000;0,384700000000000;tp;StdTime;15-01-65 00:00:00;167,694212712961530
BE24;3;2706,000000000000000;0,270600000000000;tp;StdTime;15-01-65 00:00:00;173,635101205581918
BE25;4;4010,000000000000000;0,401000000000000;tp;StdTime;15-01-65 00:00:00;167,745634692565005
BE31;5;1403,000000000000000;0,140300000000000;tp;StdTime;15-01-65 00:00:00;185,610214113763959
BE32;6;4820,000000000000000;0,482000000000000;tp;StdTime;15-01-65 00:00:00;195,271758811601757
BE10;7;209,000000000000000;0,020900000000000;tp;StdTime;15-01-65 00:00:00;173,756781911165461
BE21;8;3689,000000000000000;0,368900000000000;tp;StdTime;15-01-65 00:00:00;169,257198384409918
BE33;9;4899,000000000000000;0,489900000000000;tp;StdTime;15-01-65 00:00:00;270,276906814154700
BE34;10;5582,000000000000000;0,558200000000000;tp;StdTime;15-01-65 00:00:00;245,590680186955780
BE35;11;4637,000000000000000;0,463700000000000;tp;StdTime;15-01-65 00:00:00;220,285336328061675
BE22;1;3104,000000000000000;0,310400000000000;tp;StdTime;15-01-66 00:00:00;269,315350370308920
BE23;2;3847,000000000000000;0,384700000000000;tp;StdTime;15-01-66 00:00:00;222,290359616062858
BE24;3;2706,000000000000000;0,270600000000000;tp;StdTime;15-01-66 00:00:00;240,401094846873605
BE25;4;4010,000000000000000;0,401000000000000;tp;StdTime;15-01-66 00:00:00;205,603398653634315
BE31;5;1403,000000000000000;0,140300000000000;tp;StdTime;15-01-66 00:00:00;245,699888581475221
BE32;6;4820,000000000000000;0,482000000000000;tp;StdTime;15-01-66 00:00:00;241,630068349244937
BE10;7;209,000000000000000;0,020900000000000;tp;StdTime;15-01-66 00:00:00;233,312279806182715
BE21;8;3689,000000000000000;0,368900000000000;tp;StdTime;15-01-66 00:00:00;258,138065742457684
BE33;9;4899,000000000000000;0,489900000000000;tp;StdTime;15-01-66 00:00:00;327,248092747922158
BE34;10;5582,000000000000000;0,558200000000000;tp;StdTime;15-01-66 00:00:00;337,844628345321667
BE35;11;4637,000000000000000;0,463700000000000;tp;StdTime;15-01-66 00:00:00;275,760580063277814
BE22;1;3104,000000000000000;0,310400000000000;tp;StdTime;15-01-67 00:00:00;262,831354622988385
BE23;2;3847,000000000000000;0,384700000000000;tp;StdTime;15-01-67 00:00:00;211,191064777577395
BE24;3;2706,000000000000000;0,270600000000000;tp;StdTime;15-01-67 00:00:00;230,284830763000087
BE25;4;4010,000000000000000;0,401000000000000;tp;StdTime;15-01-67 00:00:00;198,865291955048860
BE31;5;1403,000000000000000;0,140300000000000;tp;StdTime;15-01-67 00:00:00;222,138804668880510
BE32;6;4820,000000000000000;0,482000000000000;tp;StdTime;15-01-67 00:00:00;226,958376128643920
BE10;7;209,000000000000000;0,020900000000000;tp;StdTime;15-01-67 00:00:00;217,700844358599312
BE21;8;3689,000000000000000;0,368900000000000;tp;StdTime;15-01-67 00:00:00;247,197584388507124
BE33;9;4899,000000000000000;0,489900000000000;tp;StdTime;15-01-67 00:00:00;320,207796696766650
BE34;10;5582,000000000000000;0,558200000000000;tp;StdTime;15-01-67 00:00:00;325,799480737558611
BE35;11;4637,000000000000000;0,463700000000000;tp;StdTime;15-01-67 00:00:00;263,342569521899293
BE22;1;3104,000000000000000;0,310400000000000;tp;StdTime;15-01-68 00:00:00;223,517655829793256
BE23;2;3847,000000000000000;0,384700000000000;tp;StdTime;15-01-68 00:00:00;195,754871218676527
BE24;3;2706,000000000000000;0,270600000000000;tp;StdTime;15-01-68 00:00:00;212,638324689618173
BE25;4;4010,000000000000000;0,401000000000000;tp;StdTime;15-01-68 00:00:00;203,078367999069997
BE31;5;1403,000000000000000;0,140300000000000;tp;StdTime;15-01-68 00:00:00;226,329899380738652
BE32;6;4820,000000000000000;0,482000000000000;tp;StdTime;15-01-68 00:00:00;241,710914884068643
BE10;7;209,000000000000000;0,020900000000000;tp;StdTime;15-01-68 00:00:00;211,890971133583520
BE21;8;3689,000000000000000;0,368900000000000;tp;StdTime;15-01-68 00:00:00;208,115519138170470
BE33;9;4899,000000000000000;0,489900000000000;tp;StdTime;15-01-68 00:00:00;305,880939406553182
BE34;10;5582,000000000000000;0,558200000000000;tp;StdTime;15-01-68 00:00:00;316,292466199512091
BE35;11;4637,000000000000000;0,463700000000000;tp;StdTime;15-01-68 00:00:00;267,915858433476899
BE22;1;3104,000000000000000;0,310400000000000;tp;StdTime;15-01-69 00:00:00;155,179149981626523
BE23;2;3847,000000000000000;0,384700000000000;tp;StdTime;15-01-69 00:00:00;149,845818254090517
BE24;3;2706,000000000000000;0,270600000000000;tp;StdTime;15-01-69 00:00:00;154,090130238557634
BE25;4;4010,000000000000000;0,401000000000000;tp;StdTime;15-01-69 00:00:00;167,878584730951786
BE31;5;1403,000000000000000;0,140300000000000;tp;StdTime;15-01-69 00:00:00;164,886333201837090
BE32;6;4820,000000000000000;0,482000000000000;tp;StdTime;15-01-69 00:00:00;159,940125334807078
BE10;7;209,000000000000000;0,020900000000000;tp;StdTime;15-01-69 00:00:00;155,137019472259198
BE21;8;3689,000000000000000;0,368900000000000;tp;StdTime;15-01-69 00:00:00;145,962561090582710
BE33;9;4899,000000000000000;0,489900000000000;tp;StdTime;15-01-69 00:00:00;196,009927307739844
BE34;10;5582,000000000000000;0,558200000000000;tp;StdTime;15-01-69 00:00:00;208,749131536535145
BE35;11;4637,000000000000000;0,463700000000000;tp;StdTime;15-01-69 00:00:00;185,428846081603581
BE22;1;3104,000000000000000;0,310400000000000;tp;StdTime;15-01-70 00:00:00;247,280040952348116
BE23;2;3847,000000000000000;0,384700000000000;tp;StdTime;15-01-70 00:00:00;233,449402287807743
BE24;3;2706,000000000000000;0,270600000000000;tp;StdTime;15-01-70 00:00:00;244,725730659163418
BE25;4;4010,000000000000000;0,401000000000000;tp;StdTime;15-01-70 00:00:00;238,035861868156843
BE31;5;1403,000000000000000;0,140300000000000;tp;StdTime;15-01-70 00:00:00;255,838545415202816
BE32;6;4820,000000000000000;0,482000000000000;tp;StdTime;15-01-70 00:00:00;253,546095076437950
BE10;7;209,000000000000000;0,020900000000000;tp;StdTime;15-01-70 00:00:00;244,088574423173952
BE21;8;3689,000000000000000;0,368900000000000;tp;StdTime;15-01-70 00:00:00;239,384757948038526
BE33;9;4899,000000000000000;0,489900000000000;tp;StdTime;15-01-70 00:00:00;300,827595536527667
BE34;10;5582,000000000000000;0,558200000000000;tp;StdTime;15-01-70 00:00:00;326,194846776170891
BE35;11;4637,000000000000000;0,463700000000000;tp;StdTime;15-01-70 00:00:00;283,647545362665028
BE22;1;3104,000000000000000;0,310400000000000;tp;StdTime;15-01-71 00:00:00;157,930377861888473
BE23;2;3847,000000000000000;0,384700000000000;tp;StdTime;15-01-71 00:00:00;150,629825553368391
BE24;3;2706,000000000000000;0,270600000000000;tp;StdTime;15-01-71 00:00:00;153,500860604725347
BE25;4;4010,000000000000000;0,401000000000000;tp;StdTime;15-01-71 00:00:00;166,125482508785325
BE31;5;1403,000000000000000;0,140300000000000;tp;StdTime;15-01-71 00:00:00;159,306948378352928
BE32;6;4820,000000000000000;0,482000000000000;tp;StdTime;15-01-71 00:00:00;162,517822199144689
BE10;7;209,000000000000000;0,020900000000000;tp;StdTime;15-01-71 00:00:00;152,762837679192160
BE21;8;3689,000000000000000;0,368900000000000;tp;StdTime;15-01-71 00:00:00;152,908591543700595
BE33;9;4899,000000000000000;0,489900000000000;tp;StdTime;15-01-71 00:00:00;204,262652591628097
BE34;10;5582,000000000000000;0,558200000000000;tp;StdTime;15-01-71 00:00:00;210,034739700366828
BE35;11;4637,000000000000000;0,463700000000000;tp;StdTime;15-01-71 00:00:00;184,613533686377963
BE22;1;3104,000000000000000;0,310400000000000;tp;StdTime;15-01-72 00:00:00;126,837886584173717
BE23;2;3847,000000000000000;0,384700000000000;tp;StdTime;15-01-72 00:00:00;129,215986007400716
BE24;3;2706,000000000000000;0,270600000000000;tp;StdTime;15-01-72 00:00:00;136,458919888853586
BE25;4;4010,000000000000000;0,401000000000000;tp;StdTime;15-01-72 00:00:00;135,958852325591693
BE31;5;1403,000000000000000;0,140300000000000;tp;StdTime;15-01-72 00:00:00;144,442742215168181
BE32;6;4820,000000000000000;0,482000000000000;tp;StdTime;15-01-72 00:00:00;151,873584177484105
BE10;7;209,000000000000000;0,020900000000000;tp;StdTime;15-01-72 00:00:00;136,987891749331880
BE21;8;3689,000000000000000;0,368900000000000;tp;StdTime;15-01-72 00:00:00;126,151221991166935
BE33;9;4899,000000000000000;0,489900000000000;tp;StdTime;15-01-72 00:00:00;148,173805528038059
BE34;10;5582,000000000000000;0,558200000000000;tp;StdTime;15-01-72 00:00:00;148,452498588712160
BE35;11;4637,000000000000000;0,463700000000000;tp;StdTime;15-01-72 00:00:00;149,047064992819486
BE22;1;3104,000000000000000;0,310400000000000;tp;StdTime;15-01-73 00:00:00;120,688847340259443
BE23;2;3847,000000000000000;0,384700000000000;tp;StdTime;15-01-73 00:00:00;94,222772618594703
BE24;3;2706,000000000000000;0,270600000000000;tp;StdTime;15-01-73 00:00:00;107,364687635558482
BE25;4;4010,000000000000000;0,401000000000000;tp;StdTime;15-01-73 00:00:00;92,083143524398281
BE31;5;1403,000000000000000;0,140300000000000;tp;StdTime;15-01-73 00:00:00;110,897875959161269
BE32;6;4820,000000000000000;0,482000000000000;tp;StdTime;15-01-73 00:00:00;107,238595020721718
BE10;7;209,000000000000000;0,020900000000000;tp;StdTime;15-01-73 00:00:00;103,470019107800354
BE21;8;3689,000000000000000;0,368900000000000;tp;StdTime;15-01-73 00:00:00;110,334683625863931
BE33;9;4899,000000000000000;0,489900000000000;tp;StdTime;15-01-73 00:00:00;152,067105048966511
BE34;10;5582,000000000000000;0,558200000000000;tp;StdTime;15-01-73 00:00:00;151,582361208329274
BE35;11;4637,000000000000000;0,463700000000000;tp;StdTime;15-01-73 00:00:00;128,490241739496440
BE22;1;3104,000000000000000;0,310400000000000;tp;StdTime;15-01-74 00:00:00;208,934176553156050
BE23;2;3847,000000000000000;0,384700000000000;tp;StdTime;15-01-74 00:00:00;178,683742395276312
BE24;3;2706,000000000000000;0,270600000000000;tp;StdTime;15-01-74 00:00:00;194,845954703297878
BE25;4;4010,000000000000000;0,401000000000000;tp;StdTime;15-01-74 00:00:00;175,879067334867045
BE31;5;1403,000000000000000;0,140300000000000;tp;StdTime;15-01-74 00:00:00;199,747250383612453
BE32;6;4820,000000000000000;0,482000000000000;tp;StdTime;15-01-74 00:00:00;195,575050714896378
BE10;7;209,000000000000000;0,020900000000000;tp;StdTime;15-01-74 00:00:00;191,313407204367905
BE21;8;3689,000000000000000;0,368900000000000;tp;StdTime;15-01-74 00:00:00;190,937046484301931
BE33;9;4899,000000000000000;0,489900000000000;tp;StdTime;15-01-74 00:00:00;250,574543330201692
BE34;10;5582,000000000000000;0,558200000000000;tp;StdTime;15-01-74 00:00:00;262,284868924433169
BE35;11;4637,000000000000000;0,463700000000000;tp;StdTime;15-01-74 00:00:00;224,168779749538203
BE22;1;3104,000000000000000;0,310400000000000;tp;StdTime;15-01-75 00:00:00;203,519115148131306
BE23;2;3847,000000000000000;0,384700000000000;tp;StdTime;15-01-75 00:00:00;173,761571953071581
BE24;3;2706,000000000000000;0,270600000000000;tp;StdTime;15-01-75 00:00:00;182,921720900891444
BE25;4;4010,000000000000000;0,401000000000000;tp;StdTime;15-01-75 00:00:00;176,392242062537946
BE31;5;1403,000000000000000;0,140300000000000;tp;StdTime;15-01-75 00:00:00;187,112074337426947
BE32;6;4820,000000000000000;0,482000000000000;tp;StdTime;15-01-75 00:00:00;193,426463732581027
BE10;7;209,000000000000000;0,020900000000000;tp;StdTime;15-01-75 00:00:00;178,414801419636945
BE21;8;3689,000000000000000;0,368900000000000;tp;StdTime;15-01-75 00:00:00;190,821325925153275
BE33;9;4899,000000000000000;0,489900000000000;tp;StdTime;15-01-75 00:00:00;262,017700799559350
BE34;10;5582,000000000000000;0,558200000000000;tp;StdTime;15-01-75 00:00:00;256,140357197591413
BE35;11;4637,000000000000000;0,463700000000000;tp;StdTime;15-01-75 00:00:00;212,667238397949831
BE22;1;3104,000000000000000;0,310400000000000;tp;StdTime;15-01-76 00:00:00;134,862355937662784
BE23;2;3847,000000000000000;0,384700000000000;tp;StdTime;15-01-76 00:00:00;109,938680499567411
BE24;3;2706,000000000000000;0,270600000000000;tp;StdTime;15-01-76 00:00:00;118,108489990234304
BE25;4;4010,000000000000000;0,401000000000000;tp;StdTime;15-01-76 00:00:00;119,284080031625635
BE31;5;1403,000000000000000;0,140300000000000;tp;StdTime;15-01-76 00:00:00;120,651714740951746
BE32;6;4820,000000000000000;0,482000000000000;tp;StdTime;15-01-76 00:00:00;119,010044556930382
BE10;7;209,000000000000000;0,020900000000000;tp;StdTime;15-01-76 00:00:00;113,289428601424632
BE21;8;3689,000000000000000;0,368900000000000;tp;StdTime;15-01-76 00:00:00;122,549090912039262
BE33;9;4899,000000000000000;0,489900000000000;tp;StdTime;15-01-76 00:00:00;196,164752450177133
BE34;10;5582,000000000000000;0,558200000000000;tp;StdTime;15-01-76 00:00:00;176,335353336040697
BE35;11;4637,000000000000000;0,463700000000000;tp;StdTime;15-01-76 00:00:00;142,865297552375523
BE22;1;3104,000000000000000;0,310400000000000;tp;StdTime;15-01-77 00:00:00;190,959408450372280
BE23;2;3847,000000000000000;0,384700000000000;tp;StdTime;15-01-77 00:00:00;195,084855426959734
BE24;3;2706,000000000000000;0,270600000000000;tp;StdTime;15-01-77 00:00:00;191,395154452553186
BE25;4;4010,000000000000000;0,401000000000000;tp;StdTime;15-01-77 00:00:00;201,500603825671021
BE31;5;1403,000000000000000;0,140300000000000;tp;StdTime;15-01-77 00:00:00;196,510037346729064
BE32;6;4820,000000000000000;0,482000000000000;tp;StdTime;15-01-77 00:00:00;206,492847648398993
BE10;7;209,000000000000000;0,020900000000000;tp;StdTime;15-01-77 00:00:00;189,588409569845169
BE21;8;3689,000000000000000;0,368900000000000;tp;StdTime;15-01-77 00:00:00;198,524216608226823
BE33;9;4899,000000000000000;0,489900000000000;tp;StdTime;15-01-77 00:00:00;229,024187983870888
BE34;10;5582,000000000000000;0,558200000000000;tp;StdTime;15-01-77 00:00:00;293,870831707222237
BE35;11;4637,000000000000000;0,463700000000000;tp;StdTime;15-01-77 00:00:00;230,644668243454475
BE22;1;3104,000000000000000;0,310400000000000;tp;StdTime;15-01-78 00:00:00;160,750349610122100
BE23;2;3847,000000000000000;0,384700000000000;tp;StdTime;15-01-78 00:00:00;170,659838270639227
BE24;3;2706,000000000000000;0,270600000000000;tp;StdTime;15-01-78 00:00:00;164,140187575741436
BE25;4;4010,000000000000000;0,401000000000000;tp;StdTime;15-01-78 00:00:00;180,660282193990184
BE31;5;1403,000000000000000;0,140300000000000;tp;StdTime;15-01-78 00:00:00;167,793084675468890
BE32;6;4820,000000000000000;0,482000000000000;tp;StdTime;15-01-78 00:00:00;177,763508963683790
BE10;7;209,000000000000000;0,020900000000000;tp;StdTime;15-01-78 00:00:00;165,905169035259121
BE21;8;3689,000000000000000;0,368900000000000;tp;StdTime;15-01-78 00:00:00;168,261533779062347
BE33;9;4899,000000000000000;0,489900000000000;tp;StdTime;15-01-78 00:00:00;202,730193172967972
BE34;10;5582,000000000000000;0,558200000000000;tp;StdTime;15-01-78 00:00:00;222,669233772499183
BE35;11;4637,000000000000000;0,463700000000000;tp;StdTime;15-01-78 00:00:00;184,703535697365737
BE22;1;3104,000000000000000;0,310400000000000;tp;StdTime;15-01-79 00:00:00;225,765075806490074
BE23;2;3847,000000000000000;0,384700000000000;tp;StdTime;15-01-79 00:00:00;203,886580869566728
BE24;3;2706,000000000000000;0,270600000000000;tp;StdTime;15-01-79 00:00:00;211,927022072622407
BE25;4;4010,000000000000000;0,401000000000000;tp;StdTime;15-01-79 00:00:00;207,851411970713855
BE31;5;1403,000000000000000;0,140300000000000;tp;StdTime;15-01-79 00:00:00;216,211606874690034
BE32;6;4820,000000000000000;0,482000000000000;tp;StdTime;15-01-79 00:00:00;221,347602090796130
BE10;7;209,000000000000000;0,020900000000000;tp;StdTime;15-01-79 00:00:00;207,636875499378533
BE21;8;3689,000000000000000;0,368900000000000;tp;StdTime;15-01-79 00:00:00;218,930460507192720
BE33;9;4899,000000000000000;0,489900000000000;tp;StdTime;15-01-79 00:00:00;250,053633662433157
BE34;10;5582,000000000000000;0,558200000000000;tp;StdTime;15-01-79 00:00:00;287,123208169311908
BE35;11;4637,000000000000000;0,463700000000000;tp;StdTime;15-01-79 00:00:00;240,469561374673447
BE22;1;3104,000000000000000;0,310400000000000;tp;StdTime;15-01-80 00:00:00;243,147968243077457
BE23;2;3847,000000000000000;0,384700000000000;tp;StdTime;15-01-80 00:00:00;238,988374218743530
BE24;3;2706,000000000000000;0,270600000000000;tp;StdTime;15-01-80 00:00:00;236,241068544690762
BE25;4;4010,000000000000000;0,401000000000000;tp;StdTime;15-01-80 00:00:00;237,315644920139732
BE31;5;1403,000000000000000;0,140300000000000;tp;StdTime;15-01-80 00:00:00;229,177196032305716
BE32;6;4820,000000000000000;0,482000000000000;tp;StdTime;15-01-80 00:00:00;232,790653953710660
BE10;7;209,000000000000000;0,020900000000000;tp;StdTime;15-01-80 00:00:00;231,085890482487258
BE21;8;3689,000000000000000;0,368900000000000;tp;StdTime;15-01-80 00:00:00;245,446495327079703
BE33;9;4899,000000000000000;0,489900000000000;tp;StdTime;15-01-80 00:00:00;285,593473821836767
BE34;10;5582,000000000000000;0,558200000000000;tp;StdTime;15-01-80 00:00:00;332,087255512758020
BE35;11;4637,000000000000000;0,463700000000000;tp;StdTime;15-01-80 00:00:00;250,306996223559992
BE22;1;3104,000000000000000;0,310400000000000;tp;StdTime;15-01-81 00:00:00;241,245327561172076
BE23;2;3847,000000000000000;0,384700000000000;tp;StdTime;15-01-81 00:00:00;193,502129261481940
BE24;3;2706,000000000000000;0,270600000000000;tp;StdTime;15-01-81 00:00:00;219,517641308566510
BE25;4;4010,000000000000000;0,401000000000000;tp;StdTime;15-01-81 00:00:00;183,652106999042559
BE31;5;1403,000000000000000;0,140300000000000;tp;StdTime;15-01-81 00:00:00;230,008474207230677
BE32;6;4820,000000000000000;0,482000000000000;tp;StdTime;15-01-81 00:00:00;218,589584531032330
BE10;7;209,000000000000000;0,020900000000000;tp;StdTime;15-01-81 00:00:00;217,151891534978660
BE21;8;3689,000000000000000;0,368900000000000;tp;StdTime;15-01-81 00:00:00;211,898583651816750
BE33;9;4899,000000000000000;0,489900000000000;tp;StdTime;15-01-81 00:00:00;325,895500440066371
BE34;10;5582,000000000000000;0,558200000000000;tp;StdTime;15-01-81 00:00:00;304,103660575295407
BE35;11;4637,000000000000000;0,463700000000000;tp;StdTime;15-01-81 00:00:00;260,561323513469290
BE22;1;3104,000000000000000;0,310400000000000;tp;StdTime;15-01-82 00:00:00;197,125108020821784
BE23;2;3847,000000000000000;0,384700000000000;tp;StdTime;15-01-82 00:00:00;166,688168725255451
BE24;3;2706,000000000000000;0,270600000000000;tp;StdTime;15-01-82 00:00:00;186,267931513141576
BE25;4;4010,000000000000000;0,401000000000000;tp;StdTime;15-01-82 00:00:00;168,198158834938226
BE31;5;1403,000000000000000;0,140300000000000;tp;StdTime;15-01-82 00:00:00;203,409672308206126
BE32;6;4820,000000000000000;0,482000000000000;tp;StdTime;15-01-82 00:00:00;202,011838851232795
BE10;7;209,000000000000000;0,020900000000000;tp;StdTime;15-01-82 00:00:00;184,607881390877367
BE21;8;3689,000000000000000;0,368900000000000;tp;StdTime;15-01-82 00:00:00;164,972530688654956
BE33;9;4899,000000000000000;0,489900000000000;tp;StdTime;15-01-82 00:00:00;258,235081884660474
BE34;10;5582,000000000000000;0,558200000000000;tp;StdTime;15-01-82 00:00:00;256,367578299400861
BE35;11;4637,000000000000000;0,463700000000000;tp;StdTime;15-01-82 00:00:00;232,140130282219673
BE22;1;3104,000000000000000;0,310400000000000;tp;StdTime;15-01-83 00:00:00;227,963933566182021
BE23;2;3847,000000000000000;0,384700000000000;tp;StdTime;15-01-83 00:00:00;186,012529365731723
BE24;3;2706,000000000000000;0,270600000000000;tp;StdTime;15-01-83 00:00:00;206,385919422902475
BE25;4;4010,000000000000000;0,401000000000000;tp;StdTime;15-01-83 00:00:00;183,239876478390272
BE31;5;1403,000000000000000;0,140300000000000;tp;StdTime;15-01-83 00:00:00;217,841209765085381
BE32;6;4820,000000000000000;0,482000000000000;tp;StdTime;15-01-83 00:00:00;227,893907535917123
BE10;7;209,000000000000000;0,020900000000000;tp;StdTime;15-01-83 00:00:00;200,780651475824129
BE21;8;3689,000000000000000;0,368900000000000;tp;StdTime;15-01-83 00:00:00;206,747621312377873
BE33;9;4899,000000000000000;0,489900000000000;tp;StdTime;15-01-83 00:00:00;312,685015274861200
BE34;10;5582,000000000000000;0,558200000000000;tp;StdTime;15-01-83 00:00:00;328,537086199791133
BE35;11;4637,000000000000000;0,463700000000000;tp;StdTime;15-01-83 00:00:00;264,025450218847197
BE22;1;3104,000000000000000;0,310400000000000;tp;StdTime;15-01-84 00:00:00;266,392676068335220
BE23;2;3847,000000000000000;0,384700000000000;tp;StdTime;15-01-84 00:00:00;236,401175875524018
BE24;3;2706,000000000000000;0,270600000000000;tp;StdTime;15-01-84 00:00:00;244,030824073402187
BE25;4;4010,000000000000000;0,401000000000000;tp;StdTime;15-01-84 00:00:00;230,686406001902100
BE31;5;1403,000000000000000;0,140300000000000;tp;StdTime;15-01-84 00:00:00;246,452729348191525
BE32;6;4820,000000000000000;0,482000000000000;tp;StdTime;15-01-84 00:00:00;248,229678829082758
BE10;7;209,000000000000000;0,020900000000000;tp;StdTime;15-01-84 00:00:00;237,747582905600439
BE21;8;3689,000000000000000;0,368900000000000;tp;StdTime;15-01-84 00:00:00;259,269505046577081
BE33;9;4899,000000000000000;0,489900000000000;tp;StdTime;15-01-84 00:00:00;321,988502270398101
BE34;10;5582,000000000000000;0,558200000000000;tp;StdTime;15-01-84 00:00:00;354,274598983058695
BE35;11;4637,000000000000000;0,463700000000000;tp;StdTime;15-01-84 00:00:00;284,851776290870703
BE22;1;3104,000000000000000;0,310400000000000;tp;StdTime;15-01-85 00:00:00;134,030892679371675
BE23;2;3847,000000000000000;0,384700000000000;tp;StdTime;15-01-85 00:00:00;120,341786022895405
BE24;3;2706,000000000000000;0,270600000000000;tp;StdTime;15-01-85 00:00:00;126,500062086805954
BE25;4;4010,000000000000000;0,401000000000000;tp;StdTime;15-01-85 00:00:00;128,922049321201001
BE31;5;1403,000000000000000;0,140300000000000;tp;StdTime;15-01-85 00:00:00;131,523914883668738
BE32;6;4820,000000000000000;0,482000000000000;tp;StdTime;15-01-85 00:00:00;137,881993813732038
BE10;7;209,000000000000000;0,020900000000000;tp;StdTime;15-01-85 00:00:00;122,006505865799753
BE21;8;3689,000000000000000;0,368900000000000;tp;StdTime;15-01-85 00:00:00;127,268680534249071
BE33;9;4899,000000000000000;0,489900000000000;tp;StdTime;15-01-85 00:00:00;169,650046886436968
BE34;10;5582,000000000000000;0,558200000000000;tp;StdTime;15-01-85 00:00:00;172,206883921499212
BE35;11;4637,000000000000000;0,463700000000000;tp;StdTime;15-01-85 00:00:00;155,177149022579385
BE22;1;3104,000000000000000;0,310400000000000;tp;StdTime;15-01-86 00:00:00;191,007921995575856
BE23;2;3847,000000000000000;0,384700000000000;tp;StdTime;15-01-86 00:00:00;176,779155619150742
BE24;3;2706,000000000000000;0,270600000000000;tp;StdTime;15-01-86 00:00:00;175,730251286880900
BE25;4;4010,000000000000000;0,401000000000000;tp;StdTime;15-01-86 00:00:00;180,782123849160001
BE31;5;1403,000000000000000;0,140300000000000;tp;StdTime;15-01-86 00:00:00;176,450190646769187
BE32;6;4820,000000000000000;0,482000000000000;tp;StdTime;15-01-86 00:00:00;176,154762622627345
BE10;7;209,000000000000000;0,020900000000000;tp;StdTime;15-01-86 00:00:00;171,745983872117023
BE21;8;3689,000000000000000;0,368900000000000;tp;StdTime;15-01-86 00:00:00;186,257619546014951
BE33;9;4899,000000000000000;0,489900000000000;tp;StdTime;15-01-86 00:00:00;237,801563098640258
BE34;10;5582,000000000000000;0,558200000000000;tp;StdTime;15-01-86 00:00:00;237,682693842277246
BE35;11;4637,000000000000000;0,463700000000000;tp;StdTime;15-01-86 00:00:00;198,436234896003725
BE22;1;3104,000000000000000;0,310400000000000;tp;StdTime;15-01-87 00:00:00;218,588681127607146
BE23;2;3847,000000000000000;0,384700000000000;tp;StdTime;15-01-87 00:00:00;160,502025428734385
BE24;3;2706,000000000000000;0,270600000000000;tp;StdTime;15-01-87 00:00:00;187,995790175658584
BE25;4;4010,000000000000000;0,401000000000000;tp;StdTime;15-01-87 00:00:00;154,595970667508510
BE31;5;1403,000000000000000;0,140300000000000;tp;StdTime;15-01-87 00:00:00;197,229498386722696
BE32;6;4820,000000000000000;0,482000000000000;tp;StdTime;15-01-87 00:00:00;189,649355376310808
BE10;7;209,000000000000000;0,020900000000000;tp;StdTime;15-01-87 00:00:00;181,405425076279357
BE21;8;3689,000000000000000;0,368900000000000;tp;StdTime;15-01-87 00:00:00;186,646401951066508
BE33;9;4899,000000000000000;0,489900000000000;tp;StdTime;15-01-87 00:00:00;282,152811689312102
BE34;10;5582,000000000000000;0,558200000000000;tp;StdTime;15-01-87 00:00:00;259,446978482582495
BE35;11;4637,000000000000000;0,463700000000000;tp;StdTime;15-01-87 00:00:00;230,905176613128589
BE22;1;3104,000000000000000;0,310400000000000;tp;StdTime;15-01-88 00:00:00;229,365803969275248
BE23;2;3847,000000000000000;0,384700000000000;tp;StdTime;15-01-88 00:00:00;230,861486682341933
BE24;3;2706,000000000000000;0,270600000000000;tp;StdTime;15-01-88 00:00:00;232,353054771226113
BE25;4;4010,000000000000000;0,401000000000000;tp;StdTime;15-01-88 00:00:00;240,908762209314034
BE31;5;1403,000000000000000;0,140300000000000;tp;StdTime;15-01-88 00:00:00;236,078248418915706
BE32;6;4820,000000000000000;0,482000000000000;tp;StdTime;15-01-88 00:00:00;248,412335366530101
BE10;7;209,000000000000000;0,020900000000000;tp;StdTime;15-01-88 00:00:00;232,969830015629725
BE21;8;3689,000000000000000;0,368900000000000;tp;StdTime;15-01-88 00:00:00;246,948248429168018
BE33;9;4899,000000000000000;0,489900000000000;tp;StdTime;15-01-88 00:00:00;285,844320085054562
BE34;10;5582,000000000000000;0,558200000000000;tp;StdTime;15-01-88 00:00:00;325,103709555406226
BE35;11;4637,000000000000000;0,463700000000000;tp;StdTime;15-01-88 00:00:00;262,390346751687161
BE22;1;3104,000000000000000;0,310400000000000;tp;StdTime;15-01-89 00:00:00;176,167612061058037
BE23;2;3847,000000000000000;0,384700000000000;tp;StdTime;15-01-89 00:00:00;142,367447486443012
BE24;3;2706,000000000000000;0,270600000000000;tp;StdTime;15-01-89 00:00:00;155,664758787979906
BE25;4;4010,000000000000000;0,401000000000000;tp;StdTime;15-01-89 00:00:00;144,323272031560805
BE31;5;1403,000000000000000;0,140300000000000;tp;StdTime;15-01-89 00:00:00;160,641861320816474
BE32;6;4820,000000000000000;0,482000000000000;tp;StdTime;15-01-89 00:00:00;154,961486528325594
BE10;7;209,000000000000000;0,020900000000000;tp;StdTime;15-01-89 00:00:00;148,579940430855601
BE21;8;3689,000000000000000;0,368900000000000;tp;StdTime;15-01-89 00:00:00;154,729847722662214
BE33;9;4899,000000000000000;0,489900000000000;tp;StdTime;15-01-89 00:00:00;235,045500824417729
BE34;10;5582,000000000000000;0,558200000000000;tp;StdTime;15-01-89 00:00:00;211,701298953213040
BE35;11;4637,000000000000000;0,463700000000000;tp;StdTime;15-01-89 00:00:00;181,951909591546411
BE22;1;3104,000000000000000;0,310400000000000;tp;StdTime;15-01-90 00:00:00;266,538054249950676
BE23;2;3847,000000000000000;0,384700000000000;tp;StdTime;15-01-90 00:00:00;260,834889264425215
BE24;3;2706,000000000000000;0,270600000000000;tp;StdTime;15-01-90 00:00:00;263,199116133797759
BE25;4;4010,000000000000000;0,401000000000000;tp;StdTime;15-01-90 00:00:00;250,811787882588192
BE31;5;1403,000000000000000;0,140300000000000;tp;StdTime;15-01-90 00:00:00;265,364607840202837
BE32;6;4820,000000000000000;0,482000000000000;tp;StdTime;15-01-90 00:00:00;281,786676395780603
BE10;7;209,000000000000000;0,020900000000000;tp;StdTime;15-01-90 00:00:00;261,926642166940780
BE21;8;3689,000000000000000;0,368900000000000;tp;StdTime;15-01-90 00:00:00;264,895627396899386
BE33;9;4899,000000000000000;0,489900000000000;tp;StdTime;15-01-90 00:00:00;303,865966099188825
BE34;10;5582,000000000000000;0,558200000000000;tp;StdTime;15-01-90 00:00:00;349,981315631927885
BE35;11;4637,000000000000000;0,463700000000000;tp;StdTime;15-01-90 00:00:00;293,202730239298944
BE22;1;3104,000000000000000;0,310400000000000;tp;StdTime;15-01-91 00:00:00;203,434021841619568
BE23;2;3847,000000000000000;0,384700000000000;tp;StdTime;15-01-91 00:00:00;181,583587364869061
BE24;3;2706,000000000000000;0,270600000000000;tp;StdTime;15-01-91 00:00:00;194,703840324813683
BE25;4;4010,000000000000000;0,401000000000000;tp;StdTime;15-01-91 00:00:00;180,899643001413693
BE31;5;1403,000000000000000;0,140300000000000;tp;StdTime;15-01-91 00:00:00;201,434405130398886
BE32;6;4820,000000000000000;0,482000000000000;tp;StdTime;15-01-91 00:00:00;211,064394305850129
BE10;7;209,000000000000000;0,020900000000000;tp;StdTime;15-01-91 00:00:00;194,830653724487917
BE21;8;3689,000000000000000;0,368900000000000;tp;StdTime;15-01-91 00:00:00;183,141870351301577
BE33;9;4899,000000000000000;0,489900000000000;tp;StdTime;15-01-91 00:00:00;241,207776554167964
BE34;10;5582,000000000000000;0,558200000000000;tp;StdTime;15-01-91 00:00:00;269,727328511985149
BE35;11;4637,000000000000000;0,463700000000000;tp;StdTime;15-01-91 00:00:00;225,553825952638022
BE22;1;3104,000000000000000;0,310400000000000;tp;StdTime;15-01-92 00:00:00;144,087827721821753
BE23;2;3847,000000000000000;0,384700000000000;tp;StdTime;15-01-92 00:00:00;112,838311911558932
BE24;3;2706,000000000000000;0,270600000000000;tp;StdTime;15-01-92 00:00:00;127,087526678069864
BE25;4;4010,000000000000000;0,401000000000000;tp;StdTime;15-01-92 00:00:00;105,969435652354704
BE31;5;1403,000000000000000;0,140300000000000;tp;StdTime;15-01-92 00:00:00;129,580872985013485
BE32;6;4820,000000000000000;0,482000000000000;tp;StdTime;15-01-92 00:00:00;127,191073440615085
BE10;7;209,000000000000000;0,020900000000000;tp;StdTime;15-01-92 00:00:00;122,282092774313611
BE21;8;3689,000000000000000;0,368900000000000;tp;StdTime;15-01-92 00:00:00;124,166023438459447
BE33;9;4899,000000000000000;0,489900000000000;tp;StdTime;15-01-92 00:00:00;205,425294124293998
BE34;10;5582,000000000000000;0,558200000000000;tp;StdTime;15-01-92 00:00:00;181,838771173579289
BE35;11;4637,000000000000000;0,463700000000000;tp;StdTime;15-01-92 00:00:00;146,964017366627786
BE22;1;3104,000000000000000;0,310400000000000;tp;StdTime;15-01-93 00:00:00;196,394117434000066
BE23;2;3847,000000000000000;0,384700000000000;tp;StdTime;15-01-93 00:00:00;160,486371362863252
BE24;3;2706,000000000000000;0,270600000000000;tp;StdTime;15-01-93 00:00:00;174,061242074677438
BE25;4;4010,000000000000000;0,401000000000000;tp;StdTime;15-01-93 00:00:00;158,003181408051830
BE31;5;1403,000000000000000;0,140300000000000;tp;StdTime;15-01-93 00:00:00;169,611140288545272
BE32;6;4820,000000000000000;0,482000000000000;tp;StdTime;15-01-93 00:00:00;172,235163211426340
BE10;7;209,000000000000000;0,020900000000000;tp;StdTime;15-01-93 00:00:00;167,193519628789460
BE21;8;3689,000000000000000;0,368900000000000;tp;StdTime;15-01-93 00:00:00;180,320037709435439
BE33;9;4899,000000000000000;0,489900000000000;tp;StdTime;15-01-93 00:00:00;226,932904622096743
BE34;10;5582,000000000000000;0,558200000000000;tp;StdTime;15-01-93 00:00:00;225,530901647476895
BE35;11;4637,000000000000000;0,463700000000000;tp;StdTime;15-01-93 00:00:00;193,398795405311972
BE22;1;3104,000000000000000;0,310400000000000;tp;StdTime;15-01-94 00:00:00;329,627207942844905
BE23;2;3847,000000000000000;0,384700000000000;tp;StdTime;15-01-94 00:00:00;287,043728016555008
BE24;3;2706,000000000000000;0,270600000000000;tp;StdTime;15-01-94 00:00:00;306,211547874117855
BE25;4;4010,000000000000000;0,401000000000000;tp;StdTime;15-01-94 00:00:00;288,466359933297156
BE31;5;1403,000000000000000;0,140300000000000;tp;StdTime;15-01-94 00:00:00;316,668785677072094
BE32;6;4820,000000000000000;0,482000000000000;tp;StdTime;15-01-94 00:00:00;336,520019037396082
BE10;7;209,000000000000000;0,020900000000000;tp;StdTime;15-01-94 00:00:00;300,850599371075134
BE21;8;3689,000000000000000;0,368900000000000;tp;StdTime;15-01-94 00:00:00;302,392639648238173
BE33;9;4899,000000000000000;0,489900000000000;tp;StdTime;15-01-94 00:00:00;409,862979419379087
BE34;10;5582,000000000000000;0,558200000000000;tp;StdTime;15-01-94 00:00:00;436,112640550340188
BE35;11;4637,000000000000000;0,463700000000000;tp;StdTime;15-01-94 00:00:00;366,226561618103176
BE22;1;3104,000000000000000;0,310400000000000;tp;StdTime;15-01-95 00:00:00;341,249886542251090
BE23;2;3847,000000000000000;0,384700000000000;tp;StdTime;15-01-95 00:00:00;320,460688591746930
BE24;3;2706,000000000000000;0,270600000000000;tp;StdTime;15-01-95 00:00:00;315,170564965856386
BE25;4;4010,000000000000000;0,401000000000000;tp;StdTime;15-01-95 00:00:00;329,382884790890785
BE31;5;1403,000000000000000;0,140300000000000;tp;StdTime;15-01-95 00:00:00;322,076690478062801
BE32;6;4820,000000000000000;0,482000000000000;tp;StdTime;15-01-95 00:00:00;355,755785151438602
BE10;7;209,000000000000000;0,020900000000000;tp;StdTime;15-01-95 00:00:00;309,030428069630091
BE21;8;3689,000000000000000;0,368900000000000;tp;StdTime;15-01-95 00:00:00;330,414746651322787
BE33;9;4899,000000000000000;0,489900000000000;tp;StdTime;15-01-95 00:00:00;430,108159573133776
BE34;10;5582,000000000000000;0,558200000000000;tp;StdTime;15-01-95 00:00:00;498,120180469651018
BE35;11;4637,000000000000000;0,463700000000000;tp;StdTime;15-01-95 00:00:00;400,009307255846693
BE22;1;3104,000000000000000;0,310400000000000;tp;StdTime;15-01-96 00:00:00;139,203661370523236
BE23;2;3847,000000000000000;0,384700000000000;tp;StdTime;15-01-96 00:00:00;156,462379552743215
BE24;3;2706,000000000000000;0,270600000000000;tp;StdTime;15-01-96 00:00:00;158,304210242745796
BE25;4;4010,000000000000000;0,401000000000000;tp;StdTime;15-01-96 00:00:00;160,243338948770401
BE31;5;1403,000000000000000;0,140300000000000;tp;StdTime;15-01-96 00:00:00;173,525982498527725
BE32;6;4820,000000000000000;0,482000000000000;tp;StdTime;15-01-96 00:00:00;190,887250610604781
BE10;7;209,000000000000000;0,020900000000000;tp;StdTime;15-01-96 00:00:00;167,047251505144430
BE21;8;3689,000000000000000;0,368900000000000;tp;StdTime;15-01-96 00:00:00;140,154936468093382
BE33;9;4899,000000000000000;0,489900000000000;tp;StdTime;15-01-96 00:00:00;174,456279196333668
BE34;10;5582,000000000000000;0,558200000000000;tp;StdTime;15-01-96 00:00:00;198,967046542903972
BE35;11;4637,000000000000000;0,463700000000000;tp;StdTime;15-01-96 00:00:00;194,484848644395555
BE22;1;3104,000000000000000;0,310400000000000;tp;StdTime;15-01-97 00:00:00;158,934374302932753
BE23;2;3847,000000000000000;0,384700000000000;tp;StdTime;15-01-97 00:00:00;126,298359826536498
BE24;3;2706,000000000000000;0,270600000000000;tp;StdTime;15-01-97 00:00:00;149,447189161888474
BE25;4;4010,000000000000000;0,401000000000000;tp;StdTime;15-01-97 00:00:00;115,617048675461007
BE31;5;1403,000000000000000;0,140300000000000;tp;StdTime;15-01-97 00:00:00;157,212827305919262
BE32;6;4820,000000000000000;0,482000000000000;tp;StdTime;15-01-97 00:00:00;160,105249629673693
BE10;7;209,000000000000000;0,020900000000000;tp;StdTime;15-01-97 00:00:00;146,816877228221244
BE21;8;3689,000000000000000;0,368900000000000;tp;StdTime;15-01-97 00:00:00;148,490795463299321
BE33;9;4899,000000000000000;0,489900000000000;tp;StdTime;15-01-97 00:00:00;187,683603150086668
BE34;10;5582,000000000000000;0,558200000000000;tp;StdTime;15-01-97 00:00:00;229,780405960985092
BE35;11;4637,000000000000000;0,463700000000000;tp;StdTime;15-01-97 00:00:00;187,272325668351272
BE22;1;3104,000000000000000;0,310400000000000;tp;StdTime;15-01-98 00:00:00;163,206809623954342
BE23;2;3847,000000000000000;0,384700000000000;tp;StdTime;15-01-98 00:00:00;152,898075675914498
BE24;3;2706,000000000000000;0,270600000000000;tp;StdTime;15-01-98 00:00:00;149,892456545269454
BE25;4;4010,000000000000000;0,401000000000000;tp;StdTime;15-01-98 00:00:00;163,467099341490325
BE31;5;1403,000000000000000;0,140300000000000;tp;StdTime;15-01-98 00:00:00;148,544489375880659
BE32;6;4820,000000000000000;0,482000000000000;tp;StdTime;15-01-98 00:00:00;151,678949212039186
BE10;7;209,000000000000000;0,020900000000000;tp;StdTime;15-01-98 00:00:00;145,844374369206037
BE21;8;3689,000000000000000;0,368900000000000;tp;StdTime;15-01-98 00:00:00;157,885794610892162
BE33;9;4899,000000000000000;0,489900000000000;tp;StdTime;15-01-98 00:00:00;203,475466305976710
BE34;10;5582,000000000000000;0,558200000000000;tp;StdTime;15-01-98 00:00:00;221,800069852013735
BE35;11;4637,000000000000000;0,463700000000000;tp;StdTime;15-01-98 00:00:00;174,780724192066742
BE22;1;3104,000000000000000;0,310400000000000;tp;StdTime;15-01-99 00:00:00;236,210704066089846
BE23;2;3847,000000000000000;0,384700000000000;tp;StdTime;15-01-99 00:00:00;222,232670870513942
BE24;3;2706,000000000000000;0,270600000000000;tp;StdTime;15-01-99 00:00:00;229,145968717023749
BE25;4;4010,000000000000000;0,401000000000000;tp;StdTime;15-01-99 00:00:00;223,336730595538853
BE31;5;1403,000000000000000;0,140300000000000;tp;StdTime;15-01-99 00:00:00;239,910483166564916
BE32;6;4820,000000000000000;0,482000000000000;tp;StdTime;15-01-99 00:00:00;242,352923796087680
BE10;7;209,000000000000000;0,020900000000000;tp;StdTime;15-01-99 00:00:00;230,280300158633054
BE21;8;3689,000000000000000;0,368900000000000;tp;StdTime;15-01-99 00:00:00;221,494767190836200
BE33;9;4899,000000000000000;0,489900000000000;tp;StdTime;15-01-99 00:00:00;311,471694292208156
BE34;10;5582,000000000000000;0,558200000000000;tp;StdTime;15-01-99 00:00:00;300,736380317057126
BE35;11;4637,000000000000000;0,463700000000000;tp;StdTime;15-01-99 00:00:00;275,064516164168538
BE22;1;3104,000000000000000;0,310400000000000;tp;StdTime;15-01-00 00:00:00;287,226912783593377
BE23;2;3847,000000000000000;0,384700000000000;tp;StdTime;15-01-00 00:00:00;255,896491665266552
BE24;3;2706,000000000000000;0,270600000000000;tp;StdTime;15-01-00 00:00:00;262,006747288784766
BE25;4;4010,000000000000000;0,401000000000000;tp;StdTime;15-01-00 00:00:00;262,500938872149504
BE31;5;1403,000000000000000;0,140300000000000;tp;StdTime;15-01-00 00:00:00;253,606007092693716
BE32;6;4820,000000000000000;0,482000000000000;tp;StdTime;15-01-00 00:00:00;263,890630441879296
BE10;7;209,000000000000000;0,020900000000000;tp;StdTime;15-01-00 00:00:00;251,031379590194149
BE21;8;3689,000000000000000;0,368900000000000;tp;StdTime;15-01-00 00:00:00;284,113151155276682
BE33;9;4899,000000000000000;0,489900000000000;tp;StdTime;15-01-00 00:00:00;345,929299797809620
BE34;10;5582,000000000000000;0,558200000000000;tp;StdTime;15-01-00 00:00:00;362,834778078052295
BE35;11;4637,000000000000000;0,463700000000000;tp;StdTime;15-01-00 00:00:00;295,104591414052493
BE22;1;3104,000000000000000;0,310400000000000;tp;StdTime;15-01-01 00:00:00;248,431344120772593
BE23;2;3847,000000000000000;0,384700000000000;tp;StdTime;15-01-01 00:00:00;253,339600910358030
BE24;3;2706,000000000000000;0,270600000000000;tp;StdTime;15-01-01 00:00:00;250,794573347566711
BE25;4;4010,000000000000000;0,401000000000000;tp;StdTime;15-01-01 00:00:00;261,099488381555091
BE31;5;1403,000000000000000;0,140300000000000;tp;StdTime;15-01-01 00:00:00;259,168006108474799
BE32;6;4820,000000000000000;0,482000000000000;tp;StdTime;15-01-01 00:00:00;268,744685905108440
BE10;7;209,000000000000000;0,020900000000000;tp;StdTime;15-01-01 00:00:00;250,034586710222555
BE21;8;3689,000000000000000;0,368900000000000;tp;StdTime;15-01-01 00:00:00;247,441414286819196
BE33;9;4899,000000000000000;0,489900000000000;tp;StdTime;15-01-01 00:00:00;287,311908697786180
BE34;10;5582,000000000000000;0,558200000000000;tp;StdTime;15-01-01 00:00:00;315,893489038076950
BE35;11;4637,000000000000000;0,463700000000000;tp;StdTime;15-01-01 00:00:00;284,129782072243472
BE22;1;3104,000000000000000;0,310400000000000;tp;StdTime;15-01-02 00:00:00;288,325686140158552
BE23;2;3847,000000000000000;0,384700000000000;tp;StdTime;15-01-02 00:00:00;242,880690175773680
BE24;3;2706,000000000000000;0,270600000000000;tp;StdTime;15-01-02 00:00:00;267,888580801569503
BE25;4;4010,000000000000000;0,401000000000000;tp;StdTime;15-01-02 00:00:00;216,099175595404887
BE31;5;1403,000000000000000;0,140300000000000;tp;StdTime;15-01-02 00:00:00;277,870004013616779
BE32;6;4820,000000000000000;0,482000000000000;tp;StdTime;15-01-02 00:00:00;280,354560842553838
BE10;7;209,000000000000000;0,020900000000000;tp;StdTime;15-01-02 00:00:00;263,464861856122980
BE21;8;3689,000000000000000;0,368900000000000;tp;StdTime;15-01-02 00:00:00;271,127766808509250
BE33;9;4899,000000000000000;0,489900000000000;tp;StdTime;15-01-02 00:00:00;371,027936005304468
BE34;10;5582,000000000000000;0,558200000000000;tp;StdTime;15-01-02 00:00:00;357,901864462195988
BE35;11;4637,000000000000000;0,463700000000000;tp;StdTime;15-01-02 00:00:00;305,064211360231639
BE22;1;3104,000000000000000;0,310400000000000;tp;StdTime;15-01-03 00:00:00;211,083000718932908
BE23;2;3847,000000000000000;0,384700000000000;tp;StdTime;15-01-03 00:00:00;212,728576767249166
BE24;3;2706,000000000000000;0,270600000000000;tp;StdTime;15-01-03 00:00:00;209,698479944921388
BE25;4;4010,000000000000000;0,401000000000000;tp;StdTime;15-01-03 00:00:00;218,877144548601592
BE31;5;1403,000000000000000;0,140300000000000;tp;StdTime;15-01-03 00:00:00;204,442631368711943
BE32;6;4820,000000000000000;0,482000000000000;tp;StdTime;15-01-03 00:00:00;214,896956419251921
BE10;7;209,000000000000000;0,020900000000000;tp;StdTime;15-01-03 00:00:00;207,373625540847428
BE21;8;3689,000000000000000;0,368900000000000;tp;StdTime;15-01-03 00:00:00;214,431912284389881
BE33;9;4899,000000000000000;0,489900000000000;tp;StdTime;15-01-03 00:00:00;236,895457532313259
BE34;10;5582,000000000000000;0,558200000000000;tp;StdTime;15-01-03 00:00:00;247,133910282672161
BE35;11;4637,000000000000000;0,463700000000000;tp;StdTime;15-01-03 00:00:00;214,511474599503003
BE22;1;3104,000000000000000;0,310400000000000;tp;StdTime;15-01-04 00:00:00;257,176337404349511
BE23;2;3847,000000000000000;0,384700000000000;tp;StdTime;15-01-04 00:00:00;235,525725560774475
BE24;3;2706,000000000000000;0,270600000000000;tp;StdTime;15-01-04 00:00:00;249,369785210157801
BE25;4;4010,000000000000000;0,401000000000000;tp;StdTime;15-01-04 00:00:00;242,981492873498667
BE31;5;1403,000000000000000;0,140300000000000;tp;StdTime;15-01-04 00:00:00;255,925213259794219
BE32;6;4820,000000000000000;0,482000000000000;tp;StdTime;15-01-04 00:00:00;248,156993913452879
BE10;7;209,000000000000000;0,020900000000000;tp;StdTime;15-01-04 00:00:00;246,530499252976341
BE21;8;3689,000000000000000;0,368900000000000;tp;StdTime;15-01-04 00:00:00;254,989855192644143
BE33;9;4899,000000000000000;0,489900000000000;tp;StdTime;15-01-04 00:00:00;298,594052360116052
BE34;10;5582,000000000000000;0,558200000000000;tp;StdTime;15-01-04 00:00:00;289,003435102768435
BE35;11;4637,000000000000000;0,463700000000000;tp;StdTime;15-01-04 00:00:00;270,493714280546612
BE22;1;3104,000000000000000;0,310400000000000;tp;StdTime;15-01-05 00:00:00;190,675297407760013
BE23;2;3847,000000000000000;0,384700000000000;tp;StdTime;15-01-05 00:00:00;153,338401582230574
BE24;3;2706,000000000000000;0,270600000000000;tp;StdTime;15-01-05 00:00:00;163,975399223152806
BE25;4;4010,000000000000000;0,401000000000000;tp;StdTime;15-01-05 00:00:00;163,051388359545314
BE31;5;1403,000000000000000;0,140300000000000;tp;StdTime;15-01-05 00:00:00;169,301959102355937
BE32;6;4820,000000000000000;0,482000000000000;tp;StdTime;15-01-05 00:00:00;167,846723029425846
BE10;7;209,000000000000000;0,020900000000000;tp;StdTime;15-01-05 00:00:00;160,339598441238053
BE21;8;3689,000000000000000;0,368900000000000;tp;StdTime;15-01-05 00:00:00;175,546983933441851
BE33;9;4899,000000000000000;0,489900000000000;tp;StdTime;15-01-05 00:00:00;247,982270336754596
BE34;10;5582,000000000000000;0,558200000000000;tp;StdTime;15-01-05 00:00:00;223,273883618662552
BE35;11;4637,000000000000000;0,463700000000000;tp;StdTime;15-01-05 00:00:00;192,540265795535362
BE22;1;3104,000000000000000;0,310400000000000;tp;StdTime;15-01-06 00:00:00;147,269714099844748
BE23;2;3847,000000000000000;0,384700000000000;tp;StdTime;15-01-06 00:00:00;134,719336309152851
BE24;3;2706,000000000000000;0,270600000000000;tp;StdTime;15-01-06 00:00:00;137,015540134968546
BE25;4;4010,000000000000000;0,401000000000000;tp;StdTime;15-01-06 00:00:00;140,661143815190684
BE31;5;1403,000000000000000;0,140300000000000;tp;StdTime;15-01-06 00:00:00;144,457533441436226
BE32;6;4820,000000000000000;0,482000000000000;tp;StdTime;15-01-06 00:00:00;149,667409977576256
BE10;7;209,000000000000000;0,020900000000000;tp;StdTime;15-01-06 00:00:00;136,612690464731514
BE21;8;3689,000000000000000;0,368900000000000;tp;StdTime;15-01-06 00:00:00;132,705478725086721
BE33;9;4899,000000000000000;0,489900000000000;tp;StdTime;15-01-06 00:00:00;191,192482410438060
BE34;10;5582,000000000000000;0,558200000000000;tp;StdTime;15-01-06 00:00:00;194,886699161235811
BE35;11;4637,000000000000000;0,463700000000000;tp;StdTime;15-01-06 00:00:00;166,367921860073494
BE22;1;3104,000000000000000;0,310400000000000;tp;StdTime;15-01-07 00:00:00;254,206279356455155
BE23;2;3847,000000000000000;0,384700000000000;tp;StdTime;15-01-07 00:00:00;237,032195366665462
BE24;3;2706,000000000000000;0,270600000000000;tp;StdTime;15-01-07 00:00:00;240,183299682797553
BE25;4;4010,000000000000000;0,401000000000000;tp;StdTime;15-01-07 00:00:00;246,057967595507137
BE31;5;1403,000000000000000;0,140300000000000;tp;StdTime;15-01-07 00:00:00;245,963694729468443
BE32;6;4820,000000000000000;0,482000000000000;tp;StdTime;15-01-07 00:00:00;254,876970042628386
BE10;7;209,000000000000000;0,020900000000000;tp;StdTime;15-01-07 00:00:00;235,840732337185045
BE21;8;3689,000000000000000;0,368900000000000;tp;StdTime;15-01-07 00:00:00;254,479434846054687
BE33;9;4899,000000000000000;0,489900000000000;tp;StdTime;15-01-07 00:00:00;303,864165982561019
BE34;10;5582,000000000000000;0,558200000000000;tp;StdTime;15-01-07 00:00:00;334,976227451762895
BE35;11;4637,000000000000000;0,463700000000000;tp;StdTime;15-01-07 00:00:00;284,227329723891842
BE22;1;3104,000000000000000;0,310400000000000;tp;StdTime;15-01-08 00:00:00;188,306290346322413
BE23;2;3847,000000000000000;0,384700000000000;tp;StdTime;15-01-08 00:00:00;166,899396523023597
BE24;3;2706,000000000000000;0,270600000000000;tp;StdTime;15-01-08 00:00:00;173,608066877434197
BE25;4;4010,000000000000000;0,401000000000000;tp;StdTime;15-01-08 00:00:00;165,102697601698935
BE31;5;1403,000000000000000;0,140300000000000;tp;StdTime;15-01-08 00:00:00;180,240081101931935
BE32;6;4820,000000000000000;0,482000000000000;tp;StdTime;15-01-08 00:00:00;192,967839718260393
BE10;7;209,000000000000000;0,020900000000000;tp;StdTime;15-01-08 00:00:00;169,065388729697759
BE21;8;3689,000000000000000;0,368900000000000;tp;StdTime;15-01-08 00:00:00;183,275101659355954
BE33;9;4899,000000000000000;0,489900000000000;tp;StdTime;15-01-08 00:00:00;240,938476659054658
BE34;10;5582,000000000000000;0,558200000000000;tp;StdTime;15-01-08 00:00:00;286,947345795148124
BE35;11;4637,000000000000000;0,463700000000000;tp;StdTime;15-01-08 00:00:00;223,792898724761869
BE22;1;3104,000000000000000;0,310400000000000;tp;StdTime;15-01-09 00:00:00;166,758709882952644
BE23;2;3847,000000000000000;0,384700000000000;tp;StdTime;15-01-09 00:00:00;138,118031191646054
BE24;3;2706,000000000000000;0,270600000000000;tp;StdTime;15-01-09 00:00:00;153,494596274094647
BE25;4;4010,000000000000000;0,401000000000000;tp;StdTime;15-01-09 00:00:00;149,714424517624536
BE31;5;1403,000000000000000;0,140300000000000;tp;StdTime;15-01-09 00:00:00;163,922130614625246
BE32;6;4820,000000000000000;0,482000000000000;tp;StdTime;15-01-09 00:00:00;168,321583443163235
BE10;7;209,000000000000000;0,020900000000000;tp;StdTime;15-01-09 00:00:00;151,447827644895568
BE21;8;3689,000000000000000;0,368900000000000;tp;StdTime;15-01-09 00:00:00;146,636842499648196
BE33;9;4899,000000000000000;0,489900000000000;tp;StdTime;15-01-09 00:00:00;214,089333799961111
BE34;10;5582,000000000000000;0,558200000000000;tp;StdTime;15-01-09 00:00:00;207,182007161232747
BE35;11;4637,000000000000000;0,463700000000000;tp;StdTime;15-01-09 00:00:00;190,242501234787028
BE22;1;3104,000000000000000;0,310400000000000;tp;StdTime;15-01-10 00:00:00;236,446718791096430
BE23;2;3847,000000000000000;0,384700000000000;tp;StdTime;15-01-10 00:00:00;231,930709791269749
BE24;3;2706,000000000000000;0,270600000000000;tp;StdTime;15-01-10 00:00:00;238,133173404758651
BE25;4;4010,000000000000000;0,401000000000000;tp;StdTime;15-01-10 00:00:00;235,938060785231784
BE31;5;1403,000000000000000;0,140300000000000;tp;StdTime;15-01-10 00:00:00;246,834201902469999
BE32;6;4820,000000000000000;0,482000000000000;tp;StdTime;15-01-10 00:00:00;248,823946219163332
BE10;7;209,000000000000000;0,020900000000000;tp;StdTime;15-01-10 00:00:00;242,417490397914094
BE21;8;3689,000000000000000;0,368900000000000;tp;StdTime;15-01-10 00:00:00;231,193934526699508
BE33;9;4899,000000000000000;0,489900000000000;tp;StdTime;15-01-10 00:00:00;267,429192406957668
BE34;10;5582,000000000000000;0,558200000000000;tp;StdTime;15-01-10 00:00:00;274,554389682988926
BE35;11;4637,000000000000000;0,463700000000000;tp;StdTime;15-01-10 00:00:00;249,886267475509015
BE22;1;3104,000000000000000;0,310400000000000;tp;StdTime;15-01-11 00:00:00;215,375094108974963
BE23;2;3847,000000000000000;0,384700000000000;tp;StdTime;15-01-11 00:00:00;175,275360194682719
BE24;3;2706,000000000000000;0,270600000000000;tp;StdTime;15-01-11 00:00:00;197,186068160571011
BE25;4;4010,000000000000000;0,401000000000000;tp;StdTime;15-01-11 00:00:00;174,043743500745450
BE31;5;1403,000000000000000;0,140300000000000;tp;StdTime;15-01-11 00:00:00;204,510013767930332
BE32;6;4820,000000000000000;0,482000000000000;tp;StdTime;15-01-11 00:00:00;202,849157160841230
BE10;7;209,000000000000000;0,020900000000000;tp;StdTime;15-01-11 00:00:00;192,467571276797116
BE21;8;3689,000000000000000;0,368900000000000;tp;StdTime;15-01-11 00:00:00;192,487495395477140
BE33;9;4899,000000000000000;0,489900000000000;tp;StdTime;15-01-11 00:00:00;281,527162980536218
BE34;10;5582,000000000000000;0,558200000000000;tp;StdTime;15-01-11 00:00:00;268,280949741912195
BE35;11;4637,000000000000000;0,463700000000000;tp;StdTime;15-01-11 00:00:00;242,559802498157950
BE22;1;3104,000000000000000;0,310400000000000;tp;StdTime;15-01-12 00:00:00;266,273770307757047
BE23;2;3847,000000000000000;0,384700000000000;tp;StdTime;15-01-12 00:00:00;222,618935208460812
BE24;3;2706,000000000000000;0,270600000000000;tp;StdTime;15-01-12 00:00:00;246,189101304465169
BE25;4;4010,000000000000000;0,401000000000000;tp;StdTime;15-01-12 00:00:00;223,942968205858818
BE31;5;1403,000000000000000;0,140300000000000;tp;StdTime;15-01-12 00:00:00;262,456527927477566
BE32;6;4820,000000000000000;0,482000000000000;tp;StdTime;15-01-12 00:00:00;259,214686679444469
BE10;7;209,000000000000000;0,020900000000000;tp;StdTime;15-01-12 00:00:00;240,814958928304407
BE21;8;3689,000000000000000;0,368900000000000;tp;StdTime;15-01-12 00:00:00;236,664283427742134
BE33;9;4899,000000000000000;0,489900000000000;tp;StdTime;15-01-12 00:00:00;367,237231779204421
BE34;10;5582,000000000000000;0,558200000000000;tp;StdTime;15-01-12 00:00:00;376,804237915170290
BE35;11;4637,000000000000000;0,463700000000000;tp;StdTime;15-01-12 00:00:00;311,790444234848451
BE22;1;3104,000000000000000;0,310400000000000;tp;StdTime;15-01-13 00:00:00;239,229932873519232
BE23;2;3847,000000000000000;0,384700000000000;tp;StdTime;15-01-13 00:00:00;235,938602432635463
BE24;3;2706,000000000000000;0,270600000000000;tp;StdTime;15-01-13 00:00:00;229,371657219976356
BE25;4;4010,000000000000000;0,401000000000000;tp;StdTime;15-01-13 00:00:00;231,621423358869549
BE31;5;1403,000000000000000;0,140300000000000;tp;StdTime;15-01-13 00:00:00;225,969676327042691
BE32;6;4820,000000000000000;0,482000000000000;tp;StdTime;15-01-13 00:00:00;227,223787293493643
BE10;7;209,000000000000000;0,020900000000000;tp;StdTime;15-01-13 00:00:00;228,227339092053825
BE21;8;3689,000000000000000;0,368900000000000;tp;StdTime;15-01-13 00:00:00;240,904567831220135
BE33;9;4899,000000000000000;0,489900000000000;tp;StdTime;15-01-13 00:00:00;280,649781556683592
BE34;10;5582,000000000000000;0,558200000000000;tp;StdTime;15-01-13 00:00:00;275,753081056218662
BE35;11;4637,000000000000000;0,463700000000000;tp;StdTime;15-01-13 00:00:00;238,265346047486020
BE22;1;3104,000000000000000;0,310400000000000;tp;StdTime;15-01-14 00:00:00;199,408388177144360
BE23;2;3847,000000000000000;0,384700000000000;tp;StdTime;15-01-14 00:00:00;224,477526453274407
BE24;3;2706,000000000000000;0,270600000000000;tp;StdTime;15-01-14 00:00:00;219,472732402973378
BE25;4;4010,000000000000000;0,401000000000000;tp;StdTime;15-01-14 00:00:00;241,673172252017594
BE31;5;1403,000000000000000;0,140300000000000;tp;StdTime;15-01-14 00:00:00;223,921209083823697
BE32;6;4820,000000000000000;0,482000000000000;tp;StdTime;15-01-14 00:00:00;243,776577369405146
BE10;7;209,000000000000000;0,020900000000000;tp;StdTime;15-01-14 00:00:00;223,093568938770915
BE21;8;3689,000000000000000;0,368900000000000;tp;StdTime;15-01-14 00:00:00;222,355748888792789
BE33;9;4899,000000000000000;0,489900000000000;tp;StdTime;15-01-14 00:00:00;223,034186194054513
BE34;10;5582,000000000000000;0,558200000000000;tp;StdTime;15-01-14 00:00:00;284,613730115901831
BE35;11;4637,000000000000000;0,463700000000000;tp;StdTime;15-01-14 00:00:00;250,114828639948598
BE22;1;3104,000000000000000;0,310400000000000;tp;StdTime;15-01-15 00:00:00;235,714647165278762
BE23;2;3847,000000000000000;0,384700000000000;tp;StdTime;15-01-15 00:00:00;236,480883081454408
BE24;3;2706,000000000000000;0,270600000000000;tp;StdTime;15-01-15 00:00:00;228,203505031814018
BE25;4;4010,000000000000000;0,401000000000000;tp;StdTime;15-01-15 00:00:00;242,098953425914061
BE31;5;1403,000000000000000;0,140300000000000;tp;StdTime;15-01-15 00:00:00;235,178577414938729
BE32;6;4820,000000000000000;0,482000000000000;tp;StdTime;15-01-15 00:00:00;255,130377884227499
BE10;7;209,000000000000000;0,020900000000000;tp;StdTime;15-01-15 00:00:00;227,254720149428096
BE21;8;3689,000000000000000;0,368900000000000;tp;StdTime;15-01-15 00:00:00;238,577127623667934
BE33;9;4899,000000000000000;0,489900000000000;tp;StdTime;15-01-15 00:00:00;288,674875303393208
BE34;10;5582,000000000000000;0,558200000000000;tp;StdTime;15-01-15 00:00:00;304,248918780030635
BE35;11;4637,000000000000000;0,463700000000000;tp;StdTime;15-01-15 00:00:00;271,761727131309613
BE22;1;3104,000000000000000;0,310400000000000;tp;StdTime;15-01-16 00:00:00;268,222807348388926
BE23;2;3847,000000000000000;0,384700000000000;tp;StdTime;15-01-16 00:00:00;231,783746721839094
BE24;3;2706,000000000000000;0,270600000000000;tp;StdTime;15-01-16 00:00:00;257,987966115970096
BE25;4;4010,000000000000000;0,401000000000000;tp;StdTime;15-01-16 00:00:00;224,491398190619833
BE31;5;1403,000000000000000;0,140300000000000;tp;StdTime;15-01-16 00:00:00;265,886444744347273
BE32;6;4820,000000000000000;0,482000000000000;tp;StdTime;15-01-16 00:00:00;264,848134733335598
BE10;7;209,000000000000000;0,020900000000000;tp;StdTime;15-01-16 00:00:00;253,866278105375272
BE21;8;3689,000000000000000;0,368900000000000;tp;StdTime;15-01-16 00:00:00;253,803798023036762
BE33;9;4899,000000000000000;0,489900000000000;tp;StdTime;15-01-16 00:00:00;316,386319878588438
BE34;10;5582,000000000000000;0,558200000000000;tp;StdTime;15-01-16 00:00:00;315,841281247113272
BE35;11;4637,000000000000000;0,463700000000000;tp;StdTime;15-01-16 00:00:00;288,936142859541803
BE22;1;3104,000000000000000;0,310400000000000;tp;StdTime;15-01-17 00:00:00;146,225517425340712
BE23;2;3847,000000000000000;0,384700000000000;tp;StdTime;15-01-17 00:00:00;126,096258720237216
BE24;3;2706,000000000000000;0,270600000000000;tp;StdTime;15-01-17 00:00:00;136,535759175167385
BE25;4;4010,000000000000000;0,401000000000000;tp;StdTime;15-01-17 00:00:00;123,890189017203213
BE31;5;1403,000000000000000;0,140300000000000;tp;StdTime;15-01-17 00:00:00;136,508004012485372
BE32;6;4820,000000000000000;0,482000000000000;tp;StdTime;15-01-17 00:00:00;132,445293662359546
BE10;7;209,000000000000000;0,020900000000000;tp;StdTime;15-01-17 00:00:00;133,894042968749943
BE21;8;3689,000000000000000;0,368900000000000;tp;StdTime;15-01-17 00:00:00;139,675892044774884
BE33;9;4899,000000000000000;0,489900000000000;tp;StdTime;15-01-17 00:00:00;177,835918690482202
BE34;10;5582,000000000000000;0,558200000000000;tp;StdTime;15-01-17 00:00:00;156,535682135609022
BE35;11;4637,000000000000000;0,463700000000000;tp;StdTime;15-01-17 00:00:00;144,848621463014666
BE22;1;3104,000000000000000;0,310400000000000;tp;StdTime;15-01-18 00:00:00;244,240358962226111
BE23;2;3847,000000000000000;0,384700000000000;tp;StdTime;15-01-18 00:00:00;231,609955781957240
BE24;3;2706,000000000000000;0,270600000000000;tp;StdTime;15-01-18 00:00:00;234,213144955067804
BE25;4;4010,000000000000000;0,401000000000000;tp;StdTime;15-01-18 00:00:00;240,823528592307042
BE31;5;1403,000000000000000;0,140300000000000;tp;StdTime;15-01-18 00:00:00;242,077848188382575
BE32;6;4820,000000000000000;0,482000000000000;tp;StdTime;15-01-18 00:00:00;262,207823003871567
BE10;7;209,000000000000000;0,020900000000000;tp;StdTime;15-01-18 00:00:00;232,081812516353892
BE21;8;3689,000000000000000;0,368900000000000;tp;StdTime;15-01-18 00:00:00;242,965455338314911
BE33;9;4899,000000000000000;0,489900000000000;tp;StdTime;15-01-18 00:00:00;311,533529390239835
BE34;10;5582,000000000000000;0,558200000000000;tp;StdTime;15-01-18 00:00:00;364,394449658395786
BE35;11;4637,000000000000000;0,463700000000000;tp;StdTime;15-01-18 00:00:00;292,021366289676166
BE22;1;3104,000000000000000;0,310400000000000;tp;StdTime;15-01-19 00:00:00;226,697743278188966
BE23;2;3847,000000000000000;0,384700000000000;tp;StdTime;15-01-19 00:00:00;201,117869048667387
BE24;3;2706,000000000000000;0,270600000000000;tp;StdTime;15-01-19 00:00:00;219,498855427293194
BE25;4;4010,000000000000000;0,401000000000000;tp;StdTime;15-01-19 00:00:00;197,954030241930468
BE31;5;1403,000000000000000;0,140300000000000;tp;StdTime;15-01-19 00:00:00;228,316290422413914
BE32;6;4820,000000000000000;0,482000000000000;tp;StdTime;15-01-19 00:00:00;235,390629292721485
BE10;7;209,000000000000000;0,020900000000000;tp;StdTime;15-01-19 00:00:00;218,837252822218886
BE21;8;3689,000000000000000;0,368900000000000;tp;StdTime;15-01-19 00:00:00;210,637852446177789
BE33;9;4899,000000000000000;0,489900000000000;tp;StdTime;15-01-19 00:00:00;304,982328138879495
BE34;10;5582,000000000000000;0,558200000000000;tp;StdTime;15-01-19 00:00:00;296,113486218562969
BE35;11;4637,000000000000000;0,463700000000000;tp;StdTime;15-01-19 00:00:00;257,158380435617289
BE22;1;3104,000000000000000;0,310400000000000;tp;StdTime;15-01-20 00:00:00;266,217453455187808
BE23;2;3847,000000000000000;0,384700000000000;tp;StdTime;15-01-20 00:00:00;249,660887283630615
BE24;3;2706,000000000000000;0,270600000000000;tp;StdTime;15-01-20 00:00:00;249,076434866375820
BE25;4;4010,000000000000000;0,401000000000000;tp;StdTime;15-01-20 00:00:00;265,842989762228513
BE31;5;1403,000000000000000;0,140300000000000;tp;StdTime;15-01-20 00:00:00;259,440525547063430
BE32;6;4820,000000000000000;0,482000000000000;tp;StdTime;15-01-20 00:00:00;281,107782659886482
BE10;7;209,000000000000000;0,020900000000000;tp;StdTime;15-01-20 00:00:00;244,781197433836780
BE21;8;3689,000000000000000;0,368900000000000;tp;StdTime;15-01-20 00:00:00;253,834736655223196
BE33;9;4899,000000000000000;0,489900000000000;tp;StdTime;15-01-20 00:00:00;346,380625058057944
BE34;10;5582,000000000000000;0,558200000000000;tp;StdTime;15-01-20 00:00:00;403,907544159625502
BE35;11;4637,000000000000000;0,463700000000000;tp;StdTime;15-01-20 00:00:00;322,553886323080974
BE22;1;3104,000000000000000;0,310400000000000;tp;StdTime;15-01-21 00:00:00;303,534985316168502
BE23;2;3847,000000000000000;0,384700000000000;tp;StdTime;15-01-21 00:00:00;276,279861700079778
BE24;3;2706,000000000000000;0,270600000000000;tp;StdTime;15-01-21 00:00:00;293,597418323411944
BE25;4;4010,000000000000000;0,401000000000000;tp;StdTime;15-01-21 00:00:00;288,034817588597264
BE31;5;1403,000000000000000;0,140300000000000;tp;StdTime;15-01-21 00:00:00;307,109042939167011
BE32;6;4820,000000000000000;0,482000000000000;tp;StdTime;15-01-21 00:00:00;306,870899868406411
BE10;7;209,000000000000000;0,020900000000000;tp;StdTime;15-01-21 00:00:00;288,424467095918203
BE21;8;3689,000000000000000;0,368900000000000;tp;StdTime;15-01-21 00:00:00;287,750197872038370
BE33;9;4899,000000000000000;0,489900000000000;tp;StdTime;15-01-21 00:00:00;347,947835884475182
BE34;10;5582,000000000000000;0,558200000000000;tp;StdTime;15-01-21 00:00:00;369,925986836350489
BE35;11;4637,000000000000000;0,463700000000000;tp;StdTime;15-01-21 00:00:00;339,933418338093077
BE22;1;3104,000000000000000;0,310400000000000;tp;StdTime;15-01-22 00:00:00;248,241491789670192
BE23;2;3847,000000000000000;0,384700000000000;tp;StdTime;15-01-22 00:00:00;218,586151384829833
BE24;3;2706,000000000000000;0,270600000000000;tp;StdTime;15-01-22 00:00:00;235,817442336438575
BE25;4;4010,000000000000000;0,401000000000000;tp;StdTime;15-01-22 00:00:00;216,149976160519998
BE31;5;1403,000000000000000;0,140300000000000;tp;StdTime;15-01-22 00:00:00;245,413866702437758
BE32;6;4820,000000000000000;0,482000000000000;tp;StdTime;15-01-22 00:00:00;244,606175690963624
BE10;7;209,000000000000000;0,020900000000000;tp;StdTime;15-01-22 00:00:00;230,469819575405552
BE21;8;3689,000000000000000;0,368900000000000;tp;StdTime;15-01-22 00:00:00;226,568449757162625
BE33;9;4899,000000000000000;0,489900000000000;tp;StdTime;15-01-22 00:00:00;314,050643892867527
BE34;10;5582,000000000000000;0,558200000000000;tp;StdTime;15-01-22 00:00:00;319,863915935804300
BE35;11;4637,000000000000000;0,463700000000000;tp;StdTime;15-01-22 00:00:00;275,037011908950376
BE22;1;3104,000000000000000;0,310400000000000;tp;StdTime;15-01-23 00:00:00;107,552595435958523
BE23;2;3847,000000000000000;0,384700000000000;tp;StdTime;15-01-23 00:00:00;97,919596418951400
BE24;3;2706,000000000000000;0,270600000000000;tp;StdTime;15-01-23 00:00:00;99,262773591328553
BE25;4;4010,000000000000000;0,401000000000000;tp;StdTime;15-01-23 00:00:00;97,046751164081840
BE31;5;1403,000000000000000;0,140300000000000;tp;StdTime;15-01-23 00:00:00;101,934036863929308
BE32;6;4820,000000000000000;0,482000000000000;tp;StdTime;15-01-23 00:00:00;107,454918474379653
BE10;7;209,000000000000000;0,020900000000000;tp;StdTime;15-01-23 00:00:00;97,143017636531894
BE21;8;3689,000000000000000;0,368900000000000;tp;StdTime;15-01-23 00:00:00;104,439631939063744
BE33;9;4899,000000000000000;0,489900000000000;tp;StdTime;15-01-23 00:00:00;132,204995019262128
BE34;10;5582,000000000000000;0,558200000000000;tp;StdTime;15-01-23 00:00:00;135,253579711367053
BE35;11;4637,000000000000000;0,463700000000000;tp;StdTime;15-01-23 00:00:00;118,894778003408746
BE22;1;3104,000000000000000;0,310400000000000;tp;StdTime;15-01-24 00:00:00;160,160297605180091
BE23;2;3847,000000000000000;0,384700000000000;tp;StdTime;15-01-24 00:00:00;142,445836399634686
BE24;3;2706,000000000000000;0,270600000000000;tp;StdTime;15-01-24 00:00:00;147,972781703636088
BE25;4;4010,000000000000000;0,401000000000000;tp;StdTime;15-01-24 00:00:00;139,201532829075404
BE31;5;1403,000000000000000;0,140300000000000;tp;StdTime;15-01-24 00:00:00;145,876864943772574
BE32;6;4820,000000000000000;0,482000000000000;tp;StdTime;15-01-24 00:00:00;154,072936600174216
BE10;7;209,000000000000000;0,020900000000000;tp;StdTime;15-01-24 00:00:00;144,964877406946272
BE21;8;3689,000000000000000;0,368900000000000;tp;StdTime;15-01-24 00:00:00;160,059177161878750
BE33;9;4899,000000000000000;0,489900000000000;tp;StdTime;15-01-24 00:00:00;183,639543519698265
BE34;10;5582,000000000000000;0,558200000000000;tp;StdTime;15-01-24 00:00:00;196,501755556211521
BE35;11;4637,000000000000000;0,463700000000000;tp;StdTime;15-01-24 00:00:00;161,845586599448978
