NUTS_ID;ZONE_CODE;COUNT;AREA;Variable;Dimensions;StdTime;MEAN
BE22;1;3104,000000000000000;0,310400000000000;swvl1;StdTime;15-07-61 00:00:00;0,239812239855720
BE23;2;3847,000000000000000;0,384700000000000;swvl1;StdTime;15-07-61 00:00:00;0,209526490171234
BE24;3;2706,000000000000000;0,270600000000000;swvl1;StdTime;15-07-61 00:00:00;0,262121069314563
BE25;4;4010,000000000000000;0,401000000000000;swvl1;StdTime;15-07-61 00:00:00;0,219559161710620
BE31;5;1403,000000000000000;0,140300000000000;swvl1;StdTime;15-07-61 00:00:00;0,272911443254902
BE32;6;4820,000000000000000;0,482000000000000;swvl1;StdTime;15-07-61 00:00:00;0,256247822838330
BE10;7;209,000000000000000;0,020900000000000;swvl1;StdTime;15-07-61 00:00:00;0,263882429120643
BE21;8;3689,000000000000000;0,368900000000000;swvl1;StdTime;15-07-61 00:00:00;0,200653796529311
BE33;9;4899,000000000000000;0,489900000000000;swvl1;StdTime;15-07-61 00:00:00;0,312502886116760
BE34;10;5582,000000000000000;0,558200000000000;swvl1;StdTime;15-07-61 00:00:00;0,288878546070023
BE35;11;4637,000000000000000;0,463700000000000;swvl1;StdTime;15-07-61 00:00:00;0,282404011845306
BE22;1;3104,000000000000000;0,310400000000000;swvl1;StdTime;15-07-62 00:00:00;0,217397949533518
BE23;2;3847,000000000000000;0,384700000000000;swvl1;StdTime;15-07-62 00:00:00;0,201033446907780
BE24;3;2706,000000000000000;0,270600000000000;swvl1;StdTime;15-07-62 00:00:00;0,251442290870067
BE25;4;4010,000000000000000;0,401000000000000;swvl1;StdTime;15-07-62 00:00:00;0,213472884354597
BE31;5;1403,000000000000000;0,140300000000000;swvl1;StdTime;15-07-62 00:00:00;0,263829654633616
BE32;6;4820,000000000000000;0,482000000000000;swvl1;StdTime;15-07-62 00:00:00;0,258112119428845
BE10;7;209,000000000000000;0,020900000000000;swvl1;StdTime;15-07-62 00:00:00;0,252660561691631
BE21;8;3689,000000000000000;0,368900000000000;swvl1;StdTime;15-07-62 00:00:00;0,185764642593401
BE33;9;4899,000000000000000;0,489900000000000;swvl1;StdTime;15-07-62 00:00:00;0,291256021573657
BE34;10;5582,000000000000000;0,558200000000000;swvl1;StdTime;15-07-62 00:00:00;0,259367735252259
BE35;11;4637,000000000000000;0,463700000000000;swvl1;StdTime;15-07-62 00:00:00;0,277086166387388
BE22;1;3104,000000000000000;0,310400000000000;swvl1;StdTime;15-07-63 00:00:00;0,257913315399867
BE23;2;3847,000000000000000;0,384700000000000;swvl1;StdTime;15-07-63 00:00:00;0,268422419068285
BE24;3;2706,000000000000000;0,270600000000000;swvl1;StdTime;15-07-63 00:00:00;0,314043267740863
BE25;4;4010,000000000000000;0,401000000000000;swvl1;StdTime;15-07-63 00:00:00;0,279461341665272
BE31;5;1403,000000000000000;0,140300000000000;swvl1;StdTime;15-07-63 00:00:00;0,332047169984280
BE32;6;4820,000000000000000;0,482000000000000;swvl1;StdTime;15-07-63 00:00:00;0,330371271339690
BE10;7;209,000000000000000;0,020900000000000;swvl1;StdTime;15-07-63 00:00:00;0,326265925710852
BE21;8;3689,000000000000000;0,368900000000000;swvl1;StdTime;15-07-63 00:00:00;0,229799788135214
BE33;9;4899,000000000000000;0,489900000000000;swvl1;StdTime;15-07-63 00:00:00;0,333193250482582
BE34;10;5582,000000000000000;0,558200000000000;swvl1;StdTime;15-07-63 00:00:00;0,311820683105900
BE35;11;4637,000000000000000;0,463700000000000;swvl1;StdTime;15-07-63 00:00:00;0,327189593607428
BE22;1;3104,000000000000000;0,310400000000000;swvl1;StdTime;15-07-64 00:00:00;0,202624904207847
BE23;2;3847,000000000000000;0,384700000000000;swvl1;StdTime;15-07-64 00:00:00;0,230564196732778
BE24;3;2706,000000000000000;0,270600000000000;swvl1;StdTime;15-07-64 00:00:00;0,259271526432487
BE25;4;4010,000000000000000;0,401000000000000;swvl1;StdTime;15-07-64 00:00:00;0,248997778607128
BE31;5;1403,000000000000000;0,140300000000000;swvl1;StdTime;15-07-64 00:00:00;0,268190897305523
BE32;6;4820,000000000000000;0,482000000000000;swvl1;StdTime;15-07-64 00:00:00;0,275258318300810
BE10;7;209,000000000000000;0,020900000000000;swvl1;StdTime;15-07-64 00:00:00;0,268286329422271
BE21;8;3689,000000000000000;0,368900000000000;swvl1;StdTime;15-07-64 00:00:00;0,187441214931209
BE33;9;4899,000000000000000;0,489900000000000;swvl1;StdTime;15-07-64 00:00:00;0,275320487725391
BE34;10;5582,000000000000000;0,558200000000000;swvl1;StdTime;15-07-64 00:00:00;0,242727536561294
BE35;11;4637,000000000000000;0,463700000000000;swvl1;StdTime;15-07-64 00:00:00;0,257018062185053
BE22;1;3104,000000000000000;0,310400000000000;swvl1;StdTime;15-07-65 00:00:00;0,288331621715357
BE23;2;3847,000000000000000;0,384700000000000;swvl1;StdTime;15-07-65 00:00:00;0,273027991412645
BE24;3;2706,000000000000000;0,270600000000000;swvl1;StdTime;15-07-65 00:00:00;0,334457941700243
BE25;4;4010,000000000000000;0,401000000000000;swvl1;StdTime;15-07-65 00:00:00;0,280426283255033
BE31;5;1403,000000000000000;0,140300000000000;swvl1;StdTime;15-07-65 00:00:00;0,358438677071505
BE32;6;4820,000000000000000;0,482000000000000;swvl1;StdTime;15-07-65 00:00:00;0,355299119057745
BE10;7;209,000000000000000;0,020900000000000;swvl1;StdTime;15-07-65 00:00:00;0,345467035565080
BE21;8;3689,000000000000000;0,368900000000000;swvl1;StdTime;15-07-65 00:00:00;0,246794711738849
BE33;9;4899,000000000000000;0,489900000000000;swvl1;StdTime;15-07-65 00:00:00;0,373796939612603
BE34;10;5582,000000000000000;0,558200000000000;swvl1;StdTime;15-07-65 00:00:00;0,362671940704585
BE35;11;4637,000000000000000;0,463700000000000;swvl1;StdTime;15-07-65 00:00:00;0,371131296613644
BE22;1;3104,000000000000000;0,310400000000000;swvl1;StdTime;15-07-66 00:00:00;0,276981915049639
BE23;2;3847,000000000000000;0,384700000000000;swvl1;StdTime;15-07-66 00:00:00;0,265277387396621
BE24;3;2706,000000000000000;0,270600000000000;swvl1;StdTime;15-07-66 00:00:00;0,313670935515378
BE25;4;4010,000000000000000;0,401000000000000;swvl1;StdTime;15-07-66 00:00:00;0,282138932628227
BE31;5;1403,000000000000000;0,140300000000000;swvl1;StdTime;15-07-66 00:00:00;0,330545343803832
BE32;6;4820,000000000000000;0,482000000000000;swvl1;StdTime;15-07-66 00:00:00;0,331899065818034
BE10;7;209,000000000000000;0,020900000000000;swvl1;StdTime;15-07-66 00:00:00;0,319986279073515
BE21;8;3689,000000000000000;0,368900000000000;swvl1;StdTime;15-07-66 00:00:00;0,237900254521373
BE33;9;4899,000000000000000;0,489900000000000;swvl1;StdTime;15-07-66 00:00:00;0,359128783085708
BE34;10;5582,000000000000000;0,558200000000000;swvl1;StdTime;15-07-66 00:00:00;0,342756133234253
BE35;11;4637,000000000000000;0,463700000000000;swvl1;StdTime;15-07-66 00:00:00;0,350899323046606
BE22;1;3104,000000000000000;0,310400000000000;swvl1;StdTime;15-07-67 00:00:00;0,249330681398242
BE23;2;3847,000000000000000;0,384700000000000;swvl1;StdTime;15-07-67 00:00:00;0,241195670472110
BE24;3;2706,000000000000000;0,270600000000000;swvl1;StdTime;15-07-67 00:00:00;0,287606295856254
BE25;4;4010,000000000000000;0,401000000000000;swvl1;StdTime;15-07-67 00:00:00;0,251108138426730
BE31;5;1403,000000000000000;0,140300000000000;swvl1;StdTime;15-07-67 00:00:00;0,307879855249579
BE32;6;4820,000000000000000;0,482000000000000;swvl1;StdTime;15-07-67 00:00:00;0,299071689661113
BE10;7;209,000000000000000;0,020900000000000;swvl1;StdTime;15-07-67 00:00:00;0,291963523940036
BE21;8;3689,000000000000000;0,368900000000000;swvl1;StdTime;15-07-67 00:00:00;0,207647143635171
BE33;9;4899,000000000000000;0,489900000000000;swvl1;StdTime;15-07-67 00:00:00;0,332278397277218
BE34;10;5582,000000000000000;0,558200000000000;swvl1;StdTime;15-07-67 00:00:00;0,314578858939968
BE35;11;4637,000000000000000;0,463700000000000;swvl1;StdTime;15-07-67 00:00:00;0,317676404946987
BE22;1;3104,000000000000000;0,310400000000000;swvl1;StdTime;15-07-68 00:00:00;0,281341728024646
BE23;2;3847,000000000000000;0,384700000000000;swvl1;StdTime;15-07-68 00:00:00;0,294894682108380
BE24;3;2706,000000000000000;0,270600000000000;swvl1;StdTime;15-07-68 00:00:00;0,335643872701276
BE25;4;4010,000000000000000;0,401000000000000;swvl1;StdTime;15-07-68 00:00:00;0,318745365289233
BE31;5;1403,000000000000000;0,140300000000000;swvl1;StdTime;15-07-68 00:00:00;0,348367359688345
BE32;6;4820,000000000000000;0,482000000000000;swvl1;StdTime;15-07-68 00:00:00;0,348081234332437
BE10;7;209,000000000000000;0,020900000000000;swvl1;StdTime;15-07-68 00:00:00;0,347239637916738
BE21;8;3689,000000000000000;0,368900000000000;swvl1;StdTime;15-07-68 00:00:00;0,254919935420750
BE33;9;4899,000000000000000;0,489900000000000;swvl1;StdTime;15-07-68 00:00:00;0,362235837492269
BE34;10;5582,000000000000000;0,558200000000000;swvl1;StdTime;15-07-68 00:00:00;0,340673468900234
BE35;11;4637,000000000000000;0,463700000000000;swvl1;StdTime;15-07-68 00:00:00;0,350878547196607
BE22;1;3104,000000000000000;0,310400000000000;swvl1;StdTime;15-07-69 00:00:00;0,265774308386998
BE23;2;3847,000000000000000;0,384700000000000;swvl1;StdTime;15-07-69 00:00:00;0,279933152518429
BE24;3;2706,000000000000000;0,270600000000000;swvl1;StdTime;15-07-69 00:00:00;0,321242299506334
BE25;4;4010,000000000000000;0,401000000000000;swvl1;StdTime;15-07-69 00:00:00;0,303255486636982
BE31;5;1403,000000000000000;0,140300000000000;swvl1;StdTime;15-07-69 00:00:00;0,342467223693028
BE32;6;4820,000000000000000;0,482000000000000;swvl1;StdTime;15-07-69 00:00:00;0,346085552729017
BE10;7;209,000000000000000;0,020900000000000;swvl1;StdTime;15-07-69 00:00:00;0,334186008102015
BE21;8;3689,000000000000000;0,368900000000000;swvl1;StdTime;15-07-69 00:00:00;0,231810579833283
BE33;9;4899,000000000000000;0,489900000000000;swvl1;StdTime;15-07-69 00:00:00;0,351976379067783
BE34;10;5582,000000000000000;0,558200000000000;swvl1;StdTime;15-07-69 00:00:00;0,330463836624263
BE35;11;4637,000000000000000;0,463700000000000;swvl1;StdTime;15-07-69 00:00:00;0,344022692766636
BE22;1;3104,000000000000000;0,310400000000000;swvl1;StdTime;15-07-70 00:00:00;0,248246612704177
BE23;2;3847,000000000000000;0,384700000000000;swvl1;StdTime;15-07-70 00:00:00;0,228542246108461
BE24;3;2706,000000000000000;0,270600000000000;swvl1;StdTime;15-07-70 00:00:00;0,286626966404457
BE25;4;4010,000000000000000;0,401000000000000;swvl1;StdTime;15-07-70 00:00:00;0,242779257960450
BE31;5;1403,000000000000000;0,140300000000000;swvl1;StdTime;15-07-70 00:00:00;0,303288069203846
BE32;6;4820,000000000000000;0,482000000000000;swvl1;StdTime;15-07-70 00:00:00;0,298644814705205
BE10;7;209,000000000000000;0,020900000000000;swvl1;StdTime;15-07-70 00:00:00;0,287756953798413
BE21;8;3689,000000000000000;0,368900000000000;swvl1;StdTime;15-07-70 00:00:00;0,195527635654093
BE33;9;4899,000000000000000;0,489900000000000;swvl1;StdTime;15-07-70 00:00:00;0,344530924567643
BE34;10;5582,000000000000000;0,558200000000000;swvl1;StdTime;15-07-70 00:00:00;0,332107216202521
BE35;11;4637,000000000000000;0,463700000000000;swvl1;StdTime;15-07-70 00:00:00;0,332448962461288
BE22;1;3104,000000000000000;0,310400000000000;swvl1;StdTime;15-07-71 00:00:00;0,250684332083335
BE23;2;3847,000000000000000;0,384700000000000;swvl1;StdTime;15-07-71 00:00:00;0,257560102346039
BE24;3;2706,000000000000000;0,270600000000000;swvl1;StdTime;15-07-71 00:00:00;0,304893898268981
BE25;4;4010,000000000000000;0,401000000000000;swvl1;StdTime;15-07-71 00:00:00;0,275089581258725
BE31;5;1403,000000000000000;0,140300000000000;swvl1;StdTime;15-07-71 00:00:00;0,320751113035130
BE32;6;4820,000000000000000;0,482000000000000;swvl1;StdTime;15-07-71 00:00:00;0,323579774098277
BE10;7;209,000000000000000;0,020900000000000;swvl1;StdTime;15-07-71 00:00:00;0,313930924571872
BE21;8;3689,000000000000000;0,368900000000000;swvl1;StdTime;15-07-71 00:00:00;0,223583026593472
BE33;9;4899,000000000000000;0,489900000000000;swvl1;StdTime;15-07-71 00:00:00;0,321594180957860
BE34;10;5582,000000000000000;0,558200000000000;swvl1;StdTime;15-07-71 00:00:00;0,304158927894800
BE35;11;4637,000000000000000;0,463700000000000;swvl1;StdTime;15-07-71 00:00:00;0,321032415806335
BE22;1;3104,000000000000000;0,310400000000000;swvl1;StdTime;15-07-72 00:00:00;0,301756154909039
BE23;2;3847,000000000000000;0,384700000000000;swvl1;StdTime;15-07-72 00:00:00;0,300135160142458
BE24;3;2706,000000000000000;0,270600000000000;swvl1;StdTime;15-07-72 00:00:00;0,353422234670506
BE25;4;4010,000000000000000;0,401000000000000;swvl1;StdTime;15-07-72 00:00:00;0,306986869273340
BE31;5;1403,000000000000000;0,140300000000000;swvl1;StdTime;15-07-72 00:00:00;0,373214408595988
BE32;6;4820,000000000000000;0,482000000000000;swvl1;StdTime;15-07-72 00:00:00;0,368553405338551
BE10;7;209,000000000000000;0,020900000000000;swvl1;StdTime;15-07-72 00:00:00;0,367904372049861
BE21;8;3689,000000000000000;0,368900000000000;swvl1;StdTime;15-07-72 00:00:00;0,265200766849143
BE33;9;4899,000000000000000;0,489900000000000;swvl1;StdTime;15-07-72 00:00:00;0,383383760831385
BE34;10;5582,000000000000000;0,558200000000000;swvl1;StdTime;15-07-72 00:00:00;0,364391030266545
BE35;11;4637,000000000000000;0,463700000000000;swvl1;StdTime;15-07-72 00:00:00;0,380573767717990
BE22;1;3104,000000000000000;0,310400000000000;swvl1;StdTime;15-07-73 00:00:00;0,221788199440836
BE23;2;3847,000000000000000;0,384700000000000;swvl1;StdTime;15-07-73 00:00:00;0,240206070505770
BE24;3;2706,000000000000000;0,270600000000000;swvl1;StdTime;15-07-73 00:00:00;0,273332409896590
BE25;4;4010,000000000000000;0,401000000000000;swvl1;StdTime;15-07-73 00:00:00;0,259665042243693
BE31;5;1403,000000000000000;0,140300000000000;swvl1;StdTime;15-07-73 00:00:00;0,279362701511519
BE32;6;4820,000000000000000;0,482000000000000;swvl1;StdTime;15-07-73 00:00:00;0,285885417139876
BE10;7;209,000000000000000;0,020900000000000;swvl1;StdTime;15-07-73 00:00:00;0,282211673601963
BE21;8;3689,000000000000000;0,368900000000000;swvl1;StdTime;15-07-73 00:00:00;0,196080074958376
BE33;9;4899,000000000000000;0,489900000000000;swvl1;StdTime;15-07-73 00:00:00;0,294889405835134
BE34;10;5582,000000000000000;0,558200000000000;swvl1;StdTime;15-07-73 00:00:00;0,280316514891029
BE35;11;4637,000000000000000;0,463700000000000;swvl1;StdTime;15-07-73 00:00:00;0,284583994938378
BE22;1;3104,000000000000000;0,310400000000000;swvl1;StdTime;15-07-74 00:00:00;0,274081673794762
BE23;2;3847,000000000000000;0,384700000000000;swvl1;StdTime;15-07-74 00:00:00;0,261713631201293
BE24;3;2706,000000000000000;0,270600000000000;swvl1;StdTime;15-07-74 00:00:00;0,311400934332446
BE25;4;4010,000000000000000;0,401000000000000;swvl1;StdTime;15-07-74 00:00:00;0,279615551493412
BE31;5;1403,000000000000000;0,140300000000000;swvl1;StdTime;15-07-74 00:00:00;0,331931696138634
BE32;6;4820,000000000000000;0,482000000000000;swvl1;StdTime;15-07-74 00:00:00;0,325597379032012
BE10;7;209,000000000000000;0,020900000000000;swvl1;StdTime;15-07-74 00:00:00;0,316629733908119
BE21;8;3689,000000000000000;0,368900000000000;swvl1;StdTime;15-07-74 00:00:00;0,230830918210863
BE33;9;4899,000000000000000;0,489900000000000;swvl1;StdTime;15-07-74 00:00:00;0,349016588873998
BE34;10;5582,000000000000000;0,558200000000000;swvl1;StdTime;15-07-74 00:00:00;0,326998612952569
BE35;11;4637,000000000000000;0,463700000000000;swvl1;StdTime;15-07-74 00:00:00;0,339866773164912
BE22;1;3104,000000000000000;0,310400000000000;swvl1;StdTime;15-07-75 00:00:00;0,247106933087763
BE23;2;3847,000000000000000;0,384700000000000;swvl1;StdTime;15-07-75 00:00:00;0,242064046250060
BE24;3;2706,000000000000000;0,270600000000000;swvl1;StdTime;15-07-75 00:00:00;0,297740843661917
BE25;4;4010,000000000000000;0,401000000000000;swvl1;StdTime;15-07-75 00:00:00;0,264979969236321
BE31;5;1403,000000000000000;0,140300000000000;swvl1;StdTime;15-07-75 00:00:00;0,317009189068548
BE32;6;4820,000000000000000;0,482000000000000;swvl1;StdTime;15-07-75 00:00:00;0,306964222517994
BE10;7;209,000000000000000;0,020900000000000;swvl1;StdTime;15-07-75 00:00:00;0,304006260975696
BE21;8;3689,000000000000000;0,368900000000000;swvl1;StdTime;15-07-75 00:00:00;0,210168844483254
BE33;9;4899,000000000000000;0,489900000000000;swvl1;StdTime;15-07-75 00:00:00;0,324697065204960
BE34;10;5582,000000000000000;0,558200000000000;swvl1;StdTime;15-07-75 00:00:00;0,287063643362991
BE35;11;4637,000000000000000;0,463700000000000;swvl1;StdTime;15-07-75 00:00:00;0,314055378995683
BE22;1;3104,000000000000000;0,310400000000000;swvl1;StdTime;15-07-76 00:00:00;0,166315344289502
BE23;2;3847,000000000000000;0,384700000000000;swvl1;StdTime;15-07-76 00:00:00;0,143933013360439
BE24;3;2706,000000000000000;0,270600000000000;swvl1;StdTime;15-07-76 00:00:00;0,197673423239150
BE25;4;4010,000000000000000;0,401000000000000;swvl1;StdTime;15-07-76 00:00:00;0,151982963113045
BE31;5;1403,000000000000000;0,140300000000000;swvl1;StdTime;15-07-76 00:00:00;0,217436330548288
BE32;6;4820,000000000000000;0,482000000000000;swvl1;StdTime;15-07-76 00:00:00;0,206338894970065
BE10;7;209,000000000000000;0,020900000000000;swvl1;StdTime;15-07-76 00:00:00;0,200716233281998
BE21;8;3689,000000000000000;0,368900000000000;swvl1;StdTime;15-07-76 00:00:00;0,119660614192179
BE33;9;4899,000000000000000;0,489900000000000;swvl1;StdTime;15-07-76 00:00:00;0,235362356911511
BE34;10;5582,000000000000000;0,558200000000000;swvl1;StdTime;15-07-76 00:00:00;0,211326545273230
BE35;11;4637,000000000000000;0,463700000000000;swvl1;StdTime;15-07-76 00:00:00;0,226332202910451
BE22;1;3104,000000000000000;0,310400000000000;swvl1;StdTime;15-07-77 00:00:00;0,272970849081644
BE23;2;3847,000000000000000;0,384700000000000;swvl1;StdTime;15-07-77 00:00:00;0,263013331587047
BE24;3;2706,000000000000000;0,270600000000000;swvl1;StdTime;15-07-77 00:00:00;0,318631800512472
BE25;4;4010,000000000000000;0,401000000000000;swvl1;StdTime;15-07-77 00:00:00;0,276085632823947
BE31;5;1403,000000000000000;0,140300000000000;swvl1;StdTime;15-07-77 00:00:00;0,341659203522221
BE32;6;4820,000000000000000;0,482000000000000;swvl1;StdTime;15-07-77 00:00:00;0,336959330428439
BE10;7;209,000000000000000;0,020900000000000;swvl1;StdTime;15-07-77 00:00:00;0,327596053694994
BE21;8;3689,000000000000000;0,368900000000000;swvl1;StdTime;15-07-77 00:00:00;0,225787399106958
BE33;9;4899,000000000000000;0,489900000000000;swvl1;StdTime;15-07-77 00:00:00;0,355351279909257
BE34;10;5582,000000000000000;0,558200000000000;swvl1;StdTime;15-07-77 00:00:00;0,336254348406460
BE35;11;4637,000000000000000;0,463700000000000;swvl1;StdTime;15-07-77 00:00:00;0,349317613965816
BE22;1;3104,000000000000000;0,310400000000000;swvl1;StdTime;15-07-78 00:00:00;0,258577892211141
BE23;2;3847,000000000000000;0,384700000000000;swvl1;StdTime;15-07-78 00:00:00;0,270404960130263
BE24;3;2706,000000000000000;0,270600000000000;swvl1;StdTime;15-07-78 00:00:00;0,312374430508280
BE25;4;4010,000000000000000;0,401000000000000;swvl1;StdTime;15-07-78 00:00:00;0,297207106653592
BE31;5;1403,000000000000000;0,140300000000000;swvl1;StdTime;15-07-78 00:00:00;0,332370685027144
BE32;6;4820,000000000000000;0,482000000000000;swvl1;StdTime;15-07-78 00:00:00;0,341024770640239
BE10;7;209,000000000000000;0,020900000000000;swvl1;StdTime;15-07-78 00:00:00;0,325002326206727
BE21;8;3689,000000000000000;0,368900000000000;swvl1;StdTime;15-07-78 00:00:00;0,217995416010482
BE33;9;4899,000000000000000;0,489900000000000;swvl1;StdTime;15-07-78 00:00:00;0,341517419839641
BE34;10;5582,000000000000000;0,558200000000000;swvl1;StdTime;15-07-78 00:00:00;0,322824752523518
BE35;11;4637,000000000000000;0,463700000000000;swvl1;StdTime;15-07-78 00:00:00;0,345431472865934
BE22;1;3104,000000000000000;0,310400000000000;swvl1;StdTime;15-07-79 00:00:00;0,261925881118850
BE23;2;3847,000000000000000;0,384700000000000;swvl1;StdTime;15-07-79 00:00:00;0,263452686599889
BE24;3;2706,000000000000000;0,270600000000000;swvl1;StdTime;15-07-79 00:00:00;0,309105205198878
BE25;4;4010,000000000000000;0,401000000000000;swvl1;StdTime;15-07-79 00:00:00;0,279586817498813
BE31;5;1403,000000000000000;0,140300000000000;swvl1;StdTime;15-07-79 00:00:00;0,323461638738322
BE32;6;4820,000000000000000;0,482000000000000;swvl1;StdTime;15-07-79 00:00:00;0,322372457360331
BE10;7;209,000000000000000;0,020900000000000;swvl1;StdTime;15-07-79 00:00:00;0,317000492765572
BE21;8;3689,000000000000000;0,368900000000000;swvl1;StdTime;15-07-79 00:00:00;0,227990710689273
BE33;9;4899,000000000000000;0,489900000000000;swvl1;StdTime;15-07-79 00:00:00;0,341053384004697
BE34;10;5582,000000000000000;0,558200000000000;swvl1;StdTime;15-07-79 00:00:00;0,317775448660768
BE35;11;4637,000000000000000;0,463700000000000;swvl1;StdTime;15-07-79 00:00:00;0,333122713724704
BE22;1;3104,000000000000000;0,310400000000000;swvl1;StdTime;15-07-80 00:00:00;0,273502013161202
BE23;2;3847,000000000000000;0,384700000000000;swvl1;StdTime;15-07-80 00:00:00;0,282967156397233
BE24;3;2706,000000000000000;0,270600000000000;swvl1;StdTime;15-07-80 00:00:00;0,327195068756607
BE25;4;4010,000000000000000;0,401000000000000;swvl1;StdTime;15-07-80 00:00:00;0,303630548217648
BE31;5;1403,000000000000000;0,140300000000000;swvl1;StdTime;15-07-80 00:00:00;0,351755250014327
BE32;6;4820,000000000000000;0,482000000000000;swvl1;StdTime;15-07-80 00:00:00;0,351344460273680
BE10;7;209,000000000000000;0,020900000000000;swvl1;StdTime;15-07-80 00:00:00;0,338747580085645
BE21;8;3689,000000000000000;0,368900000000000;swvl1;StdTime;15-07-80 00:00:00;0,238276057775410
BE33;9;4899,000000000000000;0,489900000000000;swvl1;StdTime;15-07-80 00:00:00;0,368912124900239
BE34;10;5582,000000000000000;0,558200000000000;swvl1;StdTime;15-07-80 00:00:00;0,360965115804692
BE35;11;4637,000000000000000;0,463700000000000;swvl1;StdTime;15-07-80 00:00:00;0,366588114940171
BE22;1;3104,000000000000000;0,310400000000000;swvl1;StdTime;15-07-81 00:00:00;0,286355148002352
BE23;2;3847,000000000000000;0,384700000000000;swvl1;StdTime;15-07-81 00:00:00;0,282342821723738
BE24;3;2706,000000000000000;0,270600000000000;swvl1;StdTime;15-07-81 00:00:00;0,331096647919898
BE25;4;4010,000000000000000;0,401000000000000;swvl1;StdTime;15-07-81 00:00:00;0,305081166862103
BE31;5;1403,000000000000000;0,140300000000000;swvl1;StdTime;15-07-81 00:00:00;0,353769784154674
BE32;6;4820,000000000000000;0,482000000000000;swvl1;StdTime;15-07-81 00:00:00;0,353315313562319
BE10;7;209,000000000000000;0,020900000000000;swvl1;StdTime;15-07-81 00:00:00;0,339796946807341
BE21;8;3689,000000000000000;0,368900000000000;swvl1;StdTime;15-07-81 00:00:00;0,236637151343902
BE33;9;4899,000000000000000;0,489900000000000;swvl1;StdTime;15-07-81 00:00:00;0,374540288464394
BE34;10;5582,000000000000000;0,558200000000000;swvl1;StdTime;15-07-81 00:00:00;0,358245210122119
BE35;11;4637,000000000000000;0,463700000000000;swvl1;StdTime;15-07-81 00:00:00;0,366594481434779
BE22;1;3104,000000000000000;0,310400000000000;swvl1;StdTime;15-07-82 00:00:00;0,247526069925426
BE23;2;3847,000000000000000;0,384700000000000;swvl1;StdTime;15-07-82 00:00:00;0,246904397044889
BE24;3;2706,000000000000000;0,270600000000000;swvl1;StdTime;15-07-82 00:00:00;0,287391842579013
BE25;4;4010,000000000000000;0,401000000000000;swvl1;StdTime;15-07-82 00:00:00;0,284346693884256
BE31;5;1403,000000000000000;0,140300000000000;swvl1;StdTime;15-07-82 00:00:00;0,305979383943426
BE32;6;4820,000000000000000;0,482000000000000;swvl1;StdTime;15-07-82 00:00:00;0,312378542564223
BE10;7;209,000000000000000;0,020900000000000;swvl1;StdTime;15-07-82 00:00:00;0,291349591393220
BE21;8;3689,000000000000000;0,368900000000000;swvl1;StdTime;15-07-82 00:00:00;0,204133156140700
BE33;9;4899,000000000000000;0,489900000000000;swvl1;StdTime;15-07-82 00:00:00;0,336538521823505
BE34;10;5582,000000000000000;0,558200000000000;swvl1;StdTime;15-07-82 00:00:00;0,315367546328952
BE35;11;4637,000000000000000;0,463700000000000;swvl1;StdTime;15-07-82 00:00:00;0,324754973610388
BE22;1;3104,000000000000000;0,310400000000000;swvl1;StdTime;15-07-83 00:00:00;0,219847385910791
BE23;2;3847,000000000000000;0,384700000000000;swvl1;StdTime;15-07-83 00:00:00;0,210299981738147
BE24;3;2706,000000000000000;0,270600000000000;swvl1;StdTime;15-07-83 00:00:00;0,262877659132898
BE25;4;4010,000000000000000;0,401000000000000;swvl1;StdTime;15-07-83 00:00:00;0,244229418288294
BE31;5;1403,000000000000000;0,140300000000000;swvl1;StdTime;15-07-83 00:00:00;0,277559139243382
BE32;6;4820,000000000000000;0,482000000000000;swvl1;StdTime;15-07-83 00:00:00;0,277815703367544
BE10;7;209,000000000000000;0,020900000000000;swvl1;StdTime;15-07-83 00:00:00;0,266997900876132
BE21;8;3689,000000000000000;0,368900000000000;swvl1;StdTime;15-07-83 00:00:00;0,179401306072429
BE33;9;4899,000000000000000;0,489900000000000;swvl1;StdTime;15-07-83 00:00:00;0,288469848352492
BE34;10;5582,000000000000000;0,558200000000000;swvl1;StdTime;15-07-83 00:00:00;0,266176748699140
BE35;11;4637,000000000000000;0,463700000000000;swvl1;StdTime;15-07-83 00:00:00;0,285860650127294
BE22;1;3104,000000000000000;0,310400000000000;swvl1;StdTime;15-07-84 00:00:00;0,245804049641125
BE23;2;3847,000000000000000;0,384700000000000;swvl1;StdTime;15-07-84 00:00:00;0,254353130668642
BE24;3;2706,000000000000000;0,270600000000000;swvl1;StdTime;15-07-84 00:00:00;0,291663425438332
BE25;4;4010,000000000000000;0,401000000000000;swvl1;StdTime;15-07-84 00:00:00;0,276949185452557
BE31;5;1403,000000000000000;0,140300000000000;swvl1;StdTime;15-07-84 00:00:00;0,296979755842932
BE32;6;4820,000000000000000;0,482000000000000;swvl1;StdTime;15-07-84 00:00:00;0,302040495503988
BE10;7;209,000000000000000;0,020900000000000;swvl1;StdTime;15-07-84 00:00:00;0,298929120222347
BE21;8;3689,000000000000000;0,368900000000000;swvl1;StdTime;15-07-84 00:00:00;0,216299557672118
BE33;9;4899,000000000000000;0,489900000000000;swvl1;StdTime;15-07-84 00:00:00;0,320832539977140
BE34;10;5582,000000000000000;0,558200000000000;swvl1;StdTime;15-07-84 00:00:00;0,300906803302763
BE35;11;4637,000000000000000;0,463700000000000;swvl1;StdTime;15-07-84 00:00:00;0,301631826874457
BE22;1;3104,000000000000000;0,310400000000000;swvl1;StdTime;15-07-85 00:00:00;0,285469114732420
BE23;2;3847,000000000000000;0,384700000000000;swvl1;StdTime;15-07-85 00:00:00;0,288550076351124
BE24;3;2706,000000000000000;0,270600000000000;swvl1;StdTime;15-07-85 00:00:00;0,330948612278951
BE25;4;4010,000000000000000;0,401000000000000;swvl1;StdTime;15-07-85 00:00:00;0,305119244665131
BE31;5;1403,000000000000000;0,140300000000000;swvl1;StdTime;15-07-85 00:00:00;0,345030117230337
BE32;6;4820,000000000000000;0,482000000000000;swvl1;StdTime;15-07-85 00:00:00;0,340046156930478
BE10;7;209,000000000000000;0,020900000000000;swvl1;StdTime;15-07-85 00:00:00;0,340097311153366
BE21;8;3689,000000000000000;0,368900000000000;swvl1;StdTime;15-07-85 00:00:00;0,252500950857920
BE33;9;4899,000000000000000;0,489900000000000;swvl1;StdTime;15-07-85 00:00:00;0,358223089303842
BE34;10;5582,000000000000000;0,558200000000000;swvl1;StdTime;15-07-85 00:00:00;0,336426628344442
BE35;11;4637,000000000000000;0,463700000000000;swvl1;StdTime;15-07-85 00:00:00;0,353001863336368
BE22;1;3104,000000000000000;0,310400000000000;swvl1;StdTime;15-07-86 00:00:00;0,221225360850084
BE23;2;3847,000000000000000;0,384700000000000;swvl1;StdTime;15-07-86 00:00:00;0,217660578963724
BE24;3;2706,000000000000000;0,270600000000000;swvl1;StdTime;15-07-86 00:00:00;0,263865324126863
BE25;4;4010,000000000000000;0,401000000000000;swvl1;StdTime;15-07-86 00:00:00;0,239877826696322
BE31;5;1403,000000000000000;0,140300000000000;swvl1;StdTime;15-07-86 00:00:00;0,285114005728441
BE32;6;4820,000000000000000;0,482000000000000;swvl1;StdTime;15-07-86 00:00:00;0,286317218079608
BE10;7;209,000000000000000;0,020900000000000;swvl1;StdTime;15-07-86 00:00:00;0,272680619259200
BE21;8;3689,000000000000000;0,368900000000000;swvl1;StdTime;15-07-86 00:00:00;0,181716580282191
BE33;9;4899,000000000000000;0,489900000000000;swvl1;StdTime;15-07-86 00:00:00;0,318607769205415
BE34;10;5582,000000000000000;0,558200000000000;swvl1;StdTime;15-07-86 00:00:00;0,308480178995378
BE35;11;4637,000000000000000;0,463700000000000;swvl1;StdTime;15-07-86 00:00:00;0,309104872965880
BE22;1;3104,000000000000000;0,310400000000000;swvl1;StdTime;15-07-87 00:00:00;0,290582074567714
BE23;2;3847,000000000000000;0,384700000000000;swvl1;StdTime;15-07-87 00:00:00;0,298049837184287
BE24;3;2706,000000000000000;0,270600000000000;swvl1;StdTime;15-07-87 00:00:00;0,345099926044434
BE25;4;4010,000000000000000;0,401000000000000;swvl1;StdTime;15-07-87 00:00:00;0,321994399489310
BE31;5;1403,000000000000000;0,140300000000000;swvl1;StdTime;15-07-87 00:00:00;0,362812035969981
BE32;6;4820,000000000000000;0,482000000000000;swvl1;StdTime;15-07-87 00:00:00;0,362881693781906
BE10;7;209,000000000000000;0,020900000000000;swvl1;StdTime;15-07-87 00:00:00;0,357852886595794
BE21;8;3689,000000000000000;0,368900000000000;swvl1;StdTime;15-07-87 00:00:00;0,261411657288779
BE33;9;4899,000000000000000;0,489900000000000;swvl1;StdTime;15-07-87 00:00:00;0,373422398539702
BE34;10;5582,000000000000000;0,558200000000000;swvl1;StdTime;15-07-87 00:00:00;0,362334176812579
BE35;11;4637,000000000000000;0,463700000000000;swvl1;StdTime;15-07-87 00:00:00;0,373351014795452
BE22;1;3104,000000000000000;0,310400000000000;swvl1;StdTime;15-07-88 00:00:00;0,251958573851542
BE23;2;3847,000000000000000;0,384700000000000;swvl1;StdTime;15-07-88 00:00:00;0,239907296979183
BE24;3;2706,000000000000000;0,270600000000000;swvl1;StdTime;15-07-88 00:00:00;0,286611439631281
BE25;4;4010,000000000000000;0,401000000000000;swvl1;StdTime;15-07-88 00:00:00;0,271414699875506
BE31;5;1403,000000000000000;0,140300000000000;swvl1;StdTime;15-07-88 00:00:00;0,302182807445696
BE32;6;4820,000000000000000;0,482000000000000;swvl1;StdTime;15-07-88 00:00:00;0,301179892721265
BE10;7;209,000000000000000;0,020900000000000;swvl1;StdTime;15-07-88 00:00:00;0,288177761307173
BE21;8;3689,000000000000000;0,368900000000000;swvl1;StdTime;15-07-88 00:00:00;0,206794063648773
BE33;9;4899,000000000000000;0,489900000000000;swvl1;StdTime;15-07-88 00:00:00;0,323429515615339
BE34;10;5582,000000000000000;0,558200000000000;swvl1;StdTime;15-07-88 00:00:00;0,305920779350004
BE35;11;4637,000000000000000;0,463700000000000;swvl1;StdTime;15-07-88 00:00:00;0,318992213883327
BE22;1;3104,000000000000000;0,310400000000000;swvl1;StdTime;15-07-89 00:00:00;0,192199969289767
BE23;2;3847,000000000000000;0,384700000000000;swvl1;StdTime;15-07-89 00:00:00;0,176493926190202
BE24;3;2706,000000000000000;0,270600000000000;swvl1;StdTime;15-07-89 00:00:00;0,221935335802794
BE25;4;4010,000000000000000;0,401000000000000;swvl1;StdTime;15-07-89 00:00:00;0,193821935697535
BE31;5;1403,000000000000000;0,140300000000000;swvl1;StdTime;15-07-89 00:00:00;0,236502646805130
BE32;6;4820,000000000000000;0,482000000000000;swvl1;StdTime;15-07-89 00:00:00;0,233724909458170
BE10;7;209,000000000000000;0,020900000000000;swvl1;StdTime;15-07-89 00:00:00;0,225926909649201
BE21;8;3689,000000000000000;0,368900000000000;swvl1;StdTime;15-07-89 00:00:00;0,151527616358217
BE33;9;4899,000000000000000;0,489900000000000;swvl1;StdTime;15-07-89 00:00:00;0,266082760523742
BE34;10;5582,000000000000000;0,558200000000000;swvl1;StdTime;15-07-89 00:00:00;0,257822091996520
BE35;11;4637,000000000000000;0,463700000000000;swvl1;StdTime;15-07-89 00:00:00;0,255312003280445
BE22;1;3104,000000000000000;0,310400000000000;swvl1;StdTime;15-07-90 00:00:00;0,209315025799706
BE23;2;3847,000000000000000;0,384700000000000;swvl1;StdTime;15-07-90 00:00:00;0,203328233513393
BE24;3;2706,000000000000000;0,270600000000000;swvl1;StdTime;15-07-90 00:00:00;0,249776271537376
BE25;4;4010,000000000000000;0,401000000000000;swvl1;StdTime;15-07-90 00:00:00;0,213927553924836
BE31;5;1403,000000000000000;0,140300000000000;swvl1;StdTime;15-07-90 00:00:00;0,266584449275765
BE32;6;4820,000000000000000;0,482000000000000;swvl1;StdTime;15-07-90 00:00:00;0,260163520236356
BE10;7;209,000000000000000;0,020900000000000;swvl1;StdTime;15-07-90 00:00:00;0,254018317284196
BE21;8;3689,000000000000000;0,368900000000000;swvl1;StdTime;15-07-90 00:00:00;0,172791214126111
BE33;9;4899,000000000000000;0,489900000000000;swvl1;StdTime;15-07-90 00:00:00;0,287290474448210
BE34;10;5582,000000000000000;0,558200000000000;swvl1;StdTime;15-07-90 00:00:00;0,267870390265165
BE35;11;4637,000000000000000;0,463700000000000;swvl1;StdTime;15-07-90 00:00:00;0,276275923225369
BE22;1;3104,000000000000000;0,310400000000000;swvl1;StdTime;15-07-91 00:00:00;0,233004177690090
BE23;2;3847,000000000000000;0,384700000000000;swvl1;StdTime;15-07-91 00:00:00;0,258291246621739
BE24;3;2706,000000000000000;0,270600000000000;swvl1;StdTime;15-07-91 00:00:00;0,291944831516112
BE25;4;4010,000000000000000;0,401000000000000;swvl1;StdTime;15-07-91 00:00:00;0,289713541446184
BE31;5;1403,000000000000000;0,140300000000000;swvl1;StdTime;15-07-91 00:00:00;0,306683927137174
BE32;6;4820,000000000000000;0,482000000000000;swvl1;StdTime;15-07-91 00:00:00;0,311452272194302
BE10;7;209,000000000000000;0,020900000000000;swvl1;StdTime;15-07-91 00:00:00;0,303162228832975
BE21;8;3689,000000000000000;0,368900000000000;swvl1;StdTime;15-07-91 00:00:00;0,208632502332229
BE33;9;4899,000000000000000;0,489900000000000;swvl1;StdTime;15-07-91 00:00:00;0,311520585243156
BE34;10;5582,000000000000000;0,558200000000000;swvl1;StdTime;15-07-91 00:00:00;0,275970418426628
BE35;11;4637,000000000000000;0,463700000000000;swvl1;StdTime;15-07-91 00:00:00;0,301918096748796
BE22;1;3104,000000000000000;0,310400000000000;swvl1;StdTime;15-07-92 00:00:00;0,252945655832048
BE23;2;3847,000000000000000;0,384700000000000;swvl1;StdTime;15-07-92 00:00:00;0,258700978145495
BE24;3;2706,000000000000000;0,270600000000000;swvl1;StdTime;15-07-92 00:00:00;0,303056388520701
BE25;4;4010,000000000000000;0,401000000000000;swvl1;StdTime;15-07-92 00:00:00;0,288716616933037
BE31;5;1403,000000000000000;0,140300000000000;swvl1;StdTime;15-07-92 00:00:00;0,323838271248450
BE32;6;4820,000000000000000;0,482000000000000;swvl1;StdTime;15-07-92 00:00:00;0,329094793959772
BE10;7;209,000000000000000;0,020900000000000;swvl1;StdTime;15-07-92 00:00:00;0,311584961186186
BE21;8;3689,000000000000000;0,368900000000000;swvl1;StdTime;15-07-92 00:00:00;0,214352871892445
BE33;9;4899,000000000000000;0,489900000000000;swvl1;StdTime;15-07-92 00:00:00;0,340754788502013
BE34;10;5582,000000000000000;0,558200000000000;swvl1;StdTime;15-07-92 00:00:00;0,318658178327161
BE35;11;4637,000000000000000;0,463700000000000;swvl1;StdTime;15-07-92 00:00:00;0,328422224197712
BE22;1;3104,000000000000000;0,310400000000000;swvl1;StdTime;15-07-93 00:00:00;0,227920645473468
BE23;2;3847,000000000000000;0,384700000000000;swvl1;StdTime;15-07-93 00:00:00;0,239405194861504
BE24;3;2706,000000000000000;0,270600000000000;swvl1;StdTime;15-07-93 00:00:00;0,271995986914379
BE25;4;4010,000000000000000;0,401000000000000;swvl1;StdTime;15-07-93 00:00:00;0,259367847676735
BE31;5;1403,000000000000000;0,140300000000000;swvl1;StdTime;15-07-93 00:00:00;0,280776087080506
BE32;6;4820,000000000000000;0,482000000000000;swvl1;StdTime;15-07-93 00:00:00;0,291708364384055
BE10;7;209,000000000000000;0,020900000000000;swvl1;StdTime;15-07-93 00:00:00;0,277255601289740
BE21;8;3689,000000000000000;0,368900000000000;swvl1;StdTime;15-07-93 00:00:00;0,206605696898710
BE33;9;4899,000000000000000;0,489900000000000;swvl1;StdTime;15-07-93 00:00:00;0,302809921569497
BE34;10;5582,000000000000000;0,558200000000000;swvl1;StdTime;15-07-93 00:00:00;0,259535238624623
BE35;11;4637,000000000000000;0,463700000000000;swvl1;StdTime;15-07-93 00:00:00;0,285921323034612
BE22;1;3104,000000000000000;0,310400000000000;swvl1;StdTime;15-07-94 00:00:00;0,203910961180695
BE23;2;3847,000000000000000;0,384700000000000;swvl1;StdTime;15-07-94 00:00:00;0,212625363150726
BE24;3;2706,000000000000000;0,270600000000000;swvl1;StdTime;15-07-94 00:00:00;0,254443750969366
BE25;4;4010,000000000000000;0,401000000000000;swvl1;StdTime;15-07-94 00:00:00;0,243742336418266
BE31;5;1403,000000000000000;0,140300000000000;swvl1;StdTime;15-07-94 00:00:00;0,269072588732306
BE32;6;4820,000000000000000;0,482000000000000;swvl1;StdTime;15-07-94 00:00:00;0,272151503455344
BE10;7;209,000000000000000;0,020900000000000;swvl1;StdTime;15-07-94 00:00:00;0,264222478895096
BE21;8;3689,000000000000000;0,368900000000000;swvl1;StdTime;15-07-94 00:00:00;0,178057893145275
BE33;9;4899,000000000000000;0,489900000000000;swvl1;StdTime;15-07-94 00:00:00;0,285254135846508
BE34;10;5582,000000000000000;0,558200000000000;swvl1;StdTime;15-07-94 00:00:00;0,273485132095657
BE35;11;4637,000000000000000;0,463700000000000;swvl1;StdTime;15-07-94 00:00:00;0,273888983107189
BE22;1;3104,000000000000000;0,310400000000000;swvl1;StdTime;15-07-95 00:00:00;0,208855135913593
BE23;2;3847,000000000000000;0,384700000000000;swvl1;StdTime;15-07-95 00:00:00;0,198183954083551
BE24;3;2706,000000000000000;0,270600000000000;swvl1;StdTime;15-07-95 00:00:00;0,245873534510908
BE25;4;4010,000000000000000;0,401000000000000;swvl1;StdTime;15-07-95 00:00:00;0,210160731111753
BE31;5;1403,000000000000000;0,140300000000000;swvl1;StdTime;15-07-95 00:00:00;0,268083926871769
BE32;6;4820,000000000000000;0,482000000000000;swvl1;StdTime;15-07-95 00:00:00;0,266186399742404
BE10;7;209,000000000000000;0,020900000000000;swvl1;StdTime;15-07-95 00:00:00;0,252612829564861
BE21;8;3689,000000000000000;0,368900000000000;swvl1;StdTime;15-07-95 00:00:00;0,163302636758103
BE33;9;4899,000000000000000;0,489900000000000;swvl1;StdTime;15-07-95 00:00:00;0,290814366461574
BE34;10;5582,000000000000000;0,558200000000000;swvl1;StdTime;15-07-95 00:00:00;0,273275351113783
BE35;11;4637,000000000000000;0,463700000000000;swvl1;StdTime;15-07-95 00:00:00;0,279582355816559
BE22;1;3104,000000000000000;0,310400000000000;swvl1;StdTime;15-07-96 00:00:00;0,218168484935172
BE23;2;3847,000000000000000;0,384700000000000;swvl1;StdTime;15-07-96 00:00:00;0,203567677785862
BE24;3;2706,000000000000000;0,270600000000000;swvl1;StdTime;15-07-96 00:00:00;0,255494588549632
BE25;4;4010,000000000000000;0,401000000000000;swvl1;StdTime;15-07-96 00:00:00;0,219547008003974
BE31;5;1403,000000000000000;0,140300000000000;swvl1;StdTime;15-07-96 00:00:00;0,270327013535578
BE32;6;4820,000000000000000;0,482000000000000;swvl1;StdTime;15-07-96 00:00:00;0,263014713680968
BE10;7;209,000000000000000;0,020900000000000;swvl1;StdTime;15-07-96 00:00:00;0,258559644507449
BE21;8;3689,000000000000000;0,368900000000000;swvl1;StdTime;15-07-96 00:00:00;0,181496137976808
BE33;9;4899,000000000000000;0,489900000000000;swvl1;StdTime;15-07-96 00:00:00;0,286009036355856
BE34;10;5582,000000000000000;0,558200000000000;swvl1;StdTime;15-07-96 00:00:00;0,263481120745455
BE35;11;4637,000000000000000;0,463700000000000;swvl1;StdTime;15-07-96 00:00:00;0,267891183672266
BE22;1;3104,000000000000000;0,310400000000000;swvl1;StdTime;15-07-97 00:00:00;0,248567550615936
BE23;2;3847,000000000000000;0,384700000000000;swvl1;StdTime;15-07-97 00:00:00;0,250839010272238
BE24;3;2706,000000000000000;0,270600000000000;swvl1;StdTime;15-07-97 00:00:00;0,298822756628151
BE25;4;4010,000000000000000;0,401000000000000;swvl1;StdTime;15-07-97 00:00:00;0,275893792588069
BE31;5;1403,000000000000000;0,140300000000000;swvl1;StdTime;15-07-97 00:00:00;0,317223893177145
BE32;6;4820,000000000000000;0,482000000000000;swvl1;StdTime;15-07-97 00:00:00;0,325511529528501
BE10;7;209,000000000000000;0,020900000000000;swvl1;StdTime;15-07-97 00:00:00;0,305404681052888
BE21;8;3689,000000000000000;0,368900000000000;swvl1;StdTime;15-07-97 00:00:00;0,211930257654766
BE33;9;4899,000000000000000;0,489900000000000;swvl1;StdTime;15-07-97 00:00:00;0,331140767855167
BE34;10;5582,000000000000000;0,558200000000000;swvl1;StdTime;15-07-97 00:00:00;0,314488490124472
BE35;11;4637,000000000000000;0,463700000000000;swvl1;StdTime;15-07-97 00:00:00;0,328836756898381
BE22;1;3104,000000000000000;0,310400000000000;swvl1;StdTime;15-07-98 00:00:00;0,269039719125506
BE23;2;3847,000000000000000;0,384700000000000;swvl1;StdTime;15-07-98 00:00:00;0,259178357784210
BE24;3;2706,000000000000000;0,270600000000000;swvl1;StdTime;15-07-98 00:00:00;0,308448723672235
BE25;4;4010,000000000000000;0,401000000000000;swvl1;StdTime;15-07-98 00:00:00;0,285806556997305
BE31;5;1403,000000000000000;0,140300000000000;swvl1;StdTime;15-07-98 00:00:00;0,319902843054243
BE32;6;4820,000000000000000;0,482000000000000;swvl1;StdTime;15-07-98 00:00:00;0,316800974488754
BE10;7;209,000000000000000;0,020900000000000;swvl1;StdTime;15-07-98 00:00:00;0,311188379400655
BE21;8;3689,000000000000000;0,368900000000000;swvl1;StdTime;15-07-98 00:00:00;0,226593662504744
BE33;9;4899,000000000000000;0,489900000000000;swvl1;StdTime;15-07-98 00:00:00;0,336922114784559
BE34;10;5582,000000000000000;0,558200000000000;swvl1;StdTime;15-07-98 00:00:00;0,297330843093189
BE35;11;4637,000000000000000;0,463700000000000;swvl1;StdTime;15-07-98 00:00:00;0,321852284957808
BE22;1;3104,000000000000000;0,310400000000000;swvl1;StdTime;15-07-99 00:00:00;0,236251877462395
BE23;2;3847,000000000000000;0,384700000000000;swvl1;StdTime;15-07-99 00:00:00;0,233194289124257
BE24;3;2706,000000000000000;0,270600000000000;swvl1;StdTime;15-07-99 00:00:00;0,276407789359115
BE25;4;4010,000000000000000;0,401000000000000;swvl1;StdTime;15-07-99 00:00:00;0,261333984225766
BE31;5;1403,000000000000000;0,140300000000000;swvl1;StdTime;15-07-99 00:00:00;0,285384793708091
BE32;6;4820,000000000000000;0,482000000000000;swvl1;StdTime;15-07-99 00:00:00;0,279880684577084
BE10;7;209,000000000000000;0,020900000000000;swvl1;StdTime;15-07-99 00:00:00;0,277556031371988
BE21;8;3689,000000000000000;0,368900000000000;swvl1;StdTime;15-07-99 00:00:00;0,201753555173213
BE33;9;4899,000000000000000;0,489900000000000;swvl1;StdTime;15-07-99 00:00:00;0,304250113080536
BE34;10;5582,000000000000000;0,558200000000000;swvl1;StdTime;15-07-99 00:00:00;0,294595621358063
BE35;11;4637,000000000000000;0,463700000000000;swvl1;StdTime;15-07-99 00:00:00;0,293063385870428
BE22;1;3104,000000000000000;0,310400000000000;swvl1;StdTime;15-07-00 00:00:00;0,278478593522318
BE23;2;3847,000000000000000;0,384700000000000;swvl1;StdTime;15-07-00 00:00:00;0,281775672125266
BE24;3;2706,000000000000000;0,270600000000000;swvl1;StdTime;15-07-00 00:00:00;0,334497684226024
BE25;4;4010,000000000000000;0,401000000000000;swvl1;StdTime;15-07-00 00:00:00;0,292296259439646
BE31;5;1403,000000000000000;0,140300000000000;swvl1;StdTime;15-07-00 00:00:00;0,353055211258037
BE32;6;4820,000000000000000;0,482000000000000;swvl1;StdTime;15-07-00 00:00:00;0,348994440953266
BE10;7;209,000000000000000;0,020900000000000;swvl1;StdTime;15-07-00 00:00:00;0,347469183103890
BE21;8;3689,000000000000000;0,368900000000000;swvl1;StdTime;15-07-00 00:00:00;0,243948304760615
BE33;9;4899,000000000000000;0,489900000000000;swvl1;StdTime;15-07-00 00:00:00;0,354507756965650
BE34;10;5582,000000000000000;0,558200000000000;swvl1;StdTime;15-07-00 00:00:00;0,330435224531457
BE35;11;4637,000000000000000;0,463700000000000;swvl1;StdTime;15-07-00 00:00:00;0,352347444325962
BE22;1;3104,000000000000000;0,310400000000000;swvl1;StdTime;15-07-01 00:00:00;0,226204721689148
BE23;2;3847,000000000000000;0,384700000000000;swvl1;StdTime;15-07-01 00:00:00;0,248647961549583
BE24;3;2706,000000000000000;0,270600000000000;swvl1;StdTime;15-07-01 00:00:00;0,269148272849724
BE25;4;4010,000000000000000;0,401000000000000;swvl1;StdTime;15-07-01 00:00:00;0,275315954731290
BE31;5;1403,000000000000000;0,140300000000000;swvl1;StdTime;15-07-01 00:00:00;0,281768271860189
BE32;6;4820,000000000000000;0,482000000000000;swvl1;StdTime;15-07-01 00:00:00;0,292465317960350
BE10;7;209,000000000000000;0,020900000000000;swvl1;StdTime;15-07-01 00:00:00;0,274893557911284
BE21;8;3689,000000000000000;0,368900000000000;swvl1;StdTime;15-07-01 00:00:00;0,201811579309301
BE33;9;4899,000000000000000;0,489900000000000;swvl1;StdTime;15-07-01 00:00:00;0,304671710043397
BE34;10;5582,000000000000000;0,558200000000000;swvl1;StdTime;15-07-01 00:00:00;0,293744853374374
BE35;11;4637,000000000000000;0,463700000000000;swvl1;StdTime;15-07-01 00:00:00;0,296863260757879
BE22;1;3104,000000000000000;0,310400000000000;swvl1;StdTime;15-07-02 00:00:00;0,257836653894178
BE23;2;3847,000000000000000;0,384700000000000;swvl1;StdTime;15-07-02 00:00:00;0,256467379829095
BE24;3;2706,000000000000000;0,270600000000000;swvl1;StdTime;15-07-02 00:00:00;0,309990022444364
BE25;4;4010,000000000000000;0,401000000000000;swvl1;StdTime;15-07-02 00:00:00;0,287805754470260
BE31;5;1403,000000000000000;0,140300000000000;swvl1;StdTime;15-07-02 00:00:00;0,327878683996642
BE32;6;4820,000000000000000;0,482000000000000;swvl1;StdTime;15-07-02 00:00:00;0,325320694932552
BE10;7;209,000000000000000;0,020900000000000;swvl1;StdTime;15-07-02 00:00:00;0,316778015291862
BE21;8;3689,000000000000000;0,368900000000000;swvl1;StdTime;15-07-02 00:00:00;0,230014530570729
BE33;9;4899,000000000000000;0,489900000000000;swvl1;StdTime;15-07-02 00:00:00;0,320907394492791
BE34;10;5582,000000000000000;0,558200000000000;swvl1;StdTime;15-07-02 00:00:00;0,283525988312764
BE35;11;4637,000000000000000;0,463700000000000;swvl1;StdTime;15-07-02 00:00:00;0,320462048567906
BE22;1;3104,000000000000000;0,310400000000000;swvl1;StdTime;15-07-03 00:00:00;0,192077562529786
BE23;2;3847,000000000000000;0,384700000000000;swvl1;StdTime;15-07-03 00:00:00;0,189495114062959
BE24;3;2706,000000000000000;0,270600000000000;swvl1;StdTime;15-07-03 00:00:00;0,237762624627779
BE25;4;4010,000000000000000;0,401000000000000;swvl1;StdTime;15-07-03 00:00:00;0,210951115664773
BE31;5;1403,000000000000000;0,140300000000000;swvl1;StdTime;15-07-03 00:00:00;0,252708171733940
BE32;6;4820,000000000000000;0,482000000000000;swvl1;StdTime;15-07-03 00:00:00;0,256379006982345
BE10;7;209,000000000000000;0,020900000000000;swvl1;StdTime;15-07-03 00:00:00;0,244341863542082
BE21;8;3689,000000000000000;0,368900000000000;swvl1;StdTime;15-07-03 00:00:00;0,157995713758062
BE33;9;4899,000000000000000;0,489900000000000;swvl1;StdTime;15-07-03 00:00:00;0,263541952128385
BE34;10;5582,000000000000000;0,558200000000000;swvl1;StdTime;15-07-03 00:00:00;0,244453121066115
BE35;11;4637,000000000000000;0,463700000000000;swvl1;StdTime;15-07-03 00:00:00;0,261858523962105
BE22;1;3104,000000000000000;0,310400000000000;swvl1;StdTime;15-07-04 00:00:00;0,264069474086204
BE23;2;3847,000000000000000;0,384700000000000;swvl1;StdTime;15-07-04 00:00:00;0,252771682268401
BE24;3;2706,000000000000000;0,270600000000000;swvl1;StdTime;15-07-04 00:00:00;0,296564636670785
BE25;4;4010,000000000000000;0,401000000000000;swvl1;StdTime;15-07-04 00:00:00;0,281773333753137
BE31;5;1403,000000000000000;0,140300000000000;swvl1;StdTime;15-07-04 00:00:00;0,317769886720036
BE32;6;4820,000000000000000;0,482000000000000;swvl1;StdTime;15-07-04 00:00:00;0,311849836757817
BE10;7;209,000000000000000;0,020900000000000;swvl1;StdTime;15-07-04 00:00:00;0,297109893349369
BE21;8;3689,000000000000000;0,368900000000000;swvl1;StdTime;15-07-04 00:00:00;0,214074776117864
BE33;9;4899,000000000000000;0,489900000000000;swvl1;StdTime;15-07-04 00:00:00;0,344169690630148
BE34;10;5582,000000000000000;0,558200000000000;swvl1;StdTime;15-07-04 00:00:00;0,316055502690474
BE35;11;4637,000000000000000;0,463700000000000;swvl1;StdTime;15-07-04 00:00:00;0,327589504480208
BE22;1;3104,000000000000000;0,310400000000000;swvl1;StdTime;15-07-05 00:00:00;0,238948626789389
BE23;2;3847,000000000000000;0,384700000000000;swvl1;StdTime;15-07-05 00:00:00;0,254947628929518
BE24;3;2706,000000000000000;0,270600000000000;swvl1;StdTime;15-07-05 00:00:00;0,285865772050218
BE25;4;4010,000000000000000;0,401000000000000;swvl1;StdTime;15-07-05 00:00:00;0,282119719427720
BE31;5;1403,000000000000000;0,140300000000000;swvl1;StdTime;15-07-05 00:00:00;0,301656912563532
BE32;6;4820,000000000000000;0,482000000000000;swvl1;StdTime;15-07-05 00:00:00;0,309652661646551
BE10;7;209,000000000000000;0,020900000000000;swvl1;StdTime;15-07-05 00:00:00;0,295195611755243
BE21;8;3689,000000000000000;0,368900000000000;swvl1;StdTime;15-07-05 00:00:00;0,209986535562154
BE33;9;4899,000000000000000;0,489900000000000;swvl1;StdTime;15-07-05 00:00:00;0,301327789096255
BE34;10;5582,000000000000000;0,558200000000000;swvl1;StdTime;15-07-05 00:00:00;0,278009815736191
BE35;11;4637,000000000000000;0,463700000000000;swvl1;StdTime;15-07-05 00:00:00;0,290192699719021
BE22;1;3104,000000000000000;0,310400000000000;swvl1;StdTime;15-07-06 00:00:00;0,236352442998977
BE23;2;3847,000000000000000;0,384700000000000;swvl1;StdTime;15-07-06 00:00:00;0,238955654724871
BE24;3;2706,000000000000000;0,270600000000000;swvl1;StdTime;15-07-06 00:00:00;0,280025355308609
BE25;4;4010,000000000000000;0,401000000000000;swvl1;StdTime;15-07-06 00:00:00;0,263714990060674
BE31;5;1403,000000000000000;0,140300000000000;swvl1;StdTime;15-07-06 00:00:00;0,301013924739061
BE32;6;4820,000000000000000;0,482000000000000;swvl1;StdTime;15-07-06 00:00:00;0,301632905043507
BE10;7;209,000000000000000;0,020900000000000;swvl1;StdTime;15-07-06 00:00:00;0,287491068315278
BE21;8;3689,000000000000000;0,368900000000000;swvl1;StdTime;15-07-06 00:00:00;0,192700830424307
BE33;9;4899,000000000000000;0,489900000000000;swvl1;StdTime;15-07-06 00:00:00;0,314537541364792
BE34;10;5582,000000000000000;0,558200000000000;swvl1;StdTime;15-07-06 00:00:00;0,297181155344399
BE35;11;4637,000000000000000;0,463700000000000;swvl1;StdTime;15-07-06 00:00:00;0,319006581122129
BE22;1;3104,000000000000000;0,310400000000000;swvl1;StdTime;15-07-07 00:00:00;0,290194471069064
BE23;2;3847,000000000000000;0,384700000000000;swvl1;StdTime;15-07-07 00:00:00;0,290113709787594
BE24;3;2706,000000000000000;0,270600000000000;swvl1;StdTime;15-07-07 00:00:00;0,338790546554772
BE25;4;4010,000000000000000;0,401000000000000;swvl1;StdTime;15-07-07 00:00:00;0,307435659306156
BE31;5;1403,000000000000000;0,140300000000000;swvl1;StdTime;15-07-07 00:00:00;0,359642520302632
BE32;6;4820,000000000000000;0,482000000000000;swvl1;StdTime;15-07-07 00:00:00;0,356429525449316
BE10;7;209,000000000000000;0,020900000000000;swvl1;StdTime;15-07-07 00:00:00;0,348368163314162
BE21;8;3689,000000000000000;0,368900000000000;swvl1;StdTime;15-07-07 00:00:00;0,251171061673698
BE33;9;4899,000000000000000;0,489900000000000;swvl1;StdTime;15-07-07 00:00:00;0,372746433998084
BE34;10;5582,000000000000000;0,558200000000000;swvl1;StdTime;15-07-07 00:00:00;0,358894970464219
BE35;11;4637,000000000000000;0,463700000000000;swvl1;StdTime;15-07-07 00:00:00;0,368987648618718
BE22;1;3104,000000000000000;0,310400000000000;swvl1;StdTime;15-07-08 00:00:00;0,281625585524922
BE23;2;3847,000000000000000;0,384700000000000;swvl1;StdTime;15-07-08 00:00:00;0,277491434316279
BE24;3;2706,000000000000000;0,270600000000000;swvl1;StdTime;15-07-08 00:00:00;0,323433833112782
BE25;4;4010,000000000000000;0,401000000000000;swvl1;StdTime;15-07-08 00:00:00;0,290590241863543
BE31;5;1403,000000000000000;0,140300000000000;swvl1;StdTime;15-07-08 00:00:00;0,342236683059402
BE32;6;4820,000000000000000;0,482000000000000;swvl1;StdTime;15-07-08 00:00:00;0,336478686907727
BE10;7;209,000000000000000;0,020900000000000;swvl1;StdTime;15-07-08 00:00:00;0,330145905177559
BE21;8;3689,000000000000000;0,368900000000000;swvl1;StdTime;15-07-08 00:00:00;0,230641273321677
BE33;9;4899,000000000000000;0,489900000000000;swvl1;StdTime;15-07-08 00:00:00;0,358576416592132
BE34;10;5582,000000000000000;0,558200000000000;swvl1;StdTime;15-07-08 00:00:00;0,333941887376750
BE35;11;4637,000000000000000;0,463700000000000;swvl1;StdTime;15-07-08 00:00:00;0,347804863596364
BE22;1;3104,000000000000000;0,310400000000000;swvl1;StdTime;15-07-09 00:00:00;0,228176294965189
BE23;2;3847,000000000000000;0,384700000000000;swvl1;StdTime;15-07-09 00:00:00;0,220498971011628
BE24;3;2706,000000000000000;0,270600000000000;swvl1;StdTime;15-07-09 00:00:00;0,266169110157493
BE25;4;4010,000000000000000;0,401000000000000;swvl1;StdTime;15-07-09 00:00:00;0,241494610236767
BE31;5;1403,000000000000000;0,140300000000000;swvl1;StdTime;15-07-09 00:00:00;0,286789059469042
BE32;6;4820,000000000000000;0,482000000000000;swvl1;StdTime;15-07-09 00:00:00;0,280484418737938
BE10;7;209,000000000000000;0,020900000000000;swvl1;StdTime;15-07-09 00:00:00;0,268710780086700
BE21;8;3689,000000000000000;0,368900000000000;swvl1;StdTime;15-07-09 00:00:00;0,190654425379156
BE33;9;4899,000000000000000;0,489900000000000;swvl1;StdTime;15-07-09 00:00:00;0,321292810608936
BE34;10;5582,000000000000000;0,558200000000000;swvl1;StdTime;15-07-09 00:00:00;0,307241106080842
BE35;11;4637,000000000000000;0,463700000000000;swvl1;StdTime;15-07-09 00:00:00;0,299703283353127
BE22;1;3104,000000000000000;0,310400000000000;swvl1;StdTime;15-07-10 00:00:00;0,219769086616747
BE23;2;3847,000000000000000;0,384700000000000;swvl1;StdTime;15-07-10 00:00:00;0,226328780856696
BE24;3;2706,000000000000000;0,270600000000000;swvl1;StdTime;15-07-10 00:00:00;0,264925505924648
BE25;4;4010,000000000000000;0,401000000000000;swvl1;StdTime;15-07-10 00:00:00;0,247778928313321
BE31;5;1403,000000000000000;0,140300000000000;swvl1;StdTime;15-07-10 00:00:00;0,284775330543688
BE32;6;4820,000000000000000;0,482000000000000;swvl1;StdTime;15-07-10 00:00:00;0,286840092041433
BE10;7;209,000000000000000;0,020900000000000;swvl1;StdTime;15-07-10 00:00:00;0,276598844801980
BE21;8;3689,000000000000000;0,368900000000000;swvl1;StdTime;15-07-10 00:00:00;0,182327507213707
BE33;9;4899,000000000000000;0,489900000000000;swvl1;StdTime;15-07-10 00:00:00;0,300855099771626
BE34;10;5582,000000000000000;0,558200000000000;swvl1;StdTime;15-07-10 00:00:00;0,287489500517424
BE35;11;4637,000000000000000;0,463700000000000;swvl1;StdTime;15-07-10 00:00:00;0,296752808035924
BE22;1;3104,000000000000000;0,310400000000000;swvl1;StdTime;15-07-11 00:00:00;0,257481942726203
BE23;2;3847,000000000000000;0,384700000000000;swvl1;StdTime;15-07-11 00:00:00;0,261909817592614
BE24;3;2706,000000000000000;0,270600000000000;swvl1;StdTime;15-07-11 00:00:00;0,304348976471780
BE25;4;4010,000000000000000;0,401000000000000;swvl1;StdTime;15-07-11 00:00:00;0,279688001622880
BE31;5;1403,000000000000000;0,140300000000000;swvl1;StdTime;15-07-11 00:00:00;0,321313606273762
BE32;6;4820,000000000000000;0,482000000000000;swvl1;StdTime;15-07-11 00:00:00;0,312286168083364
BE10;7;209,000000000000000;0,020900000000000;swvl1;StdTime;15-07-11 00:00:00;0,312508150863876
BE21;8;3689,000000000000000;0,368900000000000;swvl1;StdTime;15-07-11 00:00:00;0,230134504343573
BE33;9;4899,000000000000000;0,489900000000000;swvl1;StdTime;15-07-11 00:00:00;0,328335748877811
BE34;10;5582,000000000000000;0,558200000000000;swvl1;StdTime;15-07-11 00:00:00;0,306192971467011
BE35;11;4637,000000000000000;0,463700000000000;swvl1;StdTime;15-07-11 00:00:00;0,322038226319665
BE22;1;3104,000000000000000;0,310400000000000;swvl1;StdTime;15-07-12 00:00:00;0,261194792955384
BE23;2;3847,000000000000000;0,384700000000000;swvl1;StdTime;15-07-12 00:00:00;0,276977394516976
BE24;3;2706,000000000000000;0,270600000000000;swvl1;StdTime;15-07-12 00:00:00;0,315285811485710
BE25;4;4010,000000000000000;0,401000000000000;swvl1;StdTime;15-07-12 00:00:00;0,309699993812830
BE31;5;1403,000000000000000;0,140300000000000;swvl1;StdTime;15-07-12 00:00:00;0,334985433564557
BE32;6;4820,000000000000000;0,482000000000000;swvl1;StdTime;15-07-12 00:00:00;0,338146368262679
BE10;7;209,000000000000000;0,020900000000000;swvl1;StdTime;15-07-12 00:00:00;0,325058149664025
BE21;8;3689,000000000000000;0,368900000000000;swvl1;StdTime;15-07-12 00:00:00;0,234061438787206
BE33;9;4899,000000000000000;0,489900000000000;swvl1;StdTime;15-07-12 00:00:00;0,346745093365450
BE34;10;5582,000000000000000;0,558200000000000;swvl1;StdTime;15-07-12 00:00:00;0,334756860043019
BE35;11;4637,000000000000000;0,463700000000000;swvl1;StdTime;15-07-12 00:00:00;0,343578153465594
BE22;1;3104,000000000000000;0,310400000000000;swvl1;StdTime;15-07-13 00:00:00;0,216102272094487
BE23;2;3847,000000000000000;0,384700000000000;swvl1;StdTime;15-07-13 00:00:00;0,209619445423662
BE24;3;2706,000000000000000;0,270600000000000;swvl1;StdTime;15-07-13 00:00:00;0,251613385044727
BE25;4;4010,000000000000000;0,401000000000000;swvl1;StdTime;15-07-13 00:00:00;0,239607738991479
BE31;5;1403,000000000000000;0,140300000000000;swvl1;StdTime;15-07-13 00:00:00;0,265200554602330
BE32;6;4820,000000000000000;0,482000000000000;swvl1;StdTime;15-07-13 00:00:00;0,276484186143548
BE10;7;209,000000000000000;0,020900000000000;swvl1;StdTime;15-07-13 00:00:00;0,257134341452110
BE21;8;3689,000000000000000;0,368900000000000;swvl1;StdTime;15-07-13 00:00:00;0,178927824309151
BE33;9;4899,000000000000000;0,489900000000000;swvl1;StdTime;15-07-13 00:00:00;0,295212115413390
BE34;10;5582,000000000000000;0,558200000000000;swvl1;StdTime;15-07-13 00:00:00;0,297891302973256
BE35;11;4637,000000000000000;0,463700000000000;swvl1;StdTime;15-07-13 00:00:00;0,291471828250040
BE22;1;3104,000000000000000;0,310400000000000;swvl1;StdTime;15-07-14 00:00:00;0,269128443390016
BE23;2;3847,000000000000000;0,384700000000000;swvl1;StdTime;15-07-14 00:00:00;0,274047342997915
BE24;3;2706,000000000000000;0,270600000000000;swvl1;StdTime;15-07-14 00:00:00;0,319686165879325
BE25;4;4010,000000000000000;0,401000000000000;swvl1;StdTime;15-07-14 00:00:00;0,281319597266856
BE31;5;1403,000000000000000;0,140300000000000;swvl1;StdTime;15-07-14 00:00:00;0,328997510357236
BE32;6;4820,000000000000000;0,482000000000000;swvl1;StdTime;15-07-14 00:00:00;0,326314046935669
BE10;7;209,000000000000000;0,020900000000000;swvl1;StdTime;15-07-14 00:00:00;0,329569422029422
BE21;8;3689,000000000000000;0,368900000000000;swvl1;StdTime;15-07-14 00:00:00;0,243468996251492
BE33;9;4899,000000000000000;0,489900000000000;swvl1;StdTime;15-07-14 00:00:00;0,328123317570997
BE34;10;5582,000000000000000;0,558200000000000;swvl1;StdTime;15-07-14 00:00:00;0,302531249036353
BE35;11;4637,000000000000000;0,463700000000000;swvl1;StdTime;15-07-14 00:00:00;0,320377147336548
BE22;1;3104,000000000000000;0,310400000000000;swvl1;StdTime;15-07-15 00:00:00;0,224354097274007
BE23;2;3847,000000000000000;0,384700000000000;swvl1;StdTime;15-07-15 00:00:00;0,205661414624469
BE24;3;2706,000000000000000;0,270600000000000;swvl1;StdTime;15-07-15 00:00:00;0,253597619142783
BE25;4;4010,000000000000000;0,401000000000000;swvl1;StdTime;15-07-15 00:00:00;0,229025179151436
BE31;5;1403,000000000000000;0,140300000000000;swvl1;StdTime;15-07-15 00:00:00;0,262575121783650
BE32;6;4820,000000000000000;0,482000000000000;swvl1;StdTime;15-07-15 00:00:00;0,249098030681803
BE10;7;209,000000000000000;0,020900000000000;swvl1;StdTime;15-07-15 00:00:00;0,253496209400122
BE21;8;3689,000000000000000;0,368900000000000;swvl1;StdTime;15-07-15 00:00:00;0,187643677044703
BE33;9;4899,000000000000000;0,489900000000000;swvl1;StdTime;15-07-15 00:00:00;0,278894882137421
BE34;10;5582,000000000000000;0,558200000000000;swvl1;StdTime;15-07-15 00:00:00;0,249174728292861
BE35;11;4637,000000000000000;0,463700000000000;swvl1;StdTime;15-07-15 00:00:00;0,266595718940707
BE22;1;3104,000000000000000;0,310400000000000;swvl1;StdTime;15-07-16 00:00:00;0,285903052498884
BE23;2;3847,000000000000000;0,384700000000000;swvl1;StdTime;15-07-16 00:00:00;0,267008044819166
BE24;3;2706,000000000000000;0,270600000000000;swvl1;StdTime;15-07-16 00:00:00;0,330494766990211
BE25;4;4010,000000000000000;0,401000000000000;swvl1;StdTime;15-07-16 00:00:00;0,273614136491927
BE31;5;1403,000000000000000;0,140300000000000;swvl1;StdTime;15-07-16 00:00:00;0,345964254796803
BE32;6;4820,000000000000000;0,482000000000000;swvl1;StdTime;15-07-16 00:00:00;0,333306691879059
BE10;7;209,000000000000000;0,020900000000000;swvl1;StdTime;15-07-16 00:00:00;0,337917830955469
BE21;8;3689,000000000000000;0,368900000000000;swvl1;StdTime;15-07-16 00:00:00;0,247874414692179
BE33;9;4899,000000000000000;0,489900000000000;swvl1;StdTime;15-07-16 00:00:00;0,361403987161431
BE34;10;5582,000000000000000;0,558200000000000;swvl1;StdTime;15-07-16 00:00:00;0,335210496787314
BE35;11;4637,000000000000000;0,463700000000000;swvl1;StdTime;15-07-16 00:00:00;0,345116414365928
BE22;1;3104,000000000000000;0,310400000000000;swvl1;StdTime;15-07-17 00:00:00;0,242430293308475
BE23;2;3847,000000000000000;0,384700000000000;swvl1;StdTime;15-07-17 00:00:00;0,209410379215405
BE24;3;2706,000000000000000;0,270600000000000;swvl1;StdTime;15-07-17 00:00:00;0,258221232678524
BE25;4;4010,000000000000000;0,401000000000000;swvl1;StdTime;15-07-17 00:00:00;0,225575163451365
BE31;5;1403,000000000000000;0,140300000000000;swvl1;StdTime;15-07-17 00:00:00;0,277840952489177
BE32;6;4820,000000000000000;0,482000000000000;swvl1;StdTime;15-07-17 00:00:00;0,264806212027291
BE10;7;209,000000000000000;0,020900000000000;swvl1;StdTime;15-07-17 00:00:00;0,256399954049781
BE21;8;3689,000000000000000;0,368900000000000;swvl1;StdTime;15-07-17 00:00:00;0,192635907179846
BE33;9;4899,000000000000000;0,489900000000000;swvl1;StdTime;15-07-17 00:00:00;0,314180006218531
BE34;10;5582,000000000000000;0,558200000000000;swvl1;StdTime;15-07-17 00:00:00;0,275908230501920
BE35;11;4637,000000000000000;0,463700000000000;swvl1;StdTime;15-07-17 00:00:00;0,291336694854021
BE22;1;3104,000000000000000;0,310400000000000;swvl1;StdTime;15-07-18 00:00:00;0,167092067400743
BE23;2;3847,000000000000000;0,384700000000000;swvl1;StdTime;15-07-18 00:00:00;0,175723833420508
BE24;3;2706,000000000000000;0,270600000000000;swvl1;StdTime;15-07-18 00:00:00;0,213533907333019
BE25;4;4010,000000000000000;0,401000000000000;swvl1;StdTime;15-07-18 00:00:00;0,191462923744299
BE31;5;1403,000000000000000;0,140300000000000;swvl1;StdTime;15-07-18 00:00:00;0,233022199461738
BE32;6;4820,000000000000000;0,482000000000000;swvl1;StdTime;15-07-18 00:00:00;0,231982822199951
BE10;7;209,000000000000000;0,020900000000000;swvl1;StdTime;15-07-18 00:00:00;0,223356279673759
BE21;8;3689,000000000000000;0,368900000000000;swvl1;StdTime;15-07-18 00:00:00;0,140196783208094
BE33;9;4899,000000000000000;0,489900000000000;swvl1;StdTime;15-07-18 00:00:00;0,239518020482277
BE34;10;5582,000000000000000;0,558200000000000;swvl1;StdTime;15-07-18 00:00:00;0,229889892646325
BE35;11;4637,000000000000000;0,463700000000000;swvl1;StdTime;15-07-18 00:00:00;0,238032710389611
BE22;1;3104,000000000000000;0,310400000000000;swvl1;StdTime;15-07-19 00:00:00;0,209021445877428
BE23;2;3847,000000000000000;0,384700000000000;swvl1;StdTime;15-07-19 00:00:00;0,206189653560933
BE24;3;2706,000000000000000;0,270600000000000;swvl1;StdTime;15-07-19 00:00:00;0,242979385063371
BE25;4;4010,000000000000000;0,401000000000000;swvl1;StdTime;15-07-19 00:00:00;0,224498485355752
BE31;5;1403,000000000000000;0,140300000000000;swvl1;StdTime;15-07-19 00:00:00;0,251619876599363
BE32;6;4820,000000000000000;0,482000000000000;swvl1;StdTime;15-07-19 00:00:00;0,255914962211338
BE10;7;209,000000000000000;0,020900000000000;swvl1;StdTime;15-07-19 00:00:00;0,245809553770357
BE21;8;3689,000000000000000;0,368900000000000;swvl1;StdTime;15-07-19 00:00:00;0,178876777099509
BE33;9;4899,000000000000000;0,489900000000000;swvl1;StdTime;15-07-19 00:00:00;0,267057807038185
BE34;10;5582,000000000000000;0,558200000000000;swvl1;StdTime;15-07-19 00:00:00;0,245891445859951
BE35;11;4637,000000000000000;0,463700000000000;swvl1;StdTime;15-07-19 00:00:00;0,259199615764752
BE22;1;3104,000000000000000;0,310400000000000;swvl1;StdTime;15-07-20 00:00:00;0,190337992647720
BE23;2;3847,000000000000000;0,384700000000000;swvl1;StdTime;15-07-20 00:00:00;0,201303954984511
BE24;3;2706,000000000000000;0,270600000000000;swvl1;StdTime;15-07-20 00:00:00;0,227799229891055
BE25;4;4010,000000000000000;0,401000000000000;swvl1;StdTime;15-07-20 00:00:00;0,231267337281805
BE31;5;1403,000000000000000;0,140300000000000;swvl1;StdTime;15-07-20 00:00:00;0,235462412514265
BE32;6;4820,000000000000000;0,482000000000000;swvl1;StdTime;15-07-20 00:00:00;0,224705789779232
BE10;7;209,000000000000000;0,020900000000000;swvl1;StdTime;15-07-20 00:00:00;0,230531148933338
BE21;8;3689,000000000000000;0,368900000000000;swvl1;StdTime;15-07-20 00:00:00;0,169171832770506
BE33;9;4899,000000000000000;0,489900000000000;swvl1;StdTime;15-07-20 00:00:00;0,250250842537071
BE34;10;5582,000000000000000;0,558200000000000;swvl1;StdTime;15-07-20 00:00:00;0,220401482541142
BE35;11;4637,000000000000000;0,463700000000000;swvl1;StdTime;15-07-20 00:00:00;0,229256851369254
BE22;1;3104,000000000000000;0,310400000000000;swvl1;StdTime;15-07-21 00:00:00;0,288155086977004
BE23;2;3847,000000000000000;0,384700000000000;swvl1;StdTime;15-07-21 00:00:00;0,288224508150664
BE24;3;2706,000000000000000;0,270600000000000;swvl1;StdTime;15-07-21 00:00:00;0,340295886578202
BE25;4;4010,000000000000000;0,401000000000000;swvl1;StdTime;15-07-21 00:00:00;0,304091796676565
BE31;5;1403,000000000000000;0,140300000000000;swvl1;StdTime;15-07-21 00:00:00;0,359725122250410
BE32;6;4820,000000000000000;0,482000000000000;swvl1;StdTime;15-07-21 00:00:00;0,356102622668278
BE10;7;209,000000000000000;0,020900000000000;swvl1;StdTime;15-07-21 00:00:00;0,353381680672248
BE21;8;3689,000000000000000;0,368900000000000;swvl1;StdTime;15-07-21 00:00:00;0,249078431239164
BE33;9;4899,000000000000000;0,489900000000000;swvl1;StdTime;15-07-21 00:00:00;0,363652753499022
BE34;10;5582,000000000000000;0,558200000000000;swvl1;StdTime;15-07-21 00:00:00;0,346788412178237
BE35;11;4637,000000000000000;0,463700000000000;swvl1;StdTime;15-07-21 00:00:00;0,361246650669373
BE22;1;3104,000000000000000;0,310400000000000;swvl1;StdTime;15-07-22 00:00:00;0,190480387932861
BE23;2;3847,000000000000000;0,384700000000000;swvl1;StdTime;15-07-22 00:00:00;0,190737637403354
BE24;3;2706,000000000000000;0,270600000000000;swvl1;StdTime;15-07-22 00:00:00;0,226774804250056
BE25;4;4010,000000000000000;0,401000000000000;swvl1;StdTime;15-07-22 00:00:00;0,198072423012997
BE31;5;1403,000000000000000;0,140300000000000;swvl1;StdTime;15-07-22 00:00:00;0,235849778395589
BE32;6;4820,000000000000000;0,482000000000000;swvl1;StdTime;15-07-22 00:00:00;0,229730529282473
BE10;7;209,000000000000000;0,020900000000000;swvl1;StdTime;15-07-22 00:00:00;0,229847079829166
BE21;8;3689,000000000000000;0,368900000000000;swvl1;StdTime;15-07-22 00:00:00;0,163339653997345
BE33;9;4899,000000000000000;0,489900000000000;swvl1;StdTime;15-07-22 00:00:00;0,246687913292597
BE34;10;5582,000000000000000;0,558200000000000;swvl1;StdTime;15-07-22 00:00:00;0,232122566817920
BE35;11;4637,000000000000000;0,463700000000000;swvl1;StdTime;15-07-22 00:00:00;0,241334553297825
BE22;1;3104,000000000000000;0,310400000000000;swvl1;StdTime;15-07-23 00:00:00;0,223566016177503
BE23;2;3847,000000000000000;0,384700000000000;swvl1;StdTime;15-07-23 00:00:00;0,220797744635052
BE24;3;2706,000000000000000;0,270600000000000;swvl1;StdTime;15-07-23 00:00:00;0,276072894951985
BE25;4;4010,000000000000000;0,401000000000000;swvl1;StdTime;15-07-23 00:00:00;0,233815768658372
BE31;5;1403,000000000000000;0,140300000000000;swvl1;StdTime;15-07-23 00:00:00;0,292856603797130
BE32;6;4820,000000000000000;0,482000000000000;swvl1;StdTime;15-07-23 00:00:00;0,289465381180350
BE10;7;209,000000000000000;0,020900000000000;swvl1;StdTime;15-07-23 00:00:00;0,283561283606662
BE21;8;3689,000000000000000;0,368900000000000;swvl1;StdTime;15-07-23 00:00:00;0,193412013103497
BE33;9;4899,000000000000000;0,489900000000000;swvl1;StdTime;15-07-23 00:00:00;0,283376683572478
BE34;10;5582,000000000000000;0,558200000000000;swvl1;StdTime;15-07-23 00:00:00;0,260116550632272
BE35;11;4637,000000000000000;0,463700000000000;swvl1;StdTime;15-07-23 00:00:00;0,289308821323336
BE22;1;3104,000000000000000;0,310400000000000;swvl1;StdTime;15-07-24 00:00:00;0,274256333934393
BE23;2;3847,000000000000000;0,384700000000000;swvl1;StdTime;15-07-24 00:00:00;0,276771574832881
BE24;3;2706,000000000000000;0,270600000000000;swvl1;StdTime;15-07-24 00:00:00;0,326875012794734
BE25;4;4010,000000000000000;0,401000000000000;swvl1;StdTime;15-07-24 00:00:00;0,280453303865066
BE31;5;1403,000000000000000;0,140300000000000;swvl1;StdTime;15-07-24 00:00:00;0,340239724854614
BE32;6;4820,000000000000000;0,482000000000000;swvl1;StdTime;15-07-24 00:00:00;0,336938133409162
BE10;7;209,000000000000000;0,020900000000000;swvl1;StdTime;15-07-24 00:00:00;0,336968016824084
BE21;8;3689,000000000000000;0,368900000000000;swvl1;StdTime;15-07-24 00:00:00;0,247375432360492
BE33;9;4899,000000000000000;0,489900000000000;swvl1;StdTime;15-07-24 00:00:00;0,347911976866392
BE34;10;5582,000000000000000;0,558200000000000;swvl1;StdTime;15-07-24 00:00:00;0,343244610417705
BE35;11;4637,000000000000000;0,463700000000000;swvl1;StdTime;15-07-24 00:00:00;0,349802624293640
BE22;1;3104,000000000000000;0,310400000000000;swvl2;StdTime;15-07-61 00:00:00;0,230250867040463
BE23;2;3847,000000000000000;0,384700000000000;swvl2;StdTime;15-07-61 00:00:00;0,190748908107919
BE24;3;2706,000000000000000;0,270600000000000;swvl2;StdTime;15-07-61 00:00:00;0,244631025381248
BE25;4;4010,000000000000000;0,401000000000000;swvl2;StdTime;15-07-61 00:00:00;0,203790249831585
BE31;5;1403,000000000000000;0,140300000000000;swvl2;StdTime;15-07-61 00:00:00;0,254756915223063
BE32;6;4820,000000000000000;0,482000000000000;swvl2;StdTime;15-07-61 00:00:00;0,240260726961605
BE10;7;209,000000000000000;0,020900000000000;swvl2;StdTime;15-07-61 00:00:00;0,243848760946516
BE21;8;3689,000000000000000;0,368900000000000;swvl2;StdTime;15-07-61 00:00:00;0,185972433748301
BE33;9;4899,000000000000000;0,489900000000000;swvl2;StdTime;15-07-61 00:00:00;0,303297542940478
BE34;10;5582,000000000000000;0,558200000000000;swvl2;StdTime;15-07-61 00:00:00;0,280848976039131
BE35;11;4637,000000000000000;0,463700000000000;swvl2;StdTime;15-07-61 00:00:00;0,269080113440411
BE22;1;3104,000000000000000;0,310400000000000;swvl2;StdTime;15-07-62 00:00:00;0,212681313582994
BE23;2;3847,000000000000000;0,384700000000000;swvl2;StdTime;15-07-62 00:00:00;0,188986501636863
BE24;3;2706,000000000000000;0,270600000000000;swvl2;StdTime;15-07-62 00:00:00;0,244124089110937
BE25;4;4010,000000000000000;0,401000000000000;swvl2;StdTime;15-07-62 00:00:00;0,204405031238039
BE31;5;1403,000000000000000;0,140300000000000;swvl2;StdTime;15-07-62 00:00:00;0,253837622314458
BE32;6;4820,000000000000000;0,482000000000000;swvl2;StdTime;15-07-62 00:00:00;0,246712171400731
BE10;7;209,000000000000000;0,020900000000000;swvl2;StdTime;15-07-62 00:00:00;0,242311249794572
BE21;8;3689,000000000000000;0,368900000000000;swvl2;StdTime;15-07-62 00:00:00;0,183859691964996
BE33;9;4899,000000000000000;0,489900000000000;swvl2;StdTime;15-07-62 00:00:00;0,279433884756202
BE34;10;5582,000000000000000;0,558200000000000;swvl2;StdTime;15-07-62 00:00:00;0,247766430602839
BE35;11;4637,000000000000000;0,463700000000000;swvl2;StdTime;15-07-62 00:00:00;0,267008417101803
BE22;1;3104,000000000000000;0,310400000000000;swvl2;StdTime;15-07-63 00:00:00;0,254066518248664
BE23;2;3847,000000000000000;0,384700000000000;swvl2;StdTime;15-07-63 00:00:00;0,262904263988296
BE24;3;2706,000000000000000;0,270600000000000;swvl2;StdTime;15-07-63 00:00:00;0,311465113440973
BE25;4;4010,000000000000000;0,401000000000000;swvl2;StdTime;15-07-63 00:00:00;0,273856427005848
BE31;5;1403,000000000000000;0,140300000000000;swvl2;StdTime;15-07-63 00:00:00;0,329931650154096
BE32;6;4820,000000000000000;0,482000000000000;swvl2;StdTime;15-07-63 00:00:00;0,326141443601288
BE10;7;209,000000000000000;0,020900000000000;swvl2;StdTime;15-07-63 00:00:00;0,323252481136596
BE21;8;3689,000000000000000;0,368900000000000;swvl2;StdTime;15-07-63 00:00:00;0,225287536831204
BE33;9;4899,000000000000000;0,489900000000000;swvl2;StdTime;15-07-63 00:00:00;0,327079315104272
BE34;10;5582,000000000000000;0,558200000000000;swvl2;StdTime;15-07-63 00:00:00;0,308079953034136
BE35;11;4637,000000000000000;0,463700000000000;swvl2;StdTime;15-07-63 00:00:00;0,322948605111377
BE22;1;3104,000000000000000;0,310400000000000;swvl2;StdTime;15-07-64 00:00:00;0,192674563386353
BE23;2;3847,000000000000000;0,384700000000000;swvl2;StdTime;15-07-64 00:00:00;0,224851473453202
BE24;3;2706,000000000000000;0,270600000000000;swvl2;StdTime;15-07-64 00:00:00;0,251771133555497
BE25;4;4010,000000000000000;0,401000000000000;swvl2;StdTime;15-07-64 00:00:00;0,245806906938999
BE31;5;1403,000000000000000;0,140300000000000;swvl2;StdTime;15-07-64 00:00:00;0,259585261451119
BE32;6;4820,000000000000000;0,482000000000000;swvl2;StdTime;15-07-64 00:00:00;0,267649462077133
BE10;7;209,000000000000000;0,020900000000000;swvl2;StdTime;15-07-64 00:00:00;0,261038850796850
BE21;8;3689,000000000000000;0,368900000000000;swvl2;StdTime;15-07-64 00:00:00;0,177260907023022
BE33;9;4899,000000000000000;0,489900000000000;swvl2;StdTime;15-07-64 00:00:00;0,260224798022423
BE34;10;5582,000000000000000;0,558200000000000;swvl2;StdTime;15-07-64 00:00:00;0,223682357005666
BE35;11;4637,000000000000000;0,463700000000000;swvl2;StdTime;15-07-64 00:00:00;0,241762064276827
BE22;1;3104,000000000000000;0,310400000000000;swvl2;StdTime;15-07-65 00:00:00;0,287142450858829
BE23;2;3847,000000000000000;0,384700000000000;swvl2;StdTime;15-07-65 00:00:00;0,265168161517092
BE24;3;2706,000000000000000;0,270600000000000;swvl2;StdTime;15-07-65 00:00:00;0,331312499565940
BE25;4;4010,000000000000000;0,401000000000000;swvl2;StdTime;15-07-65 00:00:00;0,270552013364813
BE31;5;1403,000000000000000;0,140300000000000;swvl2;StdTime;15-07-65 00:00:00;0,355526662454890
BE32;6;4820,000000000000000;0,482000000000000;swvl2;StdTime;15-07-65 00:00:00;0,349501152794143
BE10;7;209,000000000000000;0,020900000000000;swvl2;StdTime;15-07-65 00:00:00;0,341652144798251
BE21;8;3689,000000000000000;0,368900000000000;swvl2;StdTime;15-07-65 00:00:00;0,243584762407403
BE33;9;4899,000000000000000;0,489900000000000;swvl2;StdTime;15-07-65 00:00:00;0,371728681470452
BE34;10;5582,000000000000000;0,558200000000000;swvl2;StdTime;15-07-65 00:00:00;0,359655193210352
BE35;11;4637,000000000000000;0,463700000000000;swvl2;StdTime;15-07-65 00:00:00;0,367435308823638
BE22;1;3104,000000000000000;0,310400000000000;swvl2;StdTime;15-07-66 00:00:00;0,273223611948647
BE23;2;3847,000000000000000;0,384700000000000;swvl2;StdTime;15-07-66 00:00:00;0,255035666601206
BE24;3;2706,000000000000000;0,270600000000000;swvl2;StdTime;15-07-66 00:00:00;0,304398329877580
BE25;4;4010,000000000000000;0,401000000000000;swvl2;StdTime;15-07-66 00:00:00;0,270943845310562
BE31;5;1403,000000000000000;0,140300000000000;swvl2;StdTime;15-07-66 00:00:00;0,320019375530211
BE32;6;4820,000000000000000;0,482000000000000;swvl2;StdTime;15-07-66 00:00:00;0,323351207795973
BE10;7;209,000000000000000;0,020900000000000;swvl2;StdTime;15-07-66 00:00:00;0,308789796806408
BE21;8;3689,000000000000000;0,368900000000000;swvl2;StdTime;15-07-66 00:00:00;0,233221936065125
BE33;9;4899,000000000000000;0,489900000000000;swvl2;StdTime;15-07-66 00:00:00;0,353682731536974
BE34;10;5582,000000000000000;0,558200000000000;swvl2;StdTime;15-07-66 00:00:00;0,337582773934424
BE35;11;4637,000000000000000;0,463700000000000;swvl2;StdTime;15-07-66 00:00:00;0,345745234055485
BE22;1;3104,000000000000000;0,310400000000000;swvl2;StdTime;15-07-67 00:00:00;0,240151728445798
BE23;2;3847,000000000000000;0,384700000000000;swvl2;StdTime;15-07-67 00:00:00;0,229088619304906
BE24;3;2706,000000000000000;0,270600000000000;swvl2;StdTime;15-07-67 00:00:00;0,272749418677749
BE25;4;4010,000000000000000;0,401000000000000;swvl2;StdTime;15-07-67 00:00:00;0,242130138819801
BE31;5;1403,000000000000000;0,140300000000000;swvl2;StdTime;15-07-67 00:00:00;0,292186095535288
BE32;6;4820,000000000000000;0,482000000000000;swvl2;StdTime;15-07-67 00:00:00;0,283558836356733
BE10;7;209,000000000000000;0,020900000000000;swvl2;StdTime;15-07-67 00:00:00;0,275351347250231
BE21;8;3689,000000000000000;0,368900000000000;swvl2;StdTime;15-07-67 00:00:00;0,195665016519924
BE33;9;4899,000000000000000;0,489900000000000;swvl2;StdTime;15-07-67 00:00:00;0,319622923340401
BE34;10;5582,000000000000000;0,558200000000000;swvl2;StdTime;15-07-67 00:00:00;0,302032431976656
BE35;11;4637,000000000000000;0,463700000000000;swvl2;StdTime;15-07-67 00:00:00;0,301329194445381
BE22;1;3104,000000000000000;0,310400000000000;swvl2;StdTime;15-07-68 00:00:00;0,273910239161251
BE23;2;3847,000000000000000;0,384700000000000;swvl2;StdTime;15-07-68 00:00:00;0,287731160385782
BE24;3;2706,000000000000000;0,270600000000000;swvl2;StdTime;15-07-68 00:00:00;0,330673733680714
BE25;4;4010,000000000000000;0,401000000000000;swvl2;StdTime;15-07-68 00:00:00;0,311734379460092
BE31;5;1403,000000000000000;0,140300000000000;swvl2;StdTime;15-07-68 00:00:00;0,340986767413356
BE32;6;4820,000000000000000;0,482000000000000;swvl2;StdTime;15-07-68 00:00:00;0,339547343935462
BE10;7;209,000000000000000;0,020900000000000;swvl2;StdTime;15-07-68 00:00:00;0,341405501063360
BE21;8;3689,000000000000000;0,368900000000000;swvl2;StdTime;15-07-68 00:00:00;0,250039667937289
BE33;9;4899,000000000000000;0,489900000000000;swvl2;StdTime;15-07-68 00:00:00;0,354945133032422
BE34;10;5582,000000000000000;0,558200000000000;swvl2;StdTime;15-07-68 00:00:00;0,331011583595475
BE35;11;4637,000000000000000;0,463700000000000;swvl2;StdTime;15-07-68 00:00:00;0,341375939523914
BE22;1;3104,000000000000000;0,310400000000000;swvl2;StdTime;15-07-69 00:00:00;0,259862399381614
BE23;2;3847,000000000000000;0,384700000000000;swvl2;StdTime;15-07-69 00:00:00;0,278902508351348
BE24;3;2706,000000000000000;0,270600000000000;swvl2;StdTime;15-07-69 00:00:00;0,314274452621199
BE25;4;4010,000000000000000;0,401000000000000;swvl2;StdTime;15-07-69 00:00:00;0,302330405014263
BE31;5;1403,000000000000000;0,140300000000000;swvl2;StdTime;15-07-69 00:00:00;0,336420060096259
BE32;6;4820,000000000000000;0,482000000000000;swvl2;StdTime;15-07-69 00:00:00;0,343435047171176
BE10;7;209,000000000000000;0,020900000000000;swvl2;StdTime;15-07-69 00:00:00;0,327694932524667
BE21;8;3689,000000000000000;0,368900000000000;swvl2;StdTime;15-07-69 00:00:00;0,224606808082105
BE33;9;4899,000000000000000;0,489900000000000;swvl2;StdTime;15-07-69 00:00:00;0,347249447295656
BE34;10;5582,000000000000000;0,558200000000000;swvl2;StdTime;15-07-69 00:00:00;0,324097361662554
BE35;11;4637,000000000000000;0,463700000000000;swvl2;StdTime;15-07-69 00:00:00;0,337082988368249
BE22;1;3104,000000000000000;0,310400000000000;swvl2;StdTime;15-07-70 00:00:00;0,237336250574126
BE23;2;3847,000000000000000;0,384700000000000;swvl2;StdTime;15-07-70 00:00:00;0,213561360270350
BE24;3;2706,000000000000000;0,270600000000000;swvl2;StdTime;15-07-70 00:00:00;0,270347461913879
BE25;4;4010,000000000000000;0,401000000000000;swvl2;StdTime;15-07-70 00:00:00;0,227654610128325
BE31;5;1403,000000000000000;0,140300000000000;swvl2;StdTime;15-07-70 00:00:00;0,284877008633026
BE32;6;4820,000000000000000;0,482000000000000;swvl2;StdTime;15-07-70 00:00:00;0,281420259935108
BE10;7;209,000000000000000;0,020900000000000;swvl2;StdTime;15-07-70 00:00:00;0,269501360837352
BE21;8;3689,000000000000000;0,368900000000000;swvl2;StdTime;15-07-70 00:00:00;0,182834522551753
BE33;9;4899,000000000000000;0,489900000000000;swvl2;StdTime;15-07-70 00:00:00;0,335579350502497
BE34;10;5582,000000000000000;0,558200000000000;swvl2;StdTime;15-07-70 00:00:00;0,322347433229196
BE35;11;4637,000000000000000;0,463700000000000;swvl2;StdTime;15-07-70 00:00:00;0,320526940711541
BE22;1;3104,000000000000000;0,310400000000000;swvl2;StdTime;15-07-71 00:00:00;0,249416498817772
BE23;2;3847,000000000000000;0,384700000000000;swvl2;StdTime;15-07-71 00:00:00;0,251710328125074
BE24;3;2706,000000000000000;0,270600000000000;swvl2;StdTime;15-07-71 00:00:00;0,303546317499916
BE25;4;4010,000000000000000;0,401000000000000;swvl2;StdTime;15-07-71 00:00:00;0,267401684036576
BE31;5;1403,000000000000000;0,140300000000000;swvl2;StdTime;15-07-71 00:00:00;0,318162211862871
BE32;6;4820,000000000000000;0,482000000000000;swvl2;StdTime;15-07-71 00:00:00;0,319098970522772
BE10;7;209,000000000000000;0,020900000000000;swvl2;StdTime;15-07-71 00:00:00;0,311637697322517
BE21;8;3689,000000000000000;0,368900000000000;swvl2;StdTime;15-07-71 00:00:00;0,223901830930702
BE33;9;4899,000000000000000;0,489900000000000;swvl2;StdTime;15-07-71 00:00:00;0,315557874357440
BE34;10;5582,000000000000000;0,558200000000000;swvl2;StdTime;15-07-71 00:00:00;0,294072927443283
BE35;11;4637,000000000000000;0,463700000000000;swvl2;StdTime;15-07-71 00:00:00;0,314998404840110
BE22;1;3104,000000000000000;0,310400000000000;swvl2;StdTime;15-07-72 00:00:00;0,303286893427679
BE23;2;3847,000000000000000;0,384700000000000;swvl2;StdTime;15-07-72 00:00:00;0,299296816920875
BE24;3;2706,000000000000000;0,270600000000000;swvl2;StdTime;15-07-72 00:00:00;0,354342799862270
BE25;4;4010,000000000000000;0,401000000000000;swvl2;StdTime;15-07-72 00:00:00;0,305067826160915
BE31;5;1403,000000000000000;0,140300000000000;swvl2;StdTime;15-07-72 00:00:00;0,374331860226218
BE32;6;4820,000000000000000;0,482000000000000;swvl2;StdTime;15-07-72 00:00:00;0,368669813494217
BE10;7;209,000000000000000;0,020900000000000;swvl2;StdTime;15-07-72 00:00:00;0,368392093044719
BE21;8;3689,000000000000000;0,368900000000000;swvl2;StdTime;15-07-72 00:00:00;0,265584916740809
BE33;9;4899,000000000000000;0,489900000000000;swvl2;StdTime;15-07-72 00:00:00;0,385301973788585
BE34;10;5582,000000000000000;0,558200000000000;swvl2;StdTime;15-07-72 00:00:00;0,365051582703898
BE35;11;4637,000000000000000;0,463700000000000;swvl2;StdTime;15-07-72 00:00:00;0,381791749711641
BE22;1;3104,000000000000000;0,310400000000000;swvl2;StdTime;15-07-73 00:00:00;0,225003033559577
BE23;2;3847,000000000000000;0,384700000000000;swvl2;StdTime;15-07-73 00:00:00;0,240106001159325
BE24;3;2706,000000000000000;0,270600000000000;swvl2;StdTime;15-07-73 00:00:00;0,272787203942064
BE25;4;4010,000000000000000;0,401000000000000;swvl2;StdTime;15-07-73 00:00:00;0,258173917416028
BE31;5;1403,000000000000000;0,140300000000000;swvl2;StdTime;15-07-73 00:00:00;0,276251924947084
BE32;6;4820,000000000000000;0,482000000000000;swvl2;StdTime;15-07-73 00:00:00;0,280290062972866
BE10;7;209,000000000000000;0,020900000000000;swvl2;StdTime;15-07-73 00:00:00;0,280703682648508
BE21;8;3689,000000000000000;0,368900000000000;swvl2;StdTime;15-07-73 00:00:00;0,199616337430835
BE33;9;4899,000000000000000;0,489900000000000;swvl2;StdTime;15-07-73 00:00:00;0,292481285475984
BE34;10;5582,000000000000000;0,558200000000000;swvl2;StdTime;15-07-73 00:00:00;0,274707394335399
BE35;11;4637,000000000000000;0,463700000000000;swvl2;StdTime;15-07-73 00:00:00;0,278438316617568
BE22;1;3104,000000000000000;0,310400000000000;swvl2;StdTime;15-07-74 00:00:00;0,266708811130567
BE23;2;3847,000000000000000;0,384700000000000;swvl2;StdTime;15-07-74 00:00:00;0,248554675152062
BE24;3;2706,000000000000000;0,270600000000000;swvl2;StdTime;15-07-74 00:00:00;0,298668208298688
BE25;4;4010,000000000000000;0,401000000000000;swvl2;StdTime;15-07-74 00:00:00;0,266613994007396
BE31;5;1403,000000000000000;0,140300000000000;swvl2;StdTime;15-07-74 00:00:00;0,320000414604471
BE32;6;4820,000000000000000;0,482000000000000;swvl2;StdTime;15-07-74 00:00:00;0,314447608961110
BE10;7;209,000000000000000;0,020900000000000;swvl2;StdTime;15-07-74 00:00:00;0,301008009454280
BE21;8;3689,000000000000000;0,368900000000000;swvl2;StdTime;15-07-74 00:00:00;0,218565169971272
BE33;9;4899,000000000000000;0,489900000000000;swvl2;StdTime;15-07-74 00:00:00;0,342233217931763
BE34;10;5582,000000000000000;0,558200000000000;swvl2;StdTime;15-07-74 00:00:00;0,320372997918936
BE35;11;4637,000000000000000;0,463700000000000;swvl2;StdTime;15-07-74 00:00:00;0,330954293495678
BE22;1;3104,000000000000000;0,310400000000000;swvl2;StdTime;15-07-75 00:00:00;0,240526304561069
BE23;2;3847,000000000000000;0,384700000000000;swvl2;StdTime;15-07-75 00:00:00;0,232442338175516
BE24;3;2706,000000000000000;0,270600000000000;swvl2;StdTime;15-07-75 00:00:00;0,291576109077652
BE25;4;4010,000000000000000;0,401000000000000;swvl2;StdTime;15-07-75 00:00:00;0,258082889165367
BE31;5;1403,000000000000000;0,140300000000000;swvl2;StdTime;15-07-75 00:00:00;0,310928889792558
BE32;6;4820,000000000000000;0,482000000000000;swvl2;StdTime;15-07-75 00:00:00;0,300017219089374
BE10;7;209,000000000000000;0,020900000000000;swvl2;StdTime;15-07-75 00:00:00;0,296296937186182
BE21;8;3689,000000000000000;0,368900000000000;swvl2;StdTime;15-07-75 00:00:00;0,203137321454718
BE33;9;4899,000000000000000;0,489900000000000;swvl2;StdTime;15-07-75 00:00:00;0,315666597962354
BE34;10;5582,000000000000000;0,558200000000000;swvl2;StdTime;15-07-75 00:00:00;0,275053990761233
BE35;11;4637,000000000000000;0,463700000000000;swvl2;StdTime;15-07-75 00:00:00;0,305279676246314
BE22;1;3104,000000000000000;0,310400000000000;swvl2;StdTime;15-07-76 00:00:00;0,164900046564428
BE23;2;3847,000000000000000;0,384700000000000;swvl2;StdTime;15-07-76 00:00:00;0,129887008840523
BE24;3;2706,000000000000000;0,270600000000000;swvl2;StdTime;15-07-76 00:00:00;0,193681439482562
BE25;4;4010,000000000000000;0,401000000000000;swvl2;StdTime;15-07-76 00:00:00;0,142060175775887
BE31;5;1403,000000000000000;0,140300000000000;swvl2;StdTime;15-07-76 00:00:00;0,214143647352288
BE32;6;4820,000000000000000;0,482000000000000;swvl2;StdTime;15-07-76 00:00:00;0,202612882119863
BE10;7;209,000000000000000;0,020900000000000;swvl2;StdTime;15-07-76 00:00:00;0,196843003114445
BE21;8;3689,000000000000000;0,368900000000000;swvl2;StdTime;15-07-76 00:00:00;0,106850018367821
BE33;9;4899,000000000000000;0,489900000000000;swvl2;StdTime;15-07-76 00:00:00;0,231535558488617
BE34;10;5582,000000000000000;0,558200000000000;swvl2;StdTime;15-07-76 00:00:00;0,207507508669071
BE35;11;4637,000000000000000;0,463700000000000;swvl2;StdTime;15-07-76 00:00:00;0,224322839170303
BE22;1;3104,000000000000000;0,310400000000000;swvl2;StdTime;15-07-77 00:00:00;0,268857683751195
BE23;2;3847,000000000000000;0,384700000000000;swvl2;StdTime;15-07-77 00:00:00;0,255944776099659
BE24;3;2706,000000000000000;0,270600000000000;swvl2;StdTime;15-07-77 00:00:00;0,311988070706306
BE25;4;4010,000000000000000;0,401000000000000;swvl2;StdTime;15-07-77 00:00:00;0,268981103758859
BE31;5;1403,000000000000000;0,140300000000000;swvl2;StdTime;15-07-77 00:00:00;0,335205419226706
BE32;6;4820,000000000000000;0,482000000000000;swvl2;StdTime;15-07-77 00:00:00;0,329198314416459
BE10;7;209,000000000000000;0,020900000000000;swvl2;StdTime;15-07-77 00:00:00;0,319983279163187
BE21;8;3689,000000000000000;0,368900000000000;swvl2;StdTime;15-07-77 00:00:00;0,218573949166707
BE33;9;4899,000000000000000;0,489900000000000;swvl2;StdTime;15-07-77 00:00:00;0,350133139549603
BE34;10;5582,000000000000000;0,558200000000000;swvl2;StdTime;15-07-77 00:00:00;0,330306396587737
BE35;11;4637,000000000000000;0,463700000000000;swvl2;StdTime;15-07-77 00:00:00;0,342511010987507
BE22;1;3104,000000000000000;0,310400000000000;swvl2;StdTime;15-07-78 00:00:00;0,253439226538212
BE23;2;3847,000000000000000;0,384700000000000;swvl2;StdTime;15-07-78 00:00:00;0,265119578692242
BE24;3;2706,000000000000000;0,270600000000000;swvl2;StdTime;15-07-78 00:00:00;0,305988695381618
BE25;4;4010,000000000000000;0,401000000000000;swvl2;StdTime;15-07-78 00:00:00;0,293453735934380
BE31;5;1403,000000000000000;0,140300000000000;swvl2;StdTime;15-07-78 00:00:00;0,325313835486462
BE32;6;4820,000000000000000;0,482000000000000;swvl2;StdTime;15-07-78 00:00:00;0,337325919577195
BE10;7;209,000000000000000;0,020900000000000;swvl2;StdTime;15-07-78 00:00:00;0,318697942215860
BE21;8;3689,000000000000000;0,368900000000000;swvl2;StdTime;15-07-78 00:00:00;0,208707166113127
BE33;9;4899,000000000000000;0,489900000000000;swvl2;StdTime;15-07-78 00:00:00;0,334848303598004
BE34;10;5582,000000000000000;0,558200000000000;swvl2;StdTime;15-07-78 00:00:00;0,316699044592745
BE35;11;4637,000000000000000;0,463700000000000;swvl2;StdTime;15-07-78 00:00:00;0,340117106528691
BE22;1;3104,000000000000000;0,310400000000000;swvl2;StdTime;15-07-79 00:00:00;0,251777725697485
BE23;2;3847,000000000000000;0,384700000000000;swvl2;StdTime;15-07-79 00:00:00;0,258350042009899
BE24;3;2706,000000000000000;0,270600000000000;swvl2;StdTime;15-07-79 00:00:00;0,300574963594355
BE25;4;4010,000000000000000;0,401000000000000;swvl2;StdTime;15-07-79 00:00:00;0,275389488123153
BE31;5;1403,000000000000000;0,140300000000000;swvl2;StdTime;15-07-79 00:00:00;0,312944281912665
BE32;6;4820,000000000000000;0,482000000000000;swvl2;StdTime;15-07-79 00:00:00;0,315345062729728
BE10;7;209,000000000000000;0,020900000000000;swvl2;StdTime;15-07-79 00:00:00;0,308050207116387
BE21;8;3689,000000000000000;0,368900000000000;swvl2;StdTime;15-07-79 00:00:00;0,220793099346346
BE33;9;4899,000000000000000;0,489900000000000;swvl2;StdTime;15-07-79 00:00:00;0,329894048701892
BE34;10;5582,000000000000000;0,558200000000000;swvl2;StdTime;15-07-79 00:00:00;0,307689824115200
BE35;11;4637,000000000000000;0,463700000000000;swvl2;StdTime;15-07-79 00:00:00;0,323433463516126
BE22;1;3104,000000000000000;0,310400000000000;swvl2;StdTime;15-07-80 00:00:00;0,262769951893151
BE23;2;3847,000000000000000;0,384700000000000;swvl2;StdTime;15-07-80 00:00:00;0,269998793625075
BE24;3;2706,000000000000000;0,270600000000000;swvl2;StdTime;15-07-80 00:00:00;0,314542539428757
BE25;4;4010,000000000000000;0,401000000000000;swvl2;StdTime;15-07-80 00:00:00;0,292143279332621
BE31;5;1403,000000000000000;0,140300000000000;swvl2;StdTime;15-07-80 00:00:00;0,340636018464502
BE32;6;4820,000000000000000;0,482000000000000;swvl2;StdTime;15-07-80 00:00:00;0,340650429406601
BE10;7;209,000000000000000;0,020900000000000;swvl2;StdTime;15-07-80 00:00:00;0,324467442109824
BE21;8;3689,000000000000000;0,368900000000000;swvl2;StdTime;15-07-80 00:00:00;0,223301248333582
BE33;9;4899,000000000000000;0,489900000000000;swvl2;StdTime;15-07-80 00:00:00;0,361918702140636
BE34;10;5582,000000000000000;0,558200000000000;swvl2;StdTime;15-07-80 00:00:00;0,355182870664569
BE35;11;4637,000000000000000;0,463700000000000;swvl2;StdTime;15-07-80 00:00:00;0,360247869609321
BE22;1;3104,000000000000000;0,310400000000000;swvl2;StdTime;15-07-81 00:00:00;0,285375199554315
BE23;2;3847,000000000000000;0,384700000000000;swvl2;StdTime;15-07-81 00:00:00;0,280528572327228
BE24;3;2706,000000000000000;0,270600000000000;swvl2;StdTime;15-07-81 00:00:00;0,329014889670141
BE25;4;4010,000000000000000;0,401000000000000;swvl2;StdTime;15-07-81 00:00:00;0,305762497690550
BE31;5;1403,000000000000000;0,140300000000000;swvl2;StdTime;15-07-81 00:00:00;0,352657650082942
BE32;6;4820,000000000000000;0,482000000000000;swvl2;StdTime;15-07-81 00:00:00;0,352370203487358
BE10;7;209,000000000000000;0,020900000000000;swvl2;StdTime;15-07-81 00:00:00;0,336738766665664
BE21;8;3689,000000000000000;0,368900000000000;swvl2;StdTime;15-07-81 00:00:00;0,233475600281166
BE33;9;4899,000000000000000;0,489900000000000;swvl2;StdTime;15-07-81 00:00:00;0,375774963604330
BE34;10;5582,000000000000000;0,558200000000000;swvl2;StdTime;15-07-81 00:00:00;0,359767786421706
BE35;11;4637,000000000000000;0,463700000000000;swvl2;StdTime;15-07-81 00:00:00;0,367025285213704
BE22;1;3104,000000000000000;0,310400000000000;swvl2;StdTime;15-07-82 00:00:00;0,235938055877641
BE23;2;3847,000000000000000;0,384700000000000;swvl2;StdTime;15-07-82 00:00:00;0,225259485967072
BE24;3;2706,000000000000000;0,270600000000000;swvl2;StdTime;15-07-82 00:00:00;0,267396599709635
BE25;4;4010,000000000000000;0,401000000000000;swvl2;StdTime;15-07-82 00:00:00;0,267777430869992
BE31;5;1403,000000000000000;0,140300000000000;swvl2;StdTime;15-07-82 00:00:00;0,287549460180640
BE32;6;4820,000000000000000;0,482000000000000;swvl2;StdTime;15-07-82 00:00:00;0,294887313364205
BE10;7;209,000000000000000;0,020900000000000;swvl2;StdTime;15-07-82 00:00:00;0,267525534880789
BE21;8;3689,000000000000000;0,368900000000000;swvl2;StdTime;15-07-82 00:00:00;0,183348646248605
BE33;9;4899,000000000000000;0,489900000000000;swvl2;StdTime;15-07-82 00:00:00;0,326760742026316
BE34;10;5582,000000000000000;0,558200000000000;swvl2;StdTime;15-07-82 00:00:00;0,301770914056339
BE35;11;4637,000000000000000;0,463700000000000;swvl2;StdTime;15-07-82 00:00:00;0,311203260507362
BE22;1;3104,000000000000000;0,310400000000000;swvl2;StdTime;15-07-83 00:00:00;0,216891265311038
BE23;2;3847,000000000000000;0,384700000000000;swvl2;StdTime;15-07-83 00:00:00;0,206929775900521
BE24;3;2706,000000000000000;0,270600000000000;swvl2;StdTime;15-07-83 00:00:00;0,262387865194769
BE25;4;4010,000000000000000;0,401000000000000;swvl2;StdTime;15-07-83 00:00:00;0,244015182993210
BE31;5;1403,000000000000000;0,140300000000000;swvl2;StdTime;15-07-83 00:00:00;0,275532289521658
BE32;6;4820,000000000000000;0,482000000000000;swvl2;StdTime;15-07-83 00:00:00;0,278854566361153
BE10;7;209,000000000000000;0,020900000000000;swvl2;StdTime;15-07-83 00:00:00;0,268269370617479
BE21;8;3689,000000000000000;0,368900000000000;swvl2;StdTime;15-07-83 00:00:00;0,174265793116960
BE33;9;4899,000000000000000;0,489900000000000;swvl2;StdTime;15-07-83 00:00:00;0,280407839714203
BE34;10;5582,000000000000000;0,558200000000000;swvl2;StdTime;15-07-83 00:00:00;0,257612608124901
BE35;11;4637,000000000000000;0,463700000000000;swvl2;StdTime;15-07-83 00:00:00;0,284028454821301
BE22;1;3104,000000000000000;0,310400000000000;swvl2;StdTime;15-07-84 00:00:00;0,244371690259305
BE23;2;3847,000000000000000;0,384700000000000;swvl2;StdTime;15-07-84 00:00:00;0,257245383128304
BE24;3;2706,000000000000000;0,270600000000000;swvl2;StdTime;15-07-84 00:00:00;0,289195386721792
BE25;4;4010,000000000000000;0,401000000000000;swvl2;StdTime;15-07-84 00:00:00;0,281368257209399
BE31;5;1403,000000000000000;0,140300000000000;swvl2;StdTime;15-07-84 00:00:00;0,290640246672709
BE32;6;4820,000000000000000;0,482000000000000;swvl2;StdTime;15-07-84 00:00:00;0,297531177208631
BE10;7;209,000000000000000;0,020900000000000;swvl2;StdTime;15-07-84 00:00:00;0,297349598989532
BE21;8;3689,000000000000000;0,368900000000000;swvl2;StdTime;15-07-84 00:00:00;0,215507548771987
BE33;9;4899,000000000000000;0,489900000000000;swvl2;StdTime;15-07-84 00:00:00;0,316531075971859
BE34;10;5582,000000000000000;0,558200000000000;swvl2;StdTime;15-07-84 00:00:00;0,292607343272149
BE35;11;4637,000000000000000;0,463700000000000;swvl2;StdTime;15-07-84 00:00:00;0,292414443436845
BE22;1;3104,000000000000000;0,310400000000000;swvl2;StdTime;15-07-85 00:00:00;0,279853274186439
BE23;2;3847,000000000000000;0,384700000000000;swvl2;StdTime;15-07-85 00:00:00;0,285289167672249
BE24;3;2706,000000000000000;0,270600000000000;swvl2;StdTime;15-07-85 00:00:00;0,324903894884887
BE25;4;4010,000000000000000;0,401000000000000;swvl2;StdTime;15-07-85 00:00:00;0,301041293686762
BE31;5;1403,000000000000000;0,140300000000000;swvl2;StdTime;15-07-85 00:00:00;0,336572258177605
BE32;6;4820,000000000000000;0,482000000000000;swvl2;StdTime;15-07-85 00:00:00;0,332432525608055
BE10;7;209,000000000000000;0,020900000000000;swvl2;StdTime;15-07-85 00:00:00;0,332661144613649
BE21;8;3689,000000000000000;0,368900000000000;swvl2;StdTime;15-07-85 00:00:00;0,249731258155693
BE33;9;4899,000000000000000;0,489900000000000;swvl2;StdTime;15-07-85 00:00:00;0,351898499954036
BE34;10;5582,000000000000000;0,558200000000000;swvl2;StdTime;15-07-85 00:00:00;0,328456211865845
BE35;11;4637,000000000000000;0,463700000000000;swvl2;StdTime;15-07-85 00:00:00;0,345391813513788
BE22;1;3104,000000000000000;0,310400000000000;swvl2;StdTime;15-07-86 00:00:00;0,205172176180004
BE23;2;3847,000000000000000;0,384700000000000;swvl2;StdTime;15-07-86 00:00:00;0,197990173677794
BE24;3;2706,000000000000000;0,270600000000000;swvl2;StdTime;15-07-86 00:00:00;0,243684235065405
BE25;4;4010,000000000000000;0,401000000000000;swvl2;StdTime;15-07-86 00:00:00;0,221532093779999
BE31;5;1403,000000000000000;0,140300000000000;swvl2;StdTime;15-07-86 00:00:00;0,262948550416670
BE32;6;4820,000000000000000;0,482000000000000;swvl2;StdTime;15-07-86 00:00:00;0,267548265722407
BE10;7;209,000000000000000;0,020900000000000;swvl2;StdTime;15-07-86 00:00:00;0,252636266382117
BE21;8;3689,000000000000000;0,368900000000000;swvl2;StdTime;15-07-86 00:00:00;0,161318325445431
BE33;9;4899,000000000000000;0,489900000000000;swvl2;StdTime;15-07-86 00:00:00;0,306191485295323
BE34;10;5582,000000000000000;0,558200000000000;swvl2;StdTime;15-07-86 00:00:00;0,293504466066776
BE35;11;4637,000000000000000;0,463700000000000;swvl2;StdTime;15-07-86 00:00:00;0,291207577992236
BE22;1;3104,000000000000000;0,310400000000000;swvl2;StdTime;15-07-87 00:00:00;0,287688329537428
BE23;2;3847,000000000000000;0,384700000000000;swvl2;StdTime;15-07-87 00:00:00;0,298491420004006
BE24;3;2706,000000000000000;0,270600000000000;swvl2;StdTime;15-07-87 00:00:00;0,344813382138786
BE25;4;4010,000000000000000;0,401000000000000;swvl2;StdTime;15-07-87 00:00:00;0,322225683942401
BE31;5;1403,000000000000000;0,140300000000000;swvl2;StdTime;15-07-87 00:00:00;0,362653552551228
BE32;6;4820,000000000000000;0,482000000000000;swvl2;StdTime;15-07-87 00:00:00;0,363971458394003
BE10;7;209,000000000000000;0,020900000000000;swvl2;StdTime;15-07-87 00:00:00;0,357975350612659
BE21;8;3689,000000000000000;0,368900000000000;swvl2;StdTime;15-07-87 00:00:00;0,262100514421362
BE33;9;4899,000000000000000;0,489900000000000;swvl2;StdTime;15-07-87 00:00:00;0,372841068343694
BE34;10;5582,000000000000000;0,558200000000000;swvl2;StdTime;15-07-87 00:00:00;0,363036468873332
BE35;11;4637,000000000000000;0,463700000000000;swvl2;StdTime;15-07-87 00:00:00;0,373895232575141
BE22;1;3104,000000000000000;0,310400000000000;swvl2;StdTime;15-07-88 00:00:00;0,248430394951600
BE23;2;3847,000000000000000;0,384700000000000;swvl2;StdTime;15-07-88 00:00:00;0,232499454051357
BE24;3;2706,000000000000000;0,270600000000000;swvl2;StdTime;15-07-88 00:00:00;0,278645673429446
BE25;4;4010,000000000000000;0,401000000000000;swvl2;StdTime;15-07-88 00:00:00;0,266464777785050
BE31;5;1403,000000000000000;0,140300000000000;swvl2;StdTime;15-07-88 00:00:00;0,292790473442119
BE32;6;4820,000000000000000;0,482000000000000;swvl2;StdTime;15-07-88 00:00:00;0,291629233622452
BE10;7;209,000000000000000;0,020900000000000;swvl2;StdTime;15-07-88 00:00:00;0,278285663236271
BE21;8;3689,000000000000000;0,368900000000000;swvl2;StdTime;15-07-88 00:00:00;0,200786613863023
BE33;9;4899,000000000000000;0,489900000000000;swvl2;StdTime;15-07-88 00:00:00;0,315936356442246
BE34;10;5582,000000000000000;0,558200000000000;swvl2;StdTime;15-07-88 00:00:00;0,298241506561248
BE35;11;4637,000000000000000;0,463700000000000;swvl2;StdTime;15-07-88 00:00:00;0,311787336801233
BE22;1;3104,000000000000000;0,310400000000000;swvl2;StdTime;15-07-89 00:00:00;0,170769749578934
BE23;2;3847,000000000000000;0,384700000000000;swvl2;StdTime;15-07-89 00:00:00;0,150535667604181
BE24;3;2706,000000000000000;0,270600000000000;swvl2;StdTime;15-07-89 00:00:00;0,195917870634609
BE25;4;4010,000000000000000;0,401000000000000;swvl2;StdTime;15-07-89 00:00:00;0,177035301130386
BE31;5;1403,000000000000000;0,140300000000000;swvl2;StdTime;15-07-89 00:00:00;0,207202406160677
BE32;6;4820,000000000000000;0,482000000000000;swvl2;StdTime;15-07-89 00:00:00;0,211632841123709
BE10;7;209,000000000000000;0,020900000000000;swvl2;StdTime;15-07-89 00:00:00;0,200170174098471
BE21;8;3689,000000000000000;0,368900000000000;swvl2;StdTime;15-07-89 00:00:00;0,123728332676016
BE33;9;4899,000000000000000;0,489900000000000;swvl2;StdTime;15-07-89 00:00:00;0,238781680925010
BE34;10;5582,000000000000000;0,558200000000000;swvl2;StdTime;15-07-89 00:00:00;0,231133184968005
BE35;11;4637,000000000000000;0,463700000000000;swvl2;StdTime;15-07-89 00:00:00;0,228812621640881
BE22;1;3104,000000000000000;0,310400000000000;swvl2;StdTime;15-07-90 00:00:00;0,198328964964285
BE23;2;3847,000000000000000;0,384700000000000;swvl2;StdTime;15-07-90 00:00:00;0,187571777977400
BE24;3;2706,000000000000000;0,270600000000000;swvl2;StdTime;15-07-90 00:00:00;0,234571396819944
BE25;4;4010,000000000000000;0,401000000000000;swvl2;StdTime;15-07-90 00:00:00;0,197434549137690
BE31;5;1403,000000000000000;0,140300000000000;swvl2;StdTime;15-07-90 00:00:00;0,249877201537957
BE32;6;4820,000000000000000;0,482000000000000;swvl2;StdTime;15-07-90 00:00:00;0,242872913008656
BE10;7;209,000000000000000;0,020900000000000;swvl2;StdTime;15-07-90 00:00:00;0,236660800909882
BE21;8;3689,000000000000000;0,368900000000000;swvl2;StdTime;15-07-90 00:00:00;0,159363819282693
BE33;9;4899,000000000000000;0,489900000000000;swvl2;StdTime;15-07-90 00:00:00;0,271573940663466
BE34;10;5582,000000000000000;0,558200000000000;swvl2;StdTime;15-07-90 00:00:00;0,249113745892648
BE35;11;4637,000000000000000;0,463700000000000;swvl2;StdTime;15-07-90 00:00:00;0,260134793405058
BE22;1;3104,000000000000000;0,310400000000000;swvl2;StdTime;15-07-91 00:00:00;0,224253090064896
BE23;2;3847,000000000000000;0,384700000000000;swvl2;StdTime;15-07-91 00:00:00;0,254419112681165
BE24;3;2706,000000000000000;0,270600000000000;swvl2;StdTime;15-07-91 00:00:00;0,285588768880101
BE25;4;4010,000000000000000;0,401000000000000;swvl2;StdTime;15-07-91 00:00:00;0,289891017546083
BE31;5;1403,000000000000000;0,140300000000000;swvl2;StdTime;15-07-91 00:00:00;0,300287081782340
BE32;6;4820,000000000000000;0,482000000000000;swvl2;StdTime;15-07-91 00:00:00;0,307901346176491
BE10;7;209,000000000000000;0,020900000000000;swvl2;StdTime;15-07-91 00:00:00;0,297808780767130
BE21;8;3689,000000000000000;0,368900000000000;swvl2;StdTime;15-07-91 00:00:00;0,199577393809545
BE33;9;4899,000000000000000;0,489900000000000;swvl2;StdTime;15-07-91 00:00:00;0,304005601346966
BE34;10;5582,000000000000000;0,558200000000000;swvl2;StdTime;15-07-91 00:00:00;0,266488650361885
BE35;11;4637,000000000000000;0,463700000000000;swvl2;StdTime;15-07-91 00:00:00;0,295319425512137
BE22;1;3104,000000000000000;0,310400000000000;swvl2;StdTime;15-07-92 00:00:00;0,243867852677082
BE23;2;3847,000000000000000;0,384700000000000;swvl2;StdTime;15-07-92 00:00:00;0,250532710876811
BE24;3;2706,000000000000000;0,270600000000000;swvl2;StdTime;15-07-92 00:00:00;0,292657609337890
BE25;4;4010,000000000000000;0,401000000000000;swvl2;StdTime;15-07-92 00:00:00;0,285379234565761
BE31;5;1403,000000000000000;0,140300000000000;swvl2;StdTime;15-07-92 00:00:00;0,313446568427389
BE32;6;4820,000000000000000;0,482000000000000;swvl2;StdTime;15-07-92 00:00:00;0,322818270709010
BE10;7;209,000000000000000;0,020900000000000;swvl2;StdTime;15-07-92 00:00:00;0,300847783756028
BE21;8;3689,000000000000000;0,368900000000000;swvl2;StdTime;15-07-92 00:00:00;0,206049679788867
BE33;9;4899,000000000000000;0,489900000000000;swvl2;StdTime;15-07-92 00:00:00;0,332779437224459
BE34;10;5582,000000000000000;0,558200000000000;swvl2;StdTime;15-07-92 00:00:00;0,309317835628325
BE35;11;4637,000000000000000;0,463700000000000;swvl2;StdTime;15-07-92 00:00:00;0,317511234794785
BE22;1;3104,000000000000000;0,310400000000000;swvl2;StdTime;15-07-93 00:00:00;0,215855244739154
BE23;2;3847,000000000000000;0,384700000000000;swvl2;StdTime;15-07-93 00:00:00;0,224497143273110
BE24;3;2706,000000000000000;0,270600000000000;swvl2;StdTime;15-07-93 00:00:00;0,256714560168590
BE25;4;4010,000000000000000;0,401000000000000;swvl2;StdTime;15-07-93 00:00:00;0,247777761139923
BE31;5;1403,000000000000000;0,140300000000000;swvl2;StdTime;15-07-93 00:00:00;0,265133433590934
BE32;6;4820,000000000000000;0,482000000000000;swvl2;StdTime;15-07-93 00:00:00;0,281256291709253
BE10;7;209,000000000000000;0,020900000000000;swvl2;StdTime;15-07-93 00:00:00;0,261033981468119
BE21;8;3689,000000000000000;0,368900000000000;swvl2;StdTime;15-07-93 00:00:00;0,191947016035938
BE33;9;4899,000000000000000;0,489900000000000;swvl2;StdTime;15-07-93 00:00:00;0,289670396627370
BE34;10;5582,000000000000000;0,558200000000000;swvl2;StdTime;15-07-93 00:00:00;0,247388377556105
BE35;11;4637,000000000000000;0,463700000000000;swvl2;StdTime;15-07-93 00:00:00;0,270806096380117
BE22;1;3104,000000000000000;0,310400000000000;swvl2;StdTime;15-07-94 00:00:00;0,188260661015652
BE23;2;3847,000000000000000;0,384700000000000;swvl2;StdTime;15-07-94 00:00:00;0,201857112551436
BE24;3;2706,000000000000000;0,270600000000000;swvl2;StdTime;15-07-94 00:00:00;0,245221145368468
BE25;4;4010,000000000000000;0,401000000000000;swvl2;StdTime;15-07-94 00:00:00;0,229478674370823
BE31;5;1403,000000000000000;0,140300000000000;swvl2;StdTime;15-07-94 00:00:00;0,257265465924847
BE32;6;4820,000000000000000;0,482000000000000;swvl2;StdTime;15-07-94 00:00:00;0,260641110809017
BE10;7;209,000000000000000;0,020900000000000;swvl2;StdTime;15-07-94 00:00:00;0,254911669561167
BE21;8;3689,000000000000000;0,368900000000000;swvl2;StdTime;15-07-94 00:00:00;0,172861482957153
BE33;9;4899,000000000000000;0,489900000000000;swvl2;StdTime;15-07-94 00:00:00;0,266720201308372
BE34;10;5582,000000000000000;0,558200000000000;swvl2;StdTime;15-07-94 00:00:00;0,260172528272480
BE35;11;4637,000000000000000;0,463700000000000;swvl2;StdTime;15-07-94 00:00:00;0,259210647161547
BE22;1;3104,000000000000000;0,310400000000000;swvl2;StdTime;15-07-95 00:00:00;0,202091910045824
BE23;2;3847,000000000000000;0,384700000000000;swvl2;StdTime;15-07-95 00:00:00;0,196972247560767
BE24;3;2706,000000000000000;0,270600000000000;swvl2;StdTime;15-07-95 00:00:00;0,238220954863169
BE25;4;4010,000000000000000;0,401000000000000;swvl2;StdTime;15-07-95 00:00:00;0,207413294567655
BE31;5;1403,000000000000000;0,140300000000000;swvl2;StdTime;15-07-95 00:00:00;0,258199892476126
BE32;6;4820,000000000000000;0,482000000000000;swvl2;StdTime;15-07-95 00:00:00;0,258949568066977
BE10;7;209,000000000000000;0,020900000000000;swvl2;StdTime;15-07-95 00:00:00;0,246163303700931
BE21;8;3689,000000000000000;0,368900000000000;swvl2;StdTime;15-07-95 00:00:00;0,156493096824712
BE33;9;4899,000000000000000;0,489900000000000;swvl2;StdTime;15-07-95 00:00:00;0,277760921801613
BE34;10;5582,000000000000000;0,558200000000000;swvl2;StdTime;15-07-95 00:00:00;0,256394651841568
BE35;11;4637,000000000000000;0,463700000000000;swvl2;StdTime;15-07-95 00:00:00;0,267290535436150
BE22;1;3104,000000000000000;0,310400000000000;swvl2;StdTime;15-07-96 00:00:00;0,205720649283264
BE23;2;3847,000000000000000;0,384700000000000;swvl2;StdTime;15-07-96 00:00:00;0,184008733268942
BE24;3;2706,000000000000000;0,270600000000000;swvl2;StdTime;15-07-96 00:00:00;0,236291523612567
BE25;4;4010,000000000000000;0,401000000000000;swvl2;StdTime;15-07-96 00:00:00;0,203703295116190
BE31;5;1403,000000000000000;0,140300000000000;swvl2;StdTime;15-07-96 00:00:00;0,250934168101632
BE32;6;4820,000000000000000;0,482000000000000;swvl2;StdTime;15-07-96 00:00:00;0,245096066603398
BE10;7;209,000000000000000;0,020900000000000;swvl2;StdTime;15-07-96 00:00:00;0,238312448824992
BE21;8;3689,000000000000000;0,368900000000000;swvl2;StdTime;15-07-96 00:00:00;0,164558311411846
BE33;9;4899,000000000000000;0,489900000000000;swvl2;StdTime;15-07-96 00:00:00;0,270473572807084
BE34;10;5582,000000000000000;0,558200000000000;swvl2;StdTime;15-07-96 00:00:00;0,250865132540241
BE35;11;4637,000000000000000;0,463700000000000;swvl2;StdTime;15-07-96 00:00:00;0,249738553602787
BE22;1;3104,000000000000000;0,310400000000000;swvl2;StdTime;15-07-97 00:00:00;0,247093020775115
BE23;2;3847,000000000000000;0,384700000000000;swvl2;StdTime;15-07-97 00:00:00;0,244031641063890
BE24;3;2706,000000000000000;0,270600000000000;swvl2;StdTime;15-07-97 00:00:00;0,292645771604332
BE25;4;4010,000000000000000;0,401000000000000;swvl2;StdTime;15-07-97 00:00:00;0,271688633577485
BE31;5;1403,000000000000000;0,140300000000000;swvl2;StdTime;15-07-97 00:00:00;0,309439634733003
BE32;6;4820,000000000000000;0,482000000000000;swvl2;StdTime;15-07-97 00:00:00;0,315829852563464
BE10;7;209,000000000000000;0,020900000000000;swvl2;StdTime;15-07-97 00:00:00;0,297805581509211
BE21;8;3689,000000000000000;0,368900000000000;swvl2;StdTime;15-07-97 00:00:00;0,206908399612317
BE33;9;4899,000000000000000;0,489900000000000;swvl2;StdTime;15-07-97 00:00:00;0,329079447558619
BE34;10;5582,000000000000000;0,558200000000000;swvl2;StdTime;15-07-97 00:00:00;0,309322912615713
BE35;11;4637,000000000000000;0,463700000000000;swvl2;StdTime;15-07-97 00:00:00;0,322112160110001
BE22;1;3104,000000000000000;0,310400000000000;swvl2;StdTime;15-07-98 00:00:00;0,265209857945705
BE23;2;3847,000000000000000;0,384700000000000;swvl2;StdTime;15-07-98 00:00:00;0,253113134548916
BE24;3;2706,000000000000000;0,270600000000000;swvl2;StdTime;15-07-98 00:00:00;0,302069195842883
BE25;4;4010,000000000000000;0,401000000000000;swvl2;StdTime;15-07-98 00:00:00;0,282278207605914
BE31;5;1403,000000000000000;0,140300000000000;swvl2;StdTime;15-07-98 00:00:00;0,312414848859703
BE32;6;4820,000000000000000;0,482000000000000;swvl2;StdTime;15-07-98 00:00:00;0,309172262733655
BE10;7;209,000000000000000;0,020900000000000;swvl2;StdTime;15-07-98 00:00:00;0,303249057685359
BE21;8;3689,000000000000000;0,368900000000000;swvl2;StdTime;15-07-98 00:00:00;0,222357559536136
BE33;9;4899,000000000000000;0,489900000000000;swvl2;StdTime;15-07-98 00:00:00;0,330475117551184
BE34;10;5582,000000000000000;0,558200000000000;swvl2;StdTime;15-07-98 00:00:00;0,288856867403166
BE35;11;4637,000000000000000;0,463700000000000;swvl2;StdTime;15-07-98 00:00:00;0,314973352115833
BE22;1;3104,000000000000000;0,310400000000000;swvl2;StdTime;15-07-99 00:00:00;0,222648914260118
BE23;2;3847,000000000000000;0,384700000000000;swvl2;StdTime;15-07-99 00:00:00;0,219786342325414
BE24;3;2706,000000000000000;0,270600000000000;swvl2;StdTime;15-07-99 00:00:00;0,258303632498536
BE25;4;4010,000000000000000;0,401000000000000;swvl2;StdTime;15-07-99 00:00:00;0,254052456778630
BE31;5;1403,000000000000000;0,140300000000000;swvl2;StdTime;15-07-99 00:00:00;0,266836482694297
BE32;6;4820,000000000000000;0,482000000000000;swvl2;StdTime;15-07-99 00:00:00;0,264398606514164
BE10;7;209,000000000000000;0,020900000000000;swvl2;StdTime;15-07-99 00:00:00;0,258190367067830
BE21;8;3689,000000000000000;0,368900000000000;swvl2;StdTime;15-07-99 00:00:00;0,185209038963516
BE33;9;4899,000000000000000;0,489900000000000;swvl2;StdTime;15-07-99 00:00:00;0,285396371855739
BE34;10;5582,000000000000000;0,558200000000000;swvl2;StdTime;15-07-99 00:00:00;0,276511850281989
BE35;11;4637,000000000000000;0,463700000000000;swvl2;StdTime;15-07-99 00:00:00;0,274763616253030
BE22;1;3104,000000000000000;0,310400000000000;swvl2;StdTime;15-07-00 00:00:00;0,277213401804419
BE23;2;3847,000000000000000;0,384700000000000;swvl2;StdTime;15-07-00 00:00:00;0,280551633766356
BE24;3;2706,000000000000000;0,270600000000000;swvl2;StdTime;15-07-00 00:00:00;0,335021080189032
BE25;4;4010,000000000000000;0,401000000000000;swvl2;StdTime;15-07-00 00:00:00;0,291754749313258
BE31;5;1403,000000000000000;0,140300000000000;swvl2;StdTime;15-07-00 00:00:00;0,354957957906717
BE32;6;4820,000000000000000;0,482000000000000;swvl2;StdTime;15-07-00 00:00:00;0,351602229241019
BE10;7;209,000000000000000;0,020900000000000;swvl2;StdTime;15-07-00 00:00:00;0,348538268838773
BE21;8;3689,000000000000000;0,368900000000000;swvl2;StdTime;15-07-00 00:00:00;0,242293552073175
BE33;9;4899,000000000000000;0,489900000000000;swvl2;StdTime;15-07-00 00:00:00;0,351846578918590
BE34;10;5582,000000000000000;0,558200000000000;swvl2;StdTime;15-07-00 00:00:00;0,328121261234054
BE35;11;4637,000000000000000;0,463700000000000;swvl2;StdTime;15-07-00 00:00:00;0,351747690255924
BE22;1;3104,000000000000000;0,310400000000000;swvl2;StdTime;15-07-01 00:00:00;0,210435156758452
BE23;2;3847,000000000000000;0,384700000000000;swvl2;StdTime;15-07-01 00:00:00;0,234916008762920
BE24;3;2706,000000000000000;0,270600000000000;swvl2;StdTime;15-07-01 00:00:00;0,246725638316502
BE25;4;4010,000000000000000;0,401000000000000;swvl2;StdTime;15-07-01 00:00:00;0,269995202053515
BE31;5;1403,000000000000000;0,140300000000000;swvl2;StdTime;15-07-01 00:00:00;0,258667627616347
BE32;6;4820,000000000000000;0,482000000000000;swvl2;StdTime;15-07-01 00:00:00;0,280995051661715
BE10;7;209,000000000000000;0,020900000000000;swvl2;StdTime;15-07-01 00:00:00;0,251937309520667
BE21;8;3689,000000000000000;0,368900000000000;swvl2;StdTime;15-07-01 00:00:00;0,180288643279060
BE33;9;4899,000000000000000;0,489900000000000;swvl2;StdTime;15-07-01 00:00:00;0,288462197057907
BE34;10;5582,000000000000000;0,558200000000000;swvl2;StdTime;15-07-01 00:00:00;0,276572460045058
BE35;11;4637,000000000000000;0,463700000000000;swvl2;StdTime;15-07-01 00:00:00;0,279650064372852
BE22;1;3104,000000000000000;0,310400000000000;swvl2;StdTime;15-07-02 00:00:00;0,245419388233693
BE23;2;3847,000000000000000;0,384700000000000;swvl2;StdTime;15-07-02 00:00:00;0,243600436323861
BE24;3;2706,000000000000000;0,270600000000000;swvl2;StdTime;15-07-02 00:00:00;0,295366055062984
BE25;4;4010,000000000000000;0,401000000000000;swvl2;StdTime;15-07-02 00:00:00;0,281331304797062
BE31;5;1403,000000000000000;0,140300000000000;swvl2;StdTime;15-07-02 00:00:00;0,312923558359051
BE32;6;4820,000000000000000;0,482000000000000;swvl2;StdTime;15-07-02 00:00:00;0,313193872187642
BE10;7;209,000000000000000;0,020900000000000;swvl2;StdTime;15-07-02 00:00:00;0,299372492509596
BE21;8;3689,000000000000000;0,368900000000000;swvl2;StdTime;15-07-02 00:00:00;0,218314321501109
BE33;9;4899,000000000000000;0,489900000000000;swvl2;StdTime;15-07-02 00:00:00;0,303301970340398
BE34;10;5582,000000000000000;0,558200000000000;swvl2;StdTime;15-07-02 00:00:00;0,262812516835910
BE35;11;4637,000000000000000;0,463700000000000;swvl2;StdTime;15-07-02 00:00:00;0,305306146396551
BE22;1;3104,000000000000000;0,310400000000000;swvl2;StdTime;15-07-03 00:00:00;0,186121214488425
BE23;2;3847,000000000000000;0,384700000000000;swvl2;StdTime;15-07-03 00:00:00;0,183240342696425
BE24;3;2706,000000000000000;0,270600000000000;swvl2;StdTime;15-07-03 00:00:00;0,231619127386601
BE25;4;4010,000000000000000;0,401000000000000;swvl2;StdTime;15-07-03 00:00:00;0,203292187453803
BE31;5;1403,000000000000000;0,140300000000000;swvl2;StdTime;15-07-03 00:00:00;0,242378421058761
BE32;6;4820,000000000000000;0,482000000000000;swvl2;StdTime;15-07-03 00:00:00;0,245548504040696
BE10;7;209,000000000000000;0,020900000000000;swvl2;StdTime;15-07-03 00:00:00;0,237855927867182
BE21;8;3689,000000000000000;0,368900000000000;swvl2;StdTime;15-07-03 00:00:00;0,155215589709804
BE33;9;4899,000000000000000;0,489900000000000;swvl2;StdTime;15-07-03 00:00:00;0,252198410136989
BE34;10;5582,000000000000000;0,558200000000000;swvl2;StdTime;15-07-03 00:00:00;0,233203134516508
BE35;11;4637,000000000000000;0,463700000000000;swvl2;StdTime;15-07-03 00:00:00;0,248951057665868
BE22;1;3104,000000000000000;0,310400000000000;swvl2;StdTime;15-07-04 00:00:00;0,248417897942024
BE23;2;3847,000000000000000;0,384700000000000;swvl2;StdTime;15-07-04 00:00:00;0,229514458023296
BE24;3;2706,000000000000000;0,270600000000000;swvl2;StdTime;15-07-04 00:00:00;0,271535393233354
BE25;4;4010,000000000000000;0,401000000000000;swvl2;StdTime;15-07-04 00:00:00;0,261070156911216
BE31;5;1403,000000000000000;0,140300000000000;swvl2;StdTime;15-07-04 00:00:00;0,293457485761969
BE32;6;4820,000000000000000;0,482000000000000;swvl2;StdTime;15-07-04 00:00:00;0,288565281831130
BE10;7;209,000000000000000;0,020900000000000;swvl2;StdTime;15-07-04 00:00:00;0,267365329003220
BE21;8;3689,000000000000000;0,368900000000000;swvl2;StdTime;15-07-04 00:00:00;0,191919503604762
BE33;9;4899,000000000000000;0,489900000000000;swvl2;StdTime;15-07-04 00:00:00;0,329457437530980
BE34;10;5582,000000000000000;0,558200000000000;swvl2;StdTime;15-07-04 00:00:00;0,295848231910805
BE35;11;4637,000000000000000;0,463700000000000;swvl2;StdTime;15-07-04 00:00:00;0,308809939716457
BE22;1;3104,000000000000000;0,310400000000000;swvl2;StdTime;15-07-05 00:00:00;0,232310465071350
BE23;2;3847,000000000000000;0,384700000000000;swvl2;StdTime;15-07-05 00:00:00;0,250506162449760
BE24;3;2706,000000000000000;0,270600000000000;swvl2;StdTime;15-07-05 00:00:00;0,277716784215555
BE25;4;4010,000000000000000;0,401000000000000;swvl2;StdTime;15-07-05 00:00:00;0,279232839363026
BE31;5;1403,000000000000000;0,140300000000000;swvl2;StdTime;15-07-05 00:00:00;0,292708965386141
BE32;6;4820,000000000000000;0,482000000000000;swvl2;StdTime;15-07-05 00:00:00;0,303404492844685
BE10;7;209,000000000000000;0,020900000000000;swvl2;StdTime;15-07-05 00:00:00;0,285790837695154
BE21;8;3689,000000000000000;0,368900000000000;swvl2;StdTime;15-07-05 00:00:00;0,203740102047841
BE33;9;4899,000000000000000;0,489900000000000;swvl2;StdTime;15-07-05 00:00:00;0,289341313452302
BE34;10;5582,000000000000000;0,558200000000000;swvl2;StdTime;15-07-05 00:00:00;0,261699196841503
BE35;11;4637,000000000000000;0,463700000000000;swvl2;StdTime;15-07-05 00:00:00;0,277756673381687
BE22;1;3104,000000000000000;0,310400000000000;swvl2;StdTime;15-07-06 00:00:00;0,225743176074718
BE23;2;3847,000000000000000;0,384700000000000;swvl2;StdTime;15-07-06 00:00:00;0,227440739734655
BE24;3;2706,000000000000000;0,270600000000000;swvl2;StdTime;15-07-06 00:00:00;0,267095770799753
BE25;4;4010,000000000000000;0,401000000000000;swvl2;StdTime;15-07-06 00:00:00;0,256453293353840
BE31;5;1403,000000000000000;0,140300000000000;swvl2;StdTime;15-07-06 00:00:00;0,287134688174987
BE32;6;4820,000000000000000;0,482000000000000;swvl2;StdTime;15-07-06 00:00:00;0,291987897857591
BE10;7;209,000000000000000;0,020900000000000;swvl2;StdTime;15-07-06 00:00:00;0,274110244364259
BE21;8;3689,000000000000000;0,368900000000000;swvl2;StdTime;15-07-06 00:00:00;0,179011922104470
BE33;9;4899,000000000000000;0,489900000000000;swvl2;StdTime;15-07-06 00:00:00;0,302185542299008
BE34;10;5582,000000000000000;0,558200000000000;swvl2;StdTime;15-07-06 00:00:00;0,282939840000041
BE35;11;4637,000000000000000;0,463700000000000;swvl2;StdTime;15-07-06 00:00:00;0,309001501023782
BE22;1;3104,000000000000000;0,310400000000000;swvl2;StdTime;15-07-07 00:00:00;0,284107290962039
BE23;2;3847,000000000000000;0,384700000000000;swvl2;StdTime;15-07-07 00:00:00;0,276742142901378
BE24;3;2706,000000000000000;0,270600000000000;swvl2;StdTime;15-07-07 00:00:00;0,328362647479803
BE25;4;4010,000000000000000;0,401000000000000;swvl2;StdTime;15-07-07 00:00:00;0,296702897864536
BE31;5;1403,000000000000000;0,140300000000000;swvl2;StdTime;15-07-07 00:00:00;0,349402128248154
BE32;6;4820,000000000000000;0,482000000000000;swvl2;StdTime;15-07-07 00:00:00;0,344848707676923
BE10;7;209,000000000000000;0,020900000000000;swvl2;StdTime;15-07-07 00:00:00;0,335369765045540
BE21;8;3689,000000000000000;0,368900000000000;swvl2;StdTime;15-07-07 00:00:00;0,240656164158454
BE33;9;4899,000000000000000;0,489900000000000;swvl2;StdTime;15-07-07 00:00:00;0,368675704974741
BE34;10;5582,000000000000000;0,558200000000000;swvl2;StdTime;15-07-07 00:00:00;0,353103617161503
BE35;11;4637,000000000000000;0,463700000000000;swvl2;StdTime;15-07-07 00:00:00;0,361378381349724
BE22;1;3104,000000000000000;0,310400000000000;swvl2;StdTime;15-07-08 00:00:00;0,274206096776905
BE23;2;3847,000000000000000;0,384700000000000;swvl2;StdTime;15-07-08 00:00:00;0,269845034976517
BE24;3;2706,000000000000000;0,270600000000000;swvl2;StdTime;15-07-08 00:00:00;0,314773002026791
BE25;4;4010,000000000000000;0,401000000000000;swvl2;StdTime;15-07-08 00:00:00;0,283082383733587
BE31;5;1403,000000000000000;0,140300000000000;swvl2;StdTime;15-07-08 00:00:00;0,332730398484833
BE32;6;4820,000000000000000;0,482000000000000;swvl2;StdTime;15-07-08 00:00:00;0,328307841446143
BE10;7;209,000000000000000;0,020900000000000;swvl2;StdTime;15-07-08 00:00:00;0,320296685518831
BE21;8;3689,000000000000000;0,368900000000000;swvl2;StdTime;15-07-08 00:00:00;0,219595966832882
BE33;9;4899,000000000000000;0,489900000000000;swvl2;StdTime;15-07-08 00:00:00;0,350711533508147
BE34;10;5582,000000000000000;0,558200000000000;swvl2;StdTime;15-07-08 00:00:00;0,325180714727729
BE35;11;4637,000000000000000;0,463700000000000;swvl2;StdTime;15-07-08 00:00:00;0,338315373348064
BE22;1;3104,000000000000000;0,310400000000000;swvl2;StdTime;15-07-09 00:00:00;0,214424037465768
BE23;2;3847,000000000000000;0,384700000000000;swvl2;StdTime;15-07-09 00:00:00;0,209144019006846
BE24;3;2706,000000000000000;0,270600000000000;swvl2;StdTime;15-07-09 00:00:00;0,252819943091029
BE25;4;4010,000000000000000;0,401000000000000;swvl2;StdTime;15-07-09 00:00:00;0,234692854187138
BE31;5;1403,000000000000000;0,140300000000000;swvl2;StdTime;15-07-09 00:00:00;0,276141718189290
BE32;6;4820,000000000000000;0,482000000000000;swvl2;StdTime;15-07-09 00:00:00;0,270420172723992
BE10;7;209,000000000000000;0,020900000000000;swvl2;StdTime;15-07-09 00:00:00;0,255866802908017
BE21;8;3689,000000000000000;0,368900000000000;swvl2;StdTime;15-07-09 00:00:00;0,177528566563960
BE33;9;4899,000000000000000;0,489900000000000;swvl2;StdTime;15-07-09 00:00:00;0,312271750138764
BE34;10;5582,000000000000000;0,558200000000000;swvl2;StdTime;15-07-09 00:00:00;0,300685941887367
BE35;11;4637,000000000000000;0,463700000000000;swvl2;StdTime;15-07-09 00:00:00;0,291526949737307
BE22;1;3104,000000000000000;0,310400000000000;swvl2;StdTime;15-07-10 00:00:00;0,201778429296329
BE23;2;3847,000000000000000;0,384700000000000;swvl2;StdTime;15-07-10 00:00:00;0,210024958566966
BE24;3;2706,000000000000000;0,270600000000000;swvl2;StdTime;15-07-10 00:00:00;0,245752250666938
BE25;4;4010,000000000000000;0,401000000000000;swvl2;StdTime;15-07-10 00:00:00;0,234275269604978
BE31;5;1403,000000000000000;0,140300000000000;swvl2;StdTime;15-07-10 00:00:00;0,265787318678133
BE32;6;4820,000000000000000;0,482000000000000;swvl2;StdTime;15-07-10 00:00:00;0,268122320532550
BE10;7;209,000000000000000;0,020900000000000;swvl2;StdTime;15-07-10 00:00:00;0,257543654105310
BE21;8;3689,000000000000000;0,368900000000000;swvl2;StdTime;15-07-10 00:00:00;0,160908737029768
BE33;9;4899,000000000000000;0,489900000000000;swvl2;StdTime;15-07-10 00:00:00;0,278932515188829
BE34;10;5582,000000000000000;0,558200000000000;swvl2;StdTime;15-07-10 00:00:00;0,264217426479183
BE35;11;4637,000000000000000;0,463700000000000;swvl2;StdTime;15-07-10 00:00:00;0,275909123324052
BE22;1;3104,000000000000000;0,310400000000000;swvl2;StdTime;15-07-11 00:00:00;0,227958639858041
BE23;2;3847,000000000000000;0,384700000000000;swvl2;StdTime;15-07-11 00:00:00;0,235271241348349
BE24;3;2706,000000000000000;0,270600000000000;swvl2;StdTime;15-07-11 00:00:00;0,274033569708103
BE25;4;4010,000000000000000;0,401000000000000;swvl2;StdTime;15-07-11 00:00:00;0,254583374304962
BE31;5;1403,000000000000000;0,140300000000000;swvl2;StdTime;15-07-11 00:00:00;0,289391152342982
BE32;6;4820,000000000000000;0,482000000000000;swvl2;StdTime;15-07-11 00:00:00;0,280913899539045
BE10;7;209,000000000000000;0,020900000000000;swvl2;StdTime;15-07-11 00:00:00;0,280964943495664
BE21;8;3689,000000000000000;0,368900000000000;swvl2;StdTime;15-07-11 00:00:00;0,204478340683413
BE33;9;4899,000000000000000;0,489900000000000;swvl2;StdTime;15-07-11 00:00:00;0,296914230830622
BE34;10;5582,000000000000000;0,558200000000000;swvl2;StdTime;15-07-11 00:00:00;0,276026492729511
BE35;11;4637,000000000000000;0,463700000000000;swvl2;StdTime;15-07-11 00:00:00;0,290458028676928
BE22;1;3104,000000000000000;0,310400000000000;swvl2;StdTime;15-07-12 00:00:00;0,253598241649146
BE23;2;3847,000000000000000;0,384700000000000;swvl2;StdTime;15-07-12 00:00:00;0,271343753930963
BE24;3;2706,000000000000000;0,270600000000000;swvl2;StdTime;15-07-12 00:00:00;0,309480103386700
BE25;4;4010,000000000000000;0,401000000000000;swvl2;StdTime;15-07-12 00:00:00;0,305007013143447
BE31;5;1403,000000000000000;0,140300000000000;swvl2;StdTime;15-07-12 00:00:00;0,330087918705883
BE32;6;4820,000000000000000;0,482000000000000;swvl2;StdTime;15-07-12 00:00:00;0,335106530371296
BE10;7;209,000000000000000;0,020900000000000;swvl2;StdTime;15-07-12 00:00:00;0,319569636474956
BE21;8;3689,000000000000000;0,368900000000000;swvl2;StdTime;15-07-12 00:00:00;0,227889145279389
BE33;9;4899,000000000000000;0,489900000000000;swvl2;StdTime;15-07-12 00:00:00;0,341117570669851
BE34;10;5582,000000000000000;0,558200000000000;swvl2;StdTime;15-07-12 00:00:00;0,331845975784962
BE35;11;4637,000000000000000;0,463700000000000;swvl2;StdTime;15-07-12 00:00:00;0,339433505157471
BE22;1;3104,000000000000000;0,310400000000000;swvl2;StdTime;15-07-13 00:00:00;0,209650357201043
BE23;2;3847,000000000000000;0,384700000000000;swvl2;StdTime;15-07-13 00:00:00;0,203052475029752
BE24;3;2706,000000000000000;0,270600000000000;swvl2;StdTime;15-07-13 00:00:00;0,242664298578183
BE25;4;4010,000000000000000;0,401000000000000;swvl2;StdTime;15-07-13 00:00:00;0,237423242019151
BE31;5;1403,000000000000000;0,140300000000000;swvl2;StdTime;15-07-13 00:00:00;0,253919634301579
BE32;6;4820,000000000000000;0,482000000000000;swvl2;StdTime;15-07-13 00:00:00;0,272289398869043
BE10;7;209,000000000000000;0,020900000000000;swvl2;StdTime;15-07-13 00:00:00;0,247869565298683
BE21;8;3689,000000000000000;0,368900000000000;swvl2;StdTime;15-07-13 00:00:00;0,172541316607742
BE33;9;4899,000000000000000;0,489900000000000;swvl2;StdTime;15-07-13 00:00:00;0,283937356689312
BE34;10;5582,000000000000000;0,558200000000000;swvl2;StdTime;15-07-13 00:00:00;0,291400442824211
BE35;11;4637,000000000000000;0,463700000000000;swvl2;StdTime;15-07-13 00:00:00;0,281983294921726
BE22;1;3104,000000000000000;0,310400000000000;swvl2;StdTime;15-07-14 00:00:00;0,261086182889634
BE23;2;3847,000000000000000;0,384700000000000;swvl2;StdTime;15-07-14 00:00:00;0,266035868164345
BE24;3;2706,000000000000000;0,270600000000000;swvl2;StdTime;15-07-14 00:00:00;0,308599310847934
BE25;4;4010,000000000000000;0,401000000000000;swvl2;StdTime;15-07-14 00:00:00;0,270264437482542
BE31;5;1403,000000000000000;0,140300000000000;swvl2;StdTime;15-07-14 00:00:00;0,314415444859589
BE32;6;4820,000000000000000;0,482000000000000;swvl2;StdTime;15-07-14 00:00:00;0,314921646178758
BE10;7;209,000000000000000;0,020900000000000;swvl2;StdTime;15-07-14 00:00:00;0,317251272749102
BE21;8;3689,000000000000000;0,368900000000000;swvl2;StdTime;15-07-14 00:00:00;0,236687730473695
BE33;9;4899,000000000000000;0,489900000000000;swvl2;StdTime;15-07-14 00:00:00;0,315484500540887
BE34;10;5582,000000000000000;0,558200000000000;swvl2;StdTime;15-07-14 00:00:00;0,287983564968948
BE35;11;4637,000000000000000;0,463700000000000;swvl2;StdTime;15-07-14 00:00:00;0,304171616625678
BE22;1;3104,000000000000000;0,310400000000000;swvl2;StdTime;15-07-15 00:00:00;0,204749050871805
BE23;2;3847,000000000000000;0,384700000000000;swvl2;StdTime;15-07-15 00:00:00;0,180854409888546
BE24;3;2706,000000000000000;0,270600000000000;swvl2;StdTime;15-07-15 00:00:00;0,228241223409629
BE25;4;4010,000000000000000;0,401000000000000;swvl2;StdTime;15-07-15 00:00:00;0,211732014448863
BE31;5;1403,000000000000000;0,140300000000000;swvl2;StdTime;15-07-15 00:00:00;0,234019179207804
BE32;6;4820,000000000000000;0,482000000000000;swvl2;StdTime;15-07-15 00:00:00;0,222781674811207
BE10;7;209,000000000000000;0,020900000000000;swvl2;StdTime;15-07-15 00:00:00;0,224920924271693
BE21;8;3689,000000000000000;0,368900000000000;swvl2;StdTime;15-07-15 00:00:00;0,166535210560156
BE33;9;4899,000000000000000;0,489900000000000;swvl2;StdTime;15-07-15 00:00:00;0,251311942271905
BE34;10;5582,000000000000000;0,558200000000000;swvl2;StdTime;15-07-15 00:00:00;0,217618304779616
BE35;11;4637,000000000000000;0,463700000000000;swvl2;StdTime;15-07-15 00:00:00;0,236872208682093
BE22;1;3104,000000000000000;0,310400000000000;swvl2;StdTime;15-07-16 00:00:00;0,286631272481658
BE23;2;3847,000000000000000;0,384700000000000;swvl2;StdTime;15-07-16 00:00:00;0,263006239912558
BE24;3;2706,000000000000000;0,270600000000000;swvl2;StdTime;15-07-16 00:00:00;0,329222959820773
BE25;4;4010,000000000000000;0,401000000000000;swvl2;StdTime;15-07-16 00:00:00;0,272051253970574
BE31;5;1403,000000000000000;0,140300000000000;swvl2;StdTime;15-07-16 00:00:00;0,344612449173917
BE32;6;4820,000000000000000;0,482000000000000;swvl2;StdTime;15-07-16 00:00:00;0,334271679923742
BE10;7;209,000000000000000;0,020900000000000;swvl2;StdTime;15-07-16 00:00:00;0,335262273344697
BE21;8;3689,000000000000000;0,368900000000000;swvl2;StdTime;15-07-16 00:00:00;0,247677233802267
BE33;9;4899,000000000000000;0,489900000000000;swvl2;StdTime;15-07-16 00:00:00;0,361229801669512
BE34;10;5582,000000000000000;0,558200000000000;swvl2;StdTime;15-07-16 00:00:00;0,335369599512597
BE35;11;4637,000000000000000;0,463700000000000;swvl2;StdTime;15-07-16 00:00:00;0,344111243320328
BE22;1;3104,000000000000000;0,310400000000000;swvl2;StdTime;15-07-17 00:00:00;0,224842912090232
BE23;2;3847,000000000000000;0,384700000000000;swvl2;StdTime;15-07-17 00:00:00;0,179390848275590
BE24;3;2706,000000000000000;0,270600000000000;swvl2;StdTime;15-07-17 00:00:00;0,232376643125428
BE25;4;4010,000000000000000;0,401000000000000;swvl2;StdTime;15-07-17 00:00:00;0,198298032349556
BE31;5;1403,000000000000000;0,140300000000000;swvl2;StdTime;15-07-17 00:00:00;0,251454610040336
BE32;6;4820,000000000000000;0,482000000000000;swvl2;StdTime;15-07-17 00:00:00;0,236216526416699
BE10;7;209,000000000000000;0,020900000000000;swvl2;StdTime;15-07-17 00:00:00;0,228479390580688
BE21;8;3689,000000000000000;0,368900000000000;swvl2;StdTime;15-07-17 00:00:00;0,170652976775111
BE33;9;4899,000000000000000;0,489900000000000;swvl2;StdTime;15-07-17 00:00:00;0,290871339675041
BE34;10;5582,000000000000000;0,558200000000000;swvl2;StdTime;15-07-17 00:00:00;0,246207610776415
BE35;11;4637,000000000000000;0,463700000000000;swvl2;StdTime;15-07-17 00:00:00;0,264296795171038
BE22;1;3104,000000000000000;0,310400000000000;swvl2;StdTime;15-07-18 00:00:00;0,158330341044948
BE23;2;3847,000000000000000;0,384700000000000;swvl2;StdTime;15-07-18 00:00:00;0,167790930643619
BE24;3;2706,000000000000000;0,270600000000000;swvl2;StdTime;15-07-18 00:00:00;0,205881328783869
BE25;4;4010,000000000000000;0,401000000000000;swvl2;StdTime;15-07-18 00:00:00;0,188705605495155
BE31;5;1403,000000000000000;0,140300000000000;swvl2;StdTime;15-07-18 00:00:00;0,224952314837609
BE32;6;4820,000000000000000;0,482000000000000;swvl2;StdTime;15-07-18 00:00:00;0,226714650693029
BE10;7;209,000000000000000;0,020900000000000;swvl2;StdTime;15-07-18 00:00:00;0,216644868896338
BE21;8;3689,000000000000000;0,368900000000000;swvl2;StdTime;15-07-18 00:00:00;0,131092955833707
BE33;9;4899,000000000000000;0,489900000000000;swvl2;StdTime;15-07-18 00:00:00;0,230728796311217
BE34;10;5582,000000000000000;0,558200000000000;swvl2;StdTime;15-07-18 00:00:00;0,218325182384421
BE35;11;4637,000000000000000;0,463700000000000;swvl2;StdTime;15-07-18 00:00:00;0,230557298754113
BE22;1;3104,000000000000000;0,310400000000000;swvl2;StdTime;15-07-19 00:00:00;0,198612684916859
BE23;2;3847,000000000000000;0,384700000000000;swvl2;StdTime;15-07-19 00:00:00;0,192088227199058
BE24;3;2706,000000000000000;0,270600000000000;swvl2;StdTime;15-07-19 00:00:00;0,227837530098971
BE25;4;4010,000000000000000;0,401000000000000;swvl2;StdTime;15-07-19 00:00:00;0,213477851747723
BE31;5;1403,000000000000000;0,140300000000000;swvl2;StdTime;15-07-19 00:00:00;0,233376094934690
BE32;6;4820,000000000000000;0,482000000000000;swvl2;StdTime;15-07-19 00:00:00;0,242745710451821
BE10;7;209,000000000000000;0,020900000000000;swvl2;StdTime;15-07-19 00:00:00;0,229040894069170
BE21;8;3689,000000000000000;0,368900000000000;swvl2;StdTime;15-07-19 00:00:00;0,168224033809477
BE33;9;4899,000000000000000;0,489900000000000;swvl2;StdTime;15-07-19 00:00:00;0,251438434405896
BE34;10;5582,000000000000000;0,558200000000000;swvl2;StdTime;15-07-19 00:00:00;0,226790295658211
BE35;11;4637,000000000000000;0,463700000000000;swvl2;StdTime;15-07-19 00:00:00;0,241644982643006
BE22;1;3104,000000000000000;0,310400000000000;swvl2;StdTime;15-07-20 00:00:00;0,160682265502737
BE23;2;3847,000000000000000;0,384700000000000;swvl2;StdTime;15-07-20 00:00:00;0,167324664883174
BE24;3;2706,000000000000000;0,270600000000000;swvl2;StdTime;15-07-20 00:00:00;0,192840382781675
BE25;4;4010,000000000000000;0,401000000000000;swvl2;StdTime;15-07-20 00:00:00;0,204160778142716
BE31;5;1403,000000000000000;0,140300000000000;swvl2;StdTime;15-07-20 00:00:00;0,193188076157784
BE32;6;4820,000000000000000;0,482000000000000;swvl2;StdTime;15-07-20 00:00:00;0,183652625511173
BE10;7;209,000000000000000;0,020900000000000;swvl2;StdTime;15-07-20 00:00:00;0,191859534482637
BE21;8;3689,000000000000000;0,368900000000000;swvl2;StdTime;15-07-20 00:00:00;0,139929698761497
BE33;9;4899,000000000000000;0,489900000000000;swvl2;StdTime;15-07-20 00:00:00;0,211697832990919
BE34;10;5582,000000000000000;0,558200000000000;swvl2;StdTime;15-07-20 00:00:00;0,185808161139456
BE35;11;4637,000000000000000;0,463700000000000;swvl2;StdTime;15-07-20 00:00:00;0,189320955906728
BE22;1;3104,000000000000000;0,310400000000000;swvl2;StdTime;15-07-21 00:00:00;0,290167287803380
BE23;2;3847,000000000000000;0,384700000000000;swvl2;StdTime;15-07-21 00:00:00;0,287451356215572
BE24;3;2706,000000000000000;0,270600000000000;swvl2;StdTime;15-07-21 00:00:00;0,340569884366929
BE25;4;4010,000000000000000;0,401000000000000;swvl2;StdTime;15-07-21 00:00:00;0,300783786679295
BE31;5;1403,000000000000000;0,140300000000000;swvl2;StdTime;15-07-21 00:00:00;0,360556274248886
BE32;6;4820,000000000000000;0,482000000000000;swvl2;StdTime;15-07-21 00:00:00;0,356183804219194
BE10;7;209,000000000000000;0,020900000000000;swvl2;StdTime;15-07-21 00:00:00;0,353040193541769
BE21;8;3689,000000000000000;0,368900000000000;swvl2;StdTime;15-07-21 00:00:00;0,248550688321269
BE33;9;4899,000000000000000;0,489900000000000;swvl2;StdTime;15-07-21 00:00:00;0,363095973505976
BE34;10;5582,000000000000000;0,558200000000000;swvl2;StdTime;15-07-21 00:00:00;0,345488214033110
BE35;11;4637,000000000000000;0,463700000000000;swvl2;StdTime;15-07-21 00:00:00;0,361103971822780
BE22;1;3104,000000000000000;0,310400000000000;swvl2;StdTime;15-07-22 00:00:00;0,179608016572509
BE23;2;3847,000000000000000;0,384700000000000;swvl2;StdTime;15-07-22 00:00:00;0,180407764125264
BE24;3;2706,000000000000000;0,270600000000000;swvl2;StdTime;15-07-22 00:00:00;0,213792470919143
BE25;4;4010,000000000000000;0,401000000000000;swvl2;StdTime;15-07-22 00:00:00;0,191857598017799
BE31;5;1403,000000000000000;0,140300000000000;swvl2;StdTime;15-07-22 00:00:00;0,218032717311798
BE32;6;4820,000000000000000;0,482000000000000;swvl2;StdTime;15-07-22 00:00:00;0,219507763503869
BE10;7;209,000000000000000;0,020900000000000;swvl2;StdTime;15-07-22 00:00:00;0,215707977636579
BE21;8;3689,000000000000000;0,368900000000000;swvl2;StdTime;15-07-22 00:00:00;0,151677305619547
BE33;9;4899,000000000000000;0,489900000000000;swvl2;StdTime;15-07-22 00:00:00;0,234480094133433
BE34;10;5582,000000000000000;0,558200000000000;swvl2;StdTime;15-07-22 00:00:00;0,222510367216805
BE35;11;4637,000000000000000;0,463700000000000;swvl2;StdTime;15-07-22 00:00:00;0,226047168903781
BE22;1;3104,000000000000000;0,310400000000000;swvl2;StdTime;15-07-23 00:00:00;0,221521982860742
BE23;2;3847,000000000000000;0,384700000000000;swvl2;StdTime;15-07-23 00:00:00;0,213585821671054
BE24;3;2706,000000000000000;0,270600000000000;swvl2;StdTime;15-07-23 00:00:00;0,275448501847976
BE25;4;4010,000000000000000;0,401000000000000;swvl2;StdTime;15-07-23 00:00:00;0,222739536792709
BE31;5;1403,000000000000000;0,140300000000000;swvl2;StdTime;15-07-23 00:00:00;0,291104779868830
BE32;6;4820,000000000000000;0,482000000000000;swvl2;StdTime;15-07-23 00:00:00;0,289304620902445
BE10;7;209,000000000000000;0,020900000000000;swvl2;StdTime;15-07-23 00:00:00;0,283177442527844
BE21;8;3689,000000000000000;0,368900000000000;swvl2;StdTime;15-07-23 00:00:00;0,188236942517302
BE33;9;4899,000000000000000;0,489900000000000;swvl2;StdTime;15-07-23 00:00:00;0,269512831252262
BE34;10;5582,000000000000000;0,558200000000000;swvl2;StdTime;15-07-23 00:00:00;0,243506935788489
BE35;11;4637,000000000000000;0,463700000000000;swvl2;StdTime;15-07-23 00:00:00;0,281987076185376
BE22;1;3104,000000000000000;0,310400000000000;swvl2;StdTime;15-07-24 00:00:00;0,270847967355368
BE23;2;3847,000000000000000;0,384700000000000;swvl2;StdTime;15-07-24 00:00:00;0,268070107261516
BE24;3;2706,000000000000000;0,270600000000000;swvl2;StdTime;15-07-24 00:00:00;0,320888779534292
BE25;4;4010,000000000000000;0,401000000000000;swvl2;StdTime;15-07-24 00:00:00;0,269880303023313
BE31;5;1403,000000000000000;0,140300000000000;swvl2;StdTime;15-07-24 00:00:00;0,332059347302422
BE32;6;4820,000000000000000;0,482000000000000;swvl2;StdTime;15-07-24 00:00:00;0,328158114176568
BE10;7;209,000000000000000;0,020900000000000;swvl2;StdTime;15-07-24 00:00:00;0,329046315696251
BE21;8;3689,000000000000000;0,368900000000000;swvl2;StdTime;15-07-24 00:00:00;0,244655793741261
BE33;9;4899,000000000000000;0,489900000000000;swvl2;StdTime;15-07-24 00:00:00;0,342117624140243
BE34;10;5582,000000000000000;0,558200000000000;swvl2;StdTime;15-07-24 00:00:00;0,341787844525256
BE35;11;4637,000000000000000;0,463700000000000;swvl2;StdTime;15-07-24 00:00:00;0,344610881009749
BE22;1;3104,000000000000000;0,310400000000000;t2m;StdTime;15-07-61 00:00:00;16,192555846319994
BE23;2;3847,000000000000000;0,384700000000000;t2m;StdTime;15-07-61 00:00:00;16,355232989413111
BE24;3;2706,000000000000000;0,270600000000000;t2m;StdTime;15-07-61 00:00:00;16,248329390619553
BE25;4;4010,000000000000000;0,401000000000000;t2m;StdTime;15-07-61 00:00:00;16,286621015268047
BE31;5;1403,000000000000000;0,140300000000000;t2m;StdTime;15-07-61 00:00:00;15,950684883895304
BE32;6;4820,000000000000000;0,482000000000000;t2m;StdTime;15-07-61 00:00:00;16,048095791171708
BE10;7;209,000000000000000;0,020900000000000;t2m;StdTime;15-07-61 00:00:00;16,167557301133442
BE21;8;3689,000000000000000;0,368900000000000;t2m;StdTime;15-07-61 00:00:00;16,296998033552033
BE33;9;4899,000000000000000;0,489900000000000;t2m;StdTime;15-07-61 00:00:00;14,766376408734457
BE34;10;5582,000000000000000;0,558200000000000;t2m;StdTime;15-07-61 00:00:00;14,601324747216101
BE35;11;4637,000000000000000;0,463700000000000;t2m;StdTime;15-07-61 00:00:00;15,296781676890694
BE22;1;3104,000000000000000;0,310400000000000;t2m;StdTime;15-07-62 00:00:00;15,442271017536680
BE23;2;3847,000000000000000;0,384700000000000;t2m;StdTime;15-07-62 00:00:00;15,562150139110800
BE24;3;2706,000000000000000;0,270600000000000;t2m;StdTime;15-07-62 00:00:00;15,483082072433495
BE25;4;4010,000000000000000;0,401000000000000;t2m;StdTime;15-07-62 00:00:00;15,454932915599580
BE31;5;1403,000000000000000;0,140300000000000;t2m;StdTime;15-07-62 00:00:00;15,184553823382698
BE32;6;4820,000000000000000;0,482000000000000;t2m;StdTime;15-07-62 00:00:00;15,275601250502072
BE10;7;209,000000000000000;0,020900000000000;t2m;StdTime;15-07-62 00:00:00;15,401620969817971
BE21;8;3689,000000000000000;0,368900000000000;t2m;StdTime;15-07-62 00:00:00;15,471147274576758
BE33;9;4899,000000000000000;0,489900000000000;t2m;StdTime;15-07-62 00:00:00;14,103371016904735
BE34;10;5582,000000000000000;0,558200000000000;t2m;StdTime;15-07-62 00:00:00;14,088902667874896
BE35;11;4637,000000000000000;0,463700000000000;t2m;StdTime;15-07-62 00:00:00;14,590366092457298
BE22;1;3104,000000000000000;0,310400000000000;t2m;StdTime;15-07-63 00:00:00;16,335952942826069
BE23;2;3847,000000000000000;0,384700000000000;t2m;StdTime;15-07-63 00:00:00;16,170373907205764
BE24;3;2706,000000000000000;0,270600000000000;t2m;StdTime;15-07-63 00:00:00;16,178596940290831
BE25;4;4010,000000000000000;0,401000000000000;t2m;StdTime;15-07-63 00:00:00;15,928783334223100
BE31;5;1403,000000000000000;0,140300000000000;t2m;StdTime;15-07-63 00:00:00;15,866925245680646
BE32;6;4820,000000000000000;0,482000000000000;t2m;StdTime;15-07-63 00:00:00;15,814641477062491
BE10;7;209,000000000000000;0,020900000000000;t2m;StdTime;15-07-63 00:00:00;16,033689225119275
BE21;8;3689,000000000000000;0,368900000000000;t2m;StdTime;15-07-63 00:00:00;16,319442075324559
BE33;9;4899,000000000000000;0,489900000000000;t2m;StdTime;15-07-63 00:00:00;15,038950190103250
BE34;10;5582,000000000000000;0,558200000000000;t2m;StdTime;15-07-63 00:00:00;14,837952504146049
BE35;11;4637,000000000000000;0,463700000000000;t2m;StdTime;15-07-63 00:00:00;15,354005395890521
BE22;1;3104,000000000000000;0,310400000000000;t2m;StdTime;15-07-64 00:00:00;17,386553573239670
BE23;2;3847,000000000000000;0,384700000000000;t2m;StdTime;15-07-64 00:00:00;17,016110526576529
BE24;3;2706,000000000000000;0,270600000000000;t2m;StdTime;15-07-64 00:00:00;17,156887819920314
BE25;4;4010,000000000000000;0,401000000000000;t2m;StdTime;15-07-64 00:00:00;16,783959819194394
BE31;5;1403,000000000000000;0,140300000000000;t2m;StdTime;15-07-64 00:00:00;16,859649886595509
BE32;6;4820,000000000000000;0,482000000000000;t2m;StdTime;15-07-64 00:00:00;16,809592538255920
BE10;7;209,000000000000000;0,020900000000000;t2m;StdTime;15-07-64 00:00:00;16,997968381671804
BE21;8;3689,000000000000000;0,368900000000000;t2m;StdTime;15-07-64 00:00:00;17,252854390918600
BE33;9;4899,000000000000000;0,489900000000000;t2m;StdTime;15-07-64 00:00:00;16,036873856377259
BE34;10;5582,000000000000000;0,558200000000000;t2m;StdTime;15-07-64 00:00:00;15,997571239075070
BE35;11;4637,000000000000000;0,463700000000000;t2m;StdTime;15-07-64 00:00:00;16,437898149257972
BE22;1;3104,000000000000000;0,310400000000000;t2m;StdTime;15-07-65 00:00:00;15,623875678814557
BE23;2;3847,000000000000000;0,384700000000000;t2m;StdTime;15-07-65 00:00:00;15,636631977536425
BE24;3;2706,000000000000000;0,270600000000000;t2m;StdTime;15-07-65 00:00:00;15,591003335852681
BE25;4;4010,000000000000000;0,401000000000000;t2m;StdTime;15-07-65 00:00:00;15,474811725426200
BE31;5;1403,000000000000000;0,140300000000000;t2m;StdTime;15-07-65 00:00:00;15,287295882564221
BE32;6;4820,000000000000000;0,482000000000000;t2m;StdTime;15-07-65 00:00:00;15,286099008109053
BE10;7;209,000000000000000;0,020900000000000;t2m;StdTime;15-07-65 00:00:00;15,479116312054355
BE21;8;3689,000000000000000;0,368900000000000;t2m;StdTime;15-07-65 00:00:00;15,672836228482096
BE33;9;4899,000000000000000;0,489900000000000;t2m;StdTime;15-07-65 00:00:00;14,317777779278014
BE34;10;5582,000000000000000;0,558200000000000;t2m;StdTime;15-07-65 00:00:00;14,113116496013355
BE35;11;4637,000000000000000;0,463700000000000;t2m;StdTime;15-07-65 00:00:00;14,712971104458783
BE22;1;3104,000000000000000;0,310400000000000;t2m;StdTime;15-07-66 00:00:00;16,363274472583182
BE23;2;3847,000000000000000;0,384700000000000;t2m;StdTime;15-07-66 00:00:00;16,450626149684506
BE24;3;2706,000000000000000;0,270600000000000;t2m;StdTime;15-07-66 00:00:00;16,345379227809516
BE25;4;4010,000000000000000;0,401000000000000;t2m;StdTime;15-07-66 00:00:00;16,303956727672386
BE31;5;1403,000000000000000;0,140300000000000;t2m;StdTime;15-07-66 00:00:00;15,982389745759868
BE32;6;4820,000000000000000;0,482000000000000;t2m;StdTime;15-07-66 00:00:00;15,956838653691095
BE10;7;209,000000000000000;0,020900000000000;t2m;StdTime;15-07-66 00:00:00;16,239554756566093
BE21;8;3689,000000000000000;0,368900000000000;t2m;StdTime;15-07-66 00:00:00;16,503850625116510
BE33;9;4899,000000000000000;0,489900000000000;t2m;StdTime;15-07-66 00:00:00;14,901189118654164
BE34;10;5582,000000000000000;0,558200000000000;t2m;StdTime;15-07-66 00:00:00;14,617141403805077
BE35;11;4637,000000000000000;0,463700000000000;t2m;StdTime;15-07-66 00:00:00;15,246674807904116
BE22;1;3104,000000000000000;0,310400000000000;t2m;StdTime;15-07-67 00:00:00;16,994099452323546
BE23;2;3847,000000000000000;0,384700000000000;t2m;StdTime;15-07-67 00:00:00;16,879278324286815
BE24;3;2706,000000000000000;0,270600000000000;t2m;StdTime;15-07-67 00:00:00;16,895864404225811
BE25;4;4010,000000000000000;0,401000000000000;t2m;StdTime;15-07-67 00:00:00;16,648237985625212
BE31;5;1403,000000000000000;0,140300000000000;t2m;StdTime;15-07-67 00:00:00;16,562017859515354
BE32;6;4820,000000000000000;0,482000000000000;t2m;StdTime;15-07-67 00:00:00;16,518956164403598
BE10;7;209,000000000000000;0,020900000000000;t2m;StdTime;15-07-67 00:00:00;16,772484482760632
BE21;8;3689,000000000000000;0,368900000000000;t2m;StdTime;15-07-67 00:00:00;17,016895634399599
BE33;9;4899,000000000000000;0,489900000000000;t2m;StdTime;15-07-67 00:00:00;15,661073130669683
BE34;10;5582,000000000000000;0,558200000000000;t2m;StdTime;15-07-67 00:00:00;15,472633076841721
BE35;11;4637,000000000000000;0,463700000000000;t2m;StdTime;15-07-67 00:00:00;15,995766503147115
BE22;1;3104,000000000000000;0,310400000000000;t2m;StdTime;15-07-68 00:00:00;16,456965588417241
BE23;2;3847,000000000000000;0,384700000000000;t2m;StdTime;15-07-68 00:00:00;16,291639494096394
BE24;3;2706,000000000000000;0,270600000000000;t2m;StdTime;15-07-68 00:00:00;16,290871825644643
BE25;4;4010,000000000000000;0,401000000000000;t2m;StdTime;15-07-68 00:00:00;16,066093690734274
BE31;5;1403,000000000000000;0,140300000000000;t2m;StdTime;15-07-68 00:00:00;15,943423291571385
BE32;6;4820,000000000000000;0,482000000000000;t2m;StdTime;15-07-68 00:00:00;15,844879407605710
BE10;7;209,000000000000000;0,020900000000000;t2m;StdTime;15-07-68 00:00:00;16,148968755913689
BE21;8;3689,000000000000000;0,368900000000000;t2m;StdTime;15-07-68 00:00:00;16,485490502171160
BE33;9;4899,000000000000000;0,489900000000000;t2m;StdTime;15-07-68 00:00:00;14,996783861750867
BE34;10;5582,000000000000000;0,558200000000000;t2m;StdTime;15-07-68 00:00:00;14,651088630713163
BE35;11;4637,000000000000000;0,463700000000000;t2m;StdTime;15-07-68 00:00:00;15,273837972052361
BE22;1;3104,000000000000000;0,310400000000000;t2m;StdTime;15-07-69 00:00:00;17,001812827955785
BE23;2;3847,000000000000000;0,384700000000000;t2m;StdTime;15-07-69 00:00:00;16,833097632903698
BE24;3;2706,000000000000000;0,270600000000000;t2m;StdTime;15-07-69 00:00:00;16,827381401879638
BE25;4;4010,000000000000000;0,401000000000000;t2m;StdTime;15-07-69 00:00:00;16,568493915852763
BE31;5;1403,000000000000000;0,140300000000000;t2m;StdTime;15-07-69 00:00:00;16,457401052680279
BE32;6;4820,000000000000000;0,482000000000000;t2m;StdTime;15-07-69 00:00:00;16,406911596519802
BE10;7;209,000000000000000;0,020900000000000;t2m;StdTime;15-07-69 00:00:00;16,681780363384050
BE21;8;3689,000000000000000;0,368900000000000;t2m;StdTime;15-07-69 00:00:00;17,076724246576468
BE33;9;4899,000000000000000;0,489900000000000;t2m;StdTime;15-07-69 00:00:00;15,547027925638117
BE34;10;5582,000000000000000;0,558200000000000;t2m;StdTime;15-07-69 00:00:00;15,269173427364455
BE35;11;4637,000000000000000;0,463700000000000;t2m;StdTime;15-07-69 00:00:00;15,859189643720008
BE22;1;3104,000000000000000;0,310400000000000;t2m;StdTime;15-07-70 00:00:00;17,193036870243581
BE23;2;3847,000000000000000;0,384700000000000;t2m;StdTime;15-07-70 00:00:00;17,218289419183662
BE24;3;2706,000000000000000;0,270600000000000;t2m;StdTime;15-07-70 00:00:00;17,101166764630786
BE25;4;4010,000000000000000;0,401000000000000;t2m;StdTime;15-07-70 00:00:00;16,997410395139475
BE31;5;1403,000000000000000;0,140300000000000;t2m;StdTime;15-07-70 00:00:00;16,713789372297963
BE32;6;4820,000000000000000;0,482000000000000;t2m;StdTime;15-07-70 00:00:00;16,729527770632004
BE10;7;209,000000000000000;0,020900000000000;t2m;StdTime;15-07-70 00:00:00;16,982810371800475
BE21;8;3689,000000000000000;0,368900000000000;t2m;StdTime;15-07-70 00:00:00;17,359411714263789
BE33;9;4899,000000000000000;0,489900000000000;t2m;StdTime;15-07-70 00:00:00;15,675851347690248
BE34;10;5582,000000000000000;0,558200000000000;t2m;StdTime;15-07-70 00:00:00;15,417872771786280
BE35;11;4637,000000000000000;0,463700000000000;t2m;StdTime;15-07-70 00:00:00;16,022394337221211
BE22;1;3104,000000000000000;0,310400000000000;t2m;StdTime;15-07-71 00:00:00;16,842537415396322
BE23;2;3847,000000000000000;0,384700000000000;t2m;StdTime;15-07-71 00:00:00;16,724259741683749
BE24;3;2706,000000000000000;0,270600000000000;t2m;StdTime;15-07-71 00:00:00;16,706298365032595
BE25;4;4010,000000000000000;0,401000000000000;t2m;StdTime;15-07-71 00:00:00;16,470853019771454
BE31;5;1403,000000000000000;0,140300000000000;t2m;StdTime;15-07-71 00:00:00;16,379233533624078
BE32;6;4820,000000000000000;0,482000000000000;t2m;StdTime;15-07-71 00:00:00;16,360024254549575
BE10;7;209,000000000000000;0,020900000000000;t2m;StdTime;15-07-71 00:00:00;16,575756246393379
BE21;8;3689,000000000000000;0,368900000000000;t2m;StdTime;15-07-71 00:00:00;16,810896364968475
BE33;9;4899,000000000000000;0,489900000000000;t2m;StdTime;15-07-71 00:00:00;15,502416470168157
BE34;10;5582,000000000000000;0,558200000000000;t2m;StdTime;15-07-71 00:00:00;15,322920341894928
BE35;11;4637,000000000000000;0,463700000000000;t2m;StdTime;15-07-71 00:00:00;15,794571819967683
BE22;1;3104,000000000000000;0,310400000000000;t2m;StdTime;15-07-72 00:00:00;15,892607574303131
BE23;2;3847,000000000000000;0,384700000000000;t2m;StdTime;15-07-72 00:00:00;15,687773779642766
BE24;3;2706,000000000000000;0,270600000000000;t2m;StdTime;15-07-72 00:00:00;15,737277053147878
BE25;4;4010,000000000000000;0,401000000000000;t2m;StdTime;15-07-72 00:00:00;15,388644554490146
BE31;5;1403,000000000000000;0,140300000000000;t2m;StdTime;15-07-72 00:00:00;15,408838585454584
BE32;6;4820,000000000000000;0,482000000000000;t2m;StdTime;15-07-72 00:00:00;15,328884926277549
BE10;7;209,000000000000000;0,020900000000000;t2m;StdTime;15-07-72 00:00:00;15,588382374156605
BE21;8;3689,000000000000000;0,368900000000000;t2m;StdTime;15-07-72 00:00:00;15,888559939383706
BE33;9;4899,000000000000000;0,489900000000000;t2m;StdTime;15-07-72 00:00:00;14,548486983686050
BE34;10;5582,000000000000000;0,558200000000000;t2m;StdTime;15-07-72 00:00:00;14,274864609717294
BE35;11;4637,000000000000000;0,463700000000000;t2m;StdTime;15-07-72 00:00:00;14,822410158384004
BE22;1;3104,000000000000000;0,310400000000000;t2m;StdTime;15-07-73 00:00:00;17,597020302236697
BE23;2;3847,000000000000000;0,384700000000000;t2m;StdTime;15-07-73 00:00:00;17,276781273532695
BE24;3;2706,000000000000000;0,270600000000000;t2m;StdTime;15-07-73 00:00:00;17,401514675030402
BE25;4;4010,000000000000000;0,401000000000000;t2m;StdTime;15-07-73 00:00:00;16,987059795351094
BE31;5;1403,000000000000000;0,140300000000000;t2m;StdTime;15-07-73 00:00:00;17,133538121762463
BE32;6;4820,000000000000000;0,482000000000000;t2m;StdTime;15-07-73 00:00:00;17,094922087894943
BE10;7;209,000000000000000;0,020900000000000;t2m;StdTime;15-07-73 00:00:00;17,264794034820998
BE21;8;3689,000000000000000;0,368900000000000;t2m;StdTime;15-07-73 00:00:00;17,459072932540384
BE33;9;4899,000000000000000;0,489900000000000;t2m;StdTime;15-07-73 00:00:00;16,283836704050888
BE34;10;5582,000000000000000;0,558200000000000;t2m;StdTime;15-07-73 00:00:00;16,170358385504993
BE35;11;4637,000000000000000;0,463700000000000;t2m;StdTime;15-07-73 00:00:00;16,627558137055821
BE22;1;3104,000000000000000;0,310400000000000;t2m;StdTime;15-07-74 00:00:00;15,881955795988597
BE23;2;3847,000000000000000;0,384700000000000;t2m;StdTime;15-07-74 00:00:00;15,893631790345564
BE24;3;2706,000000000000000;0,270600000000000;t2m;StdTime;15-07-74 00:00:00;15,850764839189281
BE25;4;4010,000000000000000;0,401000000000000;t2m;StdTime;15-07-74 00:00:00;15,695215569588905
BE31;5;1403,000000000000000;0,140300000000000;t2m;StdTime;15-07-74 00:00:00;15,512821690320781
BE32;6;4820,000000000000000;0,482000000000000;t2m;StdTime;15-07-74 00:00:00;15,497667975445486
BE10;7;209,000000000000000;0,020900000000000;t2m;StdTime;15-07-74 00:00:00;15,743200137854760
BE21;8;3689,000000000000000;0,368900000000000;t2m;StdTime;15-07-74 00:00:00;15,986019219832524
BE33;9;4899,000000000000000;0,489900000000000;t2m;StdTime;15-07-74 00:00:00;14,520717278040765
BE34;10;5582,000000000000000;0,558200000000000;t2m;StdTime;15-07-74 00:00:00;14,328111652147356
BE35;11;4637,000000000000000;0,463700000000000;t2m;StdTime;15-07-74 00:00:00;14,914882490648788
BE22;1;3104,000000000000000;0,310400000000000;t2m;StdTime;15-07-75 00:00:00;17,716296940734750
BE23;2;3847,000000000000000;0,384700000000000;t2m;StdTime;15-07-75 00:00:00;17,506814551099364
BE24;3;2706,000000000000000;0,270600000000000;t2m;StdTime;15-07-75 00:00:00;17,515205428411750
BE25;4;4010,000000000000000;0,401000000000000;t2m;StdTime;15-07-75 00:00:00;17,126382245565615
BE31;5;1403,000000000000000;0,140300000000000;t2m;StdTime;15-07-75 00:00:00;17,141693127469665
BE32;6;4820,000000000000000;0,482000000000000;t2m;StdTime;15-07-75 00:00:00;17,111621862229573
BE10;7;209,000000000000000;0,020900000000000;t2m;StdTime;15-07-75 00:00:00;17,380458986930300
BE21;8;3689,000000000000000;0,368900000000000;t2m;StdTime;15-07-75 00:00:00;17,763269144721544
BE33;9;4899,000000000000000;0,489900000000000;t2m;StdTime;15-07-75 00:00:00;16,275728655533076
BE34;10;5582,000000000000000;0,558200000000000;t2m;StdTime;15-07-75 00:00:00;16,205719020109541
BE35;11;4637,000000000000000;0,463700000000000;t2m;StdTime;15-07-75 00:00:00;16,584478534190893
BE22;1;3104,000000000000000;0,310400000000000;t2m;StdTime;15-07-76 00:00:00;19,068345949821914
BE23;2;3847,000000000000000;0,384700000000000;t2m;StdTime;15-07-76 00:00:00;19,163944397587422
BE24;3;2706,000000000000000;0,270600000000000;t2m;StdTime;15-07-76 00:00:00;19,099346266617538
BE25;4;4010,000000000000000;0,401000000000000;t2m;StdTime;15-07-76 00:00:00;18,688924140644758
BE31;5;1403,000000000000000;0,140300000000000;t2m;StdTime;15-07-76 00:00:00;18,659992557887264
BE32;6;4820,000000000000000;0,482000000000000;t2m;StdTime;15-07-76 00:00:00;18,727328698170094
BE10;7;209,000000000000000;0,020900000000000;t2m;StdTime;15-07-76 00:00:00;18,994127100164238
BE21;8;3689,000000000000000;0,368900000000000;t2m;StdTime;15-07-76 00:00:00;19,338637006867717
BE33;9;4899,000000000000000;0,489900000000000;t2m;StdTime;15-07-76 00:00:00;17,518805975913040
BE34;10;5582,000000000000000;0,558200000000000;t2m;StdTime;15-07-76 00:00:00;17,505644202360521
BE35;11;4637,000000000000000;0,463700000000000;t2m;StdTime;15-07-76 00:00:00;17,979005427768772
BE22;1;3104,000000000000000;0,310400000000000;t2m;StdTime;15-07-77 00:00:00;15,905123090621105
BE23;2;3847,000000000000000;0,384700000000000;t2m;StdTime;15-07-77 00:00:00;15,706315418637070
BE24;3;2706,000000000000000;0,270600000000000;t2m;StdTime;15-07-77 00:00:00;15,754539998301910
BE25;4;4010,000000000000000;0,401000000000000;t2m;StdTime;15-07-77 00:00:00;15,443834029885007
BE31;5;1403,000000000000000;0,140300000000000;t2m;StdTime;15-07-77 00:00:00;15,417504725248918
BE32;6;4820,000000000000000;0,482000000000000;t2m;StdTime;15-07-77 00:00:00;15,311172614750548
BE10;7;209,000000000000000;0,020900000000000;t2m;StdTime;15-07-77 00:00:00;15,612631177217766
BE21;8;3689,000000000000000;0,368900000000000;t2m;StdTime;15-07-77 00:00:00;15,948251240555292
BE33;9;4899,000000000000000;0,489900000000000;t2m;StdTime;15-07-77 00:00:00;14,592949775365659
BE34;10;5582,000000000000000;0,558200000000000;t2m;StdTime;15-07-77 00:00:00;14,452759619042771
BE35;11;4637,000000000000000;0,463700000000000;t2m;StdTime;15-07-77 00:00:00;14,857823429473765
BE22;1;3104,000000000000000;0,310400000000000;t2m;StdTime;15-07-78 00:00:00;15,309923372317842
BE23;2;3847,000000000000000;0,384700000000000;t2m;StdTime;15-07-78 00:00:00;15,317980653501520
BE24;3;2706,000000000000000;0,270600000000000;t2m;StdTime;15-07-78 00:00:00;15,238506793975841
BE25;4;4010,000000000000000;0,401000000000000;t2m;StdTime;15-07-78 00:00:00;15,187883079319530
BE31;5;1403,000000000000000;0,140300000000000;t2m;StdTime;15-07-78 00:00:00;14,882164905518167
BE32;6;4820,000000000000000;0,482000000000000;t2m;StdTime;15-07-78 00:00:00;14,828940362059722
BE10;7;209,000000000000000;0,020900000000000;t2m;StdTime;15-07-78 00:00:00;15,111326130953703
BE21;8;3689,000000000000000;0,368900000000000;t2m;StdTime;15-07-78 00:00:00;15,458872127869032
BE33;9;4899,000000000000000;0,489900000000000;t2m;StdTime;15-07-78 00:00:00;13,869800850088964
BE34;10;5582,000000000000000;0,558200000000000;t2m;StdTime;15-07-78 00:00:00;13,623413643756692
BE35;11;4637,000000000000000;0,463700000000000;t2m;StdTime;15-07-78 00:00:00;14,233415731767751
BE22;1;3104,000000000000000;0,310400000000000;t2m;StdTime;15-07-79 00:00:00;16,068801199345192
BE23;2;3847,000000000000000;0,384700000000000;t2m;StdTime;15-07-79 00:00:00;15,973420163951095
BE24;3;2706,000000000000000;0,270600000000000;t2m;StdTime;15-07-79 00:00:00;15,979518299004088
BE25;4;4010,000000000000000;0,401000000000000;t2m;StdTime;15-07-79 00:00:00;15,791033723645675
BE31;5;1403,000000000000000;0,140300000000000;t2m;StdTime;15-07-79 00:00:00;15,686650532445821
BE32;6;4820,000000000000000;0,482000000000000;t2m;StdTime;15-07-79 00:00:00;15,654418018151116
BE10;7;209,000000000000000;0,020900000000000;t2m;StdTime;15-07-79 00:00:00;15,861217882074245
BE21;8;3689,000000000000000;0,368900000000000;t2m;StdTime;15-07-79 00:00:00;16,056404535930053
BE33;9;4899,000000000000000;0,489900000000000;t2m;StdTime;15-07-79 00:00:00;14,722527269977386
BE34;10;5582,000000000000000;0,558200000000000;t2m;StdTime;15-07-79 00:00:00;14,534371714829467
BE35;11;4637,000000000000000;0,463700000000000;t2m;StdTime;15-07-79 00:00:00;15,104548172110610
BE22;1;3104,000000000000000;0,310400000000000;t2m;StdTime;15-07-80 00:00:00;15,960271668188366
BE23;2;3847,000000000000000;0,384700000000000;t2m;StdTime;15-07-80 00:00:00;15,959511357033008
BE24;3;2706,000000000000000;0,270600000000000;t2m;StdTime;15-07-80 00:00:00;15,893651310638049
BE25;4;4010,000000000000000;0,401000000000000;t2m;StdTime;15-07-80 00:00:00;15,820185635630923
BE31;5;1403,000000000000000;0,140300000000000;t2m;StdTime;15-07-80 00:00:00;15,529176717474060
BE32;6;4820,000000000000000;0,482000000000000;t2m;StdTime;15-07-80 00:00:00;15,450029777788000
BE10;7;209,000000000000000;0,020900000000000;t2m;StdTime;15-07-80 00:00:00;15,775644366250649
BE21;8;3689,000000000000000;0,368900000000000;t2m;StdTime;15-07-80 00:00:00;16,090433960653773
BE33;9;4899,000000000000000;0,489900000000000;t2m;StdTime;15-07-80 00:00:00;14,483070261990882
BE34;10;5582,000000000000000;0,558200000000000;t2m;StdTime;15-07-80 00:00:00;14,072044950879564
BE35;11;4637,000000000000000;0,463700000000000;t2m;StdTime;15-07-80 00:00:00;14,784830496283943
BE22;1;3104,000000000000000;0,310400000000000;t2m;StdTime;15-07-81 00:00:00;16,110971535604033
BE23;2;3847,000000000000000;0,384700000000000;t2m;StdTime;15-07-81 00:00:00;16,037400752375682
BE24;3;2706,000000000000000;0,270600000000000;t2m;StdTime;15-07-81 00:00:00;16,027636979477382
BE25;4;4010,000000000000000;0,401000000000000;t2m;StdTime;15-07-81 00:00:00;15,851102485799425
BE31;5;1403,000000000000000;0,140300000000000;t2m;StdTime;15-07-81 00:00:00;15,702261989318895
BE32;6;4820,000000000000000;0,482000000000000;t2m;StdTime;15-07-81 00:00:00;15,684040773755777
BE10;7;209,000000000000000;0,020900000000000;t2m;StdTime;15-07-81 00:00:00;15,904851981897673
BE21;8;3689,000000000000000;0,368900000000000;t2m;StdTime;15-07-81 00:00:00;16,181685541017998
BE33;9;4899,000000000000000;0,489900000000000;t2m;StdTime;15-07-81 00:00:00;14,789890362890846
BE34;10;5582,000000000000000;0,558200000000000;t2m;StdTime;15-07-81 00:00:00;14,646451548580114
BE35;11;4637,000000000000000;0,463700000000000;t2m;StdTime;15-07-81 00:00:00;15,133794160348909
BE22;1;3104,000000000000000;0,310400000000000;t2m;StdTime;15-07-82 00:00:00;17,736858463164449
BE23;2;3847,000000000000000;0,384700000000000;t2m;StdTime;15-07-82 00:00:00;17,630695965248545
BE24;3;2706,000000000000000;0,270600000000000;t2m;StdTime;15-07-82 00:00:00;17,658040496391994
BE25;4;4010,000000000000000;0,401000000000000;t2m;StdTime;15-07-82 00:00:00;17,300229349397924
BE31;5;1403,000000000000000;0,140300000000000;t2m;StdTime;15-07-82 00:00:00;17,292661564909238
BE32;6;4820,000000000000000;0,482000000000000;t2m;StdTime;15-07-82 00:00:00;17,189088024440156
BE10;7;209,000000000000000;0,020900000000000;t2m;StdTime;15-07-82 00:00:00;17,533944891970698
BE21;8;3689,000000000000000;0,368900000000000;t2m;StdTime;15-07-82 00:00:00;17,863634662726401
BE33;9;4899,000000000000000;0,489900000000000;t2m;StdTime;15-07-82 00:00:00;16,270062908344741
BE34;10;5582,000000000000000;0,558200000000000;t2m;StdTime;15-07-82 00:00:00;16,036219325214223
BE35;11;4637,000000000000000;0,463700000000000;t2m;StdTime;15-07-82 00:00:00;16,621927993524309
BE22;1;3104,000000000000000;0,310400000000000;t2m;StdTime;15-07-83 00:00:00;18,658933186653964
BE23;2;3847,000000000000000;0,384700000000000;t2m;StdTime;15-07-83 00:00:00;18,484727972044009
BE24;3;2706,000000000000000;0,270600000000000;t2m;StdTime;15-07-83 00:00:00;18,528561349630539
BE25;4;4010,000000000000000;0,401000000000000;t2m;StdTime;15-07-83 00:00:00;17,925170650624860
BE31;5;1403,000000000000000;0,140300000000000;t2m;StdTime;15-07-83 00:00:00;18,228753763526477
BE32;6;4820,000000000000000;0,482000000000000;t2m;StdTime;15-07-83 00:00:00;18,249086831120504
BE10;7;209,000000000000000;0,020900000000000;t2m;StdTime;15-07-83 00:00:00;18,414429340636321
BE21;8;3689,000000000000000;0,368900000000000;t2m;StdTime;15-07-83 00:00:00;18,671262433968973
BE33;9;4899,000000000000000;0,489900000000000;t2m;StdTime;15-07-83 00:00:00;17,397463315943121
BE34;10;5582,000000000000000;0,558200000000000;t2m;StdTime;15-07-83 00:00:00;17,475706377237923
BE35;11;4637,000000000000000;0,463700000000000;t2m;StdTime;15-07-83 00:00:00;17,782874070957913
BE22;1;3104,000000000000000;0,310400000000000;t2m;StdTime;15-07-84 00:00:00;16,257025190542628
BE23;2;3847,000000000000000;0,384700000000000;t2m;StdTime;15-07-84 00:00:00;16,312350170253488
BE24;3;2706,000000000000000;0,270600000000000;t2m;StdTime;15-07-84 00:00:00;16,256703856426594
BE25;4;4010,000000000000000;0,401000000000000;t2m;StdTime;15-07-84 00:00:00;16,181188672320193
BE31;5;1403,000000000000000;0,140300000000000;t2m;StdTime;15-07-84 00:00:00;15,985016374186984
BE32;6;4820,000000000000000;0,482000000000000;t2m;StdTime;15-07-84 00:00:00;16,043443146385144
BE10;7;209,000000000000000;0,020900000000000;t2m;StdTime;15-07-84 00:00:00;16,163535067909649
BE21;8;3689,000000000000000;0,368900000000000;t2m;StdTime;15-07-84 00:00:00;16,319741863065627
BE33;9;4899,000000000000000;0,489900000000000;t2m;StdTime;15-07-84 00:00:00;14,906749546053355
BE34;10;5582,000000000000000;0,558200000000000;t2m;StdTime;15-07-84 00:00:00;14,792571348513562
BE35;11;4637,000000000000000;0,463700000000000;t2m;StdTime;15-07-84 00:00:00;15,421963939539237
BE22;1;3104,000000000000000;0,310400000000000;t2m;StdTime;15-07-85 00:00:00;15,910450125170733
BE23;2;3847,000000000000000;0,384700000000000;t2m;StdTime;15-07-85 00:00:00;15,952268588812537
BE24;3;2706,000000000000000;0,270600000000000;t2m;StdTime;15-07-85 00:00:00;15,897420302727255
BE25;4;4010,000000000000000;0,401000000000000;t2m;StdTime;15-07-85 00:00:00;15,839046171002858
BE31;5;1403,000000000000000;0,140300000000000;t2m;StdTime;15-07-85 00:00:00;15,625283712331344
BE32;6;4820,000000000000000;0,482000000000000;t2m;StdTime;15-07-85 00:00:00;15,656617708918445
BE10;7;209,000000000000000;0,020900000000000;t2m;StdTime;15-07-85 00:00:00;15,798760975376839
BE21;8;3689,000000000000000;0,368900000000000;t2m;StdTime;15-07-85 00:00:00;15,925065192080176
BE33;9;4899,000000000000000;0,489900000000000;t2m;StdTime;15-07-85 00:00:00;14,612028280796617
BE34;10;5582,000000000000000;0,558200000000000;t2m;StdTime;15-07-85 00:00:00;14,334251807522708
BE35;11;4637,000000000000000;0,463700000000000;t2m;StdTime;15-07-85 00:00:00;15,002991594681092
BE22;1;3104,000000000000000;0,310400000000000;t2m;StdTime;15-07-86 00:00:00;16,832958969258783
BE23;2;3847,000000000000000;0,384700000000000;t2m;StdTime;15-07-86 00:00:00;16,646372412594062
BE24;3;2706,000000000000000;0,270600000000000;t2m;StdTime;15-07-86 00:00:00;16,698825786136648
BE25;4;4010,000000000000000;0,401000000000000;t2m;StdTime;15-07-86 00:00:00;16,370543239955026
BE31;5;1403,000000000000000;0,140300000000000;t2m;StdTime;15-07-86 00:00:00;16,351720123399833
BE32;6;4820,000000000000000;0,482000000000000;t2m;StdTime;15-07-86 00:00:00;16,307822947878019
BE10;7;209,000000000000000;0,020900000000000;t2m;StdTime;15-07-86 00:00:00;16,546943272129784
BE21;8;3689,000000000000000;0,368900000000000;t2m;StdTime;15-07-86 00:00:00;16,854200815566312
BE33;9;4899,000000000000000;0,489900000000000;t2m;StdTime;15-07-86 00:00:00;15,406296261672413
BE34;10;5582,000000000000000;0,558200000000000;t2m;StdTime;15-07-86 00:00:00;15,269427562434819
BE35;11;4637,000000000000000;0,463700000000000;t2m;StdTime;15-07-86 00:00:00;15,770153273943794
BE22;1;3104,000000000000000;0,310400000000000;t2m;StdTime;15-07-87 00:00:00;15,902502126914952
BE23;2;3847,000000000000000;0,384700000000000;t2m;StdTime;15-07-87 00:00:00;15,979279736775933
BE24;3;2706,000000000000000;0,270600000000000;t2m;StdTime;15-07-87 00:00:00;15,889407714736613
BE25;4;4010,000000000000000;0,401000000000000;t2m;StdTime;15-07-87 00:00:00;15,899538085109866
BE31;5;1403,000000000000000;0,140300000000000;t2m;StdTime;15-07-87 00:00:00;15,602850736589499
BE32;6;4820,000000000000000;0,482000000000000;t2m;StdTime;15-07-87 00:00:00;15,606050335421108
BE10;7;209,000000000000000;0,020900000000000;t2m;StdTime;15-07-87 00:00:00;15,796191831524862
BE21;8;3689,000000000000000;0,368900000000000;t2m;StdTime;15-07-87 00:00:00;15,953836528419249
BE33;9;4899,000000000000000;0,489900000000000;t2m;StdTime;15-07-87 00:00:00;14,601276672380415
BE34;10;5582,000000000000000;0,558200000000000;t2m;StdTime;15-07-87 00:00:00;14,357884963154154
BE35;11;4637,000000000000000;0,463700000000000;t2m;StdTime;15-07-87 00:00:00;14,974645649792949
BE22;1;3104,000000000000000;0,310400000000000;t2m;StdTime;15-07-88 00:00:00;16,313936491909715
BE23;2;3847,000000000000000;0,384700000000000;t2m;StdTime;15-07-88 00:00:00;16,126774553140862
BE24;3;2706,000000000000000;0,270600000000000;t2m;StdTime;15-07-88 00:00:00;16,216432195368824
BE25;4;4010,000000000000000;0,401000000000000;t2m;StdTime;15-07-88 00:00:00;15,791329020217203
BE31;5;1403,000000000000000;0,140300000000000;t2m;StdTime;15-07-88 00:00:00;15,912773973841547
BE32;6;4820,000000000000000;0,482000000000000;t2m;StdTime;15-07-88 00:00:00;15,843606737144739
BE10;7;209,000000000000000;0,020900000000000;t2m;StdTime;15-07-88 00:00:00;16,106991443907820
BE21;8;3689,000000000000000;0,368900000000000;t2m;StdTime;15-07-88 00:00:00;16,298063268374513
BE33;9;4899,000000000000000;0,489900000000000;t2m;StdTime;15-07-88 00:00:00;15,009225462426642
BE34;10;5582,000000000000000;0,558200000000000;t2m;StdTime;15-07-88 00:00:00;14,844587714900166
BE35;11;4637,000000000000000;0,463700000000000;t2m;StdTime;15-07-88 00:00:00;15,332624625254743
BE22;1;3104,000000000000000;0,310400000000000;t2m;StdTime;15-07-89 00:00:00;17,682659629079495
BE23;2;3847,000000000000000;0,384700000000000;t2m;StdTime;15-07-89 00:00:00;17,667709135408010
BE24;3;2706,000000000000000;0,270600000000000;t2m;StdTime;15-07-89 00:00:00;17,651630244427778
BE25;4;4010,000000000000000;0,401000000000000;t2m;StdTime;15-07-89 00:00:00;17,478410758401381
BE31;5;1403,000000000000000;0,140300000000000;t2m;StdTime;15-07-89 00:00:00;17,321902313830535
BE32;6;4820,000000000000000;0,482000000000000;t2m;StdTime;15-07-89 00:00:00;17,337215905169735
BE10;7;209,000000000000000;0,020900000000000;t2m;StdTime;15-07-89 00:00:00;17,550191331708263
BE21;8;3689,000000000000000;0,368900000000000;t2m;StdTime;15-07-89 00:00:00;17,724975793786225
BE33;9;4899,000000000000000;0,489900000000000;t2m;StdTime;15-07-89 00:00:00;16,248832415113348
BE34;10;5582,000000000000000;0,558200000000000;t2m;StdTime;15-07-89 00:00:00;16,015894985335649
BE35;11;4637,000000000000000;0,463700000000000;t2m;StdTime;15-07-89 00:00:00;16,656703219270828
BE22;1;3104,000000000000000;0,310400000000000;t2m;StdTime;15-07-90 00:00:00;17,491164493806572
BE23;2;3847,000000000000000;0,384700000000000;t2m;StdTime;15-07-90 00:00:00;17,304001625463609
BE24;3;2706,000000000000000;0,270600000000000;t2m;StdTime;15-07-90 00:00:00;17,363976098657627
BE25;4;4010,000000000000000;0,401000000000000;t2m;StdTime;15-07-90 00:00:00;17,109768342852899
BE31;5;1403,000000000000000;0,140300000000000;t2m;StdTime;15-07-90 00:00:00;17,055373127258285
BE32;6;4820,000000000000000;0,482000000000000;t2m;StdTime;15-07-90 00:00:00;17,064638709230579
BE10;7;209,000000000000000;0,020900000000000;t2m;StdTime;15-07-90 00:00:00;17,248918159156329
BE21;8;3689,000000000000000;0,368900000000000;t2m;StdTime;15-07-90 00:00:00;17,476305280930006
BE33;9;4899,000000000000000;0,489900000000000;t2m;StdTime;15-07-90 00:00:00;16,064125616420519
BE34;10;5582,000000000000000;0,558200000000000;t2m;StdTime;15-07-90 00:00:00;16,015051177819974
BE35;11;4637,000000000000000;0,463700000000000;t2m;StdTime;15-07-90 00:00:00;16,497297848661763
BE22;1;3104,000000000000000;0,310400000000000;t2m;StdTime;15-07-91 00:00:00;17,131367830271596
BE23;2;3847,000000000000000;0,384700000000000;t2m;StdTime;15-07-91 00:00:00;16,682890247734658
BE24;3;2706,000000000000000;0,270600000000000;t2m;StdTime;15-07-91 00:00:00;16,871514820823474
BE25;4;4010,000000000000000;0,401000000000000;t2m;StdTime;15-07-91 00:00:00;16,356155861642925
BE31;5;1403,000000000000000;0,140300000000000;t2m;StdTime;15-07-91 00:00:00;16,576491485726159
BE32;6;4820,000000000000000;0,482000000000000;t2m;StdTime;15-07-91 00:00:00;16,463073290828824
BE10;7;209,000000000000000;0,020900000000000;t2m;StdTime;15-07-91 00:00:00;16,710940128308156
BE21;8;3689,000000000000000;0,368900000000000;t2m;StdTime;15-07-91 00:00:00;16,996571921113048
BE33;9;4899,000000000000000;0,489900000000000;t2m;StdTime;15-07-91 00:00:00;15,791044215178824
BE34;10;5582,000000000000000;0,558200000000000;t2m;StdTime;15-07-91 00:00:00;15,731281774781218
BE35;11;4637,000000000000000;0,463700000000000;t2m;StdTime;15-07-91 00:00:00;16,105951051092987
BE22;1;3104,000000000000000;0,310400000000000;t2m;StdTime;15-07-92 00:00:00;18,068193021508822
BE23;2;3847,000000000000000;0,384700000000000;t2m;StdTime;15-07-92 00:00:00;17,727951390420355
BE24;3;2706,000000000000000;0,270600000000000;t2m;StdTime;15-07-92 00:00:00;17,839333918388910
BE25;4;4010,000000000000000;0,401000000000000;t2m;StdTime;15-07-92 00:00:00;17,320796164134528
BE31;5;1403,000000000000000;0,140300000000000;t2m;StdTime;15-07-92 00:00:00;17,496945005268699
BE32;6;4820,000000000000000;0,482000000000000;t2m;StdTime;15-07-92 00:00:00;17,337229110986819
BE10;7;209,000000000000000;0,020900000000000;t2m;StdTime;15-07-92 00:00:00;17,680107901541238
BE21;8;3689,000000000000000;0,368900000000000;t2m;StdTime;15-07-92 00:00:00;18,044466369744718
BE33;9;4899,000000000000000;0,489900000000000;t2m;StdTime;15-07-92 00:00:00;16,687576766013215
BE34;10;5582,000000000000000;0,558200000000000;t2m;StdTime;15-07-92 00:00:00;16,565492610699074
BE35;11;4637,000000000000000;0,463700000000000;t2m;StdTime;15-07-92 00:00:00;16,946633893198726
BE22;1;3104,000000000000000;0,310400000000000;t2m;StdTime;15-07-93 00:00:00;16,448321981221152
BE23;2;3847,000000000000000;0,384700000000000;t2m;StdTime;15-07-93 00:00:00;16,327239043749152
BE24;3;2706,000000000000000;0,270600000000000;t2m;StdTime;15-07-93 00:00:00;16,373083591813625
BE25;4;4010,000000000000000;0,401000000000000;t2m;StdTime;15-07-93 00:00:00;16,182517115671455
BE31;5;1403,000000000000000;0,140300000000000;t2m;StdTime;15-07-93 00:00:00;16,088527369482229
BE32;6;4820,000000000000000;0,482000000000000;t2m;StdTime;15-07-93 00:00:00;16,021606727061922
BE10;7;209,000000000000000;0,020900000000000;t2m;StdTime;15-07-93 00:00:00;16,246913645256090
BE21;8;3689,000000000000000;0,368900000000000;t2m;StdTime;15-07-93 00:00:00;16,391255275057244
BE33;9;4899,000000000000000;0,489900000000000;t2m;StdTime;15-07-93 00:00:00;15,117812758782698
BE34;10;5582,000000000000000;0,558200000000000;t2m;StdTime;15-07-93 00:00:00;15,142152361355553
BE35;11;4637,000000000000000;0,463700000000000;t2m;StdTime;15-07-93 00:00:00;15,549820740777719
BE22;1;3104,000000000000000;0,310400000000000;t2m;StdTime;15-07-94 00:00:00;18,808028611940205
BE23;2;3847,000000000000000;0,384700000000000;t2m;StdTime;15-07-94 00:00:00;18,292177980213268
BE24;3;2706,000000000000000;0,270600000000000;t2m;StdTime;15-07-94 00:00:00;18,520130071477908
BE25;4;4010,000000000000000;0,401000000000000;t2m;StdTime;15-07-94 00:00:00;17,840757538374522
BE31;5;1403,000000000000000;0,140300000000000;t2m;StdTime;15-07-94 00:00:00;18,241557760911551
BE32;6;4820,000000000000000;0,482000000000000;t2m;StdTime;15-07-94 00:00:00;18,120734777885787
BE10;7;209,000000000000000;0,020900000000000;t2m;StdTime;15-07-94 00:00:00;18,341503663496532
BE21;8;3689,000000000000000;0,368900000000000;t2m;StdTime;15-07-94 00:00:00;18,624372198446601
BE33;9;4899,000000000000000;0,489900000000000;t2m;StdTime;15-07-94 00:00:00;17,407365668912519
BE34;10;5582,000000000000000;0,558200000000000;t2m;StdTime;15-07-94 00:00:00;17,247636944023537
BE35;11;4637,000000000000000;0,463700000000000;t2m;StdTime;15-07-94 00:00:00;17,775935900887461
BE22;1;3104,000000000000000;0,310400000000000;t2m;StdTime;15-07-95 00:00:00;18,627787886821071
BE23;2;3847,000000000000000;0,384700000000000;t2m;StdTime;15-07-95 00:00:00;18,465649762214341
BE24;3;2706,000000000000000;0,270600000000000;t2m;StdTime;15-07-95 00:00:00;18,509629754956698
BE25;4;4010,000000000000000;0,401000000000000;t2m;StdTime;15-07-95 00:00:00;18,148318255512507
BE31;5;1403,000000000000000;0,140300000000000;t2m;StdTime;15-07-95 00:00:00;18,111189614511467
BE32;6;4820,000000000000000;0,482000000000000;t2m;StdTime;15-07-95 00:00:00;18,103690099122609
BE10;7;209,000000000000000;0,020900000000000;t2m;StdTime;15-07-95 00:00:00;18,366705999420020
BE21;8;3689,000000000000000;0,368900000000000;t2m;StdTime;15-07-95 00:00:00;18,718952314935727
BE33;9;4899,000000000000000;0,489900000000000;t2m;StdTime;15-07-95 00:00:00;17,081021248162841
BE34;10;5582,000000000000000;0,558200000000000;t2m;StdTime;15-07-95 00:00:00;16,942486117877916
BE35;11;4637,000000000000000;0,463700000000000;t2m;StdTime;15-07-95 00:00:00;17,512172188099694
BE22;1;3104,000000000000000;0,310400000000000;t2m;StdTime;15-07-96 00:00:00;16,677181526557664
BE23;2;3847,000000000000000;0,384700000000000;t2m;StdTime;15-07-96 00:00:00;16,668709816671146
BE24;3;2706,000000000000000;0,270600000000000;t2m;StdTime;15-07-96 00:00:00;16,624952325447325
BE25;4;4010,000000000000000;0,401000000000000;t2m;StdTime;15-07-96 00:00:00;16,457136441466240
BE31;5;1403,000000000000000;0,140300000000000;t2m;StdTime;15-07-96 00:00:00;16,313635467888176
BE32;6;4820,000000000000000;0,482000000000000;t2m;StdTime;15-07-96 00:00:00;16,330710040088519
BE10;7;209,000000000000000;0,020900000000000;t2m;StdTime;15-07-96 00:00:00;16,532396845840385
BE21;8;3689,000000000000000;0,368900000000000;t2m;StdTime;15-07-96 00:00:00;16,726643076560826
BE33;9;4899,000000000000000;0,489900000000000;t2m;StdTime;15-07-96 00:00:00;15,260621148339315
BE34;10;5582,000000000000000;0,558200000000000;t2m;StdTime;15-07-96 00:00:00;15,163992546741698
BE35;11;4637,000000000000000;0,463700000000000;t2m;StdTime;15-07-96 00:00:00;15,789480107545815
BE22;1;3104,000000000000000;0,310400000000000;t2m;StdTime;15-07-97 00:00:00;18,036514394676587
BE23;2;3847,000000000000000;0,384700000000000;t2m;StdTime;15-07-97 00:00:00;17,952919815000026
BE24;3;2706,000000000000000;0,270600000000000;t2m;StdTime;15-07-97 00:00:00;17,907447151669018
BE25;4;4010,000000000000000;0,401000000000000;t2m;StdTime;15-07-97 00:00:00;17,744255492574300
BE31;5;1403,000000000000000;0,140300000000000;t2m;StdTime;15-07-97 00:00:00;17,566689489232733
BE32;6;4820,000000000000000;0,482000000000000;t2m;StdTime;15-07-97 00:00:00;17,509333448686995
BE10;7;209,000000000000000;0,020900000000000;t2m;StdTime;15-07-97 00:00:00;17,782599727502848
BE21;8;3689,000000000000000;0,368900000000000;t2m;StdTime;15-07-97 00:00:00;18,132599495329131
BE33;9;4899,000000000000000;0,489900000000000;t2m;StdTime;15-07-97 00:00:00;16,555081755853521
BE34;10;5582,000000000000000;0,558200000000000;t2m;StdTime;15-07-97 00:00:00;16,333412671678587
BE35;11;4637,000000000000000;0,463700000000000;t2m;StdTime;15-07-97 00:00:00;16,927917594407845
BE22;1;3104,000000000000000;0,310400000000000;t2m;StdTime;15-07-98 00:00:00;16,503435176672394
BE23;2;3847,000000000000000;0,384700000000000;t2m;StdTime;15-07-98 00:00:00;16,491178764936230
BE24;3;2706,000000000000000;0,270600000000000;t2m;StdTime;15-07-98 00:00:00;16,462945381271684
BE25;4;4010,000000000000000;0,401000000000000;t2m;StdTime;15-07-98 00:00:00;16,391230938500023
BE31;5;1403,000000000000000;0,140300000000000;t2m;StdTime;15-07-98 00:00:00;16,192692425619789
BE32;6;4820,000000000000000;0,482000000000000;t2m;StdTime;15-07-98 00:00:00;16,165560581476321
BE10;7;209,000000000000000;0,020900000000000;t2m;StdTime;15-07-98 00:00:00;16,363114489322644
BE21;8;3689,000000000000000;0,368900000000000;t2m;StdTime;15-07-98 00:00:00;16,537378472472710
BE33;9;4899,000000000000000;0,489900000000000;t2m;StdTime;15-07-98 00:00:00;15,240582753843510
BE34;10;5582,000000000000000;0,558200000000000;t2m;StdTime;15-07-98 00:00:00;15,172876293964212
BE35;11;4637,000000000000000;0,463700000000000;t2m;StdTime;15-07-98 00:00:00;15,684677630168045
BE22;1;3104,000000000000000;0,310400000000000;t2m;StdTime;15-07-99 00:00:00;17,588824521020502
BE23;2;3847,000000000000000;0,384700000000000;t2m;StdTime;15-07-99 00:00:00;17,434051683731806
BE24;3;2706,000000000000000;0,270600000000000;t2m;StdTime;15-07-99 00:00:00;17,488196217916844
BE25;4;4010,000000000000000;0,401000000000000;t2m;StdTime;15-07-99 00:00:00;17,208405497543836
BE31;5;1403,000000000000000;0,140300000000000;t2m;StdTime;15-07-99 00:00:00;17,195008071932019
BE32;6;4820,000000000000000;0,482000000000000;t2m;StdTime;15-07-99 00:00:00;17,212167812284061
BE10;7;209,000000000000000;0,020900000000000;t2m;StdTime;15-07-99 00:00:00;17,376000162517052
BE21;8;3689,000000000000000;0,368900000000000;t2m;StdTime;15-07-99 00:00:00;17,582424906283137
BE33;9;4899,000000000000000;0,489900000000000;t2m;StdTime;15-07-99 00:00:00;16,173637801468384
BE34;10;5582,000000000000000;0,558200000000000;t2m;StdTime;15-07-99 00:00:00;15,937904864474909
BE35;11;4637,000000000000000;0,463700000000000;t2m;StdTime;15-07-99 00:00:00;16,587819336148090
BE22;1;3104,000000000000000;0,310400000000000;t2m;StdTime;15-07-00 00:00:00;16,511267325312815
BE23;2;3847,000000000000000;0,384700000000000;t2m;StdTime;15-07-00 00:00:00;16,418380921742859
BE24;3;2706,000000000000000;0,270600000000000;t2m;StdTime;15-07-00 00:00:00;16,369029716835694
BE25;4;4010,000000000000000;0,401000000000000;t2m;StdTime;15-07-00 00:00:00;16,336164168645620
BE31;5;1403,000000000000000;0,140300000000000;t2m;StdTime;15-07-00 00:00:00;16,062315604385923
BE32;6;4820,000000000000000;0,482000000000000;t2m;StdTime;15-07-00 00:00:00;16,093246547809777
BE10;7;209,000000000000000;0,020900000000000;t2m;StdTime;15-07-00 00:00:00;16,250395797656481
BE21;8;3689,000000000000000;0,368900000000000;t2m;StdTime;15-07-00 00:00:00;16,508143035917495
BE33;9;4899,000000000000000;0,489900000000000;t2m;StdTime;15-07-00 00:00:00;15,211937465967505
BE34;10;5582,000000000000000;0,558200000000000;t2m;StdTime;15-07-00 00:00:00;15,061120530603100
BE35;11;4637,000000000000000;0,463700000000000;t2m;StdTime;15-07-00 00:00:00;15,567059553103991
BE22;1;3104,000000000000000;0,310400000000000;t2m;StdTime;15-07-01 00:00:00;17,755360522221089
BE23;2;3847,000000000000000;0,384700000000000;t2m;StdTime;15-07-01 00:00:00;17,454527853679931
BE24;3;2706,000000000000000;0,270600000000000;t2m;StdTime;15-07-01 00:00:00;17,626993720653065
BE25;4;4010,000000000000000;0,401000000000000;t2m;StdTime;15-07-01 00:00:00;17,181666677194375
BE31;5;1403,000000000000000;0,140300000000000;t2m;StdTime;15-07-01 00:00:00;17,319603707224481
BE32;6;4820,000000000000000;0,482000000000000;t2m;StdTime;15-07-01 00:00:00;17,199224584824837
BE10;7;209,000000000000000;0,020900000000000;t2m;StdTime;15-07-01 00:00:00;17,487119291387685
BE21;8;3689,000000000000000;0,368900000000000;t2m;StdTime;15-07-01 00:00:00;17,718468836957296
BE33;9;4899,000000000000000;0,489900000000000;t2m;StdTime;15-07-01 00:00:00;16,276106617552365
BE34;10;5582,000000000000000;0,558200000000000;t2m;StdTime;15-07-01 00:00:00;15,941643553282461
BE35;11;4637,000000000000000;0,463700000000000;t2m;StdTime;15-07-01 00:00:00;16,666404205430876
BE22;1;3104,000000000000000;0,310400000000000;t2m;StdTime;15-07-02 00:00:00;17,847567391149770
BE23;2;3847,000000000000000;0,384700000000000;t2m;StdTime;15-07-02 00:00:00;17,508919256521214
BE24;3;2706,000000000000000;0,270600000000000;t2m;StdTime;15-07-02 00:00:00;17,606012084972235
BE25;4;4010,000000000000000;0,401000000000000;t2m;StdTime;15-07-02 00:00:00;17,142155352851695
BE31;5;1403,000000000000000;0,140300000000000;t2m;StdTime;15-07-02 00:00:00;17,283028309632471
BE32;6;4820,000000000000000;0,482000000000000;t2m;StdTime;15-07-02 00:00:00;17,139596770907865
BE10;7;209,000000000000000;0,020900000000000;t2m;StdTime;15-07-02 00:00:00;17,460030103984636
BE21;8;3689,000000000000000;0,368900000000000;t2m;StdTime;15-07-02 00:00:00;17,757035920600007
BE33;9;4899,000000000000000;0,489900000000000;t2m;StdTime;15-07-02 00:00:00;16,525478012830948
BE34;10;5582,000000000000000;0,558200000000000;t2m;StdTime;15-07-02 00:00:00;16,351139098843664
BE35;11;4637,000000000000000;0,463700000000000;t2m;StdTime;15-07-02 00:00:00;16,772402636882010
BE22;1;3104,000000000000000;0,310400000000000;t2m;StdTime;15-07-03 00:00:00;19,793682005602061
BE23;2;3847,000000000000000;0,384700000000000;t2m;StdTime;15-07-03 00:00:00;19,386393746122426
BE24;3;2706,000000000000000;0,270600000000000;t2m;StdTime;15-07-03 00:00:00;19,528732601484357
BE25;4;4010,000000000000000;0,401000000000000;t2m;StdTime;15-07-03 00:00:00;19,106302210458171
BE31;5;1403,000000000000000;0,140300000000000;t2m;StdTime;15-07-03 00:00:00;19,303002434293486
BE32;6;4820,000000000000000;0,482000000000000;t2m;StdTime;15-07-03 00:00:00;19,272212014653359
BE10;7;209,000000000000000;0,020900000000000;t2m;StdTime;15-07-03 00:00:00;19,385625574577372
BE21;8;3689,000000000000000;0,368900000000000;t2m;StdTime;15-07-03 00:00:00;19,557220044320911
BE33;9;4899,000000000000000;0,489900000000000;t2m;StdTime;15-07-03 00:00:00;18,653903276342561
BE34;10;5582,000000000000000;0,558200000000000;t2m;StdTime;15-07-03 00:00:00;18,632588145639744
BE35;11;4637,000000000000000;0,463700000000000;t2m;StdTime;15-07-03 00:00:00;18,937452220855025
BE22;1;3104,000000000000000;0,310400000000000;t2m;StdTime;15-07-04 00:00:00;17,407368549366605
BE23;2;3847,000000000000000;0,384700000000000;t2m;StdTime;15-07-04 00:00:00;17,472822843789132
BE24;3;2706,000000000000000;0,270600000000000;t2m;StdTime;15-07-04 00:00:00;17,410941582120781
BE25;4;4010,000000000000000;0,401000000000000;t2m;StdTime;15-07-04 00:00:00;17,334808071830931
BE31;5;1403,000000000000000;0,140300000000000;t2m;StdTime;15-07-04 00:00:00;17,084997506117865
BE32;6;4820,000000000000000;0,482000000000000;t2m;StdTime;15-07-04 00:00:00;17,116794444911211
BE10;7;209,000000000000000;0,020900000000000;t2m;StdTime;15-07-04 00:00:00;17,322948912114043
BE21;8;3689,000000000000000;0,368900000000000;t2m;StdTime;15-07-04 00:00:00;17,551888237092527
BE33;9;4899,000000000000000;0,489900000000000;t2m;StdTime;15-07-04 00:00:00;15,957498756956928
BE34;10;5582,000000000000000;0,558200000000000;t2m;StdTime;15-07-04 00:00:00;15,732022310234367
BE35;11;4637,000000000000000;0,463700000000000;t2m;StdTime;15-07-04 00:00:00;16,419618158831994
BE22;1;3104,000000000000000;0,310400000000000;t2m;StdTime;15-07-05 00:00:00;17,487852566635443
BE23;2;3847,000000000000000;0,384700000000000;t2m;StdTime;15-07-05 00:00:00;17,326356595294460
BE24;3;2706,000000000000000;0,270600000000000;t2m;StdTime;15-07-05 00:00:00;17,399193206189388
BE25;4;4010,000000000000000;0,401000000000000;t2m;StdTime;15-07-05 00:00:00;17,117101085215719
BE31;5;1403,000000000000000;0,140300000000000;t2m;StdTime;15-07-05 00:00:00;17,111074609409819
BE32;6;4820,000000000000000;0,482000000000000;t2m;StdTime;15-07-05 00:00:00;17,078083933834186
BE10;7;209,000000000000000;0,020900000000000;t2m;StdTime;15-07-05 00:00:00;17,274497465653859
BE21;8;3689,000000000000000;0,368900000000000;t2m;StdTime;15-07-05 00:00:00;17,457660803273956
BE33;9;4899,000000000000000;0,489900000000000;t2m;StdTime;15-07-05 00:00:00;16,274688652569573
BE34;10;5582,000000000000000;0,558200000000000;t2m;StdTime;15-07-05 00:00:00;16,192385740153757
BE35;11;4637,000000000000000;0,463700000000000;t2m;StdTime;15-07-05 00:00:00;16,692808330997419
BE22;1;3104,000000000000000;0,310400000000000;t2m;StdTime;15-07-06 00:00:00;18,580396732718693
BE23;2;3847,000000000000000;0,384700000000000;t2m;StdTime;15-07-06 00:00:00;18,338072456258750
BE24;3;2706,000000000000000;0,270600000000000;t2m;StdTime;15-07-06 00:00:00;18,374876062515835
BE25;4;4010,000000000000000;0,401000000000000;t2m;StdTime;15-07-06 00:00:00;18,070024413301418
BE31;5;1403,000000000000000;0,140300000000000;t2m;StdTime;15-07-06 00:00:00;18,009662325010073
BE32;6;4820,000000000000000;0,482000000000000;t2m;StdTime;15-07-06 00:00:00;17,950265734423343
BE10;7;209,000000000000000;0,020900000000000;t2m;StdTime;15-07-06 00:00:00;18,231145758377888
BE21;8;3689,000000000000000;0,368900000000000;t2m;StdTime;15-07-06 00:00:00;18,657717761905470
BE33;9;4899,000000000000000;0,489900000000000;t2m;StdTime;15-07-06 00:00:00;17,138217578544495
BE34;10;5582,000000000000000;0,558200000000000;t2m;StdTime;15-07-06 00:00:00;16,916495234340129
BE35;11;4637,000000000000000;0,463700000000000;t2m;StdTime;15-07-06 00:00:00;17,390910433879679
BE22;1;3104,000000000000000;0,310400000000000;t2m;StdTime;15-07-07 00:00:00;17,190544461466597
BE23;2;3847,000000000000000;0,384700000000000;t2m;StdTime;15-07-07 00:00:00;16,981208603444681
BE24;3;2706,000000000000000;0,270600000000000;t2m;StdTime;15-07-07 00:00:00;17,008218277496329
BE25;4;4010,000000000000000;0,401000000000000;t2m;StdTime;15-07-07 00:00:00;16,786917753053132
BE31;5;1403,000000000000000;0,140300000000000;t2m;StdTime;15-07-07 00:00:00;16,650378773064610
BE32;6;4820,000000000000000;0,482000000000000;t2m;StdTime;15-07-07 00:00:00;16,560619865710301
BE10;7;209,000000000000000;0,020900000000000;t2m;StdTime;15-07-07 00:00:00;16,854443910589634
BE21;8;3689,000000000000000;0,368900000000000;t2m;StdTime;15-07-07 00:00:00;17,185101492290574
BE33;9;4899,000000000000000;0,489900000000000;t2m;StdTime;15-07-07 00:00:00;15,715791701686506
BE34;10;5582,000000000000000;0,558200000000000;t2m;StdTime;15-07-07 00:00:00;15,359057167276005
BE35;11;4637,000000000000000;0,463700000000000;t2m;StdTime;15-07-07 00:00:00;16,000851193506815
BE22;1;3104,000000000000000;0,310400000000000;t2m;StdTime;15-07-08 00:00:00;17,227915228642150
BE23;2;3847,000000000000000;0,384700000000000;t2m;StdTime;15-07-08 00:00:00;17,028146035769755
BE24;3;2706,000000000000000;0,270600000000000;t2m;StdTime;15-07-08 00:00:00;17,068920907318720
BE25;4;4010,000000000000000;0,401000000000000;t2m;StdTime;15-07-08 00:00:00;16,840876827097318
BE31;5;1403,000000000000000;0,140300000000000;t2m;StdTime;15-07-08 00:00:00;16,742391792944446
BE32;6;4820,000000000000000;0,482000000000000;t2m;StdTime;15-07-08 00:00:00;16,701791625200961
BE10;7;209,000000000000000;0,020900000000000;t2m;StdTime;15-07-08 00:00:00;16,942585484262857
BE21;8;3689,000000000000000;0,368900000000000;t2m;StdTime;15-07-08 00:00:00;17,291169762966859
BE33;9;4899,000000000000000;0,489900000000000;t2m;StdTime;15-07-08 00:00:00;15,890449781275764
BE34;10;5582,000000000000000;0,558200000000000;t2m;StdTime;15-07-08 00:00:00;15,638877310662348
BE35;11;4637,000000000000000;0,463700000000000;t2m;StdTime;15-07-08 00:00:00;16,162933286469837
BE22;1;3104,000000000000000;0,310400000000000;t2m;StdTime;15-07-09 00:00:00;17,877145855697130
BE23;2;3847,000000000000000;0,384700000000000;t2m;StdTime;15-07-09 00:00:00;17,643553228851776
BE24;3;2706,000000000000000;0,270600000000000;t2m;StdTime;15-07-09 00:00:00;17,736220683332565
BE25;4;4010,000000000000000;0,401000000000000;t2m;StdTime;15-07-09 00:00:00;17,388933206496421
BE31;5;1403,000000000000000;0,140300000000000;t2m;StdTime;15-07-09 00:00:00;17,362819719212634
BE32;6;4820,000000000000000;0,482000000000000;t2m;StdTime;15-07-09 00:00:00;17,369423853213377
BE10;7;209,000000000000000;0,020900000000000;t2m;StdTime;15-07-09 00:00:00;17,599128996926638
BE21;8;3689,000000000000000;0,368900000000000;t2m;StdTime;15-07-09 00:00:00;17,876395472927012
BE33;9;4899,000000000000000;0,489900000000000;t2m;StdTime;15-07-09 00:00:00;16,313645738756211
BE34;10;5582,000000000000000;0,558200000000000;t2m;StdTime;15-07-09 00:00:00;16,066632737911757
BE35;11;4637,000000000000000;0,463700000000000;t2m;StdTime;15-07-09 00:00:00;16,735550169855298
BE22;1;3104,000000000000000;0,310400000000000;t2m;StdTime;15-07-10 00:00:00;18,328612545101915
BE23;2;3847,000000000000000;0,384700000000000;t2m;StdTime;15-07-10 00:00:00;17,902733155526491
BE24;3;2706,000000000000000;0,270600000000000;t2m;StdTime;15-07-10 00:00:00;18,083156546221264
BE25;4;4010,000000000000000;0,401000000000000;t2m;StdTime;15-07-10 00:00:00;17,514042429555346
BE31;5;1403,000000000000000;0,140300000000000;t2m;StdTime;15-07-10 00:00:00;17,729485436328719
BE32;6;4820,000000000000000;0,482000000000000;t2m;StdTime;15-07-10 00:00:00;17,603011769971388
BE10;7;209,000000000000000;0,020900000000000;t2m;StdTime;15-07-10 00:00:00;17,902237449536479
BE21;8;3689,000000000000000;0,368900000000000;t2m;StdTime;15-07-10 00:00:00;18,254043156165537
BE33;9;4899,000000000000000;0,489900000000000;t2m;StdTime;15-07-10 00:00:00;16,850459329301852
BE34;10;5582,000000000000000;0,558200000000000;t2m;StdTime;15-07-10 00:00:00;16,556199165024399
BE35;11;4637,000000000000000;0,463700000000000;t2m;StdTime;15-07-10 00:00:00;17,129723020943928
BE22;1;3104,000000000000000;0,310400000000000;t2m;StdTime;15-07-11 00:00:00;16,778209603938837
BE23;2;3847,000000000000000;0,384700000000000;t2m;StdTime;15-07-11 00:00:00;16,438795134839623
BE24;3;2706,000000000000000;0,270600000000000;t2m;StdTime;15-07-11 00:00:00;16,566322714332628
BE25;4;4010,000000000000000;0,401000000000000;t2m;StdTime;15-07-11 00:00:00;16,244799579705944
BE31;5;1403,000000000000000;0,140300000000000;t2m;StdTime;15-07-11 00:00:00;16,286770911023030
BE32;6;4820,000000000000000;0,482000000000000;t2m;StdTime;15-07-11 00:00:00;16,225906045011513
BE10;7;209,000000000000000;0,020900000000000;t2m;StdTime;15-07-11 00:00:00;16,418279346666836
BE21;8;3689,000000000000000;0,368900000000000;t2m;StdTime;15-07-11 00:00:00;16,627182779805931
BE33;9;4899,000000000000000;0,489900000000000;t2m;StdTime;15-07-11 00:00:00;15,485890250080415
BE34;10;5582,000000000000000;0,558200000000000;t2m;StdTime;15-07-11 00:00:00;15,273196339991623
BE35;11;4637,000000000000000;0,463700000000000;t2m;StdTime;15-07-11 00:00:00;15,784935844080808
BE22;1;3104,000000000000000;0,310400000000000;t2m;StdTime;15-07-12 00:00:00;17,340291693038512
BE23;2;3847,000000000000000;0,384700000000000;t2m;StdTime;15-07-12 00:00:00;17,024030925392736
BE24;3;2706,000000000000000;0,270600000000000;t2m;StdTime;15-07-12 00:00:00;17,150424871282585
BE25;4;4010,000000000000000;0,401000000000000;t2m;StdTime;15-07-12 00:00:00;16,728024695341730
BE31;5;1403,000000000000000;0,140300000000000;t2m;StdTime;15-07-12 00:00:00;16,838362081341408
BE32;6;4820,000000000000000;0,482000000000000;t2m;StdTime;15-07-12 00:00:00;16,735634932379483
BE10;7;209,000000000000000;0,020900000000000;t2m;StdTime;15-07-12 00:00:00;17,005732349231486
BE21;8;3689,000000000000000;0,368900000000000;t2m;StdTime;15-07-12 00:00:00;17,230835784577046
BE33;9;4899,000000000000000;0,489900000000000;t2m;StdTime;15-07-12 00:00:00;16,002362757805646
BE34;10;5582,000000000000000;0,558200000000000;t2m;StdTime;15-07-12 00:00:00;15,697771696837655
BE35;11;4637,000000000000000;0,463700000000000;t2m;StdTime;15-07-12 00:00:00;16,273783162001614
BE22;1;3104,000000000000000;0,310400000000000;t2m;StdTime;15-07-13 00:00:00;18,288141767388804
BE23;2;3847,000000000000000;0,384700000000000;t2m;StdTime;15-07-13 00:00:00;17,975412095587757
BE24;3;2706,000000000000000;0,270600000000000;t2m;StdTime;15-07-13 00:00:00;18,146824382801739
BE25;4;4010,000000000000000;0,401000000000000;t2m;StdTime;15-07-13 00:00:00;17,487001502305702
BE31;5;1403,000000000000000;0,140300000000000;t2m;StdTime;15-07-13 00:00:00;17,854913052200665
BE32;6;4820,000000000000000;0,482000000000000;t2m;StdTime;15-07-13 00:00:00;17,731304321843105
BE10;7;209,000000000000000;0,020900000000000;t2m;StdTime;15-07-13 00:00:00;18,023253609689235
BE21;8;3689,000000000000000;0,368900000000000;t2m;StdTime;15-07-13 00:00:00;18,196237711959355
BE33;9;4899,000000000000000;0,489900000000000;t2m;StdTime;15-07-13 00:00:00;16,866447930336975
BE34;10;5582,000000000000000;0,558200000000000;t2m;StdTime;15-07-13 00:00:00;16,603651342320241
BE35;11;4637,000000000000000;0,463700000000000;t2m;StdTime;15-07-13 00:00:00;17,221827070800995
BE22;1;3104,000000000000000;0,310400000000000;t2m;StdTime;15-07-14 00:00:00;17,412812509487608
BE23;2;3847,000000000000000;0,384700000000000;t2m;StdTime;15-07-14 00:00:00;17,207242288433346
BE24;3;2706,000000000000000;0,270600000000000;t2m;StdTime;15-07-14 00:00:00;17,239989404755892
BE25;4;4010,000000000000000;0,401000000000000;t2m;StdTime;15-07-14 00:00:00;17,082567094151184
BE31;5;1403,000000000000000;0,140300000000000;t2m;StdTime;15-07-14 00:00:00;16,928877273798864
BE32;6;4820,000000000000000;0,482000000000000;t2m;StdTime;15-07-14 00:00:00;16,852565225624954
BE10;7;209,000000000000000;0,020900000000000;t2m;StdTime;15-07-14 00:00:00;17,085704958609981
BE21;8;3689,000000000000000;0,368900000000000;t2m;StdTime;15-07-14 00:00:00;17,378674816070617
BE33;9;4899,000000000000000;0,489900000000000;t2m;StdTime;15-07-14 00:00:00;16,102858399342320
BE34;10;5582,000000000000000;0,558200000000000;t2m;StdTime;15-07-14 00:00:00;15,956995314656499
BE35;11;4637,000000000000000;0,463700000000000;t2m;StdTime;15-07-14 00:00:00;16,417404810313315
BE22;1;3104,000000000000000;0,310400000000000;t2m;StdTime;15-07-15 00:00:00;18,466985859821797
BE23;2;3847,000000000000000;0,384700000000000;t2m;StdTime;15-07-15 00:00:00;18,074922067331396
BE24;3;2706,000000000000000;0,270600000000000;t2m;StdTime;15-07-15 00:00:00;18,275370323649177
BE25;4;4010,000000000000000;0,401000000000000;t2m;StdTime;15-07-15 00:00:00;17,671761147934284
BE31;5;1403,000000000000000;0,140300000000000;t2m;StdTime;15-07-15 00:00:00;18,018874023611509
BE32;6;4820,000000000000000;0,482000000000000;t2m;StdTime;15-07-15 00:00:00;18,008818077942113
BE10;7;209,000000000000000;0,020900000000000;t2m;StdTime;15-07-15 00:00:00;18,151848186146129
BE21;8;3689,000000000000000;0,368900000000000;t2m;StdTime;15-07-15 00:00:00;18,284755524273116
BE33;9;4899,000000000000000;0,489900000000000;t2m;StdTime;15-07-15 00:00:00;17,287593741688422
BE34;10;5582,000000000000000;0,558200000000000;t2m;StdTime;15-07-15 00:00:00;17,380934847507483
BE35;11;4637,000000000000000;0,463700000000000;t2m;StdTime;15-07-15 00:00:00;17,652766510101884
BE22;1;3104,000000000000000;0,310400000000000;t2m;StdTime;15-07-16 00:00:00;18,113494545528550
BE23;2;3847,000000000000000;0,384700000000000;t2m;StdTime;15-07-16 00:00:00;17,983601811832695
BE24;3;2706,000000000000000;0,270600000000000;t2m;StdTime;15-07-16 00:00:00;17,986618447991017
BE25;4;4010,000000000000000;0,401000000000000;t2m;StdTime;15-07-16 00:00:00;17,755738454804426
BE31;5;1403,000000000000000;0,140300000000000;t2m;StdTime;15-07-16 00:00:00;17,692574059886802
BE32;6;4820,000000000000000;0,482000000000000;t2m;StdTime;15-07-16 00:00:00;17,647965555072314
BE10;7;209,000000000000000;0,020900000000000;t2m;StdTime;15-07-16 00:00:00;17,868578048414026
BE21;8;3689,000000000000000;0,368900000000000;t2m;StdTime;15-07-16 00:00:00;18,131854652679884
BE33;9;4899,000000000000000;0,489900000000000;t2m;StdTime;15-07-16 00:00:00;16,830874714420144
BE34;10;5582,000000000000000;0,558200000000000;t2m;StdTime;15-07-16 00:00:00;16,604907317897872
BE35;11;4637,000000000000000;0,463700000000000;t2m;StdTime;15-07-16 00:00:00;17,177766010168458
BE22;1;3104,000000000000000;0,310400000000000;t2m;StdTime;15-07-17 00:00:00;18,850822923724188
BE23;2;3847,000000000000000;0,384700000000000;t2m;StdTime;15-07-17 00:00:00;18,811050315382946
BE24;3;2706,000000000000000;0,270600000000000;t2m;StdTime;15-07-17 00:00:00;18,844618574566773
BE25;4;4010,000000000000000;0,401000000000000;t2m;StdTime;15-07-17 00:00:00;18,585004152026837
BE31;5;1403,000000000000000;0,140300000000000;t2m;StdTime;15-07-17 00:00:00;18,516912713190205
BE32;6;4820,000000000000000;0,482000000000000;t2m;StdTime;15-07-17 00:00:00;18,543409302818375
BE10;7;209,000000000000000;0,020900000000000;t2m;StdTime;15-07-17 00:00:00;18,750576731120564
BE21;8;3689,000000000000000;0,368900000000000;t2m;StdTime;15-07-17 00:00:00;18,837903881305653
BE33;9;4899,000000000000000;0,489900000000000;t2m;StdTime;15-07-17 00:00:00;17,550579246245444
BE34;10;5582,000000000000000;0,558200000000000;t2m;StdTime;15-07-17 00:00:00;17,446882876987672
BE35;11;4637,000000000000000;0,463700000000000;t2m;StdTime;15-07-17 00:00:00;17,978294318674056
BE22;1;3104,000000000000000;0,310400000000000;t2m;StdTime;15-07-18 00:00:00;20,294690081753711
BE23;2;3847,000000000000000;0,384700000000000;t2m;StdTime;15-07-18 00:00:00;19,569782554065238
BE24;3;2706,000000000000000;0,270600000000000;t2m;StdTime;15-07-18 00:00:00;19,981422766173051
BE25;4;4010,000000000000000;0,401000000000000;t2m;StdTime;15-07-18 00:00:00;18,973132538260430
BE31;5;1403,000000000000000;0,140300000000000;t2m;StdTime;15-07-18 00:00:00;19,626738812697415
BE32;6;4820,000000000000000;0,482000000000000;t2m;StdTime;15-07-18 00:00:00;19,457626402526483
BE10;7;209,000000000000000;0,020900000000000;t2m;StdTime;15-07-18 00:00:00;19,774188904100633
BE21;8;3689,000000000000000;0,368900000000000;t2m;StdTime;15-07-18 00:00:00;20,047488727812553
BE33;9;4899,000000000000000;0,489900000000000;t2m;StdTime;15-07-18 00:00:00;18,781259978248308
BE34;10;5582,000000000000000;0,558200000000000;t2m;StdTime;15-07-18 00:00:00;18,597568487019064
BE35;11;4637,000000000000000;0,463700000000000;t2m;StdTime;15-07-18 00:00:00;19,142679343224579
BE22;1;3104,000000000000000;0,310400000000000;t2m;StdTime;15-07-19 00:00:00;19,564401044059025
BE23;2;3847,000000000000000;0,384700000000000;t2m;StdTime;15-07-19 00:00:00;18,972508157542173
BE24;3;2706,000000000000000;0,270600000000000;t2m;StdTime;15-07-19 00:00:00;19,247396825774896
BE25;4;4010,000000000000000;0,401000000000000;t2m;StdTime;15-07-19 00:00:00;18,622858949789638
BE31;5;1403,000000000000000;0,140300000000000;t2m;StdTime;15-07-19 00:00:00;18,993235122452290
BE32;6;4820,000000000000000;0,482000000000000;t2m;StdTime;15-07-19 00:00:00;18,856831294965907
BE10;7;209,000000000000000;0,020900000000000;t2m;StdTime;15-07-19 00:00:00;19,098558772693984
BE21;8;3689,000000000000000;0,368900000000000;t2m;StdTime;15-07-19 00:00:00;19,274352756416533
BE33;9;4899,000000000000000;0,489900000000000;t2m;StdTime;15-07-19 00:00:00;18,283286912462174
BE34;10;5582,000000000000000;0,558200000000000;t2m;StdTime;15-07-19 00:00:00;18,113681810297688
BE35;11;4637,000000000000000;0,463700000000000;t2m;StdTime;15-07-19 00:00:00;18,490434486186761
BE22;1;3104,000000000000000;0,310400000000000;t2m;StdTime;15-07-20 00:00:00;19,067035593937380
BE23;2;3847,000000000000000;0,384700000000000;t2m;StdTime;15-07-20 00:00:00;18,659013917733088
BE24;3;2706,000000000000000;0,270600000000000;t2m;StdTime;15-07-20 00:00:00;18,831931174814638
BE25;4;4010,000000000000000;0,401000000000000;t2m;StdTime;15-07-20 00:00:00;18,319634564083376
BE31;5;1403,000000000000000;0,140300000000000;t2m;StdTime;15-07-20 00:00:00;18,558905705501576
BE32;6;4820,000000000000000;0,482000000000000;t2m;StdTime;15-07-20 00:00:00;18,543284170459383
BE10;7;209,000000000000000;0,020900000000000;t2m;StdTime;15-07-20 00:00:00;18,729695297314233
BE21;8;3689,000000000000000;0,368900000000000;t2m;StdTime;15-07-20 00:00:00;18,906096964872546
BE33;9;4899,000000000000000;0,489900000000000;t2m;StdTime;15-07-20 00:00:00;17,744415071794631
BE34;10;5582,000000000000000;0,558200000000000;t2m;StdTime;15-07-20 00:00:00;17,644211358385075
BE35;11;4637,000000000000000;0,463700000000000;t2m;StdTime;15-07-20 00:00:00;18,131209718376422
BE22;1;3104,000000000000000;0,310400000000000;t2m;StdTime;15-07-21 00:00:00;17,834992943965279
BE23;2;3847,000000000000000;0,384700000000000;t2m;StdTime;15-07-21 00:00:00;17,623116418111220
BE24;3;2706,000000000000000;0,270600000000000;t2m;StdTime;15-07-21 00:00:00;17,687055656139897
BE25;4;4010,000000000000000;0,401000000000000;t2m;StdTime;15-07-21 00:00:00;17,407473551305447
BE31;5;1403,000000000000000;0,140300000000000;t2m;StdTime;15-07-21 00:00:00;17,357019058738729
BE32;6;4820,000000000000000;0,482000000000000;t2m;StdTime;15-07-21 00:00:00;17,294508884952290
BE10;7;209,000000000000000;0,020900000000000;t2m;StdTime;15-07-21 00:00:00;17,564572685643252
BE21;8;3689,000000000000000;0,368900000000000;t2m;StdTime;15-07-21 00:00:00;17,878449609332041
BE33;9;4899,000000000000000;0,489900000000000;t2m;StdTime;15-07-21 00:00:00;16,477541577988735
BE34;10;5582,000000000000000;0,558200000000000;t2m;StdTime;15-07-21 00:00:00;16,278814026891759
BE35;11;4637,000000000000000;0,463700000000000;t2m;StdTime;15-07-21 00:00:00;16,801930358241727
BE22;1;3104,000000000000000;0,310400000000000;t2m;StdTime;15-07-22 00:00:00;19,598939776420572
BE23;2;3847,000000000000000;0,384700000000000;t2m;StdTime;15-07-22 00:00:00;19,271688587237367
BE24;3;2706,000000000000000;0,270600000000000;t2m;StdTime;15-07-22 00:00:00;19,508747839522371
BE25;4;4010,000000000000000;0,401000000000000;t2m;StdTime;15-07-22 00:00:00;19,050381423588671
BE31;5;1403,000000000000000;0,140300000000000;t2m;StdTime;15-07-22 00:00:00;19,262152006349112
BE32;6;4820,000000000000000;0,482000000000000;t2m;StdTime;15-07-22 00:00:00;19,221190039053010
BE10;7;209,000000000000000;0,020900000000000;t2m;StdTime;15-07-22 00:00:00;19,422921349557406
BE21;8;3689,000000000000000;0,368900000000000;t2m;StdTime;15-07-22 00:00:00;19,495643329801268
BE33;9;4899,000000000000000;0,489900000000000;t2m;StdTime;15-07-22 00:00:00;18,385072979885262
BE34;10;5582,000000000000000;0,558200000000000;t2m;StdTime;15-07-22 00:00:00;18,385089991469364
BE35;11;4637,000000000000000;0,463700000000000;t2m;StdTime;15-07-22 00:00:00;18,781890154244852
BE22;1;3104,000000000000000;0,310400000000000;t2m;StdTime;15-07-23 00:00:00;19,126459743558780
BE23;2;3847,000000000000000;0,384700000000000;t2m;StdTime;15-07-23 00:00:00;18,837935502478938
BE24;3;2706,000000000000000;0,270600000000000;t2m;StdTime;15-07-23 00:00:00;18,917060502440705
BE25;4;4010,000000000000000;0,401000000000000;t2m;StdTime;15-07-23 00:00:00;18,513613230450787
BE31;5;1403,000000000000000;0,140300000000000;t2m;StdTime;15-07-23 00:00:00;18,562931154595031
BE32;6;4820,000000000000000;0,482000000000000;t2m;StdTime;15-07-23 00:00:00;18,505479196888800
BE10;7;209,000000000000000;0,020900000000000;t2m;StdTime;15-07-23 00:00:00;18,781124799445482
BE21;8;3689,000000000000000;0,368900000000000;t2m;StdTime;15-07-23 00:00:00;19,041538658876288
BE33;9;4899,000000000000000;0,489900000000000;t2m;StdTime;15-07-23 00:00:00;17,752156192415953
BE34;10;5582,000000000000000;0,558200000000000;t2m;StdTime;15-07-23 00:00:00;17,648614761095587
BE35;11;4637,000000000000000;0,463700000000000;t2m;StdTime;15-07-23 00:00:00;18,051232447571778
BE22;1;3104,000000000000000;0,310400000000000;t2m;StdTime;15-07-24 00:00:00;18,223347748677764
BE23;2;3847,000000000000000;0,384700000000000;t2m;StdTime;15-07-24 00:00:00;18,019259197234167
BE24;3;2706,000000000000000;0,270600000000000;t2m;StdTime;15-07-24 00:00:00;18,073885744268242
BE25;4;4010,000000000000000;0,401000000000000;t2m;StdTime;15-07-24 00:00:00;17,822170378382971
BE31;5;1403,000000000000000;0,140300000000000;t2m;StdTime;15-07-24 00:00:00;17,778882900137436
BE32;6;4820,000000000000000;0,482000000000000;t2m;StdTime;15-07-24 00:00:00;17,734763193724039
BE10;7;209,000000000000000;0,020900000000000;t2m;StdTime;15-07-24 00:00:00;17,960230202195746
BE21;8;3689,000000000000000;0,368900000000000;t2m;StdTime;15-07-24 00:00:00;18,119975534419975
BE33;9;4899,000000000000000;0,489900000000000;t2m;StdTime;15-07-24 00:00:00;16,996037287574847
BE34;10;5582,000000000000000;0,558200000000000;t2m;StdTime;15-07-24 00:00:00;16,768180764819139
BE35;11;4637,000000000000000;0,463700000000000;t2m;StdTime;15-07-24 00:00:00;17,256252866740493
BE22;1;3104,000000000000000;0,310400000000000;tp;StdTime;15-07-61 00:00:00;216,696717601461415
BE23;2;3847,000000000000000;0,384700000000000;tp;StdTime;15-07-61 00:00:00;166,571774123023403
BE24;3;2706,000000000000000;0,270600000000000;tp;StdTime;15-07-61 00:00:00;179,101510030291109
BE25;4;4010,000000000000000;0,401000000000000;tp;StdTime;15-07-61 00:00:00;148,311146201040685
BE31;5;1403,000000000000000;0,140300000000000;tp;StdTime;15-07-61 00:00:00;174,269475696261850
BE32;6;4820,000000000000000;0,482000000000000;tp;StdTime;15-07-61 00:00:00;151,784855984256467
BE10;7;209,000000000000000;0,020900000000000;tp;StdTime;15-07-61 00:00:00;172,408691917309966
BE21;8;3689,000000000000000;0,368900000000000;tp;StdTime;15-07-61 00:00:00;208,502325718239263
BE33;9;4899,000000000000000;0,489900000000000;tp;StdTime;15-07-61 00:00:00;232,249666561664583
BE34;10;5582,000000000000000;0,558200000000000;tp;StdTime;15-07-61 00:00:00;221,630886278798272
BE35;11;4637,000000000000000;0,463700000000000;tp;StdTime;15-07-61 00:00:00;184,372728789960604
BE22;1;3104,000000000000000;0,310400000000000;tp;StdTime;15-07-62 00:00:00;144,539776743072679
BE23;2;3847,000000000000000;0,384700000000000;tp;StdTime;15-07-62 00:00:00;118,972854548812052
BE24;3;2706,000000000000000;0,270600000000000;tp;StdTime;15-07-62 00:00:00;128,014325189132194
BE25;4;4010,000000000000000;0,401000000000000;tp;StdTime;15-07-62 00:00:00;111,623060866662627
BE31;5;1403,000000000000000;0,140300000000000;tp;StdTime;15-07-62 00:00:00;125,859283235187092
BE32;6;4820,000000000000000;0,482000000000000;tp;StdTime;15-07-62 00:00:00;120,736766973471802
BE10;7;209,000000000000000;0,020900000000000;tp;StdTime;15-07-62 00:00:00;118,130859046461481
BE21;8;3689,000000000000000;0,368900000000000;tp;StdTime;15-07-62 00:00:00;152,851863769051533
BE33;9;4899,000000000000000;0,489900000000000;tp;StdTime;15-07-62 00:00:00;166,591484837591423
BE34;10;5582,000000000000000;0,558200000000000;tp;StdTime;15-07-62 00:00:00;153,188109806215209
BE35;11;4637,000000000000000;0,463700000000000;tp;StdTime;15-07-62 00:00:00;151,780324019875820
BE22;1;3104,000000000000000;0,310400000000000;tp;StdTime;15-07-63 00:00:00;248,994136657911213
BE23;2;3847,000000000000000;0,384700000000000;tp;StdTime;15-07-63 00:00:00;275,414184447354103
BE24;3;2706,000000000000000;0,270600000000000;tp;StdTime;15-07-63 00:00:00;276,732771778318352
BE25;4;4010,000000000000000;0,401000000000000;tp;StdTime;15-07-63 00:00:00;237,787334984377480
BE31;5;1403,000000000000000;0,140300000000000;tp;StdTime;15-07-63 00:00:00;277,598515353539199
BE32;6;4820,000000000000000;0,482000000000000;tp;StdTime;15-07-63 00:00:00;258,992229480664093
BE10;7;209,000000000000000;0,020900000000000;tp;StdTime;15-07-63 00:00:00;285,255603406988314
BE21;8;3689,000000000000000;0,368900000000000;tp;StdTime;15-07-63 00:00:00;279,354136118755491
BE33;9;4899,000000000000000;0,489900000000000;tp;StdTime;15-07-63 00:00:00;263,505149054853632
BE34;10;5582,000000000000000;0,558200000000000;tp;StdTime;15-07-63 00:00:00;260,713688037507438
BE35;11;4637,000000000000000;0,463700000000000;tp;StdTime;15-07-63 00:00:00;254,386832544303331
BE22;1;3104,000000000000000;0,310400000000000;tp;StdTime;15-07-64 00:00:00;138,887394661755934
BE23;2;3847,000000000000000;0,384700000000000;tp;StdTime;15-07-64 00:00:00;190,439518566840974
BE24;3;2706,000000000000000;0,270600000000000;tp;StdTime;15-07-64 00:00:00;159,430948019203925
BE25;4;4010,000000000000000;0,401000000000000;tp;StdTime;15-07-64 00:00:00;185,538678910785421
BE31;5;1403,000000000000000;0,140300000000000;tp;StdTime;15-07-64 00:00:00;156,375945174855673
BE32;6;4820,000000000000000;0,482000000000000;tp;StdTime;15-07-64 00:00:00;166,377385528057999
BE10;7;209,000000000000000;0,020900000000000;tp;StdTime;15-07-64 00:00:00;166,545888946387151
BE21;8;3689,000000000000000;0,368900000000000;tp;StdTime;15-07-64 00:00:00;166,795005424005183
BE33;9;4899,000000000000000;0,489900000000000;tp;StdTime;15-07-64 00:00:00;168,996228546871805
BE34;10;5582,000000000000000;0,558200000000000;tp;StdTime;15-07-64 00:00:00;158,390438170041648
BE35;11;4637,000000000000000;0,463700000000000;tp;StdTime;15-07-64 00:00:00;149,992335122285198
BE22;1;3104,000000000000000;0,310400000000000;tp;StdTime;15-07-65 00:00:00;308,803737483073689
BE23;2;3847,000000000000000;0,384700000000000;tp;StdTime;15-07-65 00:00:00;230,278956219658426
BE24;3;2706,000000000000000;0,270600000000000;tp;StdTime;15-07-65 00:00:00;276,106874537838166
BE25;4;4010,000000000000000;0,401000000000000;tp;StdTime;15-07-65 00:00:00;211,483007508085393
BE31;5;1403,000000000000000;0,140300000000000;tp;StdTime;15-07-65 00:00:00;300,871173469832399
BE32;6;4820,000000000000000;0,482000000000000;tp;StdTime;15-07-65 00:00:00;271,247894587854262
BE10;7;209,000000000000000;0,020900000000000;tp;StdTime;15-07-65 00:00:00;270,836580851431506
BE21;8;3689,000000000000000;0,368900000000000;tp;StdTime;15-07-65 00:00:00;274,492429014079221
BE33;9;4899,000000000000000;0,489900000000000;tp;StdTime;15-07-65 00:00:00;379,714836779359075
BE34;10;5582,000000000000000;0,558200000000000;tp;StdTime;15-07-65 00:00:00;376,554463303503155
BE35;11;4637,000000000000000;0,463700000000000;tp;StdTime;15-07-65 00:00:00;340,360629392898375
BE22;1;3104,000000000000000;0,310400000000000;tp;StdTime;15-07-66 00:00:00;295,460235772673400
BE23;2;3847,000000000000000;0,384700000000000;tp;StdTime;15-07-66 00:00:00;259,741617336129423
BE24;3;2706,000000000000000;0,270600000000000;tp;StdTime;15-07-66 00:00:00;264,627918607115305
BE25;4;4010,000000000000000;0,401000000000000;tp;StdTime;15-07-66 00:00:00;248,904325786790025
BE31;5;1403,000000000000000;0,140300000000000;tp;StdTime;15-07-66 00:00:00;263,051436388229831
BE32;6;4820,000000000000000;0,482000000000000;tp;StdTime;15-07-66 00:00:00;259,971113342664864
BE10;7;209,000000000000000;0,020900000000000;tp;StdTime;15-07-66 00:00:00;257,635911129307999
BE21;8;3689,000000000000000;0,368900000000000;tp;StdTime;15-07-66 00:00:00;295,781155816582441
BE33;9;4899,000000000000000;0,489900000000000;tp;StdTime;15-07-66 00:00:00;333,411384197857387
BE34;10;5582,000000000000000;0,558200000000000;tp;StdTime;15-07-66 00:00:00;338,403145391340900
BE35;11;4637,000000000000000;0,463700000000000;tp;StdTime;15-07-66 00:00:00;309,650019227982682
BE22;1;3104,000000000000000;0,310400000000000;tp;StdTime;15-07-67 00:00:00;175,339479362841729
BE23;2;3847,000000000000000;0,384700000000000;tp;StdTime;15-07-67 00:00:00;173,267053194098253
BE24;3;2706,000000000000000;0,270600000000000;tp;StdTime;15-07-67 00:00:00;174,684710855759050
BE25;4;4010,000000000000000;0,401000000000000;tp;StdTime;15-07-67 00:00:00;138,160208649290269
BE31;5;1403,000000000000000;0,140300000000000;tp;StdTime;15-07-67 00:00:00;186,472038611631746
BE32;6;4820,000000000000000;0,482000000000000;tp;StdTime;15-07-67 00:00:00;171,911345102777318
BE10;7;209,000000000000000;0,020900000000000;tp;StdTime;15-07-67 00:00:00;175,441903292277232
BE21;8;3689,000000000000000;0,368900000000000;tp;StdTime;15-07-67 00:00:00;171,127366307693819
BE33;9;4899,000000000000000;0,489900000000000;tp;StdTime;15-07-67 00:00:00;216,066675955870949
BE34;10;5582,000000000000000;0,558200000000000;tp;StdTime;15-07-67 00:00:00;229,059951276516529
BE35;11;4637,000000000000000;0,463700000000000;tp;StdTime;15-07-67 00:00:00;200,824979603174938
BE22;1;3104,000000000000000;0,310400000000000;tp;StdTime;15-07-68 00:00:00;312,814298806731301
BE23;2;3847,000000000000000;0,384700000000000;tp;StdTime;15-07-68 00:00:00;335,422395639243291
BE24;3;2706,000000000000000;0,270600000000000;tp;StdTime;15-07-68 00:00:00;335,910060795166260
BE25;4;4010,000000000000000;0,401000000000000;tp;StdTime;15-07-68 00:00:00;334,376973589281306
BE31;5;1403,000000000000000;0,140300000000000;tp;StdTime;15-07-68 00:00:00;330,175756474860066
BE32;6;4820,000000000000000;0,482000000000000;tp;StdTime;15-07-68 00:00:00;308,771186163810455
BE10;7;209,000000000000000;0,020900000000000;tp;StdTime;15-07-68 00:00:00;338,292015404222013
BE21;8;3689,000000000000000;0,368900000000000;tp;StdTime;15-07-68 00:00:00;351,846606508183925
BE33;9;4899,000000000000000;0,489900000000000;tp;StdTime;15-07-68 00:00:00;363,043448621630830
BE34;10;5582,000000000000000;0,558200000000000;tp;StdTime;15-07-68 00:00:00;338,176279219023058
BE35;11;4637,000000000000000;0,463700000000000;tp;StdTime;15-07-68 00:00:00;318,251325819958822
BE22;1;3104,000000000000000;0,310400000000000;tp;StdTime;15-07-69 00:00:00;259,876979950776729
BE23;2;3847,000000000000000;0,384700000000000;tp;StdTime;15-07-69 00:00:00;287,177693473354225
BE24;3;2706,000000000000000;0,270600000000000;tp;StdTime;15-07-69 00:00:00;265,408089326913398
BE25;4;4010,000000000000000;0,401000000000000;tp;StdTime;15-07-69 00:00:00;273,656324376131920
BE31;5;1403,000000000000000;0,140300000000000;tp;StdTime;15-07-69 00:00:00;284,713164804665951
BE32;6;4820,000000000000000;0,482000000000000;tp;StdTime;15-07-69 00:00:00;284,431997224800739
BE10;7;209,000000000000000;0,020900000000000;tp;StdTime;15-07-69 00:00:00;271,865234959068403
BE21;8;3689,000000000000000;0,368900000000000;tp;StdTime;15-07-69 00:00:00;247,247213738498857
BE33;9;4899,000000000000000;0,489900000000000;tp;StdTime;15-07-69 00:00:00;336,726252882692677
BE34;10;5582,000000000000000;0,558200000000000;tp;StdTime;15-07-69 00:00:00;299,671382744138100
BE35;11;4637,000000000000000;0,463700000000000;tp;StdTime;15-07-69 00:00:00;296,436271813914686
BE22;1;3104,000000000000000;0,310400000000000;tp;StdTime;15-07-70 00:00:00;211,522367005496022
BE23;2;3847,000000000000000;0,384700000000000;tp;StdTime;15-07-70 00:00:00;177,658168478386301
BE24;3;2706,000000000000000;0,270600000000000;tp;StdTime;15-07-70 00:00:00;194,135738054206399
BE25;4;4010,000000000000000;0,401000000000000;tp;StdTime;15-07-70 00:00:00;166,117312743836351
BE31;5;1403,000000000000000;0,140300000000000;tp;StdTime;15-07-70 00:00:00;195,868564706314430
BE32;6;4820,000000000000000;0,482000000000000;tp;StdTime;15-07-70 00:00:00;183,893196017316654
BE10;7;209,000000000000000;0,020900000000000;tp;StdTime;15-07-70 00:00:00;184,399473929519360
BE21;8;3689,000000000000000;0,368900000000000;tp;StdTime;15-07-70 00:00:00;189,944986895061930
BE33;9;4899,000000000000000;0,489900000000000;tp;StdTime;15-07-70 00:00:00;269,233068637104452
BE34;10;5582,000000000000000;0,558200000000000;tp;StdTime;15-07-70 00:00:00;285,005047034466372
BE35;11;4637,000000000000000;0,463700000000000;tp;StdTime;15-07-70 00:00:00;247,689496706497323
BE22;1;3104,000000000000000;0,310400000000000;tp;StdTime;15-07-71 00:00:00;235,172568134425603
BE23;2;3847,000000000000000;0,384700000000000;tp;StdTime;15-07-71 00:00:00;233,499242815811471
BE24;3;2706,000000000000000;0,270600000000000;tp;StdTime;15-07-71 00:00:00;249,489635938375500
BE25;4;4010,000000000000000;0,401000000000000;tp;StdTime;15-07-71 00:00:00;213,671887039602950
BE31;5;1403,000000000000000;0,140300000000000;tp;StdTime;15-07-71 00:00:00;253,249313430623118
BE32;6;4820,000000000000000;0,482000000000000;tp;StdTime;15-07-71 00:00:00;251,272547773305718
BE10;7;209,000000000000000;0,020900000000000;tp;StdTime;15-07-71 00:00:00;249,757629029488498
BE21;8;3689,000000000000000;0,368900000000000;tp;StdTime;15-07-71 00:00:00;242,231005008125550
BE33;9;4899,000000000000000;0,489900000000000;tp;StdTime;15-07-71 00:00:00;254,166474207831129
BE34;10;5582,000000000000000;0,558200000000000;tp;StdTime;15-07-71 00:00:00;248,476431408905256
BE35;11;4637,000000000000000;0,463700000000000;tp;StdTime;15-07-71 00:00:00;248,287749260233340
BE22;1;3104,000000000000000;0,310400000000000;tp;StdTime;15-07-72 00:00:00;288,529359788010026
BE23;2;3847,000000000000000;0,384700000000000;tp;StdTime;15-07-72 00:00:00;238,453441487989693
BE24;3;2706,000000000000000;0,270600000000000;tp;StdTime;15-07-72 00:00:00;268,241993370535283
BE25;4;4010,000000000000000;0,401000000000000;tp;StdTime;15-07-72 00:00:00;209,219172398289260
BE31;5;1403,000000000000000;0,140300000000000;tp;StdTime;15-07-72 00:00:00;286,300622832664772
BE32;6;4820,000000000000000;0,482000000000000;tp;StdTime;15-07-72 00:00:00;264,769896007870443
BE10;7;209,000000000000000;0,020900000000000;tp;StdTime;15-07-72 00:00:00;267,212089575078608
BE21;8;3689,000000000000000;0,368900000000000;tp;StdTime;15-07-72 00:00:00;259,573556777487056
BE33;9;4899,000000000000000;0,489900000000000;tp;StdTime;15-07-72 00:00:00;360,832489904468332
BE34;10;5582,000000000000000;0,558200000000000;tp;StdTime;15-07-72 00:00:00;324,663224403766378
BE35;11;4637,000000000000000;0,463700000000000;tp;StdTime;15-07-72 00:00:00;319,803956683966874
BE22;1;3104,000000000000000;0,310400000000000;tp;StdTime;15-07-73 00:00:00;150,841406517422030
BE23;2;3847,000000000000000;0,384700000000000;tp;StdTime;15-07-73 00:00:00;169,205681951814057
BE24;3;2706,000000000000000;0,270600000000000;tp;StdTime;15-07-73 00:00:00;157,227138646161677
BE25;4;4010,000000000000000;0,401000000000000;tp;StdTime;15-07-73 00:00:00;151,071462525632114
BE31;5;1403,000000000000000;0,140300000000000;tp;StdTime;15-07-73 00:00:00;147,106035141458960
BE32;6;4820,000000000000000;0,482000000000000;tp;StdTime;15-07-73 00:00:00;152,853571705798430
BE10;7;209,000000000000000;0,020900000000000;tp;StdTime;15-07-73 00:00:00;160,167270350114052
BE21;8;3689,000000000000000;0,368900000000000;tp;StdTime;15-07-73 00:00:00;169,738150770601720
BE33;9;4899,000000000000000;0,489900000000000;tp;StdTime;15-07-73 00:00:00;183,101963022188954
BE34;10;5582,000000000000000;0,558200000000000;tp;StdTime;15-07-73 00:00:00;185,968777986292622
BE35;11;4637,000000000000000;0,463700000000000;tp;StdTime;15-07-73 00:00:00;161,628777351568772
BE22;1;3104,000000000000000;0,310400000000000;tp;StdTime;15-07-74 00:00:00;269,031580010640369
BE23;2;3847,000000000000000;0,384700000000000;tp;StdTime;15-07-74 00:00:00;230,657881595699877
BE24;3;2706,000000000000000;0,270600000000000;tp;StdTime;15-07-74 00:00:00;236,375022499101220
BE25;4;4010,000000000000000;0,401000000000000;tp;StdTime;15-07-74 00:00:00;224,797199403377476
BE31;5;1403,000000000000000;0,140300000000000;tp;StdTime;15-07-74 00:00:00;240,631501299096215
BE32;6;4820,000000000000000;0,482000000000000;tp;StdTime;15-07-74 00:00:00;218,638313591035057
BE10;7;209,000000000000000;0,020900000000000;tp;StdTime;15-07-74 00:00:00;227,554727727716596
BE21;8;3689,000000000000000;0,368900000000000;tp;StdTime;15-07-74 00:00:00;255,121630794020348
BE33;9;4899,000000000000000;0,489900000000000;tp;StdTime;15-07-74 00:00:00;263,831850010220933
BE34;10;5582,000000000000000;0,558200000000000;tp;StdTime;15-07-74 00:00:00;259,252519619161831
BE35;11;4637,000000000000000;0,463700000000000;tp;StdTime;15-07-74 00:00:00;241,731158370264296
BE22;1;3104,000000000000000;0,310400000000000;tp;StdTime;15-07-75 00:00:00;247,724598506062307
BE23;2;3847,000000000000000;0,384700000000000;tp;StdTime;15-07-75 00:00:00;221,771291643048244
BE24;3;2706,000000000000000;0,270600000000000;tp;StdTime;15-07-75 00:00:00;261,947644568512032
BE25;4;4010,000000000000000;0,401000000000000;tp;StdTime;15-07-75 00:00:00;209,871140272183510
BE31;5;1403,000000000000000;0,140300000000000;tp;StdTime;15-07-75 00:00:00;277,859283610402997
BE32;6;4820,000000000000000;0,482000000000000;tp;StdTime;15-07-75 00:00:00;244,634705827641795
BE10;7;209,000000000000000;0,020900000000000;tp;StdTime;15-07-75 00:00:00;258,428735395367710
BE21;8;3689,000000000000000;0,368900000000000;tp;StdTime;15-07-75 00:00:00;244,559436780516108
BE33;9;4899,000000000000000;0,489900000000000;tp;StdTime;15-07-75 00:00:00;286,993468606003205
BE34;10;5582,000000000000000;0,558200000000000;tp;StdTime;15-07-75 00:00:00;237,473802261051929
BE35;11;4637,000000000000000;0,463700000000000;tp;StdTime;15-07-75 00:00:00;260,479904270233931
BE22;1;3104,000000000000000;0,310400000000000;tp;StdTime;15-07-76 00:00:00;128,029643471707857
BE23;2;3847,000000000000000;0,384700000000000;tp;StdTime;15-07-76 00:00:00;82,288965326859156
BE24;3;2706,000000000000000;0,270600000000000;tp;StdTime;15-07-76 00:00:00;117,989167590539608
BE25;4;4010,000000000000000;0,401000000000000;tp;StdTime;15-07-76 00:00:00;66,878518176375991
BE31;5;1403,000000000000000;0,140300000000000;tp;StdTime;15-07-76 00:00:00;131,938262868760518
BE32;6;4820,000000000000000;0,482000000000000;tp;StdTime;15-07-76 00:00:00;113,086961548358275
BE10;7;209,000000000000000;0,020900000000000;tp;StdTime;15-07-76 00:00:00;111,263331290067114
BE21;8;3689,000000000000000;0,368900000000000;tp;StdTime;15-07-76 00:00:00;99,070695268522812
BE33;9;4899,000000000000000;0,489900000000000;tp;StdTime;15-07-76 00:00:00;162,685056254629018
BE34;10;5582,000000000000000;0,558200000000000;tp;StdTime;15-07-76 00:00:00;153,527743738298483
BE35;11;4637,000000000000000;0,463700000000000;tp;StdTime;15-07-76 00:00:00;150,077375529217022
BE22;1;3104,000000000000000;0,310400000000000;tp;StdTime;15-07-77 00:00:00;279,836595840061079
BE23;2;3847,000000000000000;0,384700000000000;tp;StdTime;15-07-77 00:00:00;224,088064675148985
BE24;3;2706,000000000000000;0,270600000000000;tp;StdTime;15-07-77 00:00:00;252,583253131649371
BE25;4;4010,000000000000000;0,401000000000000;tp;StdTime;15-07-77 00:00:00;203,436973792478000
BE31;5;1403,000000000000000;0,140300000000000;tp;StdTime;15-07-77 00:00:00;273,029249162734686
BE32;6;4820,000000000000000;0,482000000000000;tp;StdTime;15-07-77 00:00:00;242,189388357455385
BE10;7;209,000000000000000;0,020900000000000;tp;StdTime;15-07-77 00:00:00;244,742496034175019
BE21;8;3689,000000000000000;0,368900000000000;tp;StdTime;15-07-77 00:00:00;242,156705811340743
BE33;9;4899,000000000000000;0,489900000000000;tp;StdTime;15-07-77 00:00:00;322,427607551693200
BE34;10;5582,000000000000000;0,558200000000000;tp;StdTime;15-07-77 00:00:00;333,716887470985512
BE35;11;4637,000000000000000;0,463700000000000;tp;StdTime;15-07-77 00:00:00;300,379240883767352
BE22;1;3104,000000000000000;0,310400000000000;tp;StdTime;15-07-78 00:00:00;220,392468010027130
BE23;2;3847,000000000000000;0,384700000000000;tp;StdTime;15-07-78 00:00:00;224,040074097822213
BE24;3;2706,000000000000000;0,270600000000000;tp;StdTime;15-07-78 00:00:00;216,582843563420965
BE25;4;4010,000000000000000;0,401000000000000;tp;StdTime;15-07-78 00:00:00;232,265856290517775
BE31;5;1403,000000000000000;0,140300000000000;tp;StdTime;15-07-78 00:00:00;221,884187737788977
BE32;6;4820,000000000000000;0,482000000000000;tp;StdTime;15-07-78 00:00:00;232,124542173013367
BE10;7;209,000000000000000;0,020900000000000;tp;StdTime;15-07-78 00:00:00;218,591239673669236
BE21;8;3689,000000000000000;0,368900000000000;tp;StdTime;15-07-78 00:00:00;206,241548289513673
BE33;9;4899,000000000000000;0,489900000000000;tp;StdTime;15-07-78 00:00:00;253,835871372351136
BE34;10;5582,000000000000000;0,558200000000000;tp;StdTime;15-07-78 00:00:00;254,217165015838646
BE35;11;4637,000000000000000;0,463700000000000;tp;StdTime;15-07-78 00:00:00;247,792270297605199
BE22;1;3104,000000000000000;0,310400000000000;tp;StdTime;15-07-79 00:00:00;209,512936085769866
BE23;2;3847,000000000000000;0,384700000000000;tp;StdTime;15-07-79 00:00:00;196,003879060242099
BE24;3;2706,000000000000000;0,270600000000000;tp;StdTime;15-07-79 00:00:00;203,016306429550667
BE25;4;4010,000000000000000;0,401000000000000;tp;StdTime;15-07-79 00:00:00;172,569746341848344
BE31;5;1403,000000000000000;0,140300000000000;tp;StdTime;15-07-79 00:00:00;198,685585984483168
BE32;6;4820,000000000000000;0,482000000000000;tp;StdTime;15-07-79 00:00:00;182,955221652588676
BE10;7;209,000000000000000;0,020900000000000;tp;StdTime;15-07-79 00:00:00;196,731013831909763
BE21;8;3689,000000000000000;0,368900000000000;tp;StdTime;15-07-79 00:00:00;214,378509244352529
BE33;9;4899,000000000000000;0,489900000000000;tp;StdTime;15-07-79 00:00:00;241,698404733004452
BE34;10;5582,000000000000000;0,558200000000000;tp;StdTime;15-07-79 00:00:00;222,467053431500744
BE35;11;4637,000000000000000;0,463700000000000;tp;StdTime;15-07-79 00:00:00;211,044878270468672
BE22;1;3104,000000000000000;0,310400000000000;tp;StdTime;15-07-80 00:00:00;297,685867565194144
BE23;2;3847,000000000000000;0,384700000000000;tp;StdTime;15-07-80 00:00:00;315,039134672843261
BE24;3;2706,000000000000000;0,270600000000000;tp;StdTime;15-07-80 00:00:00;302,562119962547172
BE25;4;4010,000000000000000;0,401000000000000;tp;StdTime;15-07-80 00:00:00;294,540121962245053
BE31;5;1403,000000000000000;0,140300000000000;tp;StdTime;15-07-80 00:00:00;316,282918830811923
BE32;6;4820,000000000000000;0,482000000000000;tp;StdTime;15-07-80 00:00:00;309,189775477998865
BE10;7;209,000000000000000;0,020900000000000;tp;StdTime;15-07-80 00:00:00;304,606985575844874
BE21;8;3689,000000000000000;0,368900000000000;tp;StdTime;15-07-80 00:00:00;302,647582660363753
BE33;9;4899,000000000000000;0,489900000000000;tp;StdTime;15-07-80 00:00:00;392,568856034724263
BE34;10;5582,000000000000000;0,558200000000000;tp;StdTime;15-07-80 00:00:00;411,168823378866932
BE35;11;4637,000000000000000;0,463700000000000;tp;StdTime;15-07-80 00:00:00;358,359879471295528
BE22;1;3104,000000000000000;0,310400000000000;tp;StdTime;15-07-81 00:00:00;268,135017498252068
BE23;2;3847,000000000000000;0,384700000000000;tp;StdTime;15-07-81 00:00:00;201,681024006505623
BE24;3;2706,000000000000000;0,270600000000000;tp;StdTime;15-07-81 00:00:00;239,307780297526733
BE25;4;4010,000000000000000;0,401000000000000;tp;StdTime;15-07-81 00:00:00;194,738105100408291
BE31;5;1403,000000000000000;0,140300000000000;tp;StdTime;15-07-81 00:00:00;266,988238986525971
BE32;6;4820,000000000000000;0,482000000000000;tp;StdTime;15-07-81 00:00:00;251,253614974911869
BE10;7;209,000000000000000;0,020900000000000;tp;StdTime;15-07-81 00:00:00;233,711984004700525
BE21;8;3689,000000000000000;0,368900000000000;tp;StdTime;15-07-81 00:00:00;209,584931747671845
BE33;9;4899,000000000000000;0,489900000000000;tp;StdTime;15-07-81 00:00:00;362,358411556508543
BE34;10;5582,000000000000000;0,558200000000000;tp;StdTime;15-07-81 00:00:00;372,059544523998852
BE35;11;4637,000000000000000;0,463700000000000;tp;StdTime;15-07-81 00:00:00;315,370472894652039
BE22;1;3104,000000000000000;0,310400000000000;tp;StdTime;15-07-82 00:00:00;225,602409559426974
BE23;2;3847,000000000000000;0,384700000000000;tp;StdTime;15-07-82 00:00:00;223,470296789833299
BE24;3;2706,000000000000000;0,270600000000000;tp;StdTime;15-07-82 00:00:00;219,586492004168917
BE25;4;4010,000000000000000;0,401000000000000;tp;StdTime;15-07-82 00:00:00;235,588454633222881
BE31;5;1403,000000000000000;0,140300000000000;tp;StdTime;15-07-82 00:00:00;224,522486865478243
BE32;6;4820,000000000000000;0,482000000000000;tp;StdTime;15-07-82 00:00:00;221,871566718643919
BE10;7;209,000000000000000;0,020900000000000;tp;StdTime;15-07-82 00:00:00;217,775011126504637
BE21;8;3689,000000000000000;0,368900000000000;tp;StdTime;15-07-82 00:00:00;222,817289522521946
BE33;9;4899,000000000000000;0,489900000000000;tp;StdTime;15-07-82 00:00:00;280,635559642673400
BE34;10;5582,000000000000000;0,558200000000000;tp;StdTime;15-07-82 00:00:00;261,403813306424581
BE35;11;4637,000000000000000;0,463700000000000;tp;StdTime;15-07-82 00:00:00;243,631044152123906
BE22;1;3104,000000000000000;0,310400000000000;tp;StdTime;15-07-83 00:00:00;145,336309639448871
BE23;2;3847,000000000000000;0,384700000000000;tp;StdTime;15-07-83 00:00:00;122,462328895705653
BE24;3;2706,000000000000000;0,270600000000000;tp;StdTime;15-07-83 00:00:00;140,703212202344304
BE25;4;4010,000000000000000;0,401000000000000;tp;StdTime;15-07-83 00:00:00;128,556491315275736
BE31;5;1403,000000000000000;0,140300000000000;tp;StdTime;15-07-83 00:00:00;142,280070331380387
BE32;6;4820,000000000000000;0,482000000000000;tp;StdTime;15-07-83 00:00:00;136,930288826083597
BE10;7;209,000000000000000;0,020900000000000;tp;StdTime;15-07-83 00:00:00;135,567057559364656
BE21;8;3689,000000000000000;0,368900000000000;tp;StdTime;15-07-83 00:00:00;137,135584826326181
BE33;9;4899,000000000000000;0,489900000000000;tp;StdTime;15-07-83 00:00:00;165,544027757927182
BE34;10;5582,000000000000000;0,558200000000000;tp;StdTime;15-07-83 00:00:00;161,036268588933723
BE35;11;4637,000000000000000;0,463700000000000;tp;StdTime;15-07-83 00:00:00;156,047957327594077
BE22;1;3104,000000000000000;0,310400000000000;tp;StdTime;15-07-84 00:00:00;174,558118810358849
BE23;2;3847,000000000000000;0,384700000000000;tp;StdTime;15-07-84 00:00:00;189,861359919762663
BE24;3;2706,000000000000000;0,270600000000000;tp;StdTime;15-07-84 00:00:00;167,858321974388417
BE25;4;4010,000000000000000;0,401000000000000;tp;StdTime;15-07-84 00:00:00;182,203580286496788
BE31;5;1403,000000000000000;0,140300000000000;tp;StdTime;15-07-84 00:00:00;151,256626436392168
BE32;6;4820,000000000000000;0,482000000000000;tp;StdTime;15-07-84 00:00:00;158,183891692102492
BE10;7;209,000000000000000;0,020900000000000;tp;StdTime;15-07-84 00:00:00;163,331036581377134
BE21;8;3689,000000000000000;0,368900000000000;tp;StdTime;15-07-84 00:00:00;196,357766734387468
BE33;9;4899,000000000000000;0,489900000000000;tp;StdTime;15-07-84 00:00:00;195,913435076908399
BE34;10;5582,000000000000000;0,558200000000000;tp;StdTime;15-07-84 00:00:00;195,181145889790429
BE35;11;4637,000000000000000;0,463700000000000;tp;StdTime;15-07-84 00:00:00;161,481313330720496
BE22;1;3104,000000000000000;0,310400000000000;tp;StdTime;15-07-85 00:00:00;297,645130526159051
BE23;2;3847,000000000000000;0,384700000000000;tp;StdTime;15-07-85 00:00:00;274,389119972524156
BE24;3;2706,000000000000000;0,270600000000000;tp;StdTime;15-07-85 00:00:00;272,298341259106849
BE25;4;4010,000000000000000;0,401000000000000;tp;StdTime;15-07-85 00:00:00;240,275584362153779
BE31;5;1403,000000000000000;0,140300000000000;tp;StdTime;15-07-85 00:00:00;266,124618421515493
BE32;6;4820,000000000000000;0,482000000000000;tp;StdTime;15-07-85 00:00:00;251,433615207275949
BE10;7;209,000000000000000;0,020900000000000;tp;StdTime;15-07-85 00:00:00;261,745018917978200
BE21;8;3689,000000000000000;0,368900000000000;tp;StdTime;15-07-85 00:00:00;303,935000834538300
BE33;9;4899,000000000000000;0,489900000000000;tp;StdTime;15-07-85 00:00:00;316,861196885086088
BE34;10;5582,000000000000000;0,558200000000000;tp;StdTime;15-07-85 00:00:00;291,000243295950781
BE35;11;4637,000000000000000;0,463700000000000;tp;StdTime;15-07-85 00:00:00;297,966322822562290
BE22;1;3104,000000000000000;0,310400000000000;tp;StdTime;15-07-86 00:00:00;190,665789889306296
BE23;2;3847,000000000000000;0,384700000000000;tp;StdTime;15-07-86 00:00:00;174,965644445734000
BE24;3;2706,000000000000000;0,270600000000000;tp;StdTime;15-07-86 00:00:00;189,516116845017308
BE25;4;4010,000000000000000;0,401000000000000;tp;StdTime;15-07-86 00:00:00;164,460803664057721
BE31;5;1403,000000000000000;0,140300000000000;tp;StdTime;15-07-86 00:00:00;197,567517857677387
BE32;6;4820,000000000000000;0,482000000000000;tp;StdTime;15-07-86 00:00:00;185,839477994926568
BE10;7;209,000000000000000;0,020900000000000;tp;StdTime;15-07-86 00:00:00;191,126276627682017
BE21;8;3689,000000000000000;0,368900000000000;tp;StdTime;15-07-86 00:00:00;187,370086632694694
BE33;9;4899,000000000000000;0,489900000000000;tp;StdTime;15-07-86 00:00:00;251,324756078025104
BE34;10;5582,000000000000000;0,558200000000000;tp;StdTime;15-07-86 00:00:00;266,516031492828517
BE35;11;4637,000000000000000;0,463700000000000;tp;StdTime;15-07-86 00:00:00;231,130044877490775
BE22;1;3104,000000000000000;0,310400000000000;tp;StdTime;15-07-87 00:00:00;299,715890589448634
BE23;2;3847,000000000000000;0,384700000000000;tp;StdTime;15-07-87 00:00:00;312,146873083429739
BE24;3;2706,000000000000000;0,270600000000000;tp;StdTime;15-07-87 00:00:00;317,491115990164531
BE25;4;4010,000000000000000;0,401000000000000;tp;StdTime;15-07-87 00:00:00;317,655247326325082
BE31;5;1403,000000000000000;0,140300000000000;tp;StdTime;15-07-87 00:00:00;327,746867804550902
BE32;6;4820,000000000000000;0,482000000000000;tp;StdTime;15-07-87 00:00:00;326,433183237922435
BE10;7;209,000000000000000;0,020900000000000;tp;StdTime;15-07-87 00:00:00;319,337768554687671
BE21;8;3689,000000000000000;0,368900000000000;tp;StdTime;15-07-87 00:00:00;323,704417798731185
BE33;9;4899,000000000000000;0,489900000000000;tp;StdTime;15-07-87 00:00:00;362,279557598150973
BE34;10;5582,000000000000000;0,558200000000000;tp;StdTime;15-07-87 00:00:00;375,715968914845234
BE35;11;4637,000000000000000;0,463700000000000;tp;StdTime;15-07-87 00:00:00;361,545540334748409
BE22;1;3104,000000000000000;0,310400000000000;tp;StdTime;15-07-88 00:00:00;233,107094022416618
BE23;2;3847,000000000000000;0,384700000000000;tp;StdTime;15-07-88 00:00:00;181,451412140439857
BE24;3;2706,000000000000000;0,270600000000000;tp;StdTime;15-07-88 00:00:00;199,502709466972334
BE25;4;4010,000000000000000;0,401000000000000;tp;StdTime;15-07-88 00:00:00;177,744722083798138
BE31;5;1403,000000000000000;0,140300000000000;tp;StdTime;15-07-88 00:00:00;200,283035909118439
BE32;6;4820,000000000000000;0,482000000000000;tp;StdTime;15-07-88 00:00:00;187,225618085426163
BE10;7;209,000000000000000;0,020900000000000;tp;StdTime;15-07-88 00:00:00;187,387473147451630
BE21;8;3689,000000000000000;0,368900000000000;tp;StdTime;15-07-88 00:00:00;205,217385502746055
BE33;9;4899,000000000000000;0,489900000000000;tp;StdTime;15-07-88 00:00:00;246,200004354937477
BE34;10;5582,000000000000000;0,558200000000000;tp;StdTime;15-07-88 00:00:00;243,083815694581631
BE35;11;4637,000000000000000;0,463700000000000;tp;StdTime;15-07-88 00:00:00;231,904330130407089
BE22;1;3104,000000000000000;0,310400000000000;tp;StdTime;15-07-89 00:00:00;161,826022767529139
BE23;2;3847,000000000000000;0,384700000000000;tp;StdTime;15-07-89 00:00:00;135,175499747751758
BE24;3;2706,000000000000000;0,270600000000000;tp;StdTime;15-07-89 00:00:00;145,362311245508721
BE25;4;4010,000000000000000;0,401000000000000;tp;StdTime;15-07-89 00:00:00;128,722379782431659
BE31;5;1403,000000000000000;0,140300000000000;tp;StdTime;15-07-89 00:00:00;151,902790007043819
BE32;6;4820,000000000000000;0,482000000000000;tp;StdTime;15-07-89 00:00:00;143,172911204738170
BE10;7;209,000000000000000;0,020900000000000;tp;StdTime;15-07-89 00:00:00;142,651465164987655
BE21;8;3689,000000000000000;0,368900000000000;tp;StdTime;15-07-89 00:00:00;148,285833187625656
BE33;9;4899,000000000000000;0,489900000000000;tp;StdTime;15-07-89 00:00:00;201,484688501305783
BE34;10;5582,000000000000000;0,558200000000000;tp;StdTime;15-07-89 00:00:00;211,437721569535711
BE35;11;4637,000000000000000;0,463700000000000;tp;StdTime;15-07-89 00:00:00;182,295335195021977
BE22;1;3104,000000000000000;0,310400000000000;tp;StdTime;15-07-90 00:00:00;202,516062638194057
BE23;2;3847,000000000000000;0,384700000000000;tp;StdTime;15-07-90 00:00:00;168,803765729523235
BE24;3;2706,000000000000000;0,270600000000000;tp;StdTime;15-07-90 00:00:00;194,782721621674909
BE25;4;4010,000000000000000;0,401000000000000;tp;StdTime;15-07-90 00:00:00;145,457648167407939
BE31;5;1403,000000000000000;0,140300000000000;tp;StdTime;15-07-90 00:00:00;205,989845857736043
BE32;6;4820,000000000000000;0,482000000000000;tp;StdTime;15-07-90 00:00:00;185,608409539693923
BE10;7;209,000000000000000;0,020900000000000;tp;StdTime;15-07-90 00:00:00;191,852221402254969
BE21;8;3689,000000000000000;0,368900000000000;tp;StdTime;15-07-90 00:00:00;192,045741113552907
BE33;9;4899,000000000000000;0,489900000000000;tp;StdTime;15-07-90 00:00:00;254,821704410538388
BE34;10;5582,000000000000000;0,558200000000000;tp;StdTime;15-07-90 00:00:00;247,764436599474209
BE35;11;4637,000000000000000;0,463700000000000;tp;StdTime;15-07-90 00:00:00;225,744065861211396
BE22;1;3104,000000000000000;0,310400000000000;tp;StdTime;15-07-91 00:00:00;202,547927384523945
BE23;2;3847,000000000000000;0,384700000000000;tp;StdTime;15-07-91 00:00:00;241,354322357613881
BE24;3;2706,000000000000000;0,270600000000000;tp;StdTime;15-07-91 00:00:00;220,627908947727008
BE25;4;4010,000000000000000;0,401000000000000;tp;StdTime;15-07-91 00:00:00;250,877843355478461
BE31;5;1403,000000000000000;0,140300000000000;tp;StdTime;15-07-91 00:00:00;215,961062039125778
BE32;6;4820,000000000000000;0,482000000000000;tp;StdTime;15-07-91 00:00:00;218,216595718574240
BE10;7;209,000000000000000;0,020900000000000;tp;StdTime;15-07-91 00:00:00;226,310954189756956
BE21;8;3689,000000000000000;0,368900000000000;tp;StdTime;15-07-91 00:00:00;224,258665933296101
BE33;9;4899,000000000000000;0,489900000000000;tp;StdTime;15-07-91 00:00:00;229,530634017106877
BE34;10;5582,000000000000000;0,558200000000000;tp;StdTime;15-07-91 00:00:00;213,623137410846454
BE35;11;4637,000000000000000;0,463700000000000;tp;StdTime;15-07-91 00:00:00;209,701926591094235
BE22;1;3104,000000000000000;0,310400000000000;tp;StdTime;15-07-92 00:00:00;285,476859746520404
BE23;2;3847,000000000000000;0,384700000000000;tp;StdTime;15-07-92 00:00:00;274,480517132300179
BE24;3;2706,000000000000000;0,270600000000000;tp;StdTime;15-07-92 00:00:00;285,186891554376132
BE25;4;4010,000000000000000;0,401000000000000;tp;StdTime;15-07-92 00:00:00;273,600960120298907
BE31;5;1403,000000000000000;0,140300000000000;tp;StdTime;15-07-92 00:00:00;292,351324645604734
BE32;6;4820,000000000000000;0,482000000000000;tp;StdTime;15-07-92 00:00:00;292,855493271697526
BE10;7;209,000000000000000;0,020900000000000;tp;StdTime;15-07-92 00:00:00;284,715159000962558
BE21;8;3689,000000000000000;0,368900000000000;tp;StdTime;15-07-92 00:00:00;286,360524517503109
BE33;9;4899,000000000000000;0,489900000000000;tp;StdTime;15-07-92 00:00:00;342,744584135922310
BE34;10;5582,000000000000000;0,558200000000000;tp;StdTime;15-07-92 00:00:00;326,583233282840467
BE35;11;4637,000000000000000;0,463700000000000;tp;StdTime;15-07-92 00:00:00;304,841317425880789
BE22;1;3104,000000000000000;0,310400000000000;tp;StdTime;15-07-93 00:00:00;195,747066836995913
BE23;2;3847,000000000000000;0,384700000000000;tp;StdTime;15-07-93 00:00:00;216,664942389127305
BE24;3;2706,000000000000000;0,270600000000000;tp;StdTime;15-07-93 00:00:00;196,536225459175711
BE25;4;4010,000000000000000;0,401000000000000;tp;StdTime;15-07-93 00:00:00;206,467159950465685
BE31;5;1403,000000000000000;0,140300000000000;tp;StdTime;15-07-93 00:00:00;183,410705577282130
BE32;6;4820,000000000000000;0,482000000000000;tp;StdTime;15-07-93 00:00:00;191,403681426622057
BE10;7;209,000000000000000;0,020900000000000;tp;StdTime;15-07-93 00:00:00;191,980179052033492
BE21;8;3689,000000000000000;0,368900000000000;tp;StdTime;15-07-93 00:00:00;226,482762581547632
BE33;9;4899,000000000000000;0,489900000000000;tp;StdTime;15-07-93 00:00:00;213,536398360280970
BE34;10;5582,000000000000000;0,558200000000000;tp;StdTime;15-07-93 00:00:00;176,853670315005900
BE35;11;4637,000000000000000;0,463700000000000;tp;StdTime;15-07-93 00:00:00;188,617652552483122
BE22;1;3104,000000000000000;0,310400000000000;tp;StdTime;15-07-94 00:00:00;175,589252039329324
BE23;2;3847,000000000000000;0,384700000000000;tp;StdTime;15-07-94 00:00:00;177,162425430650842
BE24;3;2706,000000000000000;0,270600000000000;tp;StdTime;15-07-94 00:00:00;197,248986813022839
BE25;4;4010,000000000000000;0,401000000000000;tp;StdTime;15-07-94 00:00:00;170,483955706741426
BE31;5;1403,000000000000000;0,140300000000000;tp;StdTime;15-07-94 00:00:00;199,590340949430242
BE32;6;4820,000000000000000;0,482000000000000;tp;StdTime;15-07-94 00:00:00;184,244551190894555
BE10;7;209,000000000000000;0,020900000000000;tp;StdTime;15-07-94 00:00:00;201,852522927608248
BE21;8;3689,000000000000000;0,368900000000000;tp;StdTime;15-07-94 00:00:00;197,252110531673367
BE33;9;4899,000000000000000;0,489900000000000;tp;StdTime;15-07-94 00:00:00;218,561305706197743
BE34;10;5582,000000000000000;0,558200000000000;tp;StdTime;15-07-94 00:00:00;227,930231603487982
BE35;11;4637,000000000000000;0,463700000000000;tp;StdTime;15-07-94 00:00:00;195,545111008957520
BE22;1;3104,000000000000000;0,310400000000000;tp;StdTime;15-07-95 00:00:00;164,369214215229590
BE23;2;3847,000000000000000;0,384700000000000;tp;StdTime;15-07-95 00:00:00;129,309537651075857
BE24;3;2706,000000000000000;0,270600000000000;tp;StdTime;15-07-95 00:00:00;147,724170419787356
BE25;4;4010,000000000000000;0,401000000000000;tp;StdTime;15-07-95 00:00:00;121,040227265013243
BE31;5;1403,000000000000000;0,140300000000000;tp;StdTime;15-07-95 00:00:00;167,169112115099949
BE32;6;4820,000000000000000;0,482000000000000;tp;StdTime;15-07-95 00:00:00;153,937270263418441
BE10;7;209,000000000000000;0,020900000000000;tp;StdTime;15-07-95 00:00:00;146,891610396535725
BE21;8;3689,000000000000000;0,368900000000000;tp;StdTime;15-07-95 00:00:00;134,931429208665833
BE33;9;4899,000000000000000;0,489900000000000;tp;StdTime;15-07-95 00:00:00;214,467649314616693
BE34;10;5582,000000000000000;0,558200000000000;tp;StdTime;15-07-95 00:00:00;211,260407038121059
BE35;11;4637,000000000000000;0,463700000000000;tp;StdTime;15-07-95 00:00:00;187,854657737299192
BE22;1;3104,000000000000000;0,310400000000000;tp;StdTime;15-07-96 00:00:00;243,668268208651398
BE23;2;3847,000000000000000;0,384700000000000;tp;StdTime;15-07-96 00:00:00;235,606158941480800
BE24;3;2706,000000000000000;0,270600000000000;tp;StdTime;15-07-96 00:00:00;248,882656083314913
BE25;4;4010,000000000000000;0,401000000000000;tp;StdTime;15-07-96 00:00:00;211,129394047991582
BE31;5;1403,000000000000000;0,140300000000000;tp;StdTime;15-07-96 00:00:00;251,089269843342606
BE32;6;4820,000000000000000;0,482000000000000;tp;StdTime;15-07-96 00:00:00;223,293647911736969
BE10;7;209,000000000000000;0,020900000000000;tp;StdTime;15-07-96 00:00:00;250,341396642073477
BE21;8;3689,000000000000000;0,368900000000000;tp;StdTime;15-07-96 00:00:00;234,367905928792396
BE33;9;4899,000000000000000;0,489900000000000;tp;StdTime;15-07-96 00:00:00;266,939219044773267
BE34;10;5582,000000000000000;0,558200000000000;tp;StdTime;15-07-96 00:00:00;243,448018504914387
BE35;11;4637,000000000000000;0,463700000000000;tp;StdTime;15-07-96 00:00:00;242,588693799349585
BE22;1;3104,000000000000000;0,310400000000000;tp;StdTime;15-07-97 00:00:00;249,985761893164067
BE23;2;3847,000000000000000;0,384700000000000;tp;StdTime;15-07-97 00:00:00;233,934628206257656
BE24;3;2706,000000000000000;0,270600000000000;tp;StdTime;15-07-97 00:00:00;244,860170047193265
BE25;4;4010,000000000000000;0,401000000000000;tp;StdTime;15-07-97 00:00:00;242,274734740602185
BE31;5;1403,000000000000000;0,140300000000000;tp;StdTime;15-07-97 00:00:00;250,664972013009873
BE32;6;4820,000000000000000;0,482000000000000;tp;StdTime;15-07-97 00:00:00;256,687523628962708
BE10;7;209,000000000000000;0,020900000000000;tp;StdTime;15-07-97 00:00:00;237,997301238575602
BE21;8;3689,000000000000000;0,368900000000000;tp;StdTime;15-07-97 00:00:00;240,922690400071588
BE33;9;4899,000000000000000;0,489900000000000;tp;StdTime;15-07-97 00:00:00;297,931419240184198
BE34;10;5582,000000000000000;0,558200000000000;tp;StdTime;15-07-97 00:00:00;310,330473453927027
BE35;11;4637,000000000000000;0,463700000000000;tp;StdTime;15-07-97 00:00:00;281,864231003495433
BE22;1;3104,000000000000000;0,310400000000000;tp;StdTime;15-07-98 00:00:00;266,920708956177805
BE23;2;3847,000000000000000;0,384700000000000;tp;StdTime;15-07-98 00:00:00;235,484943156865938
BE24;3;2706,000000000000000;0,270600000000000;tp;StdTime;15-07-98 00:00:00;245,707994397622173
BE25;4;4010,000000000000000;0,401000000000000;tp;StdTime;15-07-98 00:00:00;241,309390171269939
BE31;5;1403,000000000000000;0,140300000000000;tp;StdTime;15-07-98 00:00:00;235,765182092712081
BE32;6;4820,000000000000000;0,482000000000000;tp;StdTime;15-07-98 00:00:00;223,108007644717020
BE10;7;209,000000000000000;0,020900000000000;tp;StdTime;15-07-98 00:00:00;230,802291359057278
BE21;8;3689,000000000000000;0,368900000000000;tp;StdTime;15-07-98 00:00:00;260,229935900180521
BE33;9;4899,000000000000000;0,489900000000000;tp;StdTime;15-07-98 00:00:00;277,469594325890057
BE34;10;5582,000000000000000;0,558200000000000;tp;StdTime;15-07-98 00:00:00;225,064510078935626
BE35;11;4637,000000000000000;0,463700000000000;tp;StdTime;15-07-98 00:00:00;234,260616530368623
BE22;1;3104,000000000000000;0,310400000000000;tp;StdTime;15-07-99 00:00:00;211,788151593552669
BE23;2;3847,000000000000000;0,384700000000000;tp;StdTime;15-07-99 00:00:00;203,765172333167925
BE24;3;2706,000000000000000;0,270600000000000;tp;StdTime;15-07-99 00:00:00;203,912969917697694
BE25;4;4010,000000000000000;0,401000000000000;tp;StdTime;15-07-99 00:00:00;206,040192388596296
BE31;5;1403,000000000000000;0,140300000000000;tp;StdTime;15-07-99 00:00:00;192,509241888545773
BE32;6;4820,000000000000000;0,482000000000000;tp;StdTime;15-07-99 00:00:00;186,003715901354809
BE10;7;209,000000000000000;0,020900000000000;tp;StdTime;15-07-99 00:00:00;195,765617115075543
BE21;8;3689,000000000000000;0,368900000000000;tp;StdTime;15-07-99 00:00:00;207,170952176233158
BE33;9;4899,000000000000000;0,489900000000000;tp;StdTime;15-07-99 00:00:00;232,257173203769270
BE34;10;5582,000000000000000;0,558200000000000;tp;StdTime;15-07-99 00:00:00;242,101252174172629
BE35;11;4637,000000000000000;0,463700000000000;tp;StdTime;15-07-99 00:00:00;205,124706417212991
BE22;1;3104,000000000000000;0,310400000000000;tp;StdTime;15-07-00 00:00:00;306,146747402309131
BE23;2;3847,000000000000000;0,384700000000000;tp;StdTime;15-07-00 00:00:00;249,570871208871267
BE24;3;2706,000000000000000;0,270600000000000;tp;StdTime;15-07-00 00:00:00;305,346171782973443
BE25;4;4010,000000000000000;0,401000000000000;tp;StdTime;15-07-00 00:00:00;200,042751736534086
BE31;5;1403,000000000000000;0,140300000000000;tp;StdTime;15-07-00 00:00:00;322,252733770303962
BE32;6;4820,000000000000000;0,482000000000000;tp;StdTime;15-07-00 00:00:00;290,598432501321781
BE10;7;209,000000000000000;0,020900000000000;tp;StdTime;15-07-00 00:00:00;304,561907024474749
BE21;8;3689,000000000000000;0,368900000000000;tp;StdTime;15-07-00 00:00:00;289,806857755623298
BE33;9;4899,000000000000000;0,489900000000000;tp;StdTime;15-07-00 00:00:00;334,525865737407287
BE34;10;5582,000000000000000;0,558200000000000;tp;StdTime;15-07-00 00:00:00;309,182814819160910
BE35;11;4637,000000000000000;0,463700000000000;tp;StdTime;15-07-00 00:00:00;310,835397107863344
BE22;1;3104,000000000000000;0,310400000000000;tp;StdTime;15-07-01 00:00:00;213,195034479357531
BE23;2;3847,000000000000000;0,384700000000000;tp;StdTime;15-07-01 00:00:00;253,610260822880093
BE24;3;2706,000000000000000;0,270600000000000;tp;StdTime;15-07-01 00:00:00;215,487610737306483
BE25;4;4010,000000000000000;0,401000000000000;tp;StdTime;15-07-01 00:00:00;253,161055943971860
BE31;5;1403,000000000000000;0,140300000000000;tp;StdTime;15-07-01 00:00:00;222,647162841883642
BE32;6;4820,000000000000000;0,482000000000000;tp;StdTime;15-07-01 00:00:00;234,323149169035673
BE10;7;209,000000000000000;0,020900000000000;tp;StdTime;15-07-01 00:00:00;218,885840018970583
BE21;8;3689,000000000000000;0,368900000000000;tp;StdTime;15-07-01 00:00:00;230,299888567408232
BE33;9;4899,000000000000000;0,489900000000000;tp;StdTime;15-07-01 00:00:00;256,507373221919408
BE34;10;5582,000000000000000;0,558200000000000;tp;StdTime;15-07-01 00:00:00;275,702048178344342
BE35;11;4637,000000000000000;0,463700000000000;tp;StdTime;15-07-01 00:00:00;254,845939558899914
BE22;1;3104,000000000000000;0,310400000000000;tp;StdTime;15-07-02 00:00:00;289,989350191097060
BE23;2;3847,000000000000000;0,384700000000000;tp;StdTime;15-07-02 00:00:00;225,167295074661212
BE24;3;2706,000000000000000;0,270600000000000;tp;StdTime;15-07-02 00:00:00;276,696282132325507
BE25;4;4010,000000000000000;0,401000000000000;tp;StdTime;15-07-02 00:00:00;225,982646004160927
BE31;5;1403,000000000000000;0,140300000000000;tp;StdTime;15-07-02 00:00:00;292,376280541940275
BE32;6;4820,000000000000000;0,482000000000000;tp;StdTime;15-07-02 00:00:00;258,869437079211878
BE10;7;209,000000000000000;0,020900000000000;tp;StdTime;15-07-02 00:00:00;264,264750065415683
BE21;8;3689,000000000000000;0,368900000000000;tp;StdTime;15-07-02 00:00:00;285,864554794282355
BE33;9;4899,000000000000000;0,489900000000000;tp;StdTime;15-07-02 00:00:00;300,586183714997617
BE34;10;5582,000000000000000;0,558200000000000;tp;StdTime;15-07-02 00:00:00;253,390271079193496
BE35;11;4637,000000000000000;0,463700000000000;tp;StdTime;15-07-02 00:00:00;289,896782702918529
BE22;1;3104,000000000000000;0,310400000000000;tp;StdTime;15-07-03 00:00:00;176,663399381735957
BE23;2;3847,000000000000000;0,384700000000000;tp;StdTime;15-07-03 00:00:00;162,087942394616420
BE24;3;2706,000000000000000;0,270600000000000;tp;StdTime;15-07-03 00:00:00;186,179743245893775
BE25;4;4010,000000000000000;0,401000000000000;tp;StdTime;15-07-03 00:00:00;149,890821826963219
BE31;5;1403,000000000000000;0,140300000000000;tp;StdTime;15-07-03 00:00:00;191,461889787648460
BE32;6;4820,000000000000000;0,482000000000000;tp;StdTime;15-07-03 00:00:00;186,419081242351410
BE10;7;209,000000000000000;0,020900000000000;tp;StdTime;15-07-03 00:00:00;187,970847243897595
BE21;8;3689,000000000000000;0,368900000000000;tp;StdTime;15-07-03 00:00:00;177,023378454401325
BE33;9;4899,000000000000000;0,489900000000000;tp;StdTime;15-07-03 00:00:00;195,577611153503625
BE34;10;5582,000000000000000;0,558200000000000;tp;StdTime;15-07-03 00:00:00;199,551682551843982
BE35;11;4637,000000000000000;0,463700000000000;tp;StdTime;15-07-03 00:00:00;199,853630439407908
BE22;1;3104,000000000000000;0,310400000000000;tp;StdTime;15-07-04 00:00:00;280,579286182049657
BE23;2;3847,000000000000000;0,384700000000000;tp;StdTime;15-07-04 00:00:00;255,549868031108133
BE24;3;2706,000000000000000;0,270600000000000;tp;StdTime;15-07-04 00:00:00;251,460537134411766
BE25;4;4010,000000000000000;0,401000000000000;tp;StdTime;15-07-04 00:00:00;272,739262660304803
BE31;5;1403,000000000000000;0,140300000000000;tp;StdTime;15-07-04 00:00:00;262,064947203067391
BE32;6;4820,000000000000000;0,482000000000000;tp;StdTime;15-07-04 00:00:00;252,602921073564687
BE10;7;209,000000000000000;0,020900000000000;tp;StdTime;15-07-04 00:00:00;241,842856448232851
BE21;8;3689,000000000000000;0,368900000000000;tp;StdTime;15-07-04 00:00:00;257,167690956485899
BE33;9;4899,000000000000000;0,489900000000000;tp;StdTime;15-07-04 00:00:00;321,347686175789192
BE34;10;5582,000000000000000;0,558200000000000;tp;StdTime;15-07-04 00:00:00;314,627655849368296
BE35;11;4637,000000000000000;0,463700000000000;tp;StdTime;15-07-04 00:00:00;293,065885634727636
BE22;1;3104,000000000000000;0,310400000000000;tp;StdTime;15-07-05 00:00:00;221,836832017013506
BE23;2;3847,000000000000000;0,384700000000000;tp;StdTime;15-07-05 00:00:00;258,536987138098254
BE24;3;2706,000000000000000;0,270600000000000;tp;StdTime;15-07-05 00:00:00;213,314789213080616
BE25;4;4010,000000000000000;0,401000000000000;tp;StdTime;15-07-05 00:00:00;271,408665835411341
BE31;5;1403,000000000000000;0,140300000000000;tp;StdTime;15-07-05 00:00:00;222,075496801375039
BE32;6;4820,000000000000000;0,482000000000000;tp;StdTime;15-07-05 00:00:00;232,707331116862235
BE10;7;209,000000000000000;0,020900000000000;tp;StdTime;15-07-05 00:00:00;215,895763415468906
BE21;8;3689,000000000000000;0,368900000000000;tp;StdTime;15-07-05 00:00:00;222,036577546845649
BE33;9;4899,000000000000000;0,489900000000000;tp;StdTime;15-07-05 00:00:00;258,027095526036760
BE34;10;5582,000000000000000;0,558200000000000;tp;StdTime;15-07-05 00:00:00;229,288620014251762
BE35;11;4637,000000000000000;0,463700000000000;tp;StdTime;15-07-05 00:00:00;219,982934526875681
BE22;1;3104,000000000000000;0,310400000000000;tp;StdTime;15-07-06 00:00:00;243,018693176741294
BE23;2;3847,000000000000000;0,384700000000000;tp;StdTime;15-07-06 00:00:00;246,418950417273066
BE24;3;2706,000000000000000;0,270600000000000;tp;StdTime;15-07-06 00:00:00;234,047167539067885
BE25;4;4010,000000000000000;0,401000000000000;tp;StdTime;15-07-06 00:00:00;253,212920784890684
BE31;5;1403,000000000000000;0,140300000000000;tp;StdTime;15-07-06 00:00:00;245,704056993350065
BE32;6;4820,000000000000000;0,482000000000000;tp;StdTime;15-07-06 00:00:00;241,491657500840915
BE10;7;209,000000000000000;0,020900000000000;tp;StdTime;15-07-06 00:00:00;232,958743008700310
BE21;8;3689,000000000000000;0,368900000000000;tp;StdTime;15-07-06 00:00:00;236,743390334334634
BE33;9;4899,000000000000000;0,489900000000000;tp;StdTime;15-07-06 00:00:00;310,803128275391316
BE34;10;5582,000000000000000;0,558200000000000;tp;StdTime;15-07-06 00:00:00;307,853728638460723
BE35;11;4637,000000000000000;0,463700000000000;tp;StdTime;15-07-06 00:00:00;292,907236365375638
BE22;1;3104,000000000000000;0,310400000000000;tp;StdTime;15-07-07 00:00:00;343,635743121510757
BE23;2;3847,000000000000000;0,384700000000000;tp;StdTime;15-07-07 00:00:00;308,094270282266507
BE24;3;2706,000000000000000;0,270600000000000;tp;StdTime;15-07-07 00:00:00;317,163073351536980
BE25;4;4010,000000000000000;0,401000000000000;tp;StdTime;15-07-07 00:00:00;313,367484578348865
BE31;5;1403,000000000000000;0,140300000000000;tp;StdTime;15-07-07 00:00:00;325,611921075235045
BE32;6;4820,000000000000000;0,482000000000000;tp;StdTime;15-07-07 00:00:00;313,071022780801968
BE10;7;209,000000000000000;0,020900000000000;tp;StdTime;15-07-07 00:00:00;309,605777284174906
BE21;8;3689,000000000000000;0,368900000000000;tp;StdTime;15-07-07 00:00:00;311,879111741091947
BE33;9;4899,000000000000000;0,489900000000000;tp;StdTime;15-07-07 00:00:00;408,384322593737750
BE34;10;5582,000000000000000;0,558200000000000;tp;StdTime;15-07-07 00:00:00;413,547568441163264
BE35;11;4637,000000000000000;0,463700000000000;tp;StdTime;15-07-07 00:00:00;370,401894930340859
BE22;1;3104,000000000000000;0,310400000000000;tp;StdTime;15-07-08 00:00:00;285,309323443579615
BE23;2;3847,000000000000000;0,384700000000000;tp;StdTime;15-07-08 00:00:00;266,122269565234149
BE24;3;2706,000000000000000;0,270600000000000;tp;StdTime;15-07-08 00:00:00;263,331252566814783
BE25;4;4010,000000000000000;0,401000000000000;tp;StdTime;15-07-08 00:00:00;230,890767336724224
BE31;5;1403,000000000000000;0,140300000000000;tp;StdTime;15-07-08 00:00:00;274,419911151432018
BE32;6;4820,000000000000000;0,482000000000000;tp;StdTime;15-07-08 00:00:00;258,130747602787153
BE10;7;209,000000000000000;0,020900000000000;tp;StdTime;15-07-08 00:00:00;259,237104059976843
BE21;8;3689,000000000000000;0,368900000000000;tp;StdTime;15-07-08 00:00:00;251,117212594896642
BE33;9;4899,000000000000000;0,489900000000000;tp;StdTime;15-07-08 00:00:00;331,654753473783842
BE34;10;5582,000000000000000;0,558200000000000;tp;StdTime;15-07-08 00:00:00;310,336799424764592
BE35;11;4637,000000000000000;0,463700000000000;tp;StdTime;15-07-08 00:00:00;285,931771922322582
BE22;1;3104,000000000000000;0,310400000000000;tp;StdTime;15-07-09 00:00:00;206,672210172279705
BE23;2;3847,000000000000000;0,384700000000000;tp;StdTime;15-07-09 00:00:00;179,706236412657290
BE24;3;2706,000000000000000;0,270600000000000;tp;StdTime;15-07-09 00:00:00;185,468557150559548
BE25;4;4010,000000000000000;0,401000000000000;tp;StdTime;15-07-09 00:00:00;166,582665859612320
BE31;5;1403,000000000000000;0,140300000000000;tp;StdTime;15-07-09 00:00:00;195,744531469691992
BE32;6;4820,000000000000000;0,482000000000000;tp;StdTime;15-07-09 00:00:00;177,208151381243283
BE10;7;209,000000000000000;0,020900000000000;tp;StdTime;15-07-09 00:00:00;176,802297199742100
BE21;8;3689,000000000000000;0,368900000000000;tp;StdTime;15-07-09 00:00:00;197,769147774170932
BE33;9;4899,000000000000000;0,489900000000000;tp;StdTime;15-07-09 00:00:00;271,333708206179438
BE34;10;5582,000000000000000;0,558200000000000;tp;StdTime;15-07-09 00:00:00;278,735616010818774
BE35;11;4637,000000000000000;0,463700000000000;tp;StdTime;15-07-09 00:00:00;225,332275801957678
BE22;1;3104,000000000000000;0,310400000000000;tp;StdTime;15-07-10 00:00:00;246,610090535940742
BE23;2;3847,000000000000000;0,384700000000000;tp;StdTime;15-07-10 00:00:00;272,762021656993852
BE24;3;2706,000000000000000;0,270600000000000;tp;StdTime;15-07-10 00:00:00;266,782420731436730
BE25;4;4010,000000000000000;0,401000000000000;tp;StdTime;15-07-10 00:00:00;251,637715841469230
BE31;5;1403,000000000000000;0,140300000000000;tp;StdTime;15-07-10 00:00:00;283,788323639633745
BE32;6;4820,000000000000000;0,482000000000000;tp;StdTime;15-07-10 00:00:00;274,661748159574870
BE10;7;209,000000000000000;0,020900000000000;tp;StdTime;15-07-10 00:00:00;280,801774896502934
BE21;8;3689,000000000000000;0,368900000000000;tp;StdTime;15-07-10 00:00:00;237,885685598859965
BE33;9;4899,000000000000000;0,489900000000000;tp;StdTime;15-07-10 00:00:00;305,268291024096868
BE34;10;5582,000000000000000;0,558200000000000;tp;StdTime;15-07-10 00:00:00;285,080232295628207
BE35;11;4637,000000000000000;0,463700000000000;tp;StdTime;15-07-10 00:00:00;293,721845076056979
BE22;1;3104,000000000000000;0,310400000000000;tp;StdTime;15-07-11 00:00:00;300,707666623223588
BE23;2;3847,000000000000000;0,384700000000000;tp;StdTime;15-07-11 00:00:00;294,068569174425534
BE24;3;2706,000000000000000;0,270600000000000;tp;StdTime;15-07-11 00:00:00;302,211718596622632
BE25;4;4010,000000000000000;0,401000000000000;tp;StdTime;15-07-11 00:00:00;282,780165492031870
BE31;5;1403,000000000000000;0,140300000000000;tp;StdTime;15-07-11 00:00:00;314,972683287312179
BE32;6;4820,000000000000000;0,482000000000000;tp;StdTime;15-07-11 00:00:00;278,645352932624860
BE10;7;209,000000000000000;0,020900000000000;tp;StdTime;15-07-11 00:00:00;298,429623836535541
BE21;8;3689,000000000000000;0,368900000000000;tp;StdTime;15-07-11 00:00:00;322,045652782991567
BE33;9;4899,000000000000000;0,489900000000000;tp;StdTime;15-07-11 00:00:00;340,270166518956501
BE34;10;5582,000000000000000;0,558200000000000;tp;StdTime;15-07-11 00:00:00;328,376576100058116
BE35;11;4637,000000000000000;0,463700000000000;tp;StdTime;15-07-11 00:00:00;326,358077282275133
BE22;1;3104,000000000000000;0,310400000000000;tp;StdTime;15-07-12 00:00:00;259,072105869804375
BE23;2;3847,000000000000000;0,384700000000000;tp;StdTime;15-07-12 00:00:00;273,588008629739875
BE24;3;2706,000000000000000;0,270600000000000;tp;StdTime;15-07-12 00:00:00;266,877275826396897
BE25;4;4010,000000000000000;0,401000000000000;tp;StdTime;15-07-12 00:00:00;291,216575207793085
BE31;5;1403,000000000000000;0,140300000000000;tp;StdTime;15-07-12 00:00:00;277,833486958052561
BE32;6;4820,000000000000000;0,482000000000000;tp;StdTime;15-07-12 00:00:00;275,615928615079042
BE10;7;209,000000000000000;0,020900000000000;tp;StdTime;15-07-12 00:00:00;266,554793800463585
BE21;8;3689,000000000000000;0,368900000000000;tp;StdTime;15-07-12 00:00:00;279,634385747745796
BE33;9;4899,000000000000000;0,489900000000000;tp;StdTime;15-07-12 00:00:00;317,636705743120388
BE34;10;5582,000000000000000;0,558200000000000;tp;StdTime;15-07-12 00:00:00;323,004526737640958
BE35;11;4637,000000000000000;0,463700000000000;tp;StdTime;15-07-12 00:00:00;309,264346611610392
BE22;1;3104,000000000000000;0,310400000000000;tp;StdTime;15-07-13 00:00:00;154,388551200787958
BE23;2;3847,000000000000000;0,384700000000000;tp;StdTime;15-07-13 00:00:00;134,571919063669753
BE24;3;2706,000000000000000;0,270600000000000;tp;StdTime;15-07-13 00:00:00;138,849948395294149
BE25;4;4010,000000000000000;0,401000000000000;tp;StdTime;15-07-13 00:00:00;139,864200236256238
BE31;5;1403,000000000000000;0,140300000000000;tp;StdTime;15-07-13 00:00:00;143,050469733610100
BE32;6;4820,000000000000000;0,482000000000000;tp;StdTime;15-07-13 00:00:00;151,470972866833677
BE10;7;209,000000000000000;0,020900000000000;tp;StdTime;15-07-13 00:00:00;135,935363550505571
BE21;8;3689,000000000000000;0,368900000000000;tp;StdTime;15-07-13 00:00:00;145,723335421224505
BE33;9;4899,000000000000000;0,489900000000000;tp;StdTime;15-07-13 00:00:00;185,096181794365748
BE34;10;5582,000000000000000;0,558200000000000;tp;StdTime;15-07-13 00:00:00;208,586838233261375
BE35;11;4637,000000000000000;0,463700000000000;tp;StdTime;15-07-13 00:00:00;176,765241644725620
BE22;1;3104,000000000000000;0,310400000000000;tp;StdTime;15-07-14 00:00:00;363,584920017989646
BE23;2;3847,000000000000000;0,384700000000000;tp;StdTime;15-07-14 00:00:00;327,133515245176397
BE24;3;2706,000000000000000;0,270600000000000;tp;StdTime;15-07-14 00:00:00;356,325311518385206
BE25;4;4010,000000000000000;0,401000000000000;tp;StdTime;15-07-14 00:00:00;273,755043094473137
BE31;5;1403,000000000000000;0,140300000000000;tp;StdTime;15-07-14 00:00:00;345,262823908310338
BE32;6;4820,000000000000000;0,482000000000000;tp;StdTime;15-07-14 00:00:00;298,952931656579722
BE10;7;209,000000000000000;0,020900000000000;tp;StdTime;15-07-14 00:00:00;351,649932569293867
BE21;8;3689,000000000000000;0,368900000000000;tp;StdTime;15-07-14 00:00:00;354,673163066810730
BE33;9;4899,000000000000000;0,489900000000000;tp;StdTime;15-07-14 00:00:00;376,992119095524345
BE34;10;5582,000000000000000;0,558200000000000;tp;StdTime;15-07-14 00:00:00;339,481549089760108
BE35;11;4637,000000000000000;0,463700000000000;tp;StdTime;15-07-14 00:00:00;325,735123855429947
BE22;1;3104,000000000000000;0,310400000000000;tp;StdTime;15-07-15 00:00:00;223,626354369920477
BE23;2;3847,000000000000000;0,384700000000000;tp;StdTime;15-07-15 00:00:00;198,205375248964202
BE24;3;2706,000000000000000;0,270600000000000;tp;StdTime;15-07-15 00:00:00;198,191748416785089
BE25;4;4010,000000000000000;0,401000000000000;tp;StdTime;15-07-15 00:00:00;210,077676212757552
BE31;5;1403,000000000000000;0,140300000000000;tp;StdTime;15-07-15 00:00:00;190,964461083931781
BE32;6;4820,000000000000000;0,482000000000000;tp;StdTime;15-07-15 00:00:00;170,508979829020575
BE10;7;209,000000000000000;0,020900000000000;tp;StdTime;15-07-15 00:00:00;188,652473632228492
BE21;8;3689,000000000000000;0,368900000000000;tp;StdTime;15-07-15 00:00:00;222,383178140129075
BE33;9;4899,000000000000000;0,489900000000000;tp;StdTime;15-07-15 00:00:00;232,790925168630537
BE34;10;5582,000000000000000;0,558200000000000;tp;StdTime;15-07-15 00:00:00;215,130085304448954
BE35;11;4637,000000000000000;0,463700000000000;tp;StdTime;15-07-15 00:00:00;207,775888778229131
BE22;1;3104,000000000000000;0,310400000000000;tp;StdTime;15-07-16 00:00:00;292,960134250601470
BE23;2;3847,000000000000000;0,384700000000000;tp;StdTime;15-07-16 00:00:00;222,810328071818333
BE24;3;2706,000000000000000;0,270600000000000;tp;StdTime;15-07-16 00:00:00;255,632048669605041
BE25;4;4010,000000000000000;0,401000000000000;tp;StdTime;15-07-16 00:00:00;194,654406829605932
BE31;5;1403,000000000000000;0,140300000000000;tp;StdTime;15-07-16 00:00:00;256,106968624797787
BE32;6;4820,000000000000000;0,482000000000000;tp;StdTime;15-07-16 00:00:00;228,873836678785580
BE10;7;209,000000000000000;0,020900000000000;tp;StdTime;15-07-16 00:00:00;245,078892246958219
BE21;8;3689,000000000000000;0,368900000000000;tp;StdTime;15-07-16 00:00:00;271,463512152829821
BE33;9;4899,000000000000000;0,489900000000000;tp;StdTime;15-07-16 00:00:00;351,464640019158310
BE34;10;5582,000000000000000;0,558200000000000;tp;StdTime;15-07-16 00:00:00;321,634654592844925
BE35;11;4637,000000000000000;0,463700000000000;tp;StdTime;15-07-16 00:00:00;263,788584094020337
BE22;1;3104,000000000000000;0,310400000000000;tp;StdTime;15-07-17 00:00:00;258,508613846965432
BE23;2;3847,000000000000000;0,384700000000000;tp;StdTime;15-07-17 00:00:00;199,786111988833653
BE24;3;2706,000000000000000;0,270600000000000;tp;StdTime;15-07-17 00:00:00;216,089336437555176
BE25;4;4010,000000000000000;0,401000000000000;tp;StdTime;15-07-17 00:00:00;190,567070642790185
BE31;5;1403,000000000000000;0,140300000000000;tp;StdTime;15-07-17 00:00:00;231,038353189263205
BE32;6;4820,000000000000000;0,482000000000000;tp;StdTime;15-07-17 00:00:00;203,165804958739045
BE10;7;209,000000000000000;0,020900000000000;tp;StdTime;15-07-17 00:00:00;205,755022842918322
BE21;8;3689,000000000000000;0,368900000000000;tp;StdTime;15-07-17 00:00:00;229,585685616232411
BE33;9;4899,000000000000000;0,489900000000000;tp;StdTime;15-07-17 00:00:00;294,792252418531234
BE34;10;5582,000000000000000;0,558200000000000;tp;StdTime;15-07-17 00:00:00;268,785453733514203
BE35;11;4637,000000000000000;0,463700000000000;tp;StdTime;15-07-17 00:00:00;259,779548511747805
BE22;1;3104,000000000000000;0,310400000000000;tp;StdTime;15-07-18 00:00:00;123,557177752563675
BE23;2;3847,000000000000000;0,384700000000000;tp;StdTime;15-07-18 00:00:00;125,228402427552197
BE24;3;2706,000000000000000;0,270600000000000;tp;StdTime;15-07-18 00:00:00;131,859967710349736
BE25;4;4010,000000000000000;0,401000000000000;tp;StdTime;15-07-18 00:00:00;123,044304953786479
BE31;5;1403,000000000000000;0,140300000000000;tp;StdTime;15-07-18 00:00:00;141,786288913283471
BE32;6;4820,000000000000000;0,482000000000000;tp;StdTime;15-07-18 00:00:00;135,079341430980605
BE10;7;209,000000000000000;0,020900000000000;tp;StdTime;15-07-18 00:00:00;131,944705579839820
BE21;8;3689,000000000000000;0,368900000000000;tp;StdTime;15-07-18 00:00:00;131,845961839856983
BE33;9;4899,000000000000000;0,489900000000000;tp;StdTime;15-07-18 00:00:00;167,787551420468276
BE34;10;5582,000000000000000;0,558200000000000;tp;StdTime;15-07-18 00:00:00;170,594528799628080
BE35;11;4637,000000000000000;0,463700000000000;tp;StdTime;15-07-18 00:00:00;152,646483312116885
BE22;1;3104,000000000000000;0,310400000000000;tp;StdTime;15-07-19 00:00:00;216,448032585615920
BE23;2;3847,000000000000000;0,384700000000000;tp;StdTime;15-07-19 00:00:00;185,919211101804507
BE24;3;2706,000000000000000;0,270600000000000;tp;StdTime;15-07-19 00:00:00;196,685573315673281
BE25;4;4010,000000000000000;0,401000000000000;tp;StdTime;15-07-19 00:00:00;170,128025072055266
BE31;5;1403,000000000000000;0,140300000000000;tp;StdTime;15-07-19 00:00:00;192,162766851532638
BE32;6;4820,000000000000000;0,482000000000000;tp;StdTime;15-07-19 00:00:00;176,877766358308094
BE10;7;209,000000000000000;0,020900000000000;tp;StdTime;15-07-19 00:00:00;189,143828834643358
BE21;8;3689,000000000000000;0,368900000000000;tp;StdTime;15-07-19 00:00:00;214,503005025961727
BE33;9;4899,000000000000000;0,489900000000000;tp;StdTime;15-07-19 00:00:00;222,001889352045538
BE34;10;5582,000000000000000;0,558200000000000;tp;StdTime;15-07-19 00:00:00;193,216790738134904
BE35;11;4637,000000000000000;0,463700000000000;tp;StdTime;15-07-19 00:00:00;191,666148807870030
BE22;1;3104,000000000000000;0,310400000000000;tp;StdTime;15-07-20 00:00:00;186,007208494796004
BE23;2;3847,000000000000000;0,384700000000000;tp;StdTime;15-07-20 00:00:00;200,977098382167327
BE24;3;2706,000000000000000;0,270600000000000;tp;StdTime;15-07-20 00:00:00;181,620522520935310
BE25;4;4010,000000000000000;0,401000000000000;tp;StdTime;15-07-20 00:00:00;215,220420757493201
BE31;5;1403,000000000000000;0,140300000000000;tp;StdTime;15-07-20 00:00:00;179,342872918714193
BE32;6;4820,000000000000000;0,482000000000000;tp;StdTime;15-07-20 00:00:00;158,349991351241869
BE10;7;209,000000000000000;0,020900000000000;tp;StdTime;15-07-20 00:00:00;175,242109891900469
BE21;8;3689,000000000000000;0,368900000000000;tp;StdTime;15-07-20 00:00:00;202,250746985766654
BE33;9;4899,000000000000000;0,489900000000000;tp;StdTime;15-07-20 00:00:00;210,957731762037469
BE34;10;5582,000000000000000;0,558200000000000;tp;StdTime;15-07-20 00:00:00;181,340596695520134
BE35;11;4637,000000000000000;0,463700000000000;tp;StdTime;15-07-20 00:00:00;171,746311025678978
BE22;1;3104,000000000000000;0,310400000000000;tp;StdTime;15-07-21 00:00:00;407,471121188291704
BE23;2;3847,000000000000000;0,384700000000000;tp;StdTime;15-07-21 00:00:00;320,709210317724683
BE24;3;2706,000000000000000;0,270600000000000;tp;StdTime;15-07-21 00:00:00;392,070105136102029
BE25;4;4010,000000000000000;0,401000000000000;tp;StdTime;15-07-21 00:00:00;287,158911627486475
BE31;5;1403,000000000000000;0,140300000000000;tp;StdTime;15-07-21 00:00:00;432,542679953218624
BE32;6;4820,000000000000000;0,482000000000000;tp;StdTime;15-07-21 00:00:00;375,515299734534722
BE10;7;209,000000000000000;0,020900000000000;tp;StdTime;15-07-21 00:00:00;384,201050972824362
BE21;8;3689,000000000000000;0,368900000000000;tp;StdTime;15-07-21 00:00:00;341,628031994599382
BE33;9;4899,000000000000000;0,489900000000000;tp;StdTime;15-07-21 00:00:00;472,086708811697463
BE34;10;5582,000000000000000;0,558200000000000;tp;StdTime;15-07-21 00:00:00;420,246031998649187
BE35;11;4637,000000000000000;0,463700000000000;tp;StdTime;15-07-21 00:00:00;435,903746202842626
BE22;1;3104,000000000000000;0,310400000000000;tp;StdTime;15-07-22 00:00:00;177,102907564221994
BE23;2;3847,000000000000000;0,384700000000000;tp;StdTime;15-07-22 00:00:00;143,172641382299275
BE24;3;2706,000000000000000;0,270600000000000;tp;StdTime;15-07-22 00:00:00;160,409405242401164
BE25;4;4010,000000000000000;0,401000000000000;tp;StdTime;15-07-22 00:00:00;110,972562301902286
BE31;5;1403,000000000000000;0,140300000000000;tp;StdTime;15-07-22 00:00:00;164,376686264766477
BE32;6;4820,000000000000000;0,482000000000000;tp;StdTime;15-07-22 00:00:00;138,297919169698844
BE10;7;209,000000000000000;0,020900000000000;tp;StdTime;15-07-22 00:00:00;150,893253746215265
BE21;8;3689,000000000000000;0,368900000000000;tp;StdTime;15-07-22 00:00:00;165,070197937061295
BE33;9;4899,000000000000000;0,489900000000000;tp;StdTime;15-07-22 00:00:00;205,334736244901137
BE34;10;5582,000000000000000;0,558200000000000;tp;StdTime;15-07-22 00:00:00;220,722505154639151
BE35;11;4637,000000000000000;0,463700000000000;tp;StdTime;15-07-22 00:00:00;190,850015870193715
BE22;1;3104,000000000000000;0,310400000000000;tp;StdTime;15-07-23 00:00:00;144,337633513913005
BE23;2;3847,000000000000000;0,384700000000000;tp;StdTime;15-07-23 00:00:00;119,376463376177583
BE24;3;2706,000000000000000;0,270600000000000;tp;StdTime;15-07-23 00:00:00;142,753577672897791
BE25;4;4010,000000000000000;0,401000000000000;tp;StdTime;15-07-23 00:00:00;106,343986577821312
BE31;5;1403,000000000000000;0,140300000000000;tp;StdTime;15-07-23 00:00:00;150,594917955351150
BE32;6;4820,000000000000000;0,482000000000000;tp;StdTime;15-07-23 00:00:00;141,269928136801980
BE10;7;209,000000000000000;0,020900000000000;tp;StdTime;15-07-23 00:00:00;137,409655192252018
BE21;8;3689,000000000000000;0,368900000000000;tp;StdTime;15-07-23 00:00:00;139,881832719462977
BE33;9;4899,000000000000000;0,489900000000000;tp;StdTime;15-07-23 00:00:00;150,832045664712581
BE34;10;5582,000000000000000;0,558200000000000;tp;StdTime;15-07-23 00:00:00;154,702032610662087
BE35;11;4637,000000000000000;0,463700000000000;tp;StdTime;15-07-23 00:00:00;153,425477976219668
BE22;1;3104,000000000000000;0,310400000000000;tp;StdTime;15-07-24 00:00:00;240,585246715349257
BE23;2;3847,000000000000000;0,384700000000000;tp;StdTime;15-07-24 00:00:00;235,718834508385640
BE24;3;2706,000000000000000;0,270600000000000;tp;StdTime;15-07-24 00:00:00;246,370501674023416
BE25;4;4010,000000000000000;0,401000000000000;tp;StdTime;15-07-24 00:00:00;198,198432747324972
BE31;5;1403,000000000000000;0,140300000000000;tp;StdTime;15-07-24 00:00:00;244,821164403739829
BE32;6;4820,000000000000000;0,482000000000000;tp;StdTime;15-07-24 00:00:00;238,648714143112414
BE10;7;209,000000000000000;0,020900000000000;tp;StdTime;15-07-24 00:00:00;247,163466093072543
BE21;8;3689,000000000000000;0,368900000000000;tp;StdTime;15-07-24 00:00:00;255,507416619424731
BE33;9;4899,000000000000000;0,489900000000000;tp;StdTime;15-07-24 00:00:00;270,481782363857576
BE34;10;5582,000000000000000;0,558200000000000;tp;StdTime;15-07-24 00:00:00;314,667902258637810
BE35;11;4637,000000000000000;0,463700000000000;tp;StdTime;15-07-24 00:00:00;273,472634867293152
