NUTS_ID;ZONE_CODE;COUNT;AREA;Variable;Dimensions;StdTime;MEAN
BE22;1;3104,000000000000000;0,310400000000000;swvl1;StdTime;15-10-61 00:00:00;0,265501103911203
BE23;2;3847,000000000000000;0,384700000000000;swvl1;StdTime;15-10-61 00:00:00;0,273005791343525
BE24;3;2706,000000000000000;0,270600000000000;swvl1;StdTime;15-10-61 00:00:00;0,307986861696441
BE25;4;4010,000000000000000;0,401000000000000;swvl1;StdTime;15-10-61 00:00:00;0,292617572438985
BE31;5;1403,000000000000000;0,140300000000000;swvl1;StdTime;15-10-61 00:00:00;0,322276209518897
BE32;6;4820,000000000000000;0,482000000000000;swvl1;StdTime;15-10-61 00:00:00;0,318103833855188
BE10;7;209,000000000000000;0,020900000000000;swvl1;StdTime;15-10-61 00:00:00;0,319671506659266
BE21;8;3689,000000000000000;0,368900000000000;swvl1;StdTime;15-10-61 00:00:00;0,235525669109437
BE33;9;4899,000000000000000;0,489900000000000;swvl1;StdTime;15-10-61 00:00:00;0,335665586731292
BE34;10;5582,000000000000000;0,558200000000000;swvl1;StdTime;15-10-61 00:00:00;0,308418371837783
BE35;11;4637,000000000000000;0,463700000000000;swvl1;StdTime;15-10-61 00:00:00;0,321513791041356
BE22;1;3104,000000000000000;0,310400000000000;swvl1;StdTime;15-10-62 00:00:00;0,254320299080045
BE23;2;3847,000000000000000;0,384700000000000;swvl1;StdTime;15-10-62 00:00:00;0,271880271982799
BE24;3;2706,000000000000000;0,270600000000000;swvl1;StdTime;15-10-62 00:00:00;0,304047234538125
BE25;4;4010,000000000000000;0,401000000000000;swvl1;StdTime;15-10-62 00:00:00;0,291630153220491
BE31;5;1403,000000000000000;0,140300000000000;swvl1;StdTime;15-10-62 00:00:00;0,315330371993487
BE32;6;4820,000000000000000;0,482000000000000;swvl1;StdTime;15-10-62 00:00:00;0,312943345914242
BE10;7;209,000000000000000;0,020900000000000;swvl1;StdTime;15-10-62 00:00:00;0,313656138318577
BE21;8;3689,000000000000000;0,368900000000000;swvl1;StdTime;15-10-62 00:00:00;0,233848775203036
BE33;9;4899,000000000000000;0,489900000000000;swvl1;StdTime;15-10-62 00:00:00;0,319883965964122
BE34;10;5582,000000000000000;0,558200000000000;swvl1;StdTime;15-10-62 00:00:00;0,293356577359575
BE35;11;4637,000000000000000;0,463700000000000;swvl1;StdTime;15-10-62 00:00:00;0,304397638550549
BE22;1;3104,000000000000000;0,310400000000000;swvl1;StdTime;15-10-63 00:00:00;0,280635195433824
BE23;2;3847,000000000000000;0,384700000000000;swvl1;StdTime;15-10-63 00:00:00;0,296520630438544
BE24;3;2706,000000000000000;0,270600000000000;swvl1;StdTime;15-10-63 00:00:00;0,333923802495620
BE25;4;4010,000000000000000;0,401000000000000;swvl1;StdTime;15-10-63 00:00:00;0,314272514699105
BE31;5;1403,000000000000000;0,140300000000000;swvl1;StdTime;15-10-63 00:00:00;0,346671728792992
BE32;6;4820,000000000000000;0,482000000000000;swvl1;StdTime;15-10-63 00:00:00;0,345045654685913
BE10;7;209,000000000000000;0,020900000000000;swvl1;StdTime;15-10-63 00:00:00;0,345077536180259
BE21;8;3689,000000000000000;0,368900000000000;swvl1;StdTime;15-10-63 00:00:00;0,255011774520785
BE33;9;4899,000000000000000;0,489900000000000;swvl1;StdTime;15-10-63 00:00:00;0,358853403561747
BE34;10;5582,000000000000000;0,558200000000000;swvl1;StdTime;15-10-63 00:00:00;0,348630925004455
BE35;11;4637,000000000000000;0,463700000000000;swvl1;StdTime;15-10-63 00:00:00;0,348205314317294
BE22;1;3104,000000000000000;0,310400000000000;swvl1;StdTime;15-10-64 00:00:00;0,262224573795636
BE23;2;3847,000000000000000;0,384700000000000;swvl1;StdTime;15-10-64 00:00:00;0,265359193667642
BE24;3;2706,000000000000000;0,270600000000000;swvl1;StdTime;15-10-64 00:00:00;0,302028368263666
BE25;4;4010,000000000000000;0,401000000000000;swvl1;StdTime;15-10-64 00:00:00;0,287047685248001
BE31;5;1403,000000000000000;0,140300000000000;swvl1;StdTime;15-10-64 00:00:00;0,319607588599940
BE32;6;4820,000000000000000;0,482000000000000;swvl1;StdTime;15-10-64 00:00:00;0,316751910622437
BE10;7;209,000000000000000;0,020900000000000;swvl1;StdTime;15-10-64 00:00:00;0,309990116711439
BE21;8;3689,000000000000000;0,368900000000000;swvl1;StdTime;15-10-64 00:00:00;0,221169836748483
BE33;9;4899,000000000000000;0,489900000000000;swvl1;StdTime;15-10-64 00:00:00;0,341880335159802
BE34;10;5582,000000000000000;0,558200000000000;swvl1;StdTime;15-10-64 00:00:00;0,323329922499217
BE35;11;4637,000000000000000;0,463700000000000;swvl1;StdTime;15-10-64 00:00:00;0,324392941553633
BE22;1;3104,000000000000000;0,310400000000000;swvl1;StdTime;15-10-65 00:00:00;0,289028742077002
BE23;2;3847,000000000000000;0,384700000000000;swvl1;StdTime;15-10-65 00:00:00;0,280028070397491
BE24;3;2706,000000000000000;0,270600000000000;swvl1;StdTime;15-10-65 00:00:00;0,335866525146975
BE25;4;4010,000000000000000;0,401000000000000;swvl1;StdTime;15-10-65 00:00:00;0,307171982422732
BE31;5;1403,000000000000000;0,140300000000000;swvl1;StdTime;15-10-65 00:00:00;0,357432367924019
BE32;6;4820,000000000000000;0,482000000000000;swvl1;StdTime;15-10-65 00:00:00;0,352797271552422
BE10;7;209,000000000000000;0,020900000000000;swvl1;StdTime;15-10-65 00:00:00;0,345005183841623
BE21;8;3689,000000000000000;0,368900000000000;swvl1;StdTime;15-10-65 00:00:00;0,246338701120525
BE33;9;4899,000000000000000;0,489900000000000;swvl1;StdTime;15-10-65 00:00:00;0,367857166670323
BE34;10;5582,000000000000000;0,558200000000000;swvl1;StdTime;15-10-65 00:00:00;0,361437829297445
BE35;11;4637,000000000000000;0,463700000000000;swvl1;StdTime;15-10-65 00:00:00;0,367070286662665
BE22;1;3104,000000000000000;0,310400000000000;swvl1;StdTime;15-10-66 00:00:00;0,280884202440106
BE23;2;3847,000000000000000;0,384700000000000;swvl1;StdTime;15-10-66 00:00:00;0,291668400358218
BE24;3;2706,000000000000000;0,270600000000000;swvl1;StdTime;15-10-66 00:00:00;0,329357896030434
BE25;4;4010,000000000000000;0,401000000000000;swvl1;StdTime;15-10-66 00:00:00;0,314713905870617
BE31;5;1403,000000000000000;0,140300000000000;swvl1;StdTime;15-10-66 00:00:00;0,349323092000619
BE32;6;4820,000000000000000;0,482000000000000;swvl1;StdTime;15-10-66 00:00:00;0,353863848739640
BE10;7;209,000000000000000;0,020900000000000;swvl1;StdTime;15-10-66 00:00:00;0,338822481021927
BE21;8;3689,000000000000000;0,368900000000000;swvl1;StdTime;15-10-66 00:00:00;0,247577544856149
BE33;9;4899,000000000000000;0,489900000000000;swvl1;StdTime;15-10-66 00:00:00;0,356101442999099
BE34;10;5582,000000000000000;0,558200000000000;swvl1;StdTime;15-10-66 00:00:00;0,341861617459443
BE35;11;4637,000000000000000;0,463700000000000;swvl1;StdTime;15-10-66 00:00:00;0,353940314443970
BE22;1;3104,000000000000000;0,310400000000000;swvl1;StdTime;15-10-67 00:00:00;0,286357972137245
BE23;2;3847,000000000000000;0,384700000000000;swvl1;StdTime;15-10-67 00:00:00;0,295157648714016
BE24;3;2706,000000000000000;0,270600000000000;swvl1;StdTime;15-10-67 00:00:00;0,338276837860886
BE25;4;4010,000000000000000;0,401000000000000;swvl1;StdTime;15-10-67 00:00:00;0,305279095285104
BE31;5;1403,000000000000000;0,140300000000000;swvl1;StdTime;15-10-67 00:00:00;0,358663839947218
BE32;6;4820,000000000000000;0,482000000000000;swvl1;StdTime;15-10-67 00:00:00;0,357365882996455
BE10;7;209,000000000000000;0,020900000000000;swvl1;StdTime;15-10-67 00:00:00;0,349680055414090
BE21;8;3689,000000000000000;0,368900000000000;swvl1;StdTime;15-10-67 00:00:00;0,255473928194312
BE33;9;4899,000000000000000;0,489900000000000;swvl1;StdTime;15-10-67 00:00:00;0,369070705211170
BE34;10;5582,000000000000000;0,558200000000000;swvl1;StdTime;15-10-67 00:00:00;0,362741618729202
BE35;11;4637,000000000000000;0,463700000000000;swvl1;StdTime;15-10-67 00:00:00;0,367542684817330
BE22;1;3104,000000000000000;0,310400000000000;swvl1;StdTime;15-10-68 00:00:00;0,301965471323503
BE23;2;3847,000000000000000;0,384700000000000;swvl1;StdTime;15-10-68 00:00:00;0,313891996222097
BE24;3;2706,000000000000000;0,270600000000000;swvl1;StdTime;15-10-68 00:00:00;0,358446565992904
BE25;4;4010,000000000000000;0,401000000000000;swvl1;StdTime;15-10-68 00:00:00;0,339500177560601
BE31;5;1403,000000000000000;0,140300000000000;swvl1;StdTime;15-10-68 00:00:00;0,377363499516856
BE32;6;4820,000000000000000;0,482000000000000;swvl1;StdTime;15-10-68 00:00:00;0,377447571670365
BE10;7;209,000000000000000;0,020900000000000;swvl1;StdTime;15-10-68 00:00:00;0,374727045947855
BE21;8;3689,000000000000000;0,368900000000000;swvl1;StdTime;15-10-68 00:00:00;0,270155654674334
BE33;9;4899,000000000000000;0,489900000000000;swvl1;StdTime;15-10-68 00:00:00;0,382411723502876
BE34;10;5582,000000000000000;0,558200000000000;swvl1;StdTime;15-10-68 00:00:00;0,372518906309073
BE35;11;4637,000000000000000;0,463700000000000;swvl1;StdTime;15-10-68 00:00:00;0,380592640833992
BE22;1;3104,000000000000000;0,310400000000000;swvl1;StdTime;15-10-69 00:00:00;0,240147607180185
BE23;2;3847,000000000000000;0,384700000000000;swvl1;StdTime;15-10-69 00:00:00;0,247408344578613
BE24;3;2706,000000000000000;0,270600000000000;swvl1;StdTime;15-10-69 00:00:00;0,290735221248332
BE25;4;4010,000000000000000;0,401000000000000;swvl1;StdTime;15-10-69 00:00:00;0,273141916623882
BE31;5;1403,000000000000000;0,140300000000000;swvl1;StdTime;15-10-69 00:00:00;0,318283416463576
BE32;6;4820,000000000000000;0,482000000000000;swvl1;StdTime;15-10-69 00:00:00;0,325223790041144
BE10;7;209,000000000000000;0,020900000000000;swvl1;StdTime;15-10-69 00:00:00;0,301703403013175
BE21;8;3689,000000000000000;0,368900000000000;swvl1;StdTime;15-10-69 00:00:00;0,195789079334588
BE33;9;4899,000000000000000;0,489900000000000;swvl1;StdTime;15-10-69 00:00:00;0,338158532158894
BE34;10;5582,000000000000000;0,558200000000000;swvl1;StdTime;15-10-69 00:00:00;0,323322559774606
BE35;11;4637,000000000000000;0,463700000000000;swvl1;StdTime;15-10-69 00:00:00;0,335838498259661
BE22;1;3104,000000000000000;0,310400000000000;swvl1;StdTime;15-10-70 00:00:00;0,272269851244871
BE23;2;3847,000000000000000;0,384700000000000;swvl1;StdTime;15-10-70 00:00:00;0,275697029218724
BE24;3;2706,000000000000000;0,270600000000000;swvl1;StdTime;15-10-70 00:00:00;0,313738905807512
BE25;4;4010,000000000000000;0,401000000000000;swvl1;StdTime;15-10-70 00:00:00;0,306690140796867
BE31;5;1403,000000000000000;0,140300000000000;swvl1;StdTime;15-10-70 00:00:00;0,329534751491214
BE32;6;4820,000000000000000;0,482000000000000;swvl1;StdTime;15-10-70 00:00:00;0,329571635631605
BE10;7;209,000000000000000;0,020900000000000;swvl1;StdTime;15-10-70 00:00:00;0,319815501071620
BE21;8;3689,000000000000000;0,368900000000000;swvl1;StdTime;15-10-70 00:00:00;0,236527063980533
BE33;9;4899,000000000000000;0,489900000000000;swvl1;StdTime;15-10-70 00:00:00;0,364910378191369
BE34;10;5582,000000000000000;0,558200000000000;swvl1;StdTime;15-10-70 00:00:00;0,351648121904041
BE35;11;4637,000000000000000;0,463700000000000;swvl1;StdTime;15-10-70 00:00:00;0,346549605607266
BE22;1;3104,000000000000000;0,310400000000000;swvl1;StdTime;15-10-71 00:00:00;0,227129116092722
BE23;2;3847,000000000000000;0,384700000000000;swvl1;StdTime;15-10-71 00:00:00;0,250268253694115
BE24;3;2706,000000000000000;0,270600000000000;swvl1;StdTime;15-10-71 00:00:00;0,283685551971439
BE25;4;4010,000000000000000;0,401000000000000;swvl1;StdTime;15-10-71 00:00:00;0,275570028607834
BE31;5;1403,000000000000000;0,140300000000000;swvl1;StdTime;15-10-71 00:00:00;0,305503211442862
BE32;6;4820,000000000000000;0,482000000000000;swvl1;StdTime;15-10-71 00:00:00;0,313522045413240
BE10;7;209,000000000000000;0,020900000000000;swvl1;StdTime;15-10-71 00:00:00;0,293341145275883
BE21;8;3689,000000000000000;0,368900000000000;swvl1;StdTime;15-10-71 00:00:00;0,204104247916259
BE33;9;4899,000000000000000;0,489900000000000;swvl1;StdTime;15-10-71 00:00:00;0,308917426082353
BE34;10;5582,000000000000000;0,558200000000000;swvl1;StdTime;15-10-71 00:00:00;0,298882253873801
BE35;11;4637,000000000000000;0,463700000000000;swvl1;StdTime;15-10-71 00:00:00;0,310523742722724
BE22;1;3104,000000000000000;0,310400000000000;swvl1;StdTime;15-10-72 00:00:00;0,270307131884523
BE23;2;3847,000000000000000;0,384700000000000;swvl1;StdTime;15-10-72 00:00:00;0,275848494037455
BE24;3;2706,000000000000000;0,270600000000000;swvl1;StdTime;15-10-72 00:00:00;0,317892739459795
BE25;4;4010,000000000000000;0,401000000000000;swvl1;StdTime;15-10-72 00:00:00;0,303139235068140
BE31;5;1403,000000000000000;0,140300000000000;swvl1;StdTime;15-10-72 00:00:00;0,339040976970942
BE32;6;4820,000000000000000;0,482000000000000;swvl1;StdTime;15-10-72 00:00:00;0,339905127048245
BE10;7;209,000000000000000;0,020900000000000;swvl1;StdTime;15-10-72 00:00:00;0,329471160492828
BE21;8;3689,000000000000000;0,368900000000000;swvl1;StdTime;15-10-72 00:00:00;0,233374665975248
BE33;9;4899,000000000000000;0,489900000000000;swvl1;StdTime;15-10-72 00:00:00;0,350569813737920
BE34;10;5582,000000000000000;0,558200000000000;swvl1;StdTime;15-10-72 00:00:00;0,330638674794240
BE35;11;4637,000000000000000;0,463700000000000;swvl1;StdTime;15-10-72 00:00:00;0,348985331664447
BE22;1;3104,000000000000000;0,310400000000000;swvl1;StdTime;15-10-73 00:00:00;0,257743712932294
BE23;2;3847,000000000000000;0,384700000000000;swvl1;StdTime;15-10-73 00:00:00;0,285068176828144
BE24;3;2706,000000000000000;0,270600000000000;swvl1;StdTime;15-10-73 00:00:00;0,315679813771669
BE25;4;4010,000000000000000;0,401000000000000;swvl1;StdTime;15-10-73 00:00:00;0,306730107617497
BE31;5;1403,000000000000000;0,140300000000000;swvl1;StdTime;15-10-73 00:00:00;0,331022277442540
BE32;6;4820,000000000000000;0,482000000000000;swvl1;StdTime;15-10-73 00:00:00;0,342415755455425
BE10;7;209,000000000000000;0,020900000000000;swvl1;StdTime;15-10-73 00:00:00;0,330591328691638
BE21;8;3689,000000000000000;0,368900000000000;swvl1;StdTime;15-10-73 00:00:00;0,233654458401940
BE33;9;4899,000000000000000;0,489900000000000;swvl1;StdTime;15-10-73 00:00:00;0,334306072126630
BE34;10;5582,000000000000000;0,558200000000000;swvl1;StdTime;15-10-73 00:00:00;0,310327071099885
BE35;11;4637,000000000000000;0,463700000000000;swvl1;StdTime;15-10-73 00:00:00;0,325430060193948
BE22;1;3104,000000000000000;0,310400000000000;swvl1;StdTime;15-10-74 00:00:00;0,317030033826367
BE23;2;3847,000000000000000;0,384700000000000;swvl1;StdTime;15-10-74 00:00:00;0,327095025393570
BE24;3;2706,000000000000000;0,270600000000000;swvl1;StdTime;15-10-74 00:00:00;0,369207756383192
BE25;4;4010,000000000000000;0,401000000000000;swvl1;StdTime;15-10-74 00:00:00;0,356310572150045
BE31;5;1403,000000000000000;0,140300000000000;swvl1;StdTime;15-10-74 00:00:00;0,387979705930181
BE32;6;4820,000000000000000;0,482000000000000;swvl1;StdTime;15-10-74 00:00:00;0,386905164620935
BE10;7;209,000000000000000;0,020900000000000;swvl1;StdTime;15-10-74 00:00:00;0,382381142326519
BE21;8;3689,000000000000000;0,368900000000000;swvl1;StdTime;15-10-74 00:00:00;0,286160846726298
BE33;9;4899,000000000000000;0,489900000000000;swvl1;StdTime;15-10-74 00:00:00;0,388610194157182
BE34;10;5582,000000000000000;0,558200000000000;swvl1;StdTime;15-10-74 00:00:00;0,375605423912400
BE35;11;4637,000000000000000;0,463700000000000;swvl1;StdTime;15-10-74 00:00:00;0,388228294283556
BE22;1;3104,000000000000000;0,310400000000000;swvl1;StdTime;15-10-75 00:00:00;0,272555870652084
BE23;2;3847,000000000000000;0,384700000000000;swvl1;StdTime;15-10-75 00:00:00;0,278114626399566
BE24;3;2706,000000000000000;0,270600000000000;swvl1;StdTime;15-10-75 00:00:00;0,323149364345266
BE25;4;4010,000000000000000;0,401000000000000;swvl1;StdTime;15-10-75 00:00:00;0,310101292209882
BE31;5;1403,000000000000000;0,140300000000000;swvl1;StdTime;15-10-75 00:00:00;0,346463306729316
BE32;6;4820,000000000000000;0,482000000000000;swvl1;StdTime;15-10-75 00:00:00;0,343723674606979
BE10;7;209,000000000000000;0,020900000000000;swvl1;StdTime;15-10-75 00:00:00;0,331818185924913
BE21;8;3689,000000000000000;0,368900000000000;swvl1;StdTime;15-10-75 00:00:00;0,234667074400805
BE33;9;4899,000000000000000;0,489900000000000;swvl1;StdTime;15-10-75 00:00:00;0,357876125441008
BE34;10;5582,000000000000000;0,558200000000000;swvl1;StdTime;15-10-75 00:00:00;0,342515030828419
BE35;11;4637,000000000000000;0,463700000000000;swvl1;StdTime;15-10-75 00:00:00;0,351309979594368
BE22;1;3104,000000000000000;0,310400000000000;swvl1;StdTime;15-10-76 00:00:00;0,268154192931912
BE23;2;3847,000000000000000;0,384700000000000;swvl1;StdTime;15-10-76 00:00:00;0,283682582775493
BE24;3;2706,000000000000000;0,270600000000000;swvl1;StdTime;15-10-76 00:00:00;0,321801084174285
BE25;4;4010,000000000000000;0,401000000000000;swvl1;StdTime;15-10-76 00:00:00;0,316048846403114
BE31;5;1403,000000000000000;0,140300000000000;swvl1;StdTime;15-10-76 00:00:00;0,339924142455001
BE32;6;4820,000000000000000;0,482000000000000;swvl1;StdTime;15-10-76 00:00:00;0,340190283212177
BE10;7;209,000000000000000;0,020900000000000;swvl1;StdTime;15-10-76 00:00:00;0,333516021949823
BE21;8;3689,000000000000000;0,368900000000000;swvl1;StdTime;15-10-76 00:00:00;0,243941209978061
BE33;9;4899,000000000000000;0,489900000000000;swvl1;StdTime;15-10-76 00:00:00;0,341642509506390
BE34;10;5582,000000000000000;0,558200000000000;swvl1;StdTime;15-10-76 00:00:00;0,337580096610598
BE35;11;4637,000000000000000;0,463700000000000;swvl1;StdTime;15-10-76 00:00:00;0,345157716605641
BE22;1;3104,000000000000000;0,310400000000000;swvl1;StdTime;15-10-77 00:00:00;0,277109834509566
BE23;2;3847,000000000000000;0,384700000000000;swvl1;StdTime;15-10-77 00:00:00;0,282054068858139
BE24;3;2706,000000000000000;0,270600000000000;swvl1;StdTime;15-10-77 00:00:00;0,325905748372464
BE25;4;4010,000000000000000;0,401000000000000;swvl1;StdTime;15-10-77 00:00:00;0,303628933091563
BE31;5;1403,000000000000000;0,140300000000000;swvl1;StdTime;15-10-77 00:00:00;0,347217413203171
BE32;6;4820,000000000000000;0,482000000000000;swvl1;StdTime;15-10-77 00:00:00;0,341781803390544
BE10;7;209,000000000000000;0,020900000000000;swvl1;StdTime;15-10-77 00:00:00;0,337117266997196
BE21;8;3689,000000000000000;0,368900000000000;swvl1;StdTime;15-10-77 00:00:00;0,241608201552613
BE33;9;4899,000000000000000;0,489900000000000;swvl1;StdTime;15-10-77 00:00:00;0,361211533776641
BE34;10;5582,000000000000000;0,558200000000000;swvl1;StdTime;15-10-77 00:00:00;0,347672767237774
BE35;11;4637,000000000000000;0,463700000000000;swvl1;StdTime;15-10-77 00:00:00;0,354495310805239
BE22;1;3104,000000000000000;0,310400000000000;swvl1;StdTime;15-10-78 00:00:00;0,258871238184229
BE23;2;3847,000000000000000;0,384700000000000;swvl1;StdTime;15-10-78 00:00:00;0,247763283339637
BE24;3;2706,000000000000000;0,270600000000000;swvl1;StdTime;15-10-78 00:00:00;0,295544907357062
BE25;4;4010,000000000000000;0,401000000000000;swvl1;StdTime;15-10-78 00:00:00;0,274523709710697
BE31;5;1403,000000000000000;0,140300000000000;swvl1;StdTime;15-10-78 00:00:00;0,320505537522833
BE32;6;4820,000000000000000;0,482000000000000;swvl1;StdTime;15-10-78 00:00:00;0,317651632768237
BE10;7;209,000000000000000;0,020900000000000;swvl1;StdTime;15-10-78 00:00:00;0,304920984084526
BE21;8;3689,000000000000000;0,368900000000000;swvl1;StdTime;15-10-78 00:00:00;0,213955074407344
BE33;9;4899,000000000000000;0,489900000000000;swvl1;StdTime;15-10-78 00:00:00;0,346653455993453
BE34;10;5582,000000000000000;0,558200000000000;swvl1;StdTime;15-10-78 00:00:00;0,316723562061616
BE35;11;4637,000000000000000;0,463700000000000;swvl1;StdTime;15-10-78 00:00:00;0,330110443713003
BE22;1;3104,000000000000000;0,310400000000000;swvl1;StdTime;15-10-79 00:00:00;0,270134513400802
BE23;2;3847,000000000000000;0,384700000000000;swvl1;StdTime;15-10-79 00:00:00;0,274603221628428
BE24;3;2706,000000000000000;0,270600000000000;swvl1;StdTime;15-10-79 00:00:00;0,320178650181909
BE25;4;4010,000000000000000;0,401000000000000;swvl1;StdTime;15-10-79 00:00:00;0,287828801040935
BE31;5;1403,000000000000000;0,140300000000000;swvl1;StdTime;15-10-79 00:00:00;0,330745531717370
BE32;6;4820,000000000000000;0,482000000000000;swvl1;StdTime;15-10-79 00:00:00;0,321739501818336
BE10;7;209,000000000000000;0,020900000000000;swvl1;StdTime;15-10-79 00:00:00;0,326704981509578
BE21;8;3689,000000000000000;0,368900000000000;swvl1;StdTime;15-10-79 00:00:00;0,240408865085105
BE33;9;4899,000000000000000;0,489900000000000;swvl1;StdTime;15-10-79 00:00:00;0,341229365258393
BE34;10;5582,000000000000000;0,558200000000000;swvl1;StdTime;15-10-79 00:00:00;0,316252399002381
BE35;11;4637,000000000000000;0,463700000000000;swvl1;StdTime;15-10-79 00:00:00;0,325394040433554
BE22;1;3104,000000000000000;0,310400000000000;swvl1;StdTime;15-10-80 00:00:00;0,286645123960700
BE23;2;3847,000000000000000;0,384700000000000;swvl1;StdTime;15-10-80 00:00:00;0,287353446313490
BE24;3;2706,000000000000000;0,270600000000000;swvl1;StdTime;15-10-80 00:00:00;0,336325191286256
BE25;4;4010,000000000000000;0,401000000000000;swvl1;StdTime;15-10-80 00:00:00;0,311990324840730
BE31;5;1403,000000000000000;0,140300000000000;swvl1;StdTime;15-10-80 00:00:00;0,358708942798912
BE32;6;4820,000000000000000;0,482000000000000;swvl1;StdTime;15-10-80 00:00:00;0,354015969352109
BE10;7;209,000000000000000;0,020900000000000;swvl1;StdTime;15-10-80 00:00:00;0,345908163979863
BE21;8;3689,000000000000000;0,368900000000000;swvl1;StdTime;15-10-80 00:00:00;0,253109231603342
BE33;9;4899,000000000000000;0,489900000000000;swvl1;StdTime;15-10-80 00:00:00;0,370959686634370
BE34;10;5582,000000000000000;0,558200000000000;swvl1;StdTime;15-10-80 00:00:00;0,356389427857240
BE35;11;4637,000000000000000;0,463700000000000;swvl1;StdTime;15-10-80 00:00:00;0,367707290055810
BE22;1;3104,000000000000000;0,310400000000000;swvl1;StdTime;15-10-81 00:00:00;0,295722233515578
BE23;2;3847,000000000000000;0,384700000000000;swvl1;StdTime;15-10-81 00:00:00;0,297529694071553
BE24;3;2706,000000000000000;0,270600000000000;swvl1;StdTime;15-10-81 00:00:00;0,345198936270328
BE25;4;4010,000000000000000;0,401000000000000;swvl1;StdTime;15-10-81 00:00:00;0,328816159021230
BE31;5;1403,000000000000000;0,140300000000000;swvl1;StdTime;15-10-81 00:00:00;0,367176717676950
BE32;6;4820,000000000000000;0,482000000000000;swvl1;StdTime;15-10-81 00:00:00;0,366810206747400
BE10;7;209,000000000000000;0,020900000000000;swvl1;StdTime;15-10-81 00:00:00;0,356543736166931
BE21;8;3689,000000000000000;0,368900000000000;swvl1;StdTime;15-10-81 00:00:00;0,255563182486173
BE33;9;4899,000000000000000;0,489900000000000;swvl1;StdTime;15-10-81 00:00:00;0,379584827905383
BE34;10;5582,000000000000000;0,558200000000000;swvl1;StdTime;15-10-81 00:00:00;0,366058877716993
BE35;11;4637,000000000000000;0,463700000000000;swvl1;StdTime;15-10-81 00:00:00;0,375788176248678
BE22;1;3104,000000000000000;0,310400000000000;swvl1;StdTime;15-10-82 00:00:00;0,275605321919411
BE23;2;3847,000000000000000;0,384700000000000;swvl1;StdTime;15-10-82 00:00:00;0,294027646788071
BE24;3;2706,000000000000000;0,270600000000000;swvl1;StdTime;15-10-82 00:00:00;0,328696351110142
BE25;4;4010,000000000000000;0,401000000000000;swvl1;StdTime;15-10-82 00:00:00;0,327382059124045
BE31;5;1403,000000000000000;0,140300000000000;swvl1;StdTime;15-10-82 00:00:00;0,348102407037405
BE32;6;4820,000000000000000;0,482000000000000;swvl1;StdTime;15-10-82 00:00:00;0,354065770992846
BE10;7;209,000000000000000;0,020900000000000;swvl1;StdTime;15-10-82 00:00:00;0,341543341367439
BE21;8;3689,000000000000000;0,368900000000000;swvl1;StdTime;15-10-82 00:00:00;0,244522626846261
BE33;9;4899,000000000000000;0,489900000000000;swvl1;StdTime;15-10-82 00:00:00;0,354893732019822
BE34;10;5582,000000000000000;0,558200000000000;swvl1;StdTime;15-10-82 00:00:00;0,338711320440943
BE35;11;4637,000000000000000;0,463700000000000;swvl1;StdTime;15-10-82 00:00:00;0,350572481356177
BE22;1;3104,000000000000000;0,310400000000000;swvl1;StdTime;15-10-83 00:00:00;0,235430090966605
BE23;2;3847,000000000000000;0,384700000000000;swvl1;StdTime;15-10-83 00:00:00;0,237627126231949
BE24;3;2706,000000000000000;0,270600000000000;swvl1;StdTime;15-10-83 00:00:00;0,272665526984977
BE25;4;4010,000000000000000;0,401000000000000;swvl1;StdTime;15-10-83 00:00:00;0,269134901497429
BE31;5;1403,000000000000000;0,140300000000000;swvl1;StdTime;15-10-83 00:00:00;0,293200597772408
BE32;6;4820,000000000000000;0,482000000000000;swvl1;StdTime;15-10-83 00:00:00;0,289697139311382
BE10;7;209,000000000000000;0,020900000000000;swvl1;StdTime;15-10-83 00:00:00;0,278426907136680
BE21;8;3689,000000000000000;0,368900000000000;swvl1;StdTime;15-10-83 00:00:00;0,208068666850916
BE33;9;4899,000000000000000;0,489900000000000;swvl1;StdTime;15-10-83 00:00:00;0,313869545309610
BE34;10;5582,000000000000000;0,558200000000000;swvl1;StdTime;15-10-83 00:00:00;0,311676048844871
BE35;11;4637,000000000000000;0,463700000000000;swvl1;StdTime;15-10-83 00:00:00;0,301741766581278
BE22;1;3104,000000000000000;0,310400000000000;swvl1;StdTime;15-10-84 00:00:00;0,305605895279609
BE23;2;3847,000000000000000;0,384700000000000;swvl1;StdTime;15-10-84 00:00:00;0,312615578368108
BE24;3;2706,000000000000000;0,270600000000000;swvl1;StdTime;15-10-84 00:00:00;0,357030235038187
BE25;4;4010,000000000000000;0,401000000000000;swvl1;StdTime;15-10-84 00:00:00;0,335639313101174
BE31;5;1403,000000000000000;0,140300000000000;swvl1;StdTime;15-10-84 00:00:00;0,373462433336636
BE32;6;4820,000000000000000;0,482000000000000;swvl1;StdTime;15-10-84 00:00:00;0,371462743305813
BE10;7;209,000000000000000;0,020900000000000;swvl1;StdTime;15-10-84 00:00:00;0,370265321155484
BE21;8;3689,000000000000000;0,368900000000000;swvl1;StdTime;15-10-84 00:00:00;0,273606423101764
BE33;9;4899,000000000000000;0,489900000000000;swvl1;StdTime;15-10-84 00:00:00;0,382119506688769
BE34;10;5582,000000000000000;0,558200000000000;swvl1;StdTime;15-10-84 00:00:00;0,371025764853542
BE35;11;4637,000000000000000;0,463700000000000;swvl1;StdTime;15-10-84 00:00:00;0,376985737057320
BE22;1;3104,000000000000000;0,310400000000000;swvl1;StdTime;15-10-85 00:00:00;0,268245371111390
BE23;2;3847,000000000000000;0,384700000000000;swvl1;StdTime;15-10-85 00:00:00;0,243482973692881
BE24;3;2706,000000000000000;0,270600000000000;swvl1;StdTime;15-10-85 00:00:00;0,298575487491693
BE25;4;4010,000000000000000;0,401000000000000;swvl1;StdTime;15-10-85 00:00:00;0,264044493514849
BE31;5;1403,000000000000000;0,140300000000000;swvl1;StdTime;15-10-85 00:00:00;0,320942009931280
BE32;6;4820,000000000000000;0,482000000000000;swvl1;StdTime;15-10-85 00:00:00;0,312360807332013
BE10;7;209,000000000000000;0,020900000000000;swvl1;StdTime;15-10-85 00:00:00;0,299539793336220
BE21;8;3689,000000000000000;0,368900000000000;swvl1;StdTime;15-10-85 00:00:00;0,223953838625003
BE33;9;4899,000000000000000;0,489900000000000;swvl1;StdTime;15-10-85 00:00:00;0,350980871032515
BE34;10;5582,000000000000000;0,558200000000000;swvl1;StdTime;15-10-85 00:00:00;0,319944437941591
BE35;11;4637,000000000000000;0,463700000000000;swvl1;StdTime;15-10-85 00:00:00;0,340519086551584
BE22;1;3104,000000000000000;0,310400000000000;swvl1;StdTime;15-10-86 00:00:00;0,277199086046672
BE23;2;3847,000000000000000;0,384700000000000;swvl1;StdTime;15-10-86 00:00:00;0,282884038103565
BE24;3;2706,000000000000000;0,270600000000000;swvl1;StdTime;15-10-86 00:00:00;0,327275788572569
BE25;4;4010,000000000000000;0,401000000000000;swvl1;StdTime;15-10-86 00:00:00;0,306072361648379
BE31;5;1403,000000000000000;0,140300000000000;swvl1;StdTime;15-10-86 00:00:00;0,344369286672609
BE32;6;4820,000000000000000;0,482000000000000;swvl1;StdTime;15-10-86 00:00:00;0,344833514527165
BE10;7;209,000000000000000;0,020900000000000;swvl1;StdTime;15-10-86 00:00:00;0,338592945816414
BE21;8;3689,000000000000000;0,368900000000000;swvl1;StdTime;15-10-86 00:00:00;0,245181555313675
BE33;9;4899,000000000000000;0,489900000000000;swvl1;StdTime;15-10-86 00:00:00;0,356883452568377
BE34;10;5582,000000000000000;0,558200000000000;swvl1;StdTime;15-10-86 00:00:00;0,345294905486755
BE35;11;4637,000000000000000;0,463700000000000;swvl1;StdTime;15-10-86 00:00:00;0,350173362150567
BE22;1;3104,000000000000000;0,310400000000000;swvl1;StdTime;15-10-87 00:00:00;0,302109070189451
BE23;2;3847,000000000000000;0,384700000000000;swvl1;StdTime;15-10-87 00:00:00;0,310818752031342
BE24;3;2706,000000000000000;0,270600000000000;swvl1;StdTime;15-10-87 00:00:00;0,352855088110773
BE25;4;4010,000000000000000;0,401000000000000;swvl1;StdTime;15-10-87 00:00:00;0,337380617634019
BE31;5;1403,000000000000000;0,140300000000000;swvl1;StdTime;15-10-87 00:00:00;0,373245984464566
BE32;6;4820,000000000000000;0,482000000000000;swvl1;StdTime;15-10-87 00:00:00;0,375900447071836
BE10;7;209,000000000000000;0,020900000000000;swvl1;StdTime;15-10-87 00:00:00;0,365764122688029
BE21;8;3689,000000000000000;0,368900000000000;swvl1;StdTime;15-10-87 00:00:00;0,270228118479947
BE33;9;4899,000000000000000;0,489900000000000;swvl1;StdTime;15-10-87 00:00:00;0,381477888122240
BE34;10;5582,000000000000000;0,558200000000000;swvl1;StdTime;15-10-87 00:00:00;0,369848551934058
BE35;11;4637,000000000000000;0,463700000000000;swvl1;StdTime;15-10-87 00:00:00;0,379804298940444
BE22;1;3104,000000000000000;0,310400000000000;swvl1;StdTime;15-10-88 00:00:00;0,284122739212837
BE23;2;3847,000000000000000;0,384700000000000;swvl1;StdTime;15-10-88 00:00:00;0,277675715113634
BE24;3;2706,000000000000000;0,270600000000000;swvl1;StdTime;15-10-88 00:00:00;0,321893382021787
BE25;4;4010,000000000000000;0,401000000000000;swvl1;StdTime;15-10-88 00:00:00;0,311464218720979
BE31;5;1403,000000000000000;0,140300000000000;swvl1;StdTime;15-10-88 00:00:00;0,342463374477748
BE32;6;4820,000000000000000;0,482000000000000;swvl1;StdTime;15-10-88 00:00:00;0,344498031564768
BE10;7;209,000000000000000;0,020900000000000;swvl1;StdTime;15-10-88 00:00:00;0,327379820877285
BE21;8;3689,000000000000000;0,368900000000000;swvl1;StdTime;15-10-88 00:00:00;0,246742148710706
BE33;9;4899,000000000000000;0,489900000000000;swvl1;StdTime;15-10-88 00:00:00;0,361097050603736
BE34;10;5582,000000000000000;0,558200000000000;swvl1;StdTime;15-10-88 00:00:00;0,349265133948021
BE35;11;4637,000000000000000;0,463700000000000;swvl1;StdTime;15-10-88 00:00:00;0,357747916738766
BE22;1;3104,000000000000000;0,310400000000000;swvl1;StdTime;15-10-89 00:00:00;0,256228489724478
BE23;2;3847,000000000000000;0,384700000000000;swvl1;StdTime;15-10-89 00:00:00;0,249702669596839
BE24;3;2706,000000000000000;0,270600000000000;swvl1;StdTime;15-10-89 00:00:00;0,291373758852834
BE25;4;4010,000000000000000;0,401000000000000;swvl1;StdTime;15-10-89 00:00:00;0,273850633404647
BE31;5;1403,000000000000000;0,140300000000000;swvl1;StdTime;15-10-89 00:00:00;0,312675966336229
BE32;6;4820,000000000000000;0,482000000000000;swvl1;StdTime;15-10-89 00:00:00;0,309223182616886
BE10;7;209,000000000000000;0,020900000000000;swvl1;StdTime;15-10-89 00:00:00;0,298987136645750
BE21;8;3689,000000000000000;0,368900000000000;swvl1;StdTime;15-10-89 00:00:00;0,220889920879264
BE33;9;4899,000000000000000;0,489900000000000;swvl1;StdTime;15-10-89 00:00:00;0,336535164934686
BE34;10;5582,000000000000000;0,558200000000000;swvl1;StdTime;15-10-89 00:00:00;0,324563849833502
BE35;11;4637,000000000000000;0,463700000000000;swvl1;StdTime;15-10-89 00:00:00;0,328503500253239
BE22;1;3104,000000000000000;0,310400000000000;swvl1;StdTime;15-10-90 00:00:00;0,263833016286767
BE23;2;3847,000000000000000;0,384700000000000;swvl1;StdTime;15-10-90 00:00:00;0,253265128446022
BE24;3;2706,000000000000000;0,270600000000000;swvl1;StdTime;15-10-90 00:00:00;0,300128929047169
BE25;4;4010,000000000000000;0,401000000000000;swvl1;StdTime;15-10-90 00:00:00;0,279904714672644
BE31;5;1403,000000000000000;0,140300000000000;swvl1;StdTime;15-10-90 00:00:00;0,316978369282555
BE32;6;4820,000000000000000;0,482000000000000;swvl1;StdTime;15-10-90 00:00:00;0,305828154223094
BE10;7;209,000000000000000;0,020900000000000;swvl1;StdTime;15-10-90 00:00:00;0,306273733314715
BE21;8;3689,000000000000000;0,368900000000000;swvl1;StdTime;15-10-90 00:00:00;0,229847463699626
BE33;9;4899,000000000000000;0,489900000000000;swvl1;StdTime;15-10-90 00:00:00;0,351800242737377
BE34;10;5582,000000000000000;0,558200000000000;swvl1;StdTime;15-10-90 00:00:00;0,332764535432261
BE35;11;4637,000000000000000;0,463700000000000;swvl1;StdTime;15-10-90 00:00:00;0,328400692125834
BE22;1;3104,000000000000000;0,310400000000000;swvl1;StdTime;15-10-91 00:00:00;0,235223880656947
BE23;2;3847,000000000000000;0,384700000000000;swvl1;StdTime;15-10-91 00:00:00;0,247667958136345
BE24;3;2706,000000000000000;0,270600000000000;swvl1;StdTime;15-10-91 00:00:00;0,276127060849140
BE25;4;4010,000000000000000;0,401000000000000;swvl1;StdTime;15-10-91 00:00:00;0,277987990255219
BE31;5;1403,000000000000000;0,140300000000000;swvl1;StdTime;15-10-91 00:00:00;0,290990423047364
BE32;6;4820,000000000000000;0,482000000000000;swvl1;StdTime;15-10-91 00:00:00;0,288654385785344
BE10;7;209,000000000000000;0,020900000000000;swvl1;StdTime;15-10-91 00:00:00;0,285645017498418
BE21;8;3689,000000000000000;0,368900000000000;swvl1;StdTime;15-10-91 00:00:00;0,211716660875782
BE33;9;4899,000000000000000;0,489900000000000;swvl1;StdTime;15-10-91 00:00:00;0,305152302026554
BE34;10;5582,000000000000000;0,558200000000000;swvl1;StdTime;15-10-91 00:00:00;0,290914035164319
BE35;11;4637,000000000000000;0,463700000000000;swvl1;StdTime;15-10-91 00:00:00;0,292506269238133
BE22;1;3104,000000000000000;0,310400000000000;swvl1;StdTime;15-10-92 00:00:00;0,278042610307445
BE23;2;3847,000000000000000;0,384700000000000;swvl1;StdTime;15-10-92 00:00:00;0,291818441777128
BE24;3;2706,000000000000000;0,270600000000000;swvl1;StdTime;15-10-92 00:00:00;0,333326139552719
BE25;4;4010,000000000000000;0,401000000000000;swvl1;StdTime;15-10-92 00:00:00;0,319110906495715
BE31;5;1403,000000000000000;0,140300000000000;swvl1;StdTime;15-10-92 00:00:00;0,354014812158161
BE32;6;4820,000000000000000;0,482000000000000;swvl1;StdTime;15-10-92 00:00:00;0,359218057934427
BE10;7;209,000000000000000;0,020900000000000;swvl1;StdTime;15-10-92 00:00:00;0,347488909959793
BE21;8;3689,000000000000000;0,368900000000000;swvl1;StdTime;15-10-92 00:00:00;0,247773027886185
BE33;9;4899,000000000000000;0,489900000000000;swvl1;StdTime;15-10-92 00:00:00;0,364057264052549
BE34;10;5582,000000000000000;0,558200000000000;swvl1;StdTime;15-10-92 00:00:00;0,350246942593756
BE35;11;4637,000000000000000;0,463700000000000;swvl1;StdTime;15-10-92 00:00:00;0,359466602254947
BE22;1;3104,000000000000000;0,310400000000000;swvl1;StdTime;15-10-93 00:00:00;0,298025081006177
BE23;2;3847,000000000000000;0,384700000000000;swvl1;StdTime;15-10-93 00:00:00;0,302704721999100
BE24;3;2706,000000000000000;0,270600000000000;swvl1;StdTime;15-10-93 00:00:00;0,343662602068404
BE25;4;4010,000000000000000;0,401000000000000;swvl1;StdTime;15-10-93 00:00:00;0,326890893529478
BE31;5;1403,000000000000000;0,140300000000000;swvl1;StdTime;15-10-93 00:00:00;0,361910506137677
BE32;6;4820,000000000000000;0,482000000000000;swvl1;StdTime;15-10-93 00:00:00;0,359687098718530
BE10;7;209,000000000000000;0,020900000000000;swvl1;StdTime;15-10-93 00:00:00;0,354548592031287
BE21;8;3689,000000000000000;0,368900000000000;swvl1;StdTime;15-10-93 00:00:00;0,265549609725892
BE33;9;4899,000000000000000;0,489900000000000;swvl1;StdTime;15-10-93 00:00:00;0,374416165265241
BE34;10;5582,000000000000000;0,558200000000000;swvl1;StdTime;15-10-93 00:00:00;0,354070528279236
BE35;11;4637,000000000000000;0,463700000000000;swvl1;StdTime;15-10-93 00:00:00;0,366029819949629
BE22;1;3104,000000000000000;0,310400000000000;swvl1;StdTime;15-10-94 00:00:00;0,286649943819058
BE23;2;3847,000000000000000;0,384700000000000;swvl1;StdTime;15-10-94 00:00:00;0,291593503608839
BE24;3;2706,000000000000000;0,270600000000000;swvl1;StdTime;15-10-94 00:00:00;0,334039870801011
BE25;4;4010,000000000000000;0,401000000000000;swvl1;StdTime;15-10-94 00:00:00;0,318669908116583
BE31;5;1403,000000000000000;0,140300000000000;swvl1;StdTime;15-10-94 00:00:00;0,352737163316328
BE32;6;4820,000000000000000;0,482000000000000;swvl1;StdTime;15-10-94 00:00:00;0,350982371337433
BE10;7;209,000000000000000;0,020900000000000;swvl1;StdTime;15-10-94 00:00:00;0,345891287167106
BE21;8;3689,000000000000000;0,368900000000000;swvl1;StdTime;15-10-94 00:00:00;0,255319307323199
BE33;9;4899,000000000000000;0,489900000000000;swvl1;StdTime;15-10-94 00:00:00;0,366899360562130
BE34;10;5582,000000000000000;0,558200000000000;swvl1;StdTime;15-10-94 00:00:00;0,355447634640816
BE35;11;4637,000000000000000;0,463700000000000;swvl1;StdTime;15-10-94 00:00:00;0,355192691036306
BE22;1;3104,000000000000000;0,310400000000000;swvl1;StdTime;15-10-95 00:00:00;0,250460083370779
BE23;2;3847,000000000000000;0,384700000000000;swvl1;StdTime;15-10-95 00:00:00;0,257468284439167
BE24;3;2706,000000000000000;0,270600000000000;swvl1;StdTime;15-10-95 00:00:00;0,291086160296303
BE25;4;4010,000000000000000;0,401000000000000;swvl1;StdTime;15-10-95 00:00:00;0,291347915948627
BE31;5;1403,000000000000000;0,140300000000000;swvl1;StdTime;15-10-95 00:00:00;0,311717734898488
BE32;6;4820,000000000000000;0,482000000000000;swvl1;StdTime;15-10-95 00:00:00;0,313358596060039
BE10;7;209,000000000000000;0,020900000000000;swvl1;StdTime;15-10-95 00:00:00;0,301513934249513
BE21;8;3689,000000000000000;0,368900000000000;swvl1;StdTime;15-10-95 00:00:00;0,217452172192981
BE33;9;4899,000000000000000;0,489900000000000;swvl1;StdTime;15-10-95 00:00:00;0,335603703501566
BE34;10;5582,000000000000000;0,558200000000000;swvl1;StdTime;15-10-95 00:00:00;0,332783974386787
BE35;11;4637,000000000000000;0,463700000000000;swvl1;StdTime;15-10-95 00:00:00;0,326166690141444
BE22;1;3104,000000000000000;0,310400000000000;swvl1;StdTime;15-10-96 00:00:00;0,287512465749781
BE23;2;3847,000000000000000;0,384700000000000;swvl1;StdTime;15-10-96 00:00:00;0,289063842014768
BE24;3;2706,000000000000000;0,270600000000000;swvl1;StdTime;15-10-96 00:00:00;0,333113618398805
BE25;4;4010,000000000000000;0,401000000000000;swvl1;StdTime;15-10-96 00:00:00;0,314371799560556
BE31;5;1403,000000000000000;0,140300000000000;swvl1;StdTime;15-10-96 00:00:00;0,350065147715301
BE32;6;4820,000000000000000;0,482000000000000;swvl1;StdTime;15-10-96 00:00:00;0,346213483000445
BE10;7;209,000000000000000;0,020900000000000;swvl1;StdTime;15-10-96 00:00:00;0,343159946956133
BE21;8;3689,000000000000000;0,368900000000000;swvl1;StdTime;15-10-96 00:00:00;0,251120577921031
BE33;9;4899,000000000000000;0,489900000000000;swvl1;StdTime;15-10-96 00:00:00;0,368453765583419
BE34;10;5582,000000000000000;0,558200000000000;swvl1;StdTime;15-10-96 00:00:00;0,344733348179679
BE35;11;4637,000000000000000;0,463700000000000;swvl1;StdTime;15-10-96 00:00:00;0,354964271460933
BE22;1;3104,000000000000000;0,310400000000000;swvl1;StdTime;15-10-97 00:00:00;0,248124096470587
BE23;2;3847,000000000000000;0,384700000000000;swvl1;StdTime;15-10-97 00:00:00;0,250341884065580
BE24;3;2706,000000000000000;0,270600000000000;swvl1;StdTime;15-10-97 00:00:00;0,288959381646213
BE25;4;4010,000000000000000;0,401000000000000;swvl1;StdTime;15-10-97 00:00:00;0,275849224262851
BE31;5;1403,000000000000000;0,140300000000000;swvl1;StdTime;15-10-97 00:00:00;0,308413836289879
BE32;6;4820,000000000000000;0,482000000000000;swvl1;StdTime;15-10-97 00:00:00;0,317569422709496
BE10;7;209,000000000000000;0,020900000000000;swvl1;StdTime;15-10-97 00:00:00;0,294737528956108
BE21;8;3689,000000000000000;0,368900000000000;swvl1;StdTime;15-10-97 00:00:00;0,210810504496243
BE33;9;4899,000000000000000;0,489900000000000;swvl1;StdTime;15-10-97 00:00:00;0,331958269721318
BE34;10;5582,000000000000000;0,558200000000000;swvl1;StdTime;15-10-97 00:00:00;0,318998241373306
BE35;11;4637,000000000000000;0,463700000000000;swvl1;StdTime;15-10-97 00:00:00;0,322765696291680
BE22;1;3104,000000000000000;0,310400000000000;swvl1;StdTime;15-10-98 00:00:00;0,321558679252402
BE23;2;3847,000000000000000;0,384700000000000;swvl1;StdTime;15-10-98 00:00:00;0,326984794349958
BE24;3;2706,000000000000000;0,270600000000000;swvl1;StdTime;15-10-98 00:00:00;0,370476428802068
BE25;4;4010,000000000000000;0,401000000000000;swvl1;StdTime;15-10-98 00:00:00;0,348923308006546
BE31;5;1403,000000000000000;0,140300000000000;swvl1;StdTime;15-10-98 00:00:00;0,386101335648206
BE32;6;4820,000000000000000;0,482000000000000;swvl1;StdTime;15-10-98 00:00:00;0,383354975876719
BE10;7;209,000000000000000;0,020900000000000;swvl1;StdTime;15-10-98 00:00:00;0,383647911143645
BE21;8;3689,000000000000000;0,368900000000000;swvl1;StdTime;15-10-98 00:00:00;0,289816819836241
BE33;9;4899,000000000000000;0,489900000000000;swvl1;StdTime;15-10-98 00:00:00;0,393997203922925
BE34;10;5582,000000000000000;0,558200000000000;swvl1;StdTime;15-10-98 00:00:00;0,371825351675793
BE35;11;4637,000000000000000;0,463700000000000;swvl1;StdTime;15-10-98 00:00:00;0,385535045587376
BE22;1;3104,000000000000000;0,310400000000000;swvl1;StdTime;15-10-99 00:00:00;0,254373288266937
BE23;2;3847,000000000000000;0,384700000000000;swvl1;StdTime;15-10-99 00:00:00;0,261267243351663
BE24;3;2706,000000000000000;0,270600000000000;swvl1;StdTime;15-10-99 00:00:00;0,292920630918066
BE25;4;4010,000000000000000;0,401000000000000;swvl1;StdTime;15-10-99 00:00:00;0,305920503740001
BE31;5;1403,000000000000000;0,140300000000000;swvl1;StdTime;15-10-99 00:00:00;0,311208423957260
BE32;6;4820,000000000000000;0,482000000000000;swvl1;StdTime;15-10-99 00:00:00;0,317843673696656
BE10;7;209,000000000000000;0,020900000000000;swvl1;StdTime;15-10-99 00:00:00;0,297720373389824
BE21;8;3689,000000000000000;0,368900000000000;swvl1;StdTime;15-10-99 00:00:00;0,215016280382459
BE33;9;4899,000000000000000;0,489900000000000;swvl1;StdTime;15-10-99 00:00:00;0,340496635499062
BE34;10;5582,000000000000000;0,558200000000000;swvl1;StdTime;15-10-99 00:00:00;0,335347322023009
BE35;11;4637,000000000000000;0,463700000000000;swvl1;StdTime;15-10-99 00:00:00;0,328116127719441
BE22;1;3104,000000000000000;0,310400000000000;swvl1;StdTime;15-10-00 00:00:00;0,306822443179325
BE23;2;3847,000000000000000;0,384700000000000;swvl1;StdTime;15-10-00 00:00:00;0,312212857188018
BE24;3;2706,000000000000000;0,270600000000000;swvl1;StdTime;15-10-00 00:00:00;0,361369755298054
BE25;4;4010,000000000000000;0,401000000000000;swvl1;StdTime;15-10-00 00:00:00;0,335240991112597
BE31;5;1403,000000000000000;0,140300000000000;swvl1;StdTime;15-10-00 00:00:00;0,382960250801642
BE32;6;4820,000000000000000;0,482000000000000;swvl1;StdTime;15-10-00 00:00:00;0,378295466501683
BE10;7;209,000000000000000;0,020900000000000;swvl1;StdTime;15-10-00 00:00:00;0,377157592174539
BE21;8;3689,000000000000000;0,368900000000000;swvl1;StdTime;15-10-00 00:00:00;0,272586578286640
BE33;9;4899,000000000000000;0,489900000000000;swvl1;StdTime;15-10-00 00:00:00;0,386960913670699
BE34;10;5582,000000000000000;0,558200000000000;swvl1;StdTime;15-10-00 00:00:00;0,372884479347671
BE35;11;4637,000000000000000;0,463700000000000;swvl1;StdTime;15-10-00 00:00:00;0,384543459072744
BE22;1;3104,000000000000000;0,310400000000000;swvl1;StdTime;15-10-01 00:00:00;0,296268157382525
BE23;2;3847,000000000000000;0,384700000000000;swvl1;StdTime;15-10-01 00:00:00;0,318139494100669
BE24;3;2706,000000000000000;0,270600000000000;swvl1;StdTime;15-10-01 00:00:00;0,353909124660871
BE25;4;4010,000000000000000;0,401000000000000;swvl1;StdTime;15-10-01 00:00:00;0,343842687147513
BE31;5;1403,000000000000000;0,140300000000000;swvl1;StdTime;15-10-01 00:00:00;0,372785363338373
BE32;6;4820,000000000000000;0,482000000000000;swvl1;StdTime;15-10-01 00:00:00;0,372867295894138
BE10;7;209,000000000000000;0,020900000000000;swvl1;StdTime;15-10-01 00:00:00;0,370348967005762
BE21;8;3689,000000000000000;0,368900000000000;swvl1;StdTime;15-10-01 00:00:00;0,272059496553747
BE33;9;4899,000000000000000;0,489900000000000;swvl1;StdTime;15-10-01 00:00:00;0,376132839637084
BE34;10;5582,000000000000000;0,558200000000000;swvl1;StdTime;15-10-01 00:00:00;0,360136908838417
BE35;11;4637,000000000000000;0,463700000000000;swvl1;StdTime;15-10-01 00:00:00;0,372167292528428
BE22;1;3104,000000000000000;0,310400000000000;swvl1;StdTime;15-10-02 00:00:00;0,285236329205104
BE23;2;3847,000000000000000;0,384700000000000;swvl1;StdTime;15-10-02 00:00:00;0,287316117095799
BE24;3;2706,000000000000000;0,270600000000000;swvl1;StdTime;15-10-02 00:00:00;0,334066580014588
BE25;4;4010,000000000000000;0,401000000000000;swvl1;StdTime;15-10-02 00:00:00;0,313494740296481
BE31;5;1403,000000000000000;0,140300000000000;swvl1;StdTime;15-10-02 00:00:00;0,357444560111461
BE32;6;4820,000000000000000;0,482000000000000;swvl1;StdTime;15-10-02 00:00:00;0,357154707907393
BE10;7;209,000000000000000;0,020900000000000;swvl1;StdTime;15-10-02 00:00:00;0,343803863776358
BE21;8;3689,000000000000000;0,368900000000000;swvl1;StdTime;15-10-02 00:00:00;0,251905327091762
BE33;9;4899,000000000000000;0,489900000000000;swvl1;StdTime;15-10-02 00:00:00;0,362380963998269
BE34;10;5582,000000000000000;0,558200000000000;swvl1;StdTime;15-10-02 00:00:00;0,348801139062749
BE35;11;4637,000000000000000;0,463700000000000;swvl1;StdTime;15-10-02 00:00:00;0,365761839157038
BE22;1;3104,000000000000000;0,310400000000000;swvl1;StdTime;15-10-03 00:00:00;0,245594608856692
BE23;2;3847,000000000000000;0,384700000000000;swvl1;StdTime;15-10-03 00:00:00;0,242714161559269
BE24;3;2706,000000000000000;0,270600000000000;swvl1;StdTime;15-10-03 00:00:00;0,279711483835249
BE25;4;4010,000000000000000;0,401000000000000;swvl1;StdTime;15-10-03 00:00:00;0,267473034040441
BE31;5;1403,000000000000000;0,140300000000000;swvl1;StdTime;15-10-03 00:00:00;0,298161089441561
BE32;6;4820,000000000000000;0,482000000000000;swvl1;StdTime;15-10-03 00:00:00;0,292182953779381
BE10;7;209,000000000000000;0,020900000000000;swvl1;StdTime;15-10-03 00:00:00;0,286496669196626
BE21;8;3689,000000000000000;0,368900000000000;swvl1;StdTime;15-10-03 00:00:00;0,209255923033084
BE33;9;4899,000000000000000;0,489900000000000;swvl1;StdTime;15-10-03 00:00:00;0,324767200478147
BE34;10;5582,000000000000000;0,558200000000000;swvl1;StdTime;15-10-03 00:00:00;0,306193890840894
BE35;11;4637,000000000000000;0,463700000000000;swvl1;StdTime;15-10-03 00:00:00;0,307117187773742
BE22;1;3104,000000000000000;0,310400000000000;swvl1;StdTime;15-10-04 00:00:00;0,276599083686267
BE23;2;3847,000000000000000;0,384700000000000;swvl1;StdTime;15-10-04 00:00:00;0,264829971610896
BE24;3;2706,000000000000000;0,270600000000000;swvl1;StdTime;15-10-04 00:00:00;0,305511324958984
BE25;4;4010,000000000000000;0,401000000000000;swvl1;StdTime;15-10-04 00:00:00;0,292763315709749
BE31;5;1403,000000000000000;0,140300000000000;swvl1;StdTime;15-10-04 00:00:00;0,322358046250095
BE32;6;4820,000000000000000;0,482000000000000;swvl1;StdTime;15-10-04 00:00:00;0,314407504872415
BE10;7;209,000000000000000;0,020900000000000;swvl1;StdTime;15-10-04 00:00:00;0,306273707219859
BE21;8;3689,000000000000000;0,368900000000000;swvl1;StdTime;15-10-04 00:00:00;0,235514849109293
BE33;9;4899,000000000000000;0,489900000000000;swvl1;StdTime;15-10-04 00:00:00;0,355285603413899
BE34;10;5582,000000000000000;0,558200000000000;swvl1;StdTime;15-10-04 00:00:00;0,336054392559410
BE35;11;4637,000000000000000;0,463700000000000;swvl1;StdTime;15-10-04 00:00:00;0,338527846058715
BE22;1;3104,000000000000000;0,310400000000000;swvl1;StdTime;15-10-05 00:00:00;0,257988988109816
BE23;2;3847,000000000000000;0,384700000000000;swvl1;StdTime;15-10-05 00:00:00;0,280208280439311
BE24;3;2706,000000000000000;0,270600000000000;swvl1;StdTime;15-10-05 00:00:00;0,302769427856117
BE25;4;4010,000000000000000;0,401000000000000;swvl1;StdTime;15-10-05 00:00:00;0,319541454523281
BE31;5;1403,000000000000000;0,140300000000000;swvl1;StdTime;15-10-05 00:00:00;0,323749799581399
BE32;6;4820,000000000000000;0,482000000000000;swvl1;StdTime;15-10-05 00:00:00;0,329451083846360
BE10;7;209,000000000000000;0,020900000000000;swvl1;StdTime;15-10-05 00:00:00;0,312390983817680
BE21;8;3689,000000000000000;0,368900000000000;swvl1;StdTime;15-10-05 00:00:00;0,224169930296236
BE33;9;4899,000000000000000;0,489900000000000;swvl1;StdTime;15-10-05 00:00:00;0,334224341949362
BE34;10;5582,000000000000000;0,558200000000000;swvl1;StdTime;15-10-05 00:00:00;0,300619889254940
BE35;11;4637,000000000000000;0,463700000000000;swvl1;StdTime;15-10-05 00:00:00;0,316550283203717
BE22;1;3104,000000000000000;0,310400000000000;swvl1;StdTime;15-10-06 00:00:00;0,272505712652214
BE23;2;3847,000000000000000;0,384700000000000;swvl1;StdTime;15-10-06 00:00:00;0,287381098565263
BE24;3;2706,000000000000000;0,270600000000000;swvl1;StdTime;15-10-06 00:00:00;0,316982644117945
BE25;4;4010,000000000000000;0,401000000000000;swvl1;StdTime;15-10-06 00:00:00;0,324929381672878
BE31;5;1403,000000000000000;0,140300000000000;swvl1;StdTime;15-10-06 00:00:00;0,333035346425947
BE32;6;4820,000000000000000;0,482000000000000;swvl1;StdTime;15-10-06 00:00:00;0,340545591477043
BE10;7;209,000000000000000;0,020900000000000;swvl1;StdTime;15-10-06 00:00:00;0,326749122599095
BE21;8;3689,000000000000000;0,368900000000000;swvl1;StdTime;15-10-06 00:00:00;0,243449225528965
BE33;9;4899,000000000000000;0,489900000000000;swvl1;StdTime;15-10-06 00:00:00;0,355348484063298
BE34;10;5582,000000000000000;0,558200000000000;swvl1;StdTime;15-10-06 00:00:00;0,348834207627839
BE35;11;4637,000000000000000;0,463700000000000;swvl1;StdTime;15-10-06 00:00:00;0,346514131755749
BE22;1;3104,000000000000000;0,310400000000000;swvl1;StdTime;15-10-07 00:00:00;0,291185210833383
BE23;2;3847,000000000000000;0,384700000000000;swvl1;StdTime;15-10-07 00:00:00;0,297206286330300
BE24;3;2706,000000000000000;0,270600000000000;swvl1;StdTime;15-10-07 00:00:00;0,340592081739078
BE25;4;4010,000000000000000;0,401000000000000;swvl1;StdTime;15-10-07 00:00:00;0,324647225376376
BE31;5;1403,000000000000000;0,140300000000000;swvl1;StdTime;15-10-07 00:00:00;0,360882195654038
BE32;6;4820,000000000000000;0,482000000000000;swvl1;StdTime;15-10-07 00:00:00;0,355807654095883
BE10;7;209,000000000000000;0,020900000000000;swvl1;StdTime;15-10-07 00:00:00;0,352323835688915
BE21;8;3689,000000000000000;0,368900000000000;swvl1;StdTime;15-10-07 00:00:00;0,253987546005396
BE33;9;4899,000000000000000;0,489900000000000;swvl1;StdTime;15-10-07 00:00:00;0,374960441562833
BE34;10;5582,000000000000000;0,558200000000000;swvl1;StdTime;15-10-07 00:00:00;0,350078861846777
BE35;11;4637,000000000000000;0,463700000000000;swvl1;StdTime;15-10-07 00:00:00;0,366686026707327
BE22;1;3104,000000000000000;0,310400000000000;swvl1;StdTime;15-10-08 00:00:00;0,284886575966458
BE23;2;3847,000000000000000;0,384700000000000;swvl1;StdTime;15-10-08 00:00:00;0,296739373604973
BE24;3;2706,000000000000000;0,270600000000000;swvl1;StdTime;15-10-08 00:00:00;0,328304869119362
BE25;4;4010,000000000000000;0,401000000000000;swvl1;StdTime;15-10-08 00:00:00;0,328904178147750
BE31;5;1403,000000000000000;0,140300000000000;swvl1;StdTime;15-10-08 00:00:00;0,350044542032740
BE32;6;4820,000000000000000;0,482000000000000;swvl1;StdTime;15-10-08 00:00:00;0,360261975284434
BE10;7;209,000000000000000;0,020900000000000;swvl1;StdTime;15-10-08 00:00:00;0,339730531547628
BE21;8;3689,000000000000000;0,368900000000000;swvl1;StdTime;15-10-08 00:00:00;0,244072633885568
BE33;9;4899,000000000000000;0,489900000000000;swvl1;StdTime;15-10-08 00:00:00;0,369190489766450
BE34;10;5582,000000000000000;0,558200000000000;swvl1;StdTime;15-10-08 00:00:00;0,359331330484021
BE35;11;4637,000000000000000;0,463700000000000;swvl1;StdTime;15-10-08 00:00:00;0,363854536747711
BE22;1;3104,000000000000000;0,310400000000000;swvl1;StdTime;15-10-09 00:00:00;0,257303741040457
BE23;2;3847,000000000000000;0,384700000000000;swvl1;StdTime;15-10-09 00:00:00;0,239539707105191
BE24;3;2706,000000000000000;0,270600000000000;swvl1;StdTime;15-10-09 00:00:00;0,287368387677717
BE25;4;4010,000000000000000;0,401000000000000;swvl1;StdTime;15-10-09 00:00:00;0,260918830294264
BE31;5;1403,000000000000000;0,140300000000000;swvl1;StdTime;15-10-09 00:00:00;0,306120527402384
BE32;6;4820,000000000000000;0,482000000000000;swvl1;StdTime;15-10-09 00:00:00;0,305188983994154
BE10;7;209,000000000000000;0,020900000000000;swvl1;StdTime;15-10-09 00:00:00;0,289625635700363
BE21;8;3689,000000000000000;0,368900000000000;swvl1;StdTime;15-10-09 00:00:00;0,215283713053320
BE33;9;4899,000000000000000;0,489900000000000;swvl1;StdTime;15-10-09 00:00:00;0,339777616797284
BE34;10;5582,000000000000000;0,558200000000000;swvl1;StdTime;15-10-09 00:00:00;0,322773804818055
BE35;11;4637,000000000000000;0,463700000000000;swvl1;StdTime;15-10-09 00:00:00;0,322789799834162
BE22;1;3104,000000000000000;0,310400000000000;swvl1;StdTime;15-10-10 00:00:00;0,298985019038172
BE23;2;3847,000000000000000;0,384700000000000;swvl1;StdTime;15-10-10 00:00:00;0,315754047013705
BE24;3;2706,000000000000000;0,270600000000000;swvl1;StdTime;15-10-10 00:00:00;0,351109837723589
BE25;4;4010,000000000000000;0,401000000000000;swvl1;StdTime;15-10-10 00:00:00;0,342536037959659
BE31;5;1403,000000000000000;0,140300000000000;swvl1;StdTime;15-10-10 00:00:00;0,367550707020593
BE32;6;4820,000000000000000;0,482000000000000;swvl1;StdTime;15-10-10 00:00:00;0,364256009137977
BE10;7;209,000000000000000;0,020900000000000;swvl1;StdTime;15-10-10 00:00:00;0,366064820705989
BE21;8;3689,000000000000000;0,368900000000000;swvl1;StdTime;15-10-10 00:00:00;0,269572813276936
BE33;9;4899,000000000000000;0,489900000000000;swvl1;StdTime;15-10-10 00:00:00;0,373212518595170
BE34;10;5582,000000000000000;0,558200000000000;swvl1;StdTime;15-10-10 00:00:00;0,355328356953280
BE35;11;4637,000000000000000;0,463700000000000;swvl1;StdTime;15-10-10 00:00:00;0,366215998676025
BE22;1;3104,000000000000000;0,310400000000000;swvl1;StdTime;15-10-11 00:00:00;0,254143868150554
BE23;2;3847,000000000000000;0,384700000000000;swvl1;StdTime;15-10-11 00:00:00;0,269406342571483
BE24;3;2706,000000000000000;0,270600000000000;swvl1;StdTime;15-10-11 00:00:00;0,301037554163141
BE25;4;4010,000000000000000;0,401000000000000;swvl1;StdTime;15-10-11 00:00:00;0,293341971826077
BE31;5;1403,000000000000000;0,140300000000000;swvl1;StdTime;15-10-11 00:00:00;0,316866113407988
BE32;6;4820,000000000000000;0,482000000000000;swvl1;StdTime;15-10-11 00:00:00;0,314065364732781
BE10;7;209,000000000000000;0,020900000000000;swvl1;StdTime;15-10-11 00:00:00;0,309289863662857
BE21;8;3689,000000000000000;0,368900000000000;swvl1;StdTime;15-10-11 00:00:00;0,234312854268971
BE33;9;4899,000000000000000;0,489900000000000;swvl1;StdTime;15-10-11 00:00:00;0,328957844082252
BE34;10;5582,000000000000000;0,558200000000000;swvl1;StdTime;15-10-11 00:00:00;0,315115904517603
BE35;11;4637,000000000000000;0,463700000000000;swvl1;StdTime;15-10-11 00:00:00;0,319773032184765
BE22;1;3104,000000000000000;0,310400000000000;swvl1;StdTime;15-10-12 00:00:00;0,272185750008013
BE23;2;3847,000000000000000;0,384700000000000;swvl1;StdTime;15-10-12 00:00:00;0,284205668834640
BE24;3;2706,000000000000000;0,270600000000000;swvl1;StdTime;15-10-12 00:00:00;0,322511078402984
BE25;4;4010,000000000000000;0,401000000000000;swvl1;StdTime;15-10-12 00:00:00;0,321346951348526
BE31;5;1403,000000000000000;0,140300000000000;swvl1;StdTime;15-10-12 00:00:00;0,345223609987362
BE32;6;4820,000000000000000;0,482000000000000;swvl1;StdTime;15-10-12 00:00:00;0,343581069430870
BE10;7;209,000000000000000;0,020900000000000;swvl1;StdTime;15-10-12 00:00:00;0,333117665714054
BE21;8;3689,000000000000000;0,368900000000000;swvl1;StdTime;15-10-12 00:00:00;0,241762657375896
BE33;9;4899,000000000000000;0,489900000000000;swvl1;StdTime;15-10-12 00:00:00;0,354163846164898
BE34;10;5582,000000000000000;0,558200000000000;swvl1;StdTime;15-10-12 00:00:00;0,341787446037986
BE35;11;4637,000000000000000;0,463700000000000;swvl1;StdTime;15-10-12 00:00:00;0,354500101825815
BE22;1;3104,000000000000000;0,310400000000000;swvl1;StdTime;15-10-13 00:00:00;0,288874308170617
BE23;2;3847,000000000000000;0,384700000000000;swvl1;StdTime;15-10-13 00:00:00;0,285482032173696
BE24;3;2706,000000000000000;0,270600000000000;swvl1;StdTime;15-10-13 00:00:00;0,332869472536923
BE25;4;4010,000000000000000;0,401000000000000;swvl1;StdTime;15-10-13 00:00:00;0,314622464820631
BE31;5;1403,000000000000000;0,140300000000000;swvl1;StdTime;15-10-13 00:00:00;0,351799496224499
BE32;6;4820,000000000000000;0,482000000000000;swvl1;StdTime;15-10-13 00:00:00;0,347747274299628
BE10;7;209,000000000000000;0,020900000000000;swvl1;StdTime;15-10-13 00:00:00;0,342382275744488
BE21;8;3689,000000000000000;0,368900000000000;swvl1;StdTime;15-10-13 00:00:00;0,252328181939740
BE33;9;4899,000000000000000;0,489900000000000;swvl1;StdTime;15-10-13 00:00:00;0,368880402296021
BE34;10;5582,000000000000000;0,558200000000000;swvl1;StdTime;15-10-13 00:00:00;0,358941103786561
BE35;11;4637,000000000000000;0,463700000000000;swvl1;StdTime;15-10-13 00:00:00;0,360078892414493
BE22;1;3104,000000000000000;0,310400000000000;swvl1;StdTime;15-10-14 00:00:00;0,298821609774509
BE23;2;3847,000000000000000;0,384700000000000;swvl1;StdTime;15-10-14 00:00:00;0,301799027326202
BE24;3;2706,000000000000000;0,270600000000000;swvl1;StdTime;15-10-14 00:00:00;0,351865472441370
BE25;4;4010,000000000000000;0,401000000000000;swvl1;StdTime;15-10-14 00:00:00;0,317051742235176
BE31;5;1403,000000000000000;0,140300000000000;swvl1;StdTime;15-10-14 00:00:00;0,369223729423855
BE32;6;4820,000000000000000;0,482000000000000;swvl1;StdTime;15-10-14 00:00:00;0,360557371204820
BE10;7;209,000000000000000;0,020900000000000;swvl1;StdTime;15-10-14 00:00:00;0,364440085927835
BE21;8;3689,000000000000000;0,368900000000000;swvl1;StdTime;15-10-14 00:00:00;0,265301522688511
BE33;9;4899,000000000000000;0,489900000000000;swvl1;StdTime;15-10-14 00:00:00;0,373869692392314
BE34;10;5582,000000000000000;0,558200000000000;swvl1;StdTime;15-10-14 00:00:00;0,353996850510132
BE35;11;4637,000000000000000;0,463700000000000;swvl1;StdTime;15-10-14 00:00:00;0,367812604515466
BE22;1;3104,000000000000000;0,310400000000000;swvl1;StdTime;15-10-15 00:00:00;0,285898579212539
BE23;2;3847,000000000000000;0,384700000000000;swvl1;StdTime;15-10-15 00:00:00;0,290627417392102
BE24;3;2706,000000000000000;0,270600000000000;swvl1;StdTime;15-10-15 00:00:00;0,327693924368397
BE25;4;4010,000000000000000;0,401000000000000;swvl1;StdTime;15-10-15 00:00:00;0,321678705071273
BE31;5;1403,000000000000000;0,140300000000000;swvl1;StdTime;15-10-15 00:00:00;0,344778718306010
BE32;6;4820,000000000000000;0,482000000000000;swvl1;StdTime;15-10-15 00:00:00;0,342861615102816
BE10;7;209,000000000000000;0,020900000000000;swvl1;StdTime;15-10-15 00:00:00;0,337244063615799
BE21;8;3689,000000000000000;0,368900000000000;swvl1;StdTime;15-10-15 00:00:00;0,251612896040611
BE33;9;4899,000000000000000;0,489900000000000;swvl1;StdTime;15-10-15 00:00:00;0,360462978448788
BE34;10;5582,000000000000000;0,558200000000000;swvl1;StdTime;15-10-15 00:00:00;0,344553227820350
BE35;11;4637,000000000000000;0,463700000000000;swvl1;StdTime;15-10-15 00:00:00;0,351905414802082
BE22;1;3104,000000000000000;0,310400000000000;swvl1;StdTime;15-10-16 00:00:00;0,234976326763515
BE23;2;3847,000000000000000;0,384700000000000;swvl1;StdTime;15-10-16 00:00:00;0,230381272142510
BE24;3;2706,000000000000000;0,270600000000000;swvl1;StdTime;15-10-16 00:00:00;0,269422250478380
BE25;4;4010,000000000000000;0,401000000000000;swvl1;StdTime;15-10-16 00:00:00;0,267058210230973
BE31;5;1403,000000000000000;0,140300000000000;swvl1;StdTime;15-10-16 00:00:00;0,287087204408747
BE32;6;4820,000000000000000;0,482000000000000;swvl1;StdTime;15-10-16 00:00:00;0,286881205414835
BE10;7;209,000000000000000;0,020900000000000;swvl1;StdTime;15-10-16 00:00:00;0,273095703581304
BE21;8;3689,000000000000000;0,368900000000000;swvl1;StdTime;15-10-16 00:00:00;0,191700510432256
BE33;9;4899,000000000000000;0,489900000000000;swvl1;StdTime;15-10-16 00:00:00;0,314288847219898
BE34;10;5582,000000000000000;0,558200000000000;swvl1;StdTime;15-10-16 00:00:00;0,288887511125947
BE35;11;4637,000000000000000;0,463700000000000;swvl1;StdTime;15-10-16 00:00:00;0,290048191689818
BE22;1;3104,000000000000000;0,310400000000000;swvl1;StdTime;15-10-17 00:00:00;0,290058223775482
BE23;2;3847,000000000000000;0,384700000000000;swvl1;StdTime;15-10-17 00:00:00;0,284466949219142
BE24;3;2706,000000000000000;0,270600000000000;swvl1;StdTime;15-10-17 00:00:00;0,327792821266171
BE25;4;4010,000000000000000;0,401000000000000;swvl1;StdTime;15-10-17 00:00:00;0,304976016829287
BE31;5;1403,000000000000000;0,140300000000000;swvl1;StdTime;15-10-17 00:00:00;0,350221685613808
BE32;6;4820,000000000000000;0,482000000000000;swvl1;StdTime;15-10-17 00:00:00;0,339010848785091
BE10;7;209,000000000000000;0,020900000000000;swvl1;StdTime;15-10-17 00:00:00;0,335863958848150
BE21;8;3689,000000000000000;0,368900000000000;swvl1;StdTime;15-10-17 00:00:00;0,251924268463079
BE33;9;4899,000000000000000;0,489900000000000;swvl1;StdTime;15-10-17 00:00:00;0,375679136484492
BE34;10;5582,000000000000000;0,558200000000000;swvl1;StdTime;15-10-17 00:00:00;0,358052391541533
BE35;11;4637,000000000000000;0,463700000000000;swvl1;StdTime;15-10-17 00:00:00;0,362190587692331
BE22;1;3104,000000000000000;0,310400000000000;swvl1;StdTime;15-10-18 00:00:00;0,234405740773901
BE23;2;3847,000000000000000;0,384700000000000;swvl1;StdTime;15-10-18 00:00:00;0,244277358039621
BE24;3;2706,000000000000000;0,270600000000000;swvl1;StdTime;15-10-18 00:00:00;0,280549945495610
BE25;4;4010,000000000000000;0,401000000000000;swvl1;StdTime;15-10-18 00:00:00;0,273017770687392
BE31;5;1403,000000000000000;0,140300000000000;swvl1;StdTime;15-10-18 00:00:00;0,300891226219944
BE32;6;4820,000000000000000;0,482000000000000;swvl1;StdTime;15-10-18 00:00:00;0,298536707213559
BE10;7;209,000000000000000;0,020900000000000;swvl1;StdTime;15-10-18 00:00:00;0,287432682999013
BE21;8;3689,000000000000000;0,368900000000000;swvl1;StdTime;15-10-18 00:00:00;0,207844040094272
BE33;9;4899,000000000000000;0,489900000000000;swvl1;StdTime;15-10-18 00:00:00;0,291167356452545
BE34;10;5582,000000000000000;0,558200000000000;swvl1;StdTime;15-10-18 00:00:00;0,256632319237437
BE35;11;4637,000000000000000;0,463700000000000;swvl1;StdTime;15-10-18 00:00:00;0,285353784105350
BE22;1;3104,000000000000000;0,310400000000000;swvl1;StdTime;15-10-19 00:00:00;0,283969330116530
BE23;2;3847,000000000000000;0,384700000000000;swvl1;StdTime;15-10-19 00:00:00;0,274415227385784
BE24;3;2706,000000000000000;0,270600000000000;swvl1;StdTime;15-10-19 00:00:00;0,320207038634104
BE25;4;4010,000000000000000;0,401000000000000;swvl1;StdTime;15-10-19 00:00:00;0,297470831172425
BE31;5;1403,000000000000000;0,140300000000000;swvl1;StdTime;15-10-19 00:00:00;0,336754038600691
BE32;6;4820,000000000000000;0,482000000000000;swvl1;StdTime;15-10-19 00:00:00;0,332139591112176
BE10;7;209,000000000000000;0,020900000000000;swvl1;StdTime;15-10-19 00:00:00;0,327615030787208
BE21;8;3689,000000000000000;0,368900000000000;swvl1;StdTime;15-10-19 00:00:00;0,244019679464632
BE33;9;4899,000000000000000;0,489900000000000;swvl1;StdTime;15-10-19 00:00:00;0,352277123464519
BE34;10;5582,000000000000000;0,558200000000000;swvl1;StdTime;15-10-19 00:00:00;0,329958851076463
BE35;11;4637,000000000000000;0,463700000000000;swvl1;StdTime;15-10-19 00:00:00;0,339803075954938
BE22;1;3104,000000000000000;0,310400000000000;swvl1;StdTime;15-10-20 00:00:00;0,248896249272313
BE23;2;3847,000000000000000;0,384700000000000;swvl1;StdTime;15-10-20 00:00:00;0,268877655027562
BE24;3;2706,000000000000000;0,270600000000000;swvl1;StdTime;15-10-20 00:00:00;0,299572139058788
BE25;4;4010,000000000000000;0,401000000000000;swvl1;StdTime;15-10-20 00:00:00;0,299464608112030
BE31;5;1403,000000000000000;0,140300000000000;swvl1;StdTime;15-10-20 00:00:00;0,319293151688593
BE32;6;4820,000000000000000;0,482000000000000;swvl1;StdTime;15-10-20 00:00:00;0,323468331992626
BE10;7;209,000000000000000;0,020900000000000;swvl1;StdTime;15-10-20 00:00:00;0,311631705772363
BE21;8;3689,000000000000000;0,368900000000000;swvl1;StdTime;15-10-20 00:00:00;0,224771688998505
BE33;9;4899,000000000000000;0,489900000000000;swvl1;StdTime;15-10-20 00:00:00;0,323679989048305
BE34;10;5582,000000000000000;0,558200000000000;swvl1;StdTime;15-10-20 00:00:00;0,310477870731040
BE35;11;4637,000000000000000;0,463700000000000;swvl1;StdTime;15-10-20 00:00:00;0,319656751164594
BE22;1;3104,000000000000000;0,310400000000000;swvl1;StdTime;15-10-21 00:00:00;0,294168941162949
BE23;2;3847,000000000000000;0,384700000000000;swvl1;StdTime;15-10-21 00:00:00;0,285548878813800
BE24;3;2706,000000000000000;0,270600000000000;swvl1;StdTime;15-10-21 00:00:00;0,342300862740210
BE25;4;4010,000000000000000;0,401000000000000;swvl1;StdTime;15-10-21 00:00:00;0,305094408806869
BE31;5;1403,000000000000000;0,140300000000000;swvl1;StdTime;15-10-21 00:00:00;0,365078344803067
BE32;6;4820,000000000000000;0,482000000000000;swvl1;StdTime;15-10-21 00:00:00;0,358898457866241
BE10;7;209,000000000000000;0,020900000000000;swvl1;StdTime;15-10-21 00:00:00;0,352657331519150
BE21;8;3689,000000000000000;0,368900000000000;swvl1;StdTime;15-10-21 00:00:00;0,252792716450437
BE33;9;4899,000000000000000;0,489900000000000;swvl1;StdTime;15-10-21 00:00:00;0,368343058393352
BE34;10;5582,000000000000000;0,558200000000000;swvl1;StdTime;15-10-21 00:00:00;0,354374557976459
BE35;11;4637,000000000000000;0,463700000000000;swvl1;StdTime;15-10-21 00:00:00;0,372412823682102
BE22;1;3104,000000000000000;0,310400000000000;swvl1;StdTime;15-10-22 00:00:00;0,284865246039153
BE23;2;3847,000000000000000;0,384700000000000;swvl1;StdTime;15-10-22 00:00:00;0,298351040781551
BE24;3;2706,000000000000000;0,270600000000000;swvl1;StdTime;15-10-22 00:00:00;0,338679952757586
BE25;4;4010,000000000000000;0,401000000000000;swvl1;StdTime;15-10-22 00:00:00;0,317787920704060
BE31;5;1403,000000000000000;0,140300000000000;swvl1;StdTime;15-10-22 00:00:00;0,356947838198009
BE32;6;4820,000000000000000;0,482000000000000;swvl1;StdTime;15-10-22 00:00:00;0,350313965679453
BE10;7;209,000000000000000;0,020900000000000;swvl1;StdTime;15-10-22 00:00:00;0,351570455794129
BE21;8;3689,000000000000000;0,368900000000000;swvl1;StdTime;15-10-22 00:00:00;0,254912772013683
BE33;9;4899,000000000000000;0,489900000000000;swvl1;StdTime;15-10-22 00:00:00;0,360712584079980
BE34;10;5582,000000000000000;0,558200000000000;swvl1;StdTime;15-10-22 00:00:00;0,348351542826239
BE35;11;4637,000000000000000;0,463700000000000;swvl1;StdTime;15-10-22 00:00:00;0,354600201586029
BE22;1;3104,000000000000000;0,310400000000000;swvl1;StdTime;15-10-23 00:00:00;0,301957697511565
BE23;2;3847,000000000000000;0,384700000000000;swvl1;StdTime;15-10-23 00:00:00;0,294068624869024
BE24;3;2706,000000000000000;0,270600000000000;swvl1;StdTime;15-10-23 00:00:00;0,351819860906576
BE25;4;4010,000000000000000;0,401000000000000;swvl1;StdTime;15-10-23 00:00:00;0,307624998298518
BE31;5;1403,000000000000000;0,140300000000000;swvl1;StdTime;15-10-23 00:00:00;0,370417632741412
BE32;6;4820,000000000000000;0,482000000000000;swvl1;StdTime;15-10-23 00:00:00;0,360049925447748
BE10;7;209,000000000000000;0,020900000000000;swvl1;StdTime;15-10-23 00:00:00;0,361917908824802
BE21;8;3689,000000000000000;0,368900000000000;swvl1;StdTime;15-10-23 00:00:00;0,268272259199674
BE33;9;4899,000000000000000;0,489900000000000;swvl1;StdTime;15-10-23 00:00:00;0,366530860819653
BE34;10;5582,000000000000000;0,558200000000000;swvl1;StdTime;15-10-23 00:00:00;0,346050008824439
BE35;11;4637,000000000000000;0,463700000000000;swvl1;StdTime;15-10-23 00:00:00;0,365762431540056
BE22;1;3104,000000000000000;0,310400000000000;swvl1;StdTime;15-10-24 00:00:00;0,288771989356880
BE23;2;3847,000000000000000;0,384700000000000;swvl1;StdTime;15-10-24 00:00:00;0,304013112337675
BE24;3;2706,000000000000000;0,270600000000000;swvl1;StdTime;15-10-24 00:00:00;0,348455565296670
BE25;4;4010,000000000000000;0,401000000000000;swvl1;StdTime;15-10-24 00:00:00;0,324675495996886
BE31;5;1403,000000000000000;0,140300000000000;swvl1;StdTime;15-10-24 00:00:00;0,367742122494146
BE32;6;4820,000000000000000;0,482000000000000;swvl1;StdTime;15-10-24 00:00:00;0,368029690029957
BE10;7;209,000000000000000;0,020900000000000;swvl1;StdTime;15-10-24 00:00:00;0,363988994411304
BE21;8;3689,000000000000000;0,368900000000000;swvl1;StdTime;15-10-24 00:00:00;0,264501451286690
BE33;9;4899,000000000000000;0,489900000000000;swvl1;StdTime;15-10-24 00:00:00;0,371820393594631
BE34;10;5582,000000000000000;0,558200000000000;swvl1;StdTime;15-10-24 00:00:00;0,362064867026488
BE35;11;4637,000000000000000;0,463700000000000;swvl1;StdTime;15-10-24 00:00:00;0,373262493099302
BE22;1;3104,000000000000000;0,310400000000000;swvl2;StdTime;15-10-61 00:00:00;0,254209321213060
BE23;2;3847,000000000000000;0,384700000000000;swvl2;StdTime;15-10-61 00:00:00;0,258113805895072
BE24;3;2706,000000000000000;0,270600000000000;swvl2;StdTime;15-10-61 00:00:00;0,290741754157492
BE25;4;4010,000000000000000;0,401000000000000;swvl2;StdTime;15-10-61 00:00:00;0,277576889335515
BE31;5;1403,000000000000000;0,140300000000000;swvl2;StdTime;15-10-61 00:00:00;0,303266199057389
BE32;6;4820,000000000000000;0,482000000000000;swvl2;StdTime;15-10-61 00:00:00;0,296584501454445
BE10;7;209,000000000000000;0,020900000000000;swvl2;StdTime;15-10-61 00:00:00;0,300729660183619
BE21;8;3689,000000000000000;0,368900000000000;swvl2;StdTime;15-10-61 00:00:00;0,224977356857096
BE33;9;4899,000000000000000;0,489900000000000;swvl2;StdTime;15-10-61 00:00:00;0,322994260824221
BE34;10;5582,000000000000000;0,558200000000000;swvl2;StdTime;15-10-61 00:00:00;0,292002726101995
BE35;11;4637,000000000000000;0,463700000000000;swvl2;StdTime;15-10-61 00:00:00;0,300482132753886
BE22;1;3104,000000000000000;0,310400000000000;swvl2;StdTime;15-10-62 00:00:00;0,244937811891750
BE23;2;3847,000000000000000;0,384700000000000;swvl2;StdTime;15-10-62 00:00:00;0,262617643627217
BE24;3;2706,000000000000000;0,270600000000000;swvl2;StdTime;15-10-62 00:00:00;0,291831354349742
BE25;4;4010,000000000000000;0,401000000000000;swvl2;StdTime;15-10-62 00:00:00;0,281158546040629
BE31;5;1403,000000000000000;0,140300000000000;swvl2;StdTime;15-10-62 00:00:00;0,300647692665915
BE32;6;4820,000000000000000;0,482000000000000;swvl2;StdTime;15-10-62 00:00:00;0,299825375153069
BE10;7;209,000000000000000;0,020900000000000;swvl2;StdTime;15-10-62 00:00:00;0,300319470001750
BE21;8;3689,000000000000000;0,368900000000000;swvl2;StdTime;15-10-62 00:00:00;0,227164883153423
BE33;9;4899,000000000000000;0,489900000000000;swvl2;StdTime;15-10-62 00:00:00;0,308370655374787
BE34;10;5582,000000000000000;0,558200000000000;swvl2;StdTime;15-10-62 00:00:00;0,280813755476210
BE35;11;4637,000000000000000;0,463700000000000;swvl2;StdTime;15-10-62 00:00:00;0,289300742991557
BE22;1;3104,000000000000000;0,310400000000000;swvl2;StdTime;15-10-63 00:00:00;0,276744052868567
BE23;2;3847,000000000000000;0,384700000000000;swvl2;StdTime;15-10-63 00:00:00;0,293875777581186
BE24;3;2706,000000000000000;0,270600000000000;swvl2;StdTime;15-10-63 00:00:00;0,329990048685606
BE25;4;4010,000000000000000;0,401000000000000;swvl2;StdTime;15-10-63 00:00:00;0,310131297020841
BE31;5;1403,000000000000000;0,140300000000000;swvl2;StdTime;15-10-63 00:00:00;0,342425007481958
BE32;6;4820,000000000000000;0,482000000000000;swvl2;StdTime;15-10-63 00:00:00;0,339217663522330
BE10;7;209,000000000000000;0,020900000000000;swvl2;StdTime;15-10-63 00:00:00;0,340054480082681
BE21;8;3689,000000000000000;0,368900000000000;swvl2;StdTime;15-10-63 00:00:00;0,252412513855772
BE33;9;4899,000000000000000;0,489900000000000;swvl2;StdTime;15-10-63 00:00:00;0,354749579755937
BE34;10;5582,000000000000000;0,558200000000000;swvl2;StdTime;15-10-63 00:00:00;0,344790708696766
BE35;11;4637,000000000000000;0,463700000000000;swvl2;StdTime;15-10-63 00:00:00;0,342274238933693
BE22;1;3104,000000000000000;0,310400000000000;swvl2;StdTime;15-10-64 00:00:00;0,249650980470721
BE23;2;3847,000000000000000;0,384700000000000;swvl2;StdTime;15-10-64 00:00:00;0,248276873555374
BE24;3;2706,000000000000000;0,270600000000000;swvl2;StdTime;15-10-64 00:00:00;0,281280424465141
BE25;4;4010,000000000000000;0,401000000000000;swvl2;StdTime;15-10-64 00:00:00;0,269881089317829
BE31;5;1403,000000000000000;0,140300000000000;swvl2;StdTime;15-10-64 00:00:00;0,298036928994267
BE32;6;4820,000000000000000;0,482000000000000;swvl2;StdTime;15-10-64 00:00:00;0,295510307282085
BE10;7;209,000000000000000;0,020900000000000;swvl2;StdTime;15-10-64 00:00:00;0,285666023430071
BE21;8;3689,000000000000000;0,368900000000000;swvl2;StdTime;15-10-64 00:00:00;0,202656322162660
BE33;9;4899,000000000000000;0,489900000000000;swvl2;StdTime;15-10-64 00:00:00;0,329819942146059
BE34;10;5582,000000000000000;0,558200000000000;swvl2;StdTime;15-10-64 00:00:00;0,312237633402225
BE35;11;4637,000000000000000;0,463700000000000;swvl2;StdTime;15-10-64 00:00:00;0,304652960920786
BE22;1;3104,000000000000000;0,310400000000000;swvl2;StdTime;15-10-65 00:00:00;0,288196738698932
BE23;2;3847,000000000000000;0,384700000000000;swvl2;StdTime;15-10-65 00:00:00;0,273319584616972
BE24;3;2706,000000000000000;0,270600000000000;swvl2;StdTime;15-10-65 00:00:00;0,333449820600345
BE25;4;4010,000000000000000;0,401000000000000;swvl2;StdTime;15-10-65 00:00:00;0,300987634616451
BE31;5;1403,000000000000000;0,140300000000000;swvl2;StdTime;15-10-65 00:00:00;0,356234823433909
BE32;6;4820,000000000000000;0,482000000000000;swvl2;StdTime;15-10-65 00:00:00;0,350012576252346
BE10;7;209,000000000000000;0,020900000000000;swvl2;StdTime;15-10-65 00:00:00;0,341207620344664
BE21;8;3689,000000000000000;0,368900000000000;swvl2;StdTime;15-10-65 00:00:00;0,243044692278716
BE33;9;4899,000000000000000;0,489900000000000;swvl2;StdTime;15-10-65 00:00:00;0,368074248903601
BE34;10;5582,000000000000000;0,558200000000000;swvl2;StdTime;15-10-65 00:00:00;0,363131562251209
BE35;11;4637,000000000000000;0,463700000000000;swvl2;StdTime;15-10-65 00:00:00;0,367141552807726
BE22;1;3104,000000000000000;0,310400000000000;swvl2;StdTime;15-10-66 00:00:00;0,276229570240512
BE23;2;3847,000000000000000;0,384700000000000;swvl2;StdTime;15-10-66 00:00:00;0,285171096766339
BE24;3;2706,000000000000000;0,270600000000000;swvl2;StdTime;15-10-66 00:00:00;0,320689525997647
BE25;4;4010,000000000000000;0,401000000000000;swvl2;StdTime;15-10-66 00:00:00;0,308837982956460
BE31;5;1403,000000000000000;0,140300000000000;swvl2;StdTime;15-10-66 00:00:00;0,340946940507365
BE32;6;4820,000000000000000;0,482000000000000;swvl2;StdTime;15-10-66 00:00:00;0,347585973019918
BE10;7;209,000000000000000;0,020900000000000;swvl2;StdTime;15-10-66 00:00:00;0,327573446280648
BE21;8;3689,000000000000000;0,368900000000000;swvl2;StdTime;15-10-66 00:00:00;0,242059006604376
BE33;9;4899,000000000000000;0,489900000000000;swvl2;StdTime;15-10-66 00:00:00;0,350529679663937
BE34;10;5582,000000000000000;0,558200000000000;swvl2;StdTime;15-10-66 00:00:00;0,337190523983884
BE35;11;4637,000000000000000;0,463700000000000;swvl2;StdTime;15-10-66 00:00:00;0,347919709149788
BE22;1;3104,000000000000000;0,310400000000000;swvl2;StdTime;15-10-67 00:00:00;0,276314210938770
BE23;2;3847,000000000000000;0,384700000000000;swvl2;StdTime;15-10-67 00:00:00;0,281465076589881
BE24;3;2706,000000000000000;0,270600000000000;swvl2;StdTime;15-10-67 00:00:00;0,324063174448583
BE25;4;4010,000000000000000;0,401000000000000;swvl2;StdTime;15-10-67 00:00:00;0,288008295932316
BE31;5;1403,000000000000000;0,140300000000000;swvl2;StdTime;15-10-67 00:00:00;0,346492868657632
BE32;6;4820,000000000000000;0,482000000000000;swvl2;StdTime;15-10-67 00:00:00;0,344954449612323
BE10;7;209,000000000000000;0,020900000000000;swvl2;StdTime;15-10-67 00:00:00;0,333067339287991
BE21;8;3689,000000000000000;0,368900000000000;swvl2;StdTime;15-10-67 00:00:00;0,242117759620926
BE33;9;4899,000000000000000;0,489900000000000;swvl2;StdTime;15-10-67 00:00:00;0,363020665908644
BE34;10;5582,000000000000000;0,558200000000000;swvl2;StdTime;15-10-67 00:00:00;0,359388908418713
BE35;11;4637,000000000000000;0,463700000000000;swvl2;StdTime;15-10-67 00:00:00;0,361141532518134
BE22;1;3104,000000000000000;0,310400000000000;swvl2;StdTime;15-10-68 00:00:00;0,302439699184687
BE23;2;3847,000000000000000;0,384700000000000;swvl2;StdTime;15-10-68 00:00:00;0,315527743221972
BE24;3;2706,000000000000000;0,270600000000000;swvl2;StdTime;15-10-68 00:00:00;0,359201435068539
BE25;4;4010,000000000000000;0,401000000000000;swvl2;StdTime;15-10-68 00:00:00;0,341047164470775
BE31;5;1403,000000000000000;0,140300000000000;swvl2;StdTime;15-10-68 00:00:00;0,378709685522067
BE32;6;4820,000000000000000;0,482000000000000;swvl2;StdTime;15-10-68 00:00:00;0,378055888531862
BE10;7;209,000000000000000;0,020900000000000;swvl2;StdTime;15-10-68 00:00:00;0,375639677475514
BE21;8;3689,000000000000000;0,368900000000000;swvl2;StdTime;15-10-68 00:00:00;0,270680695861036
BE33;9;4899,000000000000000;0,489900000000000;swvl2;StdTime;15-10-68 00:00:00;0,383838795336880
BE34;10;5582,000000000000000;0,558200000000000;swvl2;StdTime;15-10-68 00:00:00;0,373911652160093
BE35;11;4637,000000000000000;0,463700000000000;swvl2;StdTime;15-10-68 00:00:00;0,380563373481607
BE22;1;3104,000000000000000;0,310400000000000;swvl2;StdTime;15-10-69 00:00:00;0,235492769460741
BE23;2;3847,000000000000000;0,384700000000000;swvl2;StdTime;15-10-69 00:00:00;0,245490060252030
BE24;3;2706,000000000000000;0,270600000000000;swvl2;StdTime;15-10-69 00:00:00;0,286069514481826
BE25;4;4010,000000000000000;0,401000000000000;swvl2;StdTime;15-10-69 00:00:00;0,270238146494303
BE31;5;1403,000000000000000;0,140300000000000;swvl2;StdTime;15-10-69 00:00:00;0,314653406144038
BE32;6;4820,000000000000000;0,482000000000000;swvl2;StdTime;15-10-69 00:00:00;0,322582873547472
BE10;7;209,000000000000000;0,020900000000000;swvl2;StdTime;15-10-69 00:00:00;0,297479605703263
BE21;8;3689,000000000000000;0,368900000000000;swvl2;StdTime;15-10-69 00:00:00;0,190374184891634
BE33;9;4899,000000000000000;0,489900000000000;swvl2;StdTime;15-10-69 00:00:00;0,336421331907442
BE34;10;5582,000000000000000;0,558200000000000;swvl2;StdTime;15-10-69 00:00:00;0,322103702292696
BE35;11;4637,000000000000000;0,463700000000000;swvl2;StdTime;15-10-69 00:00:00;0,333299466388504
BE22;1;3104,000000000000000;0,310400000000000;swvl2;StdTime;15-10-70 00:00:00;0,264279751433539
BE23;2;3847,000000000000000;0,384700000000000;swvl2;StdTime;15-10-70 00:00:00;0,264902335158999
BE24;3;2706,000000000000000;0,270600000000000;swvl2;StdTime;15-10-70 00:00:00;0,302020467349713
BE25;4;4010,000000000000000;0,401000000000000;swvl2;StdTime;15-10-70 00:00:00;0,296940591388807
BE31;5;1403,000000000000000;0,140300000000000;swvl2;StdTime;15-10-70 00:00:00;0,315880471799345
BE32;6;4820,000000000000000;0,482000000000000;swvl2;StdTime;15-10-70 00:00:00;0,315680974592064
BE10;7;209,000000000000000;0,020900000000000;swvl2;StdTime;15-10-70 00:00:00;0,306374977507660
BE21;8;3689,000000000000000;0,368900000000000;swvl2;StdTime;15-10-70 00:00:00;0,226468951956112
BE33;9;4899,000000000000000;0,489900000000000;swvl2;StdTime;15-10-70 00:00:00;0,359536155513853
BE34;10;5582,000000000000000;0,558200000000000;swvl2;StdTime;15-10-70 00:00:00;0,346731956598366
BE35;11;4637,000000000000000;0,463700000000000;swvl2;StdTime;15-10-70 00:00:00;0,336420953890772
BE22;1;3104,000000000000000;0,310400000000000;swvl2;StdTime;15-10-71 00:00:00;0,213428323454771
BE23;2;3847,000000000000000;0,384700000000000;swvl2;StdTime;15-10-71 00:00:00;0,240996249967158
BE24;3;2706,000000000000000;0,270600000000000;swvl2;StdTime;15-10-71 00:00:00;0,272243888915158
BE25;4;4010,000000000000000;0,401000000000000;swvl2;StdTime;15-10-71 00:00:00;0,266549346475232
BE31;5;1403,000000000000000;0,140300000000000;swvl2;StdTime;15-10-71 00:00:00;0,293753749374313
BE32;6;4820,000000000000000;0,482000000000000;swvl2;StdTime;15-10-71 00:00:00;0,303185507500568
BE10;7;209,000000000000000;0,020900000000000;swvl2;StdTime;15-10-71 00:00:00;0,281153826194517
BE21;8;3689,000000000000000;0,368900000000000;swvl2;StdTime;15-10-71 00:00:00;0,193601685545088
BE33;9;4899,000000000000000;0,489900000000000;swvl2;StdTime;15-10-71 00:00:00;0,293355074122772
BE34;10;5582,000000000000000;0,558200000000000;swvl2;StdTime;15-10-71 00:00:00;0,285507174294852
BE35;11;4637,000000000000000;0,463700000000000;swvl2;StdTime;15-10-71 00:00:00;0,297022420398012
BE22;1;3104,000000000000000;0,310400000000000;swvl2;StdTime;15-10-72 00:00:00;0,271661253996462
BE23;2;3847,000000000000000;0,384700000000000;swvl2;StdTime;15-10-72 00:00:00;0,273603349315956
BE24;3;2706,000000000000000;0,270600000000000;swvl2;StdTime;15-10-72 00:00:00;0,316689019737778
BE25;4;4010,000000000000000;0,401000000000000;swvl2;StdTime;15-10-72 00:00:00;0,300211621668570
BE31;5;1403,000000000000000;0,140300000000000;swvl2;StdTime;15-10-72 00:00:00;0,338415513782950
BE32;6;4820,000000000000000;0,482000000000000;swvl2;StdTime;15-10-72 00:00:00;0,337726455821784
BE10;7;209,000000000000000;0,020900000000000;swvl2;StdTime;15-10-72 00:00:00;0,327364342919947
BE21;8;3689,000000000000000;0,368900000000000;swvl2;StdTime;15-10-72 00:00:00;0,233492136494387
BE33;9;4899,000000000000000;0,489900000000000;swvl2;StdTime;15-10-72 00:00:00;0,351574827692027
BE34;10;5582,000000000000000;0,558200000000000;swvl2;StdTime;15-10-72 00:00:00;0,331636281436445
BE35;11;4637,000000000000000;0,463700000000000;swvl2;StdTime;15-10-72 00:00:00;0,349795512001860
BE22;1;3104,000000000000000;0,310400000000000;swvl2;StdTime;15-10-73 00:00:00;0,238591880700791
BE23;2;3847,000000000000000;0,384700000000000;swvl2;StdTime;15-10-73 00:00:00;0,269026744937413
BE24;3;2706,000000000000000;0,270600000000000;swvl2;StdTime;15-10-73 00:00:00;0,296284495980230
BE25;4;4010,000000000000000;0,401000000000000;swvl2;StdTime;15-10-73 00:00:00;0,294102381585987
BE31;5;1403,000000000000000;0,140300000000000;swvl2;StdTime;15-10-73 00:00:00;0,310798610310341
BE32;6;4820,000000000000000;0,482000000000000;swvl2;StdTime;15-10-73 00:00:00;0,326629581163285
BE10;7;209,000000000000000;0,020900000000000;swvl2;StdTime;15-10-73 00:00:00;0,310056788499275
BE21;8;3689,000000000000000;0,368900000000000;swvl2;StdTime;15-10-73 00:00:00;0,214758826783757
BE33;9;4899,000000000000000;0,489900000000000;swvl2;StdTime;15-10-73 00:00:00;0,314020710134779
BE34;10;5582,000000000000000;0,558200000000000;swvl2;StdTime;15-10-73 00:00:00;0,291616865337985
BE35;11;4637,000000000000000;0,463700000000000;swvl2;StdTime;15-10-73 00:00:00;0,305996574845478
BE22;1;3104,000000000000000;0,310400000000000;swvl2;StdTime;15-10-74 00:00:00;0,314941952465890
BE23;2;3847,000000000000000;0,384700000000000;swvl2;StdTime;15-10-74 00:00:00;0,321892839090713
BE24;3;2706,000000000000000;0,270600000000000;swvl2;StdTime;15-10-74 00:00:00;0,364510415222410
BE25;4;4010,000000000000000;0,401000000000000;swvl2;StdTime;15-10-74 00:00:00;0,352635283868510
BE31;5;1403,000000000000000;0,140300000000000;swvl2;StdTime;15-10-74 00:00:00;0,383930393779439
BE32;6;4820,000000000000000;0,482000000000000;swvl2;StdTime;15-10-74 00:00:00;0,381127270660459
BE10;7;209,000000000000000;0,020900000000000;swvl2;StdTime;15-10-74 00:00:00;0,375859461475217
BE21;8;3689,000000000000000;0,368900000000000;swvl2;StdTime;15-10-74 00:00:00;0,283018341900438
BE33;9;4899,000000000000000;0,489900000000000;swvl2;StdTime;15-10-74 00:00:00;0,383191971875960
BE34;10;5582,000000000000000;0,558200000000000;swvl2;StdTime;15-10-74 00:00:00;0,368530335140374
BE35;11;4637,000000000000000;0,463700000000000;swvl2;StdTime;15-10-74 00:00:00;0,382642945782851
BE22;1;3104,000000000000000;0,310400000000000;swvl2;StdTime;15-10-75 00:00:00;0,264207270322848
BE23;2;3847,000000000000000;0,384700000000000;swvl2;StdTime;15-10-75 00:00:00;0,270267533708276
BE24;3;2706,000000000000000;0,270600000000000;swvl2;StdTime;15-10-75 00:00:00;0,314994131255529
BE25;4;4010,000000000000000;0,401000000000000;swvl2;StdTime;15-10-75 00:00:00;0,304417339361219
BE31;5;1403,000000000000000;0,140300000000000;swvl2;StdTime;15-10-75 00:00:00;0,339078825601747
BE32;6;4820,000000000000000;0,482000000000000;swvl2;StdTime;15-10-75 00:00:00;0,335955017563960
BE10;7;209,000000000000000;0,020900000000000;swvl2;StdTime;15-10-75 00:00:00;0,322310572035575
BE21;8;3689,000000000000000;0,368900000000000;swvl2;StdTime;15-10-75 00:00:00;0,226474648743957
BE33;9;4899,000000000000000;0,489900000000000;swvl2;StdTime;15-10-75 00:00:00;0,350801021967841
BE34;10;5582,000000000000000;0,558200000000000;swvl2;StdTime;15-10-75 00:00:00;0,331834256595628
BE35;11;4637,000000000000000;0,463700000000000;swvl2;StdTime;15-10-75 00:00:00;0,342897810085286
BE22;1;3104,000000000000000;0,310400000000000;swvl2;StdTime;15-10-76 00:00:00;0,240770645382017
BE23;2;3847,000000000000000;0,384700000000000;swvl2;StdTime;15-10-76 00:00:00;0,253858455747544
BE24;3;2706,000000000000000;0,270600000000000;swvl2;StdTime;15-10-76 00:00:00;0,290147988160099
BE25;4;4010,000000000000000;0,401000000000000;swvl2;StdTime;15-10-76 00:00:00;0,290692766360065
BE31;5;1403,000000000000000;0,140300000000000;swvl2;StdTime;15-10-76 00:00:00;0,308147313908347
BE32;6;4820,000000000000000;0,482000000000000;swvl2;StdTime;15-10-76 00:00:00;0,309049002714919
BE10;7;209,000000000000000;0,020900000000000;swvl2;StdTime;15-10-76 00:00:00;0,298601463080593
BE21;8;3689,000000000000000;0,368900000000000;swvl2;StdTime;15-10-76 00:00:00;0,218114850021178
BE33;9;4899,000000000000000;0,489900000000000;swvl2;StdTime;15-10-76 00:00:00;0,312294985432117
BE34;10;5582,000000000000000;0,558200000000000;swvl2;StdTime;15-10-76 00:00:00;0,311008622030958
BE35;11;4637,000000000000000;0,463700000000000;swvl2;StdTime;15-10-76 00:00:00;0,317082063279482
BE22;1;3104,000000000000000;0,310400000000000;swvl2;StdTime;15-10-77 00:00:00;0,275220757595158
BE23;2;3847,000000000000000;0,384700000000000;swvl2;StdTime;15-10-77 00:00:00;0,276338859807680
BE24;3;2706,000000000000000;0,270600000000000;swvl2;StdTime;15-10-77 00:00:00;0,320991257094095
BE25;4;4010,000000000000000;0,401000000000000;swvl2;StdTime;15-10-77 00:00:00;0,296398819960709
BE31;5;1403,000000000000000;0,140300000000000;swvl2;StdTime;15-10-77 00:00:00;0,342404952430759
BE32;6;4820,000000000000000;0,482000000000000;swvl2;StdTime;15-10-77 00:00:00;0,335258877023870
BE10;7;209,000000000000000;0,020900000000000;swvl2;StdTime;15-10-77 00:00:00;0,330746027984117
BE21;8;3689,000000000000000;0,368900000000000;swvl2;StdTime;15-10-77 00:00:00;0,238850857166780
BE33;9;4899,000000000000000;0,489900000000000;swvl2;StdTime;15-10-77 00:00:00;0,359358517417715
BE34;10;5582,000000000000000;0,558200000000000;swvl2;StdTime;15-10-77 00:00:00;0,346160834518354
BE35;11;4637,000000000000000;0,463700000000000;swvl2;StdTime;15-10-77 00:00:00;0,351293550127407
BE22;1;3104,000000000000000;0,310400000000000;swvl2;StdTime;15-10-78 00:00:00;0,249371094048292
BE23;2;3847,000000000000000;0,384700000000000;swvl2;StdTime;15-10-78 00:00:00;0,236567783621431
BE24;3;2706,000000000000000;0,270600000000000;swvl2;StdTime;15-10-78 00:00:00;0,283085073540586
BE25;4;4010,000000000000000;0,401000000000000;swvl2;StdTime;15-10-78 00:00:00;0,265848072144456
BE31;5;1403,000000000000000;0,140300000000000;swvl2;StdTime;15-10-78 00:00:00;0,308782073233015
BE32;6;4820,000000000000000;0,482000000000000;swvl2;StdTime;15-10-78 00:00:00;0,308003319973025
BE10;7;209,000000000000000;0,020900000000000;swvl2;StdTime;15-10-78 00:00:00;0,291643280304220
BE21;8;3689,000000000000000;0,368900000000000;swvl2;StdTime;15-10-78 00:00:00;0,199907582444077
BE33;9;4899,000000000000000;0,489900000000000;swvl2;StdTime;15-10-78 00:00:00;0,338418987477938
BE34;10;5582,000000000000000;0,558200000000000;swvl2;StdTime;15-10-78 00:00:00;0,306743310375352
BE35;11;4637,000000000000000;0,463700000000000;swvl2;StdTime;15-10-78 00:00:00;0,320490755852580
BE22;1;3104,000000000000000;0,310400000000000;swvl2;StdTime;15-10-79 00:00:00;0,266199144890014
BE23;2;3847,000000000000000;0,384700000000000;swvl2;StdTime;15-10-79 00:00:00;0,269584369134184
BE24;3;2706,000000000000000;0,270600000000000;swvl2;StdTime;15-10-79 00:00:00;0,313384611090729
BE25;4;4010,000000000000000;0,401000000000000;swvl2;StdTime;15-10-79 00:00:00;0,280847728631443
BE31;5;1403,000000000000000;0,140300000000000;swvl2;StdTime;15-10-79 00:00:00;0,321390886329704
BE32;6;4820,000000000000000;0,482000000000000;swvl2;StdTime;15-10-79 00:00:00;0,311834835999981
BE10;7;209,000000000000000;0,020900000000000;swvl2;StdTime;15-10-79 00:00:00;0,318026008503289
BE21;8;3689,000000000000000;0,368900000000000;swvl2;StdTime;15-10-79 00:00:00;0,236244192914964
BE33;9;4899,000000000000000;0,489900000000000;swvl2;StdTime;15-10-79 00:00:00;0,335838880416543
BE34;10;5582,000000000000000;0,558200000000000;swvl2;StdTime;15-10-79 00:00:00;0,308890277763415
BE35;11;4637,000000000000000;0,463700000000000;swvl2;StdTime;15-10-79 00:00:00;0,315793632503366
BE22;1;3104,000000000000000;0,310400000000000;swvl2;StdTime;15-10-80 00:00:00;0,284406791642769
BE23;2;3847,000000000000000;0,384700000000000;swvl2;StdTime;15-10-80 00:00:00;0,282197786463618
BE24;3;2706,000000000000000;0,270600000000000;swvl2;StdTime;15-10-80 00:00:00;0,332342677363535
BE25;4;4010,000000000000000;0,401000000000000;swvl2;StdTime;15-10-80 00:00:00;0,306570839554889
BE31;5;1403,000000000000000;0,140300000000000;swvl2;StdTime;15-10-80 00:00:00;0,356056331441136
BE32;6;4820,000000000000000;0,482000000000000;swvl2;StdTime;15-10-80 00:00:00;0,350919208851840
BE10;7;209,000000000000000;0,020900000000000;swvl2;StdTime;15-10-80 00:00:00;0,340002696765097
BE21;8;3689,000000000000000;0,368900000000000;swvl2;StdTime;15-10-80 00:00:00;0,250062385813819
BE33;9;4899,000000000000000;0,489900000000000;swvl2;StdTime;15-10-80 00:00:00;0,370273516868713
BE34;10;5582,000000000000000;0,558200000000000;swvl2;StdTime;15-10-80 00:00:00;0,356713629044414
BE35;11;4637,000000000000000;0,463700000000000;swvl2;StdTime;15-10-80 00:00:00;0,367316551093580
BE22;1;3104,000000000000000;0,310400000000000;swvl2;StdTime;15-10-81 00:00:00;0,294034855454661
BE23;2;3847,000000000000000;0,384700000000000;swvl2;StdTime;15-10-81 00:00:00;0,295890803236543
BE24;3;2706,000000000000000;0,270600000000000;swvl2;StdTime;15-10-81 00:00:00;0,344131648397322
BE25;4;4010,000000000000000;0,401000000000000;swvl2;StdTime;15-10-81 00:00:00;0,328029663511494
BE31;5;1403,000000000000000;0,140300000000000;swvl2;StdTime;15-10-81 00:00:00;0,367335783568605
BE32;6;4820,000000000000000;0,482000000000000;swvl2;StdTime;15-10-81 00:00:00;0,367067353037878
BE10;7;209,000000000000000;0,020900000000000;swvl2;StdTime;15-10-81 00:00:00;0,355000204731973
BE21;8;3689,000000000000000;0,368900000000000;swvl2;StdTime;15-10-81 00:00:00;0,252810486717319
BE33;9;4899,000000000000000;0,489900000000000;swvl2;StdTime;15-10-81 00:00:00;0,379648337852810
BE34;10;5582,000000000000000;0,558200000000000;swvl2;StdTime;15-10-81 00:00:00;0,366780364093752
BE35;11;4637,000000000000000;0,463700000000000;swvl2;StdTime;15-10-81 00:00:00;0,376260432281550
BE22;1;3104,000000000000000;0,310400000000000;swvl2;StdTime;15-10-82 00:00:00;0,268536391932056
BE23;2;3847,000000000000000;0,384700000000000;swvl2;StdTime;15-10-82 00:00:00;0,286742476099089
BE24;3;2706,000000000000000;0,270600000000000;swvl2;StdTime;15-10-82 00:00:00;0,320694161916299
BE25;4;4010,000000000000000;0,401000000000000;swvl2;StdTime;15-10-82 00:00:00;0,323220982631097
BE31;5;1403,000000000000000;0,140300000000000;swvl2;StdTime;15-10-82 00:00:00;0,341496072066995
BE32;6;4820,000000000000000;0,482000000000000;swvl2;StdTime;15-10-82 00:00:00;0,348106531242365
BE10;7;209,000000000000000;0,020900000000000;swvl2;StdTime;15-10-82 00:00:00;0,332745757114374
BE21;8;3689,000000000000000;0,368900000000000;swvl2;StdTime;15-10-82 00:00:00;0,235308062439691
BE33;9;4899,000000000000000;0,489900000000000;swvl2;StdTime;15-10-82 00:00:00;0,350701465457525
BE34;10;5582,000000000000000;0,558200000000000;swvl2;StdTime;15-10-82 00:00:00;0,332079553611601
BE35;11;4637,000000000000000;0,463700000000000;swvl2;StdTime;15-10-82 00:00:00;0,344758045835332
BE22;1;3104,000000000000000;0,310400000000000;swvl2;StdTime;15-10-83 00:00:00;0,214953074034918
BE23;2;3847,000000000000000;0,384700000000000;swvl2;StdTime;15-10-83 00:00:00;0,216373399481050
BE24;3;2706,000000000000000;0,270600000000000;swvl2;StdTime;15-10-83 00:00:00;0,248085999480020
BE25;4;4010,000000000000000;0,401000000000000;swvl2;StdTime;15-10-83 00:00:00;0,252631023741720
BE31;5;1403,000000000000000;0,140300000000000;swvl2;StdTime;15-10-83 00:00:00;0,266651022502209
BE32;6;4820,000000000000000;0,482000000000000;swvl2;StdTime;15-10-83 00:00:00;0,265319017521820
BE10;7;209,000000000000000;0,020900000000000;swvl2;StdTime;15-10-83 00:00:00;0,251858145925417
BE21;8;3689,000000000000000;0,368900000000000;swvl2;StdTime;15-10-83 00:00:00;0,189117012885276
BE33;9;4899,000000000000000;0,489900000000000;swvl2;StdTime;15-10-83 00:00:00;0,292274753301332
BE34;10;5582,000000000000000;0,558200000000000;swvl2;StdTime;15-10-83 00:00:00;0,291701638027998
BE35;11;4637,000000000000000;0,463700000000000;swvl2;StdTime;15-10-83 00:00:00;0,278185265952975
BE22;1;3104,000000000000000;0,310400000000000;swvl2;StdTime;15-10-84 00:00:00;0,302698565282158
BE23;2;3847,000000000000000;0,384700000000000;swvl2;StdTime;15-10-84 00:00:00;0,308202846618265
BE24;3;2706,000000000000000;0,270600000000000;swvl2;StdTime;15-10-84 00:00:00;0,352757297825214
BE25;4;4010,000000000000000;0,401000000000000;swvl2;StdTime;15-10-84 00:00:00;0,330055623168957
BE31;5;1403,000000000000000;0,140300000000000;swvl2;StdTime;15-10-84 00:00:00;0,367877987224717
BE32;6;4820,000000000000000;0,482000000000000;swvl2;StdTime;15-10-84 00:00:00;0,364993217414346
BE10;7;209,000000000000000;0,020900000000000;swvl2;StdTime;15-10-84 00:00:00;0,364487959294798
BE21;8;3689,000000000000000;0,368900000000000;swvl2;StdTime;15-10-84 00:00:00;0,270283474783065
BE33;9;4899,000000000000000;0,489900000000000;swvl2;StdTime;15-10-84 00:00:00;0,380909931576965
BE34;10;5582,000000000000000;0,558200000000000;swvl2;StdTime;15-10-84 00:00:00;0,367703010994489
BE35;11;4637,000000000000000;0,463700000000000;swvl2;StdTime;15-10-84 00:00:00;0,371721178755977
BE22;1;3104,000000000000000;0,310400000000000;swvl2;StdTime;15-10-85 00:00:00;0,264926624916417
BE23;2;3847,000000000000000;0,384700000000000;swvl2;StdTime;15-10-85 00:00:00;0,237028014754394
BE24;3;2706,000000000000000;0,270600000000000;swvl2;StdTime;15-10-85 00:00:00;0,291150661569477
BE25;4;4010,000000000000000;0,401000000000000;swvl2;StdTime;15-10-85 00:00:00;0,256748018248420
BE31;5;1403,000000000000000;0,140300000000000;swvl2;StdTime;15-10-85 00:00:00;0,313087141012517
BE32;6;4820,000000000000000;0,482000000000000;swvl2;StdTime;15-10-85 00:00:00;0,303712115136914
BE10;7;209,000000000000000;0,020900000000000;swvl2;StdTime;15-10-85 00:00:00;0,290223137471094
BE21;8;3689,000000000000000;0,368900000000000;swvl2;StdTime;15-10-85 00:00:00;0,220880560934398
BE33;9;4899,000000000000000;0,489900000000000;swvl2;StdTime;15-10-85 00:00:00;0,348841743910646
BE34;10;5582,000000000000000;0,558200000000000;swvl2;StdTime;15-10-85 00:00:00;0,316826791983380
BE35;11;4637,000000000000000;0,463700000000000;swvl2;StdTime;15-10-85 00:00:00;0,336443275926646
BE22;1;3104,000000000000000;0,310400000000000;swvl2;StdTime;15-10-86 00:00:00;0,272786070242255
BE23;2;3847,000000000000000;0,384700000000000;swvl2;StdTime;15-10-86 00:00:00;0,275676554566177
BE24;3;2706,000000000000000;0,270600000000000;swvl2;StdTime;15-10-86 00:00:00;0,320548681472067
BE25;4;4010,000000000000000;0,401000000000000;swvl2;StdTime;15-10-86 00:00:00;0,299886698002679
BE31;5;1403,000000000000000;0,140300000000000;swvl2;StdTime;15-10-86 00:00:00;0,337246108590410
BE32;6;4820,000000000000000;0,482000000000000;swvl2;StdTime;15-10-86 00:00:00;0,339028802526443
BE10;7;209,000000000000000;0,020900000000000;swvl2;StdTime;15-10-86 00:00:00;0,330482925524552
BE21;8;3689,000000000000000;0,368900000000000;swvl2;StdTime;15-10-86 00:00:00;0,240730277396179
BE33;9;4899,000000000000000;0,489900000000000;swvl2;StdTime;15-10-86 00:00:00;0,353279996633675
BE34;10;5582,000000000000000;0,558200000000000;swvl2;StdTime;15-10-86 00:00:00;0,345362820582807
BE35;11;4637,000000000000000;0,463700000000000;swvl2;StdTime;15-10-86 00:00:00;0,347107584688050
BE22;1;3104,000000000000000;0,310400000000000;swvl2;StdTime;15-10-87 00:00:00;0,302798761981395
BE23;2;3847,000000000000000;0,384700000000000;swvl2;StdTime;15-10-87 00:00:00;0,311248733520446
BE24;3;2706,000000000000000;0,270600000000000;swvl2;StdTime;15-10-87 00:00:00;0,353139180962633
BE25;4;4010,000000000000000;0,401000000000000;swvl2;StdTime;15-10-87 00:00:00;0,338073670180361
BE31;5;1403,000000000000000;0,140300000000000;swvl2;StdTime;15-10-87 00:00:00;0,374520785644576
BE32;6;4820,000000000000000;0,482000000000000;swvl2;StdTime;15-10-87 00:00:00;0,377354208216133
BE10;7;209,000000000000000;0,020900000000000;swvl2;StdTime;15-10-87 00:00:00;0,365196269094659
BE21;8;3689,000000000000000;0,368900000000000;swvl2;StdTime;15-10-87 00:00:00;0,271133713341400
BE33;9;4899,000000000000000;0,489900000000000;swvl2;StdTime;15-10-87 00:00:00;0,383862744797052
BE34;10;5582,000000000000000;0,558200000000000;swvl2;StdTime;15-10-87 00:00:00;0,372804871920145
BE35;11;4637,000000000000000;0,463700000000000;swvl2;StdTime;15-10-87 00:00:00;0,382361388107505
BE22;1;3104,000000000000000;0,310400000000000;swvl2;StdTime;15-10-88 00:00:00;0,277764616519712
BE23;2;3847,000000000000000;0,384700000000000;swvl2;StdTime;15-10-88 00:00:00;0,263920851971751
BE24;3;2706,000000000000000;0,270600000000000;swvl2;StdTime;15-10-88 00:00:00;0,307976331999587
BE25;4;4010,000000000000000;0,401000000000000;swvl2;StdTime;15-10-88 00:00:00;0,302538357719667
BE31;5;1403,000000000000000;0,140300000000000;swvl2;StdTime;15-10-88 00:00:00;0,328439795622550
BE32;6;4820,000000000000000;0,482000000000000;swvl2;StdTime;15-10-88 00:00:00;0,332213898071114
BE10;7;209,000000000000000;0,020900000000000;swvl2;StdTime;15-10-88 00:00:00;0,308907687664032
BE21;8;3689,000000000000000;0,368900000000000;swvl2;StdTime;15-10-88 00:00:00;0,237710305408560
BE33;9;4899,000000000000000;0,489900000000000;swvl2;StdTime;15-10-88 00:00:00;0,352747367496125
BE34;10;5582,000000000000000;0,558200000000000;swvl2;StdTime;15-10-88 00:00:00;0,341693147827395
BE35;11;4637,000000000000000;0,463700000000000;swvl2;StdTime;15-10-88 00:00:00;0,349466696738272
BE22;1;3104,000000000000000;0,310400000000000;swvl2;StdTime;15-10-89 00:00:00;0,235536724756251
BE23;2;3847,000000000000000;0,384700000000000;swvl2;StdTime;15-10-89 00:00:00;0,221493177977760
BE24;3;2706,000000000000000;0,270600000000000;swvl2;StdTime;15-10-89 00:00:00;0,263283067145395
BE25;4;4010,000000000000000;0,401000000000000;swvl2;StdTime;15-10-89 00:00:00;0,249366976803823
BE31;5;1403,000000000000000;0,140300000000000;swvl2;StdTime;15-10-89 00:00:00;0,285826015285484
BE32;6;4820,000000000000000;0,482000000000000;swvl2;StdTime;15-10-89 00:00:00;0,283961921194530
BE10;7;209,000000000000000;0,020900000000000;swvl2;StdTime;15-10-89 00:00:00;0,268348246670226
BE21;8;3689,000000000000000;0,368900000000000;swvl2;StdTime;15-10-89 00:00:00;0,196162406717674
BE33;9;4899,000000000000000;0,489900000000000;swvl2;StdTime;15-10-89 00:00:00;0,319812107971917
BE34;10;5582,000000000000000;0,558200000000000;swvl2;StdTime;15-10-89 00:00:00;0,311304395401063
BE35;11;4637,000000000000000;0,463700000000000;swvl2;StdTime;15-10-89 00:00:00;0,310401107470795
BE22;1;3104,000000000000000;0,310400000000000;swvl2;StdTime;15-10-90 00:00:00;0,247817352596555
BE23;2;3847,000000000000000;0,384700000000000;swvl2;StdTime;15-10-90 00:00:00;0,222381798158784
BE24;3;2706,000000000000000;0,270600000000000;swvl2;StdTime;15-10-90 00:00:00;0,276050647947847
BE25;4;4010,000000000000000;0,401000000000000;swvl2;StdTime;15-10-90 00:00:00;0,250349201585290
BE31;5;1403,000000000000000;0,140300000000000;swvl2;StdTime;15-10-90 00:00:00;0,293480978467510
BE32;6;4820,000000000000000;0,482000000000000;swvl2;StdTime;15-10-90 00:00:00;0,278742935273533
BE10;7;209,000000000000000;0,020900000000000;swvl2;StdTime;15-10-90 00:00:00;0,278765979993857
BE21;8;3689,000000000000000;0,368900000000000;swvl2;StdTime;15-10-90 00:00:00;0,211069410014973
BE33;9;4899,000000000000000;0,489900000000000;swvl2;StdTime;15-10-90 00:00:00;0,338893833665806
BE34;10;5582,000000000000000;0,558200000000000;swvl2;StdTime;15-10-90 00:00:00;0,319506068526096
BE35;11;4637,000000000000000;0,463700000000000;swvl2;StdTime;15-10-90 00:00:00;0,308604653742335
BE22;1;3104,000000000000000;0,310400000000000;swvl2;StdTime;15-10-91 00:00:00;0,219401700671800
BE23;2;3847,000000000000000;0,384700000000000;swvl2;StdTime;15-10-91 00:00:00;0,236065798315377
BE24;3;2706,000000000000000;0,270600000000000;swvl2;StdTime;15-10-91 00:00:00;0,260284806704266
BE25;4;4010,000000000000000;0,401000000000000;swvl2;StdTime;15-10-91 00:00:00;0,271580957868450
BE31;5;1403,000000000000000;0,140300000000000;swvl2;StdTime;15-10-91 00:00:00;0,274011773780169
BE32;6;4820,000000000000000;0,482000000000000;swvl2;StdTime;15-10-91 00:00:00;0,275616117062904
BE10;7;209,000000000000000;0,020900000000000;swvl2;StdTime;15-10-91 00:00:00;0,269063552458321
BE21;8;3689,000000000000000;0,368900000000000;swvl2;StdTime;15-10-91 00:00:00;0,197098258146589
BE33;9;4899,000000000000000;0,489900000000000;swvl2;StdTime;15-10-91 00:00:00;0,291155378157617
BE34;10;5582,000000000000000;0,558200000000000;swvl2;StdTime;15-10-91 00:00:00;0,276844300975706
BE35;11;4637,000000000000000;0,463700000000000;swvl2;StdTime;15-10-91 00:00:00;0,277059461989741
BE22;1;3104,000000000000000;0,310400000000000;swvl2;StdTime;15-10-92 00:00:00;0,273804742761302
BE23;2;3847,000000000000000;0,384700000000000;swvl2;StdTime;15-10-92 00:00:00;0,286225466967435
BE24;3;2706,000000000000000;0,270600000000000;swvl2;StdTime;15-10-92 00:00:00;0,327981876483337
BE25;4;4010,000000000000000;0,401000000000000;swvl2;StdTime;15-10-92 00:00:00;0,313716762585384
BE31;5;1403,000000000000000;0,140300000000000;swvl2;StdTime;15-10-92 00:00:00;0,348748245901154
BE32;6;4820,000000000000000;0,482000000000000;swvl2;StdTime;15-10-92 00:00:00;0,354927601557055
BE10;7;209,000000000000000;0,020900000000000;swvl2;StdTime;15-10-92 00:00:00;0,340838687699377
BE21;8;3689,000000000000000;0,368900000000000;swvl2;StdTime;15-10-92 00:00:00;0,243539003978967
BE33;9;4899,000000000000000;0,489900000000000;swvl2;StdTime;15-10-92 00:00:00;0,360946149382209
BE34;10;5582,000000000000000;0,558200000000000;swvl2;StdTime;15-10-92 00:00:00;0,347320217640542
BE35;11;4637,000000000000000;0,463700000000000;swvl2;StdTime;15-10-92 00:00:00;0,354934613676917
BE22;1;3104,000000000000000;0,310400000000000;swvl2;StdTime;15-10-93 00:00:00;0,293315074070520
BE23;2;3847,000000000000000;0,384700000000000;swvl2;StdTime;15-10-93 00:00:00;0,296047666706852
BE24;3;2706,000000000000000;0,270600000000000;swvl2;StdTime;15-10-93 00:00:00;0,335141138888824
BE25;4;4010,000000000000000;0,401000000000000;swvl2;StdTime;15-10-93 00:00:00;0,320744606280268
BE31;5;1403,000000000000000;0,140300000000000;swvl2;StdTime;15-10-93 00:00:00;0,352922892961346
BE32;6;4820,000000000000000;0,482000000000000;swvl2;StdTime;15-10-93 00:00:00;0,351227637160863
BE10;7;209,000000000000000;0,020900000000000;swvl2;StdTime;15-10-93 00:00:00;0,343692516881313
BE21;8;3689,000000000000000;0,368900000000000;swvl2;StdTime;15-10-93 00:00:00;0,261416948655169
BE33;9;4899,000000000000000;0,489900000000000;swvl2;StdTime;15-10-93 00:00:00;0,369151427444573
BE34;10;5582,000000000000000;0,558200000000000;swvl2;StdTime;15-10-93 00:00:00;0,346403115680251
BE35;11;4637,000000000000000;0,463700000000000;swvl2;StdTime;15-10-93 00:00:00;0,357812006340629
BE22;1;3104,000000000000000;0,310400000000000;swvl2;StdTime;15-10-94 00:00:00;0,276595788964637
BE23;2;3847,000000000000000;0,384700000000000;swvl2;StdTime;15-10-94 00:00:00;0,279453088834684
BE24;3;2706,000000000000000;0,270600000000000;swvl2;StdTime;15-10-94 00:00:00;0,321852875522394
BE25;4;4010,000000000000000;0,401000000000000;swvl2;StdTime;15-10-94 00:00:00;0,307701585473414
BE31;5;1403,000000000000000;0,140300000000000;swvl2;StdTime;15-10-94 00:00:00;0,340921481315867
BE32;6;4820,000000000000000;0,482000000000000;swvl2;StdTime;15-10-94 00:00:00;0,339118459870212
BE10;7;209,000000000000000;0,020900000000000;swvl2;StdTime;15-10-94 00:00:00;0,331899133025174
BE21;8;3689,000000000000000;0,368900000000000;swvl2;StdTime;15-10-94 00:00:00;0,246760185849347
BE33;9;4899,000000000000000;0,489900000000000;swvl2;StdTime;15-10-94 00:00:00;0,360295563905818
BE34;10;5582,000000000000000;0,558200000000000;swvl2;StdTime;15-10-94 00:00:00;0,351414819762232
BE35;11;4637,000000000000000;0,463700000000000;swvl2;StdTime;15-10-94 00:00:00;0,344388201366809
BE22;1;3104,000000000000000;0,310400000000000;swvl2;StdTime;15-10-95 00:00:00;0,229202880908149
BE23;2;3847,000000000000000;0,384700000000000;swvl2;StdTime;15-10-95 00:00:00;0,235710146316684
BE24;3;2706,000000000000000;0,270600000000000;swvl2;StdTime;15-10-95 00:00:00;0,266281757412887
BE25;4;4010,000000000000000;0,401000000000000;swvl2;StdTime;15-10-95 00:00:00;0,272267165386171
BE31;5;1403,000000000000000;0,140300000000000;swvl2;StdTime;15-10-95 00:00:00;0,288153252152146
BE32;6;4820,000000000000000;0,482000000000000;swvl2;StdTime;15-10-95 00:00:00;0,291754395425072
BE10;7;209,000000000000000;0,020900000000000;swvl2;StdTime;15-10-95 00:00:00;0,275485901741320
BE21;8;3689,000000000000000;0,368900000000000;swvl2;StdTime;15-10-95 00:00:00;0,194988899795335
BE33;9;4899,000000000000000;0,489900000000000;swvl2;StdTime;15-10-95 00:00:00;0,318005083653119
BE34;10;5582,000000000000000;0,558200000000000;swvl2;StdTime;15-10-95 00:00:00;0,319032416601884
BE35;11;4637,000000000000000;0,463700000000000;swvl2;StdTime;15-10-95 00:00:00;0,307071709191976
BE22;1;3104,000000000000000;0,310400000000000;swvl2;StdTime;15-10-96 00:00:00;0,282716465432235
BE23;2;3847,000000000000000;0,384700000000000;swvl2;StdTime;15-10-96 00:00:00;0,283872771881325
BE24;3;2706,000000000000000;0,270600000000000;swvl2;StdTime;15-10-96 00:00:00;0,325750250272943
BE25;4;4010,000000000000000;0,401000000000000;swvl2;StdTime;15-10-96 00:00:00;0,308091807324541
BE31;5;1403,000000000000000;0,140300000000000;swvl2;StdTime;15-10-96 00:00:00;0,342021121225948
BE32;6;4820,000000000000000;0,482000000000000;swvl2;StdTime;15-10-96 00:00:00;0,336984167115075
BE10;7;209,000000000000000;0,020900000000000;swvl2;StdTime;15-10-96 00:00:00;0,334792918993525
BE21;8;3689,000000000000000;0,368900000000000;swvl2;StdTime;15-10-96 00:00:00;0,245674555715781
BE33;9;4899,000000000000000;0,489900000000000;swvl2;StdTime;15-10-96 00:00:00;0,364772930221184
BE34;10;5582,000000000000000;0,558200000000000;swvl2;StdTime;15-10-96 00:00:00;0,338539273005922
BE35;11;4637,000000000000000;0,463700000000000;swvl2;StdTime;15-10-96 00:00:00;0,347067151850916
BE22;1;3104,000000000000000;0,310400000000000;swvl2;StdTime;15-10-97 00:00:00;0,247468370934660
BE23;2;3847,000000000000000;0,384700000000000;swvl2;StdTime;15-10-97 00:00:00;0,247649253905982
BE24;3;2706,000000000000000;0,270600000000000;swvl2;StdTime;15-10-97 00:00:00;0,284871639346556
BE25;4;4010,000000000000000;0,401000000000000;swvl2;StdTime;15-10-97 00:00:00;0,273989111660721
BE31;5;1403,000000000000000;0,140300000000000;swvl2;StdTime;15-10-97 00:00:00;0,304396758653909
BE32;6;4820,000000000000000;0,482000000000000;swvl2;StdTime;15-10-97 00:00:00;0,315868838013948
BE10;7;209,000000000000000;0,020900000000000;swvl2;StdTime;15-10-97 00:00:00;0,288929312137896
BE21;8;3689,000000000000000;0,368900000000000;swvl2;StdTime;15-10-97 00:00:00;0,208819922230437
BE33;9;4899,000000000000000;0,489900000000000;swvl2;StdTime;15-10-97 00:00:00;0,329242842930827
BE34;10;5582,000000000000000;0,558200000000000;swvl2;StdTime;15-10-97 00:00:00;0,317112497392733
BE35;11;4637,000000000000000;0,463700000000000;swvl2;StdTime;15-10-97 00:00:00;0,320035011803818
BE22;1;3104,000000000000000;0,310400000000000;swvl2;StdTime;15-10-98 00:00:00;0,321027967358757
BE23;2;3847,000000000000000;0,384700000000000;swvl2;StdTime;15-10-98 00:00:00;0,324550514069972
BE24;3;2706,000000000000000;0,270600000000000;swvl2;StdTime;15-10-98 00:00:00;0,368765548972932
BE25;4;4010,000000000000000;0,401000000000000;swvl2;StdTime;15-10-98 00:00:00;0,346473212313474
BE31;5;1403,000000000000000;0,140300000000000;swvl2;StdTime;15-10-98 00:00:00;0,383309772396121
BE32;6;4820,000000000000000;0,482000000000000;swvl2;StdTime;15-10-98 00:00:00;0,378050907184968
BE10;7;209,000000000000000;0,020900000000000;swvl2;StdTime;15-10-98 00:00:00;0,380748984631169
BE21;8;3689,000000000000000;0,368900000000000;swvl2;StdTime;15-10-98 00:00:00;0,288683436134378
BE33;9;4899,000000000000000;0,489900000000000;swvl2;StdTime;15-10-98 00:00:00;0,392921118596108
BE34;10;5582,000000000000000;0,558200000000000;swvl2;StdTime;15-10-98 00:00:00;0,364391997192271
BE35;11;4637,000000000000000;0,463700000000000;swvl2;StdTime;15-10-98 00:00:00;0,379622307083642
BE22;1;3104,000000000000000;0,310400000000000;swvl2;StdTime;15-10-99 00:00:00;0,241794386345739
BE23;2;3847,000000000000000;0,384700000000000;swvl2;StdTime;15-10-99 00:00:00;0,246292731360333
BE24;3;2706,000000000000000;0,270600000000000;swvl2;StdTime;15-10-99 00:00:00;0,275876586377092
BE25;4;4010,000000000000000;0,401000000000000;swvl2;StdTime;15-10-99 00:00:00;0,298280728617660
BE31;5;1403,000000000000000;0,140300000000000;swvl2;StdTime;15-10-99 00:00:00;0,292423484627893
BE32;6;4820,000000000000000;0,482000000000000;swvl2;StdTime;15-10-99 00:00:00;0,299650394731044
BE10;7;209,000000000000000;0,020900000000000;swvl2;StdTime;15-10-99 00:00:00;0,278028429980483
BE21;8;3689,000000000000000;0,368900000000000;swvl2;StdTime;15-10-99 00:00:00;0,201082481580816
BE33;9;4899,000000000000000;0,489900000000000;swvl2;StdTime;15-10-99 00:00:00;0,326050255621762
BE34;10;5582,000000000000000;0,558200000000000;swvl2;StdTime;15-10-99 00:00:00;0,323631790567047
BE35;11;4637,000000000000000;0,463700000000000;swvl2;StdTime;15-10-99 00:00:00;0,311176634481402
BE22;1;3104,000000000000000;0,310400000000000;swvl2;StdTime;15-10-00 00:00:00;0,306310121478878
BE23;2;3847,000000000000000;0,384700000000000;swvl2;StdTime;15-10-00 00:00:00;0,308769270816437
BE24;3;2706,000000000000000;0,270600000000000;swvl2;StdTime;15-10-00 00:00:00;0,360952379819384
BE25;4;4010,000000000000000;0,401000000000000;swvl2;StdTime;15-10-00 00:00:00;0,329309528352614
BE31;5;1403,000000000000000;0,140300000000000;swvl2;StdTime;15-10-00 00:00:00;0,384256004756124
BE32;6;4820,000000000000000;0,482000000000000;swvl2;StdTime;15-10-00 00:00:00;0,378100323182419
BE10;7;209,000000000000000;0,020900000000000;swvl2;StdTime;15-10-00 00:00:00;0,376525996546996
BE21;8;3689,000000000000000;0,368900000000000;swvl2;StdTime;15-10-00 00:00:00;0,269875287981368
BE33;9;4899,000000000000000;0,489900000000000;swvl2;StdTime;15-10-00 00:00:00;0,387320976867849
BE34;10;5582,000000000000000;0,558200000000000;swvl2;StdTime;15-10-00 00:00:00;0,371418222040205
BE35;11;4637,000000000000000;0,463700000000000;swvl2;StdTime;15-10-00 00:00:00;0,384486967764822
BE22;1;3104,000000000000000;0,310400000000000;swvl2;StdTime;15-10-01 00:00:00;0,287143903770052
BE23;2;3847,000000000000000;0,384700000000000;swvl2;StdTime;15-10-01 00:00:00;0,314705599011277
BE24;3;2706,000000000000000;0,270600000000000;swvl2;StdTime;15-10-01 00:00:00;0,346023248562263
BE25;4;4010,000000000000000;0,401000000000000;swvl2;StdTime;15-10-01 00:00:00;0,340277286442439
BE31;5;1403,000000000000000;0,140300000000000;swvl2;StdTime;15-10-01 00:00:00;0,365189004692110
BE32;6;4820,000000000000000;0,482000000000000;swvl2;StdTime;15-10-01 00:00:00;0,364866293484493
BE10;7;209,000000000000000;0,020900000000000;swvl2;StdTime;15-10-01 00:00:00;0,362399547864376
BE21;8;3689,000000000000000;0,368900000000000;swvl2;StdTime;15-10-01 00:00:00;0,266599186170744
BE33;9;4899,000000000000000;0,489900000000000;swvl2;StdTime;15-10-01 00:00:00;0,368483513855258
BE34;10;5582,000000000000000;0,558200000000000;swvl2;StdTime;15-10-01 00:00:00;0,351254021959123
BE35;11;4637,000000000000000;0,463700000000000;swvl2;StdTime;15-10-01 00:00:00;0,363933423456508
BE22;1;3104,000000000000000;0,310400000000000;swvl2;StdTime;15-10-02 00:00:00;0,281133315175503
BE23;2;3847,000000000000000;0,384700000000000;swvl2;StdTime;15-10-02 00:00:00;0,278216290259349
BE24;3;2706,000000000000000;0,270600000000000;swvl2;StdTime;15-10-02 00:00:00;0,327226652246841
BE25;4;4010,000000000000000;0,401000000000000;swvl2;StdTime;15-10-02 00:00:00;0,305413673227268
BE31;5;1403,000000000000000;0,140300000000000;swvl2;StdTime;15-10-02 00:00:00;0,351937118463659
BE32;6;4820,000000000000000;0,482000000000000;swvl2;StdTime;15-10-02 00:00:00;0,350503787781688
BE10;7;209,000000000000000;0,020900000000000;swvl2;StdTime;15-10-02 00:00:00;0,334649733949506
BE21;8;3689,000000000000000;0,368900000000000;swvl2;StdTime;15-10-02 00:00:00;0,247272154710648
BE33;9;4899,000000000000000;0,489900000000000;swvl2;StdTime;15-10-02 00:00:00;0,357668049701942
BE34;10;5582,000000000000000;0,558200000000000;swvl2;StdTime;15-10-02 00:00:00;0,342227516705867
BE35;11;4637,000000000000000;0,463700000000000;swvl2;StdTime;15-10-02 00:00:00;0,361217734659184
BE22;1;3104,000000000000000;0,310400000000000;swvl2;StdTime;15-10-03 00:00:00;0,228097662910550
BE23;2;3847,000000000000000;0,384700000000000;swvl2;StdTime;15-10-03 00:00:00;0,218685023015990
BE24;3;2706,000000000000000;0,270600000000000;swvl2;StdTime;15-10-03 00:00:00;0,256532049578865
BE25;4;4010,000000000000000;0,401000000000000;swvl2;StdTime;15-10-03 00:00:00;0,242474233067392
BE31;5;1403,000000000000000;0,140300000000000;swvl2;StdTime;15-10-03 00:00:00;0,275708930562924
BE32;6;4820,000000000000000;0,482000000000000;swvl2;StdTime;15-10-03 00:00:00;0,271493434126941
BE10;7;209,000000000000000;0,020900000000000;swvl2;StdTime;15-10-03 00:00:00;0,261576996037835
BE21;8;3689,000000000000000;0,368900000000000;swvl2;StdTime;15-10-03 00:00:00;0,188509376109147
BE33;9;4899,000000000000000;0,489900000000000;swvl2;StdTime;15-10-03 00:00:00;0,307155827735973
BE34;10;5582,000000000000000;0,558200000000000;swvl2;StdTime;15-10-03 00:00:00;0,288260064533281
BE35;11;4637,000000000000000;0,463700000000000;swvl2;StdTime;15-10-03 00:00:00;0,289050598390816
BE22;1;3104,000000000000000;0,310400000000000;swvl2;StdTime;15-10-04 00:00:00;0,270240609370863
BE23;2;3847,000000000000000;0,384700000000000;swvl2;StdTime;15-10-04 00:00:00;0,251835288217013
BE24;3;2706,000000000000000;0,270600000000000;swvl2;StdTime;15-10-04 00:00:00;0,291434077117853
BE25;4;4010,000000000000000;0,401000000000000;swvl2;StdTime;15-10-04 00:00:00;0,283107631707429
BE31;5;1403,000000000000000;0,140300000000000;swvl2;StdTime;15-10-04 00:00:00;0,307830925890147
BE32;6;4820,000000000000000;0,482000000000000;swvl2;StdTime;15-10-04 00:00:00;0,299583531668819
BE10;7;209,000000000000000;0,020900000000000;swvl2;StdTime;15-10-04 00:00:00;0,288690741837880
BE21;8;3689,000000000000000;0,368900000000000;swvl2;StdTime;15-10-04 00:00:00;0,226228578097454
BE33;9;4899,000000000000000;0,489900000000000;swvl2;StdTime;15-10-04 00:00:00;0,349692139224777
BE34;10;5582,000000000000000;0,558200000000000;swvl2;StdTime;15-10-04 00:00:00;0,327586613486036
BE35;11;4637,000000000000000;0,463700000000000;swvl2;StdTime;15-10-04 00:00:00;0,326645110100540
BE22;1;3104,000000000000000;0,310400000000000;swvl2;StdTime;15-10-05 00:00:00;0,252828237605425
BE23;2;3847,000000000000000;0,384700000000000;swvl2;StdTime;15-10-05 00:00:00;0,273514019093453
BE24;3;2706,000000000000000;0,270600000000000;swvl2;StdTime;15-10-05 00:00:00;0,291939808326964
BE25;4;4010,000000000000000;0,401000000000000;swvl2;StdTime;15-10-05 00:00:00;0,314576184177338
BE31;5;1403,000000000000000;0,140300000000000;swvl2;StdTime;15-10-05 00:00:00;0,313504985418816
BE32;6;4820,000000000000000;0,482000000000000;swvl2;StdTime;15-10-05 00:00:00;0,320854440115052
BE10;7;209,000000000000000;0,020900000000000;swvl2;StdTime;15-10-05 00:00:00;0,299293766751814
BE21;8;3689,000000000000000;0,368900000000000;swvl2;StdTime;15-10-05 00:00:00;0,217236080069340
BE33;9;4899,000000000000000;0,489900000000000;swvl2;StdTime;15-10-05 00:00:00;0,327899786009306
BE34;10;5582,000000000000000;0,558200000000000;swvl2;StdTime;15-10-05 00:00:00;0,289587118804711
BE35;11;4637,000000000000000;0,463700000000000;swvl2;StdTime;15-10-05 00:00:00;0,304440343247577
BE22;1;3104,000000000000000;0,310400000000000;swvl2;StdTime;15-10-06 00:00:00;0,265128872251695
BE23;2;3847,000000000000000;0,384700000000000;swvl2;StdTime;15-10-06 00:00:00;0,282047845831870
BE24;3;2706,000000000000000;0,270600000000000;swvl2;StdTime;15-10-06 00:00:00;0,306773815560103
BE25;4;4010,000000000000000;0,401000000000000;swvl2;StdTime;15-10-06 00:00:00;0,322534171969367
BE31;5;1403,000000000000000;0,140300000000000;swvl2;StdTime;15-10-06 00:00:00;0,322462965251715
BE32;6;4820,000000000000000;0,482000000000000;swvl2;StdTime;15-10-06 00:00:00;0,332695056813385
BE10;7;209,000000000000000;0,020900000000000;swvl2;StdTime;15-10-06 00:00:00;0,314862027122643
BE21;8;3689,000000000000000;0,368900000000000;swvl2;StdTime;15-10-06 00:00:00;0,236795653997802
BE33;9;4899,000000000000000;0,489900000000000;swvl2;StdTime;15-10-06 00:00:00;0,350221174502767
BE34;10;5582,000000000000000;0,558200000000000;swvl2;StdTime;15-10-06 00:00:00;0,346012758259938
BE35;11;4637,000000000000000;0,463700000000000;swvl2;StdTime;15-10-06 00:00:00;0,340522055144400
BE22;1;3104,000000000000000;0,310400000000000;swvl2;StdTime;15-10-07 00:00:00;0,290648280686133
BE23;2;3847,000000000000000;0,384700000000000;swvl2;StdTime;15-10-07 00:00:00;0,293525437449429
BE24;3;2706,000000000000000;0,270600000000000;swvl2;StdTime;15-10-07 00:00:00;0,336576745525300
BE25;4;4010,000000000000000;0,401000000000000;swvl2;StdTime;15-10-07 00:00:00;0,323001582604691
BE31;5;1403,000000000000000;0,140300000000000;swvl2;StdTime;15-10-07 00:00:00;0,357675160965746
BE32;6;4820,000000000000000;0,482000000000000;swvl2;StdTime;15-10-07 00:00:00;0,352139594458446
BE10;7;209,000000000000000;0,020900000000000;swvl2;StdTime;15-10-07 00:00:00;0,346504788792304
BE21;8;3689,000000000000000;0,368900000000000;swvl2;StdTime;15-10-07 00:00:00;0,249850461996160
BE33;9;4899,000000000000000;0,489900000000000;swvl2;StdTime;15-10-07 00:00:00;0,375273933134947
BE34;10;5582,000000000000000;0,558200000000000;swvl2;StdTime;15-10-07 00:00:00;0,350032153091884
BE35;11;4637,000000000000000;0,463700000000000;swvl2;StdTime;15-10-07 00:00:00;0,365590879249757
BE22;1;3104,000000000000000;0,310400000000000;swvl2;StdTime;15-10-08 00:00:00;0,278686612590034
BE23;2;3847,000000000000000;0,384700000000000;swvl2;StdTime;15-10-08 00:00:00;0,289787049925044
BE24;3;2706,000000000000000;0,270600000000000;swvl2;StdTime;15-10-08 00:00:00;0,317129683192800
BE25;4;4010,000000000000000;0,401000000000000;swvl2;StdTime;15-10-08 00:00:00;0,324306620423336
BE31;5;1403,000000000000000;0,140300000000000;swvl2;StdTime;15-10-08 00:00:00;0,339709129107483
BE32;6;4820,000000000000000;0,482000000000000;swvl2;StdTime;15-10-08 00:00:00;0,352972507742678
BE10;7;209,000000000000000;0,020900000000000;swvl2;StdTime;15-10-08 00:00:00;0,326617983254519
BE21;8;3689,000000000000000;0,368900000000000;swvl2;StdTime;15-10-08 00:00:00;0,234856818532776
BE33;9;4899,000000000000000;0,489900000000000;swvl2;StdTime;15-10-08 00:00:00;0,366222584118621
BE34;10;5582,000000000000000;0,558200000000000;swvl2;StdTime;15-10-08 00:00:00;0,356974399597552
BE35;11;4637,000000000000000;0,463700000000000;swvl2;StdTime;15-10-08 00:00:00;0,357845635205372
BE22;1;3104,000000000000000;0,310400000000000;swvl2;StdTime;15-10-09 00:00:00;0,238857850605219
BE23;2;3847,000000000000000;0,384700000000000;swvl2;StdTime;15-10-09 00:00:00;0,217732759417730
BE24;3;2706,000000000000000;0,270600000000000;swvl2;StdTime;15-10-09 00:00:00;0,265389868591727
BE25;4;4010,000000000000000;0,401000000000000;swvl2;StdTime;15-10-09 00:00:00;0,242139532273993
BE31;5;1403,000000000000000;0,140300000000000;swvl2;StdTime;15-10-09 00:00:00;0,284858570830447
BE32;6;4820,000000000000000;0,482000000000000;swvl2;StdTime;15-10-09 00:00:00;0,285218204638275
BE10;7;209,000000000000000;0,020900000000000;swvl2;StdTime;15-10-09 00:00:00;0,265462332507640
BE21;8;3689,000000000000000;0,368900000000000;swvl2;StdTime;15-10-09 00:00:00;0,192882262257161
BE33;9;4899,000000000000000;0,489900000000000;swvl2;StdTime;15-10-09 00:00:00;0,325733052763214
BE34;10;5582,000000000000000;0,558200000000000;swvl2;StdTime;15-10-09 00:00:00;0,310263611499082
BE35;11;4637,000000000000000;0,463700000000000;swvl2;StdTime;15-10-09 00:00:00;0,304565221090525
BE22;1;3104,000000000000000;0,310400000000000;swvl2;StdTime;15-10-10 00:00:00;0,297302314171510
BE23;2;3847,000000000000000;0,384700000000000;swvl2;StdTime;15-10-10 00:00:00;0,314428309318088
BE24;3;2706,000000000000000;0,270600000000000;swvl2;StdTime;15-10-10 00:00:00;0,347304794114118
BE25;4;4010,000000000000000;0,401000000000000;swvl2;StdTime;15-10-10 00:00:00;0,340823805517984
BE31;5;1403,000000000000000;0,140300000000000;swvl2;StdTime;15-10-10 00:00:00;0,363897703009168
BE32;6;4820,000000000000000;0,482000000000000;swvl2;StdTime;15-10-10 00:00:00;0,359830336884839
BE10;7;209,000000000000000;0,020900000000000;swvl2;StdTime;15-10-10 00:00:00;0,361595548083337
BE21;8;3689,000000000000000;0,368900000000000;swvl2;StdTime;15-10-10 00:00:00;0,266850785503513
BE33;9;4899,000000000000000;0,489900000000000;swvl2;StdTime;15-10-10 00:00:00;0,371856556921303
BE34;10;5582,000000000000000;0,558200000000000;swvl2;StdTime;15-10-10 00:00:00;0,352652297569128
BE35;11;4637,000000000000000;0,463700000000000;swvl2;StdTime;15-10-10 00:00:00;0,362479130088551
BE22;1;3104,000000000000000;0,310400000000000;swvl2;StdTime;15-10-11 00:00:00;0,251356336067325
BE23;2;3847,000000000000000;0,384700000000000;swvl2;StdTime;15-10-11 00:00:00;0,263082320558613
BE24;3;2706,000000000000000;0,270600000000000;swvl2;StdTime;15-10-11 00:00:00;0,293734579022867
BE25;4;4010,000000000000000;0,401000000000000;swvl2;StdTime;15-10-11 00:00:00;0,287656069979852
BE31;5;1403,000000000000000;0,140300000000000;swvl2;StdTime;15-10-11 00:00:00;0,309726184381389
BE32;6;4820,000000000000000;0,482000000000000;swvl2;StdTime;15-10-11 00:00:00;0,304074415199737
BE10;7;209,000000000000000;0,020900000000000;swvl2;StdTime;15-10-11 00:00:00;0,299618881284905
BE21;8;3689,000000000000000;0,368900000000000;swvl2;StdTime;15-10-11 00:00:00;0,232187120547363
BE33;9;4899,000000000000000;0,489900000000000;swvl2;StdTime;15-10-11 00:00:00;0,324849363157131
BE34;10;5582,000000000000000;0,558200000000000;swvl2;StdTime;15-10-11 00:00:00;0,308332425615920
BE35;11;4637,000000000000000;0,463700000000000;swvl2;StdTime;15-10-11 00:00:00;0,313960733857421
BE22;1;3104,000000000000000;0,310400000000000;swvl2;StdTime;15-10-12 00:00:00;0,260814842561586
BE23;2;3847,000000000000000;0,384700000000000;swvl2;StdTime;15-10-12 00:00:00;0,274009002538696
BE24;3;2706,000000000000000;0,270600000000000;swvl2;StdTime;15-10-12 00:00:00;0,311008577402310
BE25;4;4010,000000000000000;0,401000000000000;swvl2;StdTime;15-10-12 00:00:00;0,316367093141091
BE31;5;1403,000000000000000;0,140300000000000;swvl2;StdTime;15-10-12 00:00:00;0,335097687761018
BE32;6;4820,000000000000000;0,482000000000000;swvl2;StdTime;15-10-12 00:00:00;0,335673410510374
BE10;7;209,000000000000000;0,020900000000000;swvl2;StdTime;15-10-12 00:00:00;0,320098443749989
BE21;8;3689,000000000000000;0,368900000000000;swvl2;StdTime;15-10-12 00:00:00;0,229969841192556
BE33;9;4899,000000000000000;0,489900000000000;swvl2;StdTime;15-10-12 00:00:00;0,346876542229730
BE34;10;5582,000000000000000;0,558200000000000;swvl2;StdTime;15-10-12 00:00:00;0,338039241987439
BE35;11;4637,000000000000000;0,463700000000000;swvl2;StdTime;15-10-12 00:00:00;0,348519354004631
BE22;1;3104,000000000000000;0,310400000000000;swvl2;StdTime;15-10-13 00:00:00;0,282207594147509
BE23;2;3847,000000000000000;0,384700000000000;swvl2;StdTime;15-10-13 00:00:00;0,275172898319748
BE24;3;2706,000000000000000;0,270600000000000;swvl2;StdTime;15-10-13 00:00:00;0,320192790893784
BE25;4;4010,000000000000000;0,401000000000000;swvl2;StdTime;15-10-13 00:00:00;0,306336598072266
BE31;5;1403,000000000000000;0,140300000000000;swvl2;StdTime;15-10-13 00:00:00;0,336504444915400
BE32;6;4820,000000000000000;0,482000000000000;swvl2;StdTime;15-10-13 00:00:00;0,332725153894345
BE10;7;209,000000000000000;0,020900000000000;swvl2;StdTime;15-10-13 00:00:00;0,327011235450443
BE21;8;3689,000000000000000;0,368900000000000;swvl2;StdTime;15-10-13 00:00:00;0,245156718305405
BE33;9;4899,000000000000000;0,489900000000000;swvl2;StdTime;15-10-13 00:00:00;0,361064302961445
BE34;10;5582,000000000000000;0,558200000000000;swvl2;StdTime;15-10-13 00:00:00;0,353526508093243
BE35;11;4637,000000000000000;0,463700000000000;swvl2;StdTime;15-10-13 00:00:00;0,347879691944828
BE22;1;3104,000000000000000;0,310400000000000;swvl2;StdTime;15-10-14 00:00:00;0,300242592489404
BE23;2;3847,000000000000000;0,384700000000000;swvl2;StdTime;15-10-14 00:00:00;0,299498777084143
BE24;3;2706,000000000000000;0,270600000000000;swvl2;StdTime;15-10-14 00:00:00;0,351077131139554
BE25;4;4010,000000000000000;0,401000000000000;swvl2;StdTime;15-10-14 00:00:00;0,312269365427054
BE31;5;1403,000000000000000;0,140300000000000;swvl2;StdTime;15-10-14 00:00:00;0,368352654888557
BE32;6;4820,000000000000000;0,482000000000000;swvl2;StdTime;15-10-14 00:00:00;0,357155319831925
BE10;7;209,000000000000000;0,020900000000000;swvl2;StdTime;15-10-14 00:00:00;0,361914556134831
BE21;8;3689,000000000000000;0,368900000000000;swvl2;StdTime;15-10-14 00:00:00;0,264826325570932
BE33;9;4899,000000000000000;0,489900000000000;swvl2;StdTime;15-10-14 00:00:00;0,376016307343120
BE34;10;5582,000000000000000;0,558200000000000;swvl2;StdTime;15-10-14 00:00:00;0,354643229762207
BE35;11;4637,000000000000000;0,463700000000000;swvl2;StdTime;15-10-14 00:00:00;0,366784456881928
BE22;1;3104,000000000000000;0,310400000000000;swvl2;StdTime;15-10-15 00:00:00;0,277272621457724
BE23;2;3847,000000000000000;0,384700000000000;swvl2;StdTime;15-10-15 00:00:00;0,279785604055653
BE24;3;2706,000000000000000;0,270600000000000;swvl2;StdTime;15-10-15 00:00:00;0,313359843086553
BE25;4;4010,000000000000000;0,401000000000000;swvl2;StdTime;15-10-15 00:00:00;0,315223040500484
BE31;5;1403,000000000000000;0,140300000000000;swvl2;StdTime;15-10-15 00:00:00;0,329332281458998
BE32;6;4820,000000000000000;0,482000000000000;swvl2;StdTime;15-10-15 00:00:00;0,327588401691547
BE10;7;209,000000000000000;0,020900000000000;swvl2;StdTime;15-10-15 00:00:00;0,320532307813042
BE21;8;3689,000000000000000;0,368900000000000;swvl2;StdTime;15-10-15 00:00:00;0,242070550730669
BE33;9;4899,000000000000000;0,489900000000000;swvl2;StdTime;15-10-15 00:00:00;0,351052985377009
BE34;10;5582,000000000000000;0,558200000000000;swvl2;StdTime;15-10-15 00:00:00;0,336714087867664
BE35;11;4637,000000000000000;0,463700000000000;swvl2;StdTime;15-10-15 00:00:00;0,339965075042346
BE22;1;3104,000000000000000;0,310400000000000;swvl2;StdTime;15-10-16 00:00:00;0,223241270207752
BE23;2;3847,000000000000000;0,384700000000000;swvl2;StdTime;15-10-16 00:00:00;0,213897704868959
BE24;3;2706,000000000000000;0,270600000000000;swvl2;StdTime;15-10-16 00:00:00;0,257916492010079
BE25;4;4010,000000000000000;0,401000000000000;swvl2;StdTime;15-10-16 00:00:00;0,250997211369790
BE31;5;1403,000000000000000;0,140300000000000;swvl2;StdTime;15-10-16 00:00:00;0,273456321196818
BE32;6;4820,000000000000000;0,482000000000000;swvl2;StdTime;15-10-16 00:00:00;0,269457184773758
BE10;7;209,000000000000000;0,020900000000000;swvl2;StdTime;15-10-16 00:00:00;0,261138502347983
BE21;8;3689,000000000000000;0,368900000000000;swvl2;StdTime;15-10-16 00:00:00;0,179738591868692
BE33;9;4899,000000000000000;0,489900000000000;swvl2;StdTime;15-10-16 00:00:00;0,301101445981399
BE34;10;5582,000000000000000;0,558200000000000;swvl2;StdTime;15-10-16 00:00:00;0,274192589005128
BE35;11;4637,000000000000000;0,463700000000000;swvl2;StdTime;15-10-16 00:00:00;0,273024218842621
BE22;1;3104,000000000000000;0,310400000000000;swvl2;StdTime;15-10-17 00:00:00;0,282754144890561
BE23;2;3847,000000000000000;0,384700000000000;swvl2;StdTime;15-10-17 00:00:00;0,268770460001611
BE24;3;2706,000000000000000;0,270600000000000;swvl2;StdTime;15-10-17 00:00:00;0,311156784968295
BE25;4;4010,000000000000000;0,401000000000000;swvl2;StdTime;15-10-17 00:00:00;0,288962637556908
BE31;5;1403,000000000000000;0,140300000000000;swvl2;StdTime;15-10-17 00:00:00;0,334913405833377
BE32;6;4820,000000000000000;0,482000000000000;swvl2;StdTime;15-10-17 00:00:00;0,321108252836461
BE10;7;209,000000000000000;0,020900000000000;swvl2;StdTime;15-10-17 00:00:00;0,315051620799389
BE21;8;3689,000000000000000;0,368900000000000;swvl2;StdTime;15-10-17 00:00:00;0,240533475587121
BE33;9;4899,000000000000000;0,489900000000000;swvl2;StdTime;15-10-17 00:00:00;0,370841107214682
BE34;10;5582,000000000000000;0,558200000000000;swvl2;StdTime;15-10-17 00:00:00;0,352073763159815
BE35;11;4637,000000000000000;0,463700000000000;swvl2;StdTime;15-10-17 00:00:00;0,352996898380004
BE22;1;3104,000000000000000;0,310400000000000;swvl2;StdTime;15-10-18 00:00:00;0,226656114332109
BE23;2;3847,000000000000000;0,384700000000000;swvl2;StdTime;15-10-18 00:00:00;0,234813887344139
BE24;3;2706,000000000000000;0,270600000000000;swvl2;StdTime;15-10-18 00:00:00;0,268751712608188
BE25;4;4010,000000000000000;0,401000000000000;swvl2;StdTime;15-10-18 00:00:00;0,265508240368449
BE31;5;1403,000000000000000;0,140300000000000;swvl2;StdTime;15-10-18 00:00:00;0,287854674069777
BE32;6;4820,000000000000000;0,482000000000000;swvl2;StdTime;15-10-18 00:00:00;0,285646817743530
BE10;7;209,000000000000000;0,020900000000000;swvl2;StdTime;15-10-18 00:00:00;0,273572568117717
BE21;8;3689,000000000000000;0,368900000000000;swvl2;StdTime;15-10-18 00:00:00;0,202229649979722
BE33;9;4899,000000000000000;0,489900000000000;swvl2;StdTime;15-10-18 00:00:00;0,275966808315465
BE34;10;5582,000000000000000;0,558200000000000;swvl2;StdTime;15-10-18 00:00:00;0,237046152185108
BE35;11;4637,000000000000000;0,463700000000000;swvl2;StdTime;15-10-18 00:00:00;0,270359422176826
BE22;1;3104,000000000000000;0,310400000000000;swvl2;StdTime;15-10-19 00:00:00;0,273378428964655
BE23;2;3847,000000000000000;0,384700000000000;swvl2;StdTime;15-10-19 00:00:00;0,254943761104015
BE24;3;2706,000000000000000;0,270600000000000;swvl2;StdTime;15-10-19 00:00:00;0,301385673565593
BE25;4;4010,000000000000000;0,401000000000000;swvl2;StdTime;15-10-19 00:00:00;0,279097983014404
BE31;5;1403,000000000000000;0,140300000000000;swvl2;StdTime;15-10-19 00:00:00;0,315835575312270
BE32;6;4820,000000000000000;0,482000000000000;swvl2;StdTime;15-10-19 00:00:00;0,311421125137955
BE10;7;209,000000000000000;0,020900000000000;swvl2;StdTime;15-10-19 00:00:00;0,305444627002096
BE21;8;3689,000000000000000;0,368900000000000;swvl2;StdTime;15-10-19 00:00:00;0,228454413619039
BE33;9;4899,000000000000000;0,489900000000000;swvl2;StdTime;15-10-19 00:00:00;0,336741641075617
BE34;10;5582,000000000000000;0,558200000000000;swvl2;StdTime;15-10-19 00:00:00;0,311307643074708
BE35;11;4637,000000000000000;0,463700000000000;swvl2;StdTime;15-10-19 00:00:00;0,320297828285195
BE22;1;3104,000000000000000;0,310400000000000;swvl2;StdTime;15-10-20 00:00:00;0,234423031387178
BE23;2;3847,000000000000000;0,384700000000000;swvl2;StdTime;15-10-20 00:00:00;0,258876242911410
BE24;3;2706,000000000000000;0,270600000000000;swvl2;StdTime;15-10-20 00:00:00;0,284090272421451
BE25;4;4010,000000000000000;0,401000000000000;swvl2;StdTime;15-10-20 00:00:00;0,292555414872277
BE31;5;1403,000000000000000;0,140300000000000;swvl2;StdTime;15-10-20 00:00:00;0,306448667455552
BE32;6;4820,000000000000000;0,482000000000000;swvl2;StdTime;15-10-20 00:00:00;0,311437381470105
BE10;7;209,000000000000000;0,020900000000000;swvl2;StdTime;15-10-20 00:00:00;0,296906613989880
BE21;8;3689,000000000000000;0,368900000000000;swvl2;StdTime;15-10-20 00:00:00;0,211440990617619
BE33;9;4899,000000000000000;0,489900000000000;swvl2;StdTime;15-10-20 00:00:00;0,308467345405388
BE34;10;5582,000000000000000;0,558200000000000;swvl2;StdTime;15-10-20 00:00:00;0,296620684191024
BE35;11;4637,000000000000000;0,463700000000000;swvl2;StdTime;15-10-20 00:00:00;0,305918273642733
BE22;1;3104,000000000000000;0,310400000000000;swvl2;StdTime;15-10-21 00:00:00;0,295632160888005
BE23;2;3847,000000000000000;0,384700000000000;swvl2;StdTime;15-10-21 00:00:00;0,286042197001020
BE24;3;2706,000000000000000;0,270600000000000;swvl2;StdTime;15-10-21 00:00:00;0,342926522933018
BE25;4;4010,000000000000000;0,401000000000000;swvl2;StdTime;15-10-21 00:00:00;0,303219433741974
BE31;5;1403,000000000000000;0,140300000000000;swvl2;StdTime;15-10-21 00:00:00;0,366186059039572
BE32;6;4820,000000000000000;0,482000000000000;swvl2;StdTime;15-10-21 00:00:00;0,359771808765489
BE10;7;209,000000000000000;0,020900000000000;swvl2;StdTime;15-10-21 00:00:00;0,352314483035694
BE21;8;3689,000000000000000;0,368900000000000;swvl2;StdTime;15-10-21 00:00:00;0,252754794473602
BE33;9;4899,000000000000000;0,489900000000000;swvl2;StdTime;15-10-21 00:00:00;0,367955456584978
BE34;10;5582,000000000000000;0,558200000000000;swvl2;StdTime;15-10-21 00:00:00;0,354352185559376
BE35;11;4637,000000000000000;0,463700000000000;swvl2;StdTime;15-10-21 00:00:00;0,373268734484571
BE22;1;3104,000000000000000;0,310400000000000;swvl2;StdTime;15-10-22 00:00:00;0,267050791382982
BE23;2;3847,000000000000000;0,384700000000000;swvl2;StdTime;15-10-22 00:00:00;0,282353406517823
BE24;3;2706,000000000000000;0,270600000000000;swvl2;StdTime;15-10-22 00:00:00;0,319552601622769
BE25;4;4010,000000000000000;0,401000000000000;swvl2;StdTime;15-10-22 00:00:00;0,298539412954354
BE31;5;1403,000000000000000;0,140300000000000;swvl2;StdTime;15-10-22 00:00:00;0,337474960708992
BE32;6;4820,000000000000000;0,482000000000000;swvl2;StdTime;15-10-22 00:00:00;0,327793076003735
BE10;7;209,000000000000000;0,020900000000000;swvl2;StdTime;15-10-22 00:00:00;0,329780085377716
BE21;8;3689,000000000000000;0,368900000000000;swvl2;StdTime;15-10-22 00:00:00;0,239477475227040
BE33;9;4899,000000000000000;0,489900000000000;swvl2;StdTime;15-10-22 00:00:00;0,342153690279346
BE34;10;5582,000000000000000;0,558200000000000;swvl2;StdTime;15-10-22 00:00:00;0,333986859454963
BE35;11;4637,000000000000000;0,463700000000000;swvl2;StdTime;15-10-22 00:00:00;0,336772338992336
BE22;1;3104,000000000000000;0,310400000000000;swvl2;StdTime;15-10-23 00:00:00;0,302836565416038
BE23;2;3847,000000000000000;0,384700000000000;swvl2;StdTime;15-10-23 00:00:00;0,291415752951963
BE24;3;2706,000000000000000;0,270600000000000;swvl2;StdTime;15-10-23 00:00:00;0,351280606969233
BE25;4;4010,000000000000000;0,401000000000000;swvl2;StdTime;15-10-23 00:00:00;0,303979133374227
BE31;5;1403,000000000000000;0,140300000000000;swvl2;StdTime;15-10-23 00:00:00;0,370078923123612
BE32;6;4820,000000000000000;0,482000000000000;swvl2;StdTime;15-10-23 00:00:00;0,358270208716887
BE10;7;209,000000000000000;0,020900000000000;swvl2;StdTime;15-10-23 00:00:00;0,360084939944117
BE21;8;3689,000000000000000;0,368900000000000;swvl2;StdTime;15-10-23 00:00:00;0,267889245787136
BE33;9;4899,000000000000000;0,489900000000000;swvl2;StdTime;15-10-23 00:00:00;0,362860261238115
BE34;10;5582,000000000000000;0,558200000000000;swvl2;StdTime;15-10-23 00:00:00;0,339711771507133
BE35;11;4637,000000000000000;0,463700000000000;swvl2;StdTime;15-10-23 00:00:00;0,361553948167740
BE22;1;3104,000000000000000;0,310400000000000;swvl2;StdTime;15-10-24 00:00:00;0,284267355121442
BE23;2;3847,000000000000000;0,384700000000000;swvl2;StdTime;15-10-24 00:00:00;0,297730647858348
BE24;3;2706,000000000000000;0,270600000000000;swvl2;StdTime;15-10-24 00:00:00;0,343259740133508
BE25;4;4010,000000000000000;0,401000000000000;swvl2;StdTime;15-10-24 00:00:00;0,316811467250088
BE31;5;1403,000000000000000;0,140300000000000;swvl2;StdTime;15-10-24 00:00:00;0,362769574840325
BE32;6;4820,000000000000000;0,482000000000000;swvl2;StdTime;15-10-24 00:00:00;0,362480039393754
BE10;7;209,000000000000000;0,020900000000000;swvl2;StdTime;15-10-24 00:00:00;0,357753698763095
BE21;8;3689,000000000000000;0,368900000000000;swvl2;StdTime;15-10-24 00:00:00;0,261157778922573
BE33;9;4899,000000000000000;0,489900000000000;swvl2;StdTime;15-10-24 00:00:00;0,369192335545517
BE34;10;5582,000000000000000;0,558200000000000;swvl2;StdTime;15-10-24 00:00:00;0,362679983204580
BE35;11;4637,000000000000000;0,463700000000000;swvl2;StdTime;15-10-24 00:00:00;0,372364370208993
BE22;1;3104,000000000000000;0,310400000000000;t2m;StdTime;15-10-61 00:00:00;11,796434484499029
BE23;2;3847,000000000000000;0,384700000000000;t2m;StdTime;15-10-61 00:00:00;11,794208181285525
BE24;3;2706,000000000000000;0,270600000000000;t2m;StdTime;15-10-61 00:00:00;11,781662291451370
BE25;4;4010,000000000000000;0,401000000000000;t2m;StdTime;15-10-61 00:00:00;11,950796255982128
BE31;5;1403,000000000000000;0,140300000000000;t2m;StdTime;15-10-61 00:00:00;11,556942902372636
BE32;6;4820,000000000000000;0,482000000000000;t2m;StdTime;15-10-61 00:00:00;11,574097075205129
BE10;7;209,000000000000000;0,020900000000000;t2m;StdTime;15-10-61 00:00:00;11,687566387596313
BE21;8;3689,000000000000000;0,368900000000000;t2m;StdTime;15-10-61 00:00:00;11,759886199525139
BE33;9;4899,000000000000000;0,489900000000000;t2m;StdTime;15-10-61 00:00:00;10,670238050642631
BE34;10;5582,000000000000000;0,558200000000000;t2m;StdTime;15-10-61 00:00:00;10,338601566650919
BE35;11;4637,000000000000000;0,463700000000000;t2m;StdTime;15-10-61 00:00:00;11,040176187580649
BE22;1;3104,000000000000000;0,310400000000000;t2m;StdTime;15-10-62 00:00:00;9,626886162561251
BE23;2;3847,000000000000000;0,384700000000000;t2m;StdTime;15-10-62 00:00:00;10,135000644363538
BE24;3;2706,000000000000000;0,270600000000000;t2m;StdTime;15-10-62 00:00:00;9,823444812278430
BE25;4;4010,000000000000000;0,401000000000000;t2m;StdTime;15-10-62 00:00:00;10,499677943707708
BE31;5;1403,000000000000000;0,140300000000000;t2m;StdTime;15-10-62 00:00:00;9,516680366043015
BE32;6;4820,000000000000000;0,482000000000000;t2m;StdTime;15-10-62 00:00:00;9,651384885479342
BE10;7;209,000000000000000;0,020900000000000;t2m;StdTime;15-10-62 00:00:00;9,798541132913254
BE21;8;3689,000000000000000;0,368900000000000;t2m;StdTime;15-10-62 00:00:00;9,917487548534424
BE33;9;4899,000000000000000;0,489900000000000;t2m;StdTime;15-10-62 00:00:00;8,226529286184645
BE34;10;5582,000000000000000;0,558200000000000;t2m;StdTime;15-10-62 00:00:00;7,874114238844235
BE35;11;4637,000000000000000;0,463700000000000;t2m;StdTime;15-10-62 00:00:00;8,787612296395030
BE22;1;3104,000000000000000;0,310400000000000;t2m;StdTime;15-10-63 00:00:00;11,272613131815620
BE23;2;3847,000000000000000;0,384700000000000;t2m;StdTime;15-10-63 00:00:00;11,524050470634284
BE24;3;2706,000000000000000;0,270600000000000;t2m;StdTime;15-10-63 00:00:00;11,381438172841550
BE25;4;4010,000000000000000;0,401000000000000;t2m;StdTime;15-10-63 00:00:00;11,715867434475488
BE31;5;1403,000000000000000;0,140300000000000;t2m;StdTime;15-10-63 00:00:00;11,122663862265105
BE32;6;4820,000000000000000;0,482000000000000;t2m;StdTime;15-10-63 00:00:00;11,196780937242305
BE10;7;209,000000000000000;0,020900000000000;t2m;StdTime;15-10-63 00:00:00;11,309181071924822
BE21;8;3689,000000000000000;0,368900000000000;t2m;StdTime;15-10-63 00:00:00;11,411112211945605
BE33;9;4899,000000000000000;0,489900000000000;t2m;StdTime;15-10-63 00:00:00;10,006794715759888
BE34;10;5582,000000000000000;0,558200000000000;t2m;StdTime;15-10-63 00:00:00;9,640136459402479
BE35;11;4637,000000000000000;0,463700000000000;t2m;StdTime;15-10-63 00:00:00;10,487257582117646
BE22;1;3104,000000000000000;0,310400000000000;t2m;StdTime;15-10-64 00:00:00;10,235411868574685
BE23;2;3847,000000000000000;0,384700000000000;t2m;StdTime;15-10-64 00:00:00;10,588324136538185
BE24;3;2706,000000000000000;0,270600000000000;t2m;StdTime;15-10-64 00:00:00;10,390635739232737
BE25;4;4010,000000000000000;0,401000000000000;t2m;StdTime;15-10-64 00:00:00;10,833980687062924
BE31;5;1403,000000000000000;0,140300000000000;t2m;StdTime;15-10-64 00:00:00;10,097729489196663
BE32;6;4820,000000000000000;0,482000000000000;t2m;StdTime;15-10-64 00:00:00;10,219618867343911
BE10;7;209,000000000000000;0,020900000000000;t2m;StdTime;15-10-64 00:00:00;10,340268039247057
BE21;8;3689,000000000000000;0,368900000000000;t2m;StdTime;15-10-64 00:00:00;10,534644587571840
BE33;9;4899,000000000000000;0,489900000000000;t2m;StdTime;15-10-64 00:00:00;8,912720373441406
BE34;10;5582,000000000000000;0,558200000000000;t2m;StdTime;15-10-64 00:00:00;8,725715626443611
BE35;11;4637,000000000000000;0,463700000000000;t2m;StdTime;15-10-64 00:00:00;9,502661275380317
BE22;1;3104,000000000000000;0,310400000000000;t2m;StdTime;15-10-65 00:00:00;9,346419665002330
BE23;2;3847,000000000000000;0,384700000000000;t2m;StdTime;15-10-65 00:00:00;9,662968411456765
BE24;3;2706,000000000000000;0,270600000000000;t2m;StdTime;15-10-65 00:00:00;9,478618234153680
BE25;4;4010,000000000000000;0,401000000000000;t2m;StdTime;15-10-65 00:00:00;9,955303170258869
BE31;5;1403,000000000000000;0,140300000000000;t2m;StdTime;15-10-65 00:00:00;9,228388812825727
BE32;6;4820,000000000000000;0,482000000000000;t2m;StdTime;15-10-65 00:00:00;9,327092246296980
BE10;7;209,000000000000000;0,020900000000000;t2m;StdTime;15-10-65 00:00:00;9,422683702131209
BE21;8;3689,000000000000000;0,368900000000000;t2m;StdTime;15-10-65 00:00:00;9,503328666159632
BE33;9;4899,000000000000000;0,489900000000000;t2m;StdTime;15-10-65 00:00:00;8,161105404826793
BE34;10;5582,000000000000000;0,558200000000000;t2m;StdTime;15-10-65 00:00:00;7,751834506759597
BE35;11;4637,000000000000000;0,463700000000000;t2m;StdTime;15-10-65 00:00:00;8,632813966708742
BE22;1;3104,000000000000000;0,310400000000000;t2m;StdTime;15-10-66 00:00:00;10,174766592143726
BE23;2;3847,000000000000000;0,384700000000000;t2m;StdTime;15-10-66 00:00:00;10,510642402724288
BE24;3;2706,000000000000000;0,270600000000000;t2m;StdTime;15-10-66 00:00:00;10,319521697820424
BE25;4;4010,000000000000000;0,401000000000000;t2m;StdTime;15-10-66 00:00:00;10,809233945860809
BE31;5;1403,000000000000000;0,140300000000000;t2m;StdTime;15-10-66 00:00:00;10,026983138075575
BE32;6;4820,000000000000000;0,482000000000000;t2m;StdTime;15-10-66 00:00:00;10,088309771589246
BE10;7;209,000000000000000;0,020900000000000;t2m;StdTime;15-10-66 00:00:00;10,255978771373984
BE21;8;3689,000000000000000;0,368900000000000;t2m;StdTime;15-10-66 00:00:00;10,362839535407895
BE33;9;4899,000000000000000;0,489900000000000;t2m;StdTime;15-10-66 00:00:00;8,946600533524556
BE34;10;5582,000000000000000;0,558200000000000;t2m;StdTime;15-10-66 00:00:00;8,724959084911603
BE35;11;4637,000000000000000;0,463700000000000;t2m;StdTime;15-10-66 00:00:00;9,404669908503408
BE22;1;3104,000000000000000;0,310400000000000;t2m;StdTime;15-10-67 00:00:00;10,722978691464846
BE23;2;3847,000000000000000;0,384700000000000;t2m;StdTime;15-10-67 00:00:00;10,827132028947103
BE24;3;2706,000000000000000;0,270600000000000;t2m;StdTime;15-10-67 00:00:00;10,709816799107424
BE25;4;4010,000000000000000;0,401000000000000;t2m;StdTime;15-10-67 00:00:00;11,069899176599952
BE31;5;1403,000000000000000;0,140300000000000;t2m;StdTime;15-10-67 00:00:00;10,389370982849160
BE32;6;4820,000000000000000;0,482000000000000;t2m;StdTime;15-10-67 00:00:00;10,393674386685339
BE10;7;209,000000000000000;0,020900000000000;t2m;StdTime;15-10-67 00:00:00;10,608482169192373
BE21;8;3689,000000000000000;0,368900000000000;t2m;StdTime;15-10-67 00:00:00;10,840626356497674
BE33;9;4899,000000000000000;0,489900000000000;t2m;StdTime;15-10-67 00:00:00;9,418805528061803
BE34;10;5582,000000000000000;0,558200000000000;t2m;StdTime;15-10-67 00:00:00;9,009648589923898
BE35;11;4637,000000000000000;0,463700000000000;t2m;StdTime;15-10-67 00:00:00;9,743186537500121
BE22;1;3104,000000000000000;0,310400000000000;t2m;StdTime;15-10-68 00:00:00;10,737827055540288
BE23;2;3847,000000000000000;0,384700000000000;t2m;StdTime;15-10-68 00:00:00;11,075341289372535
BE24;3;2706,000000000000000;0,270600000000000;t2m;StdTime;15-10-68 00:00:00;10,887176865044120
BE25;4;4010,000000000000000;0,401000000000000;t2m;StdTime;15-10-68 00:00:00;11,357093444072703
BE31;5;1403,000000000000000;0,140300000000000;t2m;StdTime;15-10-68 00:00:00;10,622717087895879
BE32;6;4820,000000000000000;0,482000000000000;t2m;StdTime;15-10-68 00:00:00;10,694715315474509
BE10;7;209,000000000000000;0,020900000000000;t2m;StdTime;15-10-68 00:00:00;10,841632687874389
BE21;8;3689,000000000000000;0,368900000000000;t2m;StdTime;15-10-68 00:00:00;10,937883635335055
BE33;9;4899,000000000000000;0,489900000000000;t2m;StdTime;15-10-68 00:00:00;9,484070484724359
BE34;10;5582,000000000000000;0,558200000000000;t2m;StdTime;15-10-68 00:00:00;9,010698813257680
BE35;11;4637,000000000000000;0,463700000000000;t2m;StdTime;15-10-68 00:00:00;9,941388458842624
BE22;1;3104,000000000000000;0,310400000000000;t2m;StdTime;15-10-69 00:00:00;11,436884730439820
BE23;2;3847,000000000000000;0,384700000000000;t2m;StdTime;15-10-69 00:00:00;11,935742351461583
BE24;3;2706,000000000000000;0,270600000000000;t2m;StdTime;15-10-69 00:00:00;11,578673479033677
BE25;4;4010,000000000000000;0,401000000000000;t2m;StdTime;15-10-69 00:00:00;12,231522389124169
BE31;5;1403,000000000000000;0,140300000000000;t2m;StdTime;15-10-69 00:00:00;11,192740101178726
BE32;6;4820,000000000000000;0,482000000000000;t2m;StdTime;15-10-69 00:00:00;11,245724989269762
BE10;7;209,000000000000000;0,020900000000000;t2m;StdTime;15-10-69 00:00:00;11,520004678571055
BE21;8;3689,000000000000000;0,368900000000000;t2m;StdTime;15-10-69 00:00:00;11,845083792767396
BE33;9;4899,000000000000000;0,489900000000000;t2m;StdTime;15-10-69 00:00:00;9,931301711846174
BE34;10;5582,000000000000000;0,558200000000000;t2m;StdTime;15-10-69 00:00:00;9,493180050468935
BE35;11;4637,000000000000000;0,463700000000000;t2m;StdTime;15-10-69 00:00:00;10,398179804736341
BE22;1;3104,000000000000000;0,310400000000000;t2m;StdTime;15-10-70 00:00:00;11,467622264758814
BE23;2;3847,000000000000000;0,384700000000000;t2m;StdTime;15-10-70 00:00:00;11,786035175536680
BE24;3;2706,000000000000000;0,270600000000000;t2m;StdTime;15-10-70 00:00:00;11,606803565226221
BE25;4;4010,000000000000000;0,401000000000000;t2m;StdTime;15-10-70 00:00:00;11,998462849186513
BE31;5;1403,000000000000000;0,140300000000000;t2m;StdTime;15-10-70 00:00:00;11,319799098982088
BE32;6;4820,000000000000000;0,482000000000000;t2m;StdTime;15-10-70 00:00:00;11,351803614390862
BE10;7;209,000000000000000;0,020900000000000;t2m;StdTime;15-10-70 00:00:00;11,559778710871791
BE21;8;3689,000000000000000;0,368900000000000;t2m;StdTime;15-10-70 00:00:00;11,685354604020487
BE33;9;4899,000000000000000;0,489900000000000;t2m;StdTime;15-10-70 00:00:00;10,083332604110218
BE34;10;5582,000000000000000;0,558200000000000;t2m;StdTime;15-10-70 00:00:00;9,575614136976403
BE35;11;4637,000000000000000;0,463700000000000;t2m;StdTime;15-10-70 00:00:00;10,554573554531986
BE22;1;3104,000000000000000;0,310400000000000;t2m;StdTime;15-10-71 00:00:00;9,953624854382776
BE23;2;3847,000000000000000;0,384700000000000;t2m;StdTime;15-10-71 00:00:00;10,441368221523915
BE24;3;2706,000000000000000;0,270600000000000;t2m;StdTime;15-10-71 00:00:00;10,074357648470272
BE25;4;4010,000000000000000;0,401000000000000;t2m;StdTime;15-10-71 00:00:00;10,962931617299235
BE31;5;1403,000000000000000;0,140300000000000;t2m;StdTime;15-10-71 00:00:00;9,741002793832058
BE32;6;4820,000000000000000;0,482000000000000;t2m;StdTime;15-10-71 00:00:00;9,859750150743860
BE10;7;209,000000000000000;0,020900000000000;t2m;StdTime;15-10-71 00:00:00;10,024300821660244
BE21;8;3689,000000000000000;0,368900000000000;t2m;StdTime;15-10-71 00:00:00;10,250675298101882
BE33;9;4899,000000000000000;0,489900000000000;t2m;StdTime;15-10-71 00:00:00;8,565471450122764
BE34;10;5582,000000000000000;0,558200000000000;t2m;StdTime;15-10-71 00:00:00;8,310493968029418
BE35;11;4637,000000000000000;0,463700000000000;t2m;StdTime;15-10-71 00:00:00;9,065910007410171
BE22;1;3104,000000000000000;0,310400000000000;t2m;StdTime;15-10-72 00:00:00;9,112501449806155
BE23;2;3847,000000000000000;0,384700000000000;t2m;StdTime;15-10-72 00:00:00;9,804180335899352
BE24;3;2706,000000000000000;0,270600000000000;t2m;StdTime;15-10-72 00:00:00;9,354589346330965
BE25;4;4010,000000000000000;0,401000000000000;t2m;StdTime;15-10-72 00:00:00;10,200123880866750
BE31;5;1403,000000000000000;0,140300000000000;t2m;StdTime;15-10-72 00:00:00;8,965149472971433
BE32;6;4820,000000000000000;0,482000000000000;t2m;StdTime;15-10-72 00:00:00;9,113023428105748
BE10;7;209,000000000000000;0,020900000000000;t2m;StdTime;15-10-72 00:00:00;9,317171959215376
BE21;8;3689,000000000000000;0,368900000000000;t2m;StdTime;15-10-72 00:00:00;9,595949978516927
BE33;9;4899,000000000000000;0,489900000000000;t2m;StdTime;15-10-72 00:00:00;7,650951512323727
BE34;10;5582,000000000000000;0,558200000000000;t2m;StdTime;15-10-72 00:00:00;7,389667058836749
BE35;11;4637,000000000000000;0,463700000000000;t2m;StdTime;15-10-72 00:00:00;8,210488381405339
BE22;1;3104,000000000000000;0,310400000000000;t2m;StdTime;15-10-73 00:00:00;10,135203226018202
BE23;2;3847,000000000000000;0,384700000000000;t2m;StdTime;15-10-73 00:00:00;10,475085705944805
BE24;3;2706,000000000000000;0,270600000000000;t2m;StdTime;15-10-73 00:00:00;10,204147991214251
BE25;4;4010,000000000000000;0,401000000000000;t2m;StdTime;15-10-73 00:00:00;10,814333761362645
BE31;5;1403,000000000000000;0,140300000000000;t2m;StdTime;15-10-73 00:00:00;9,909111430113088
BE32;6;4820,000000000000000;0,482000000000000;t2m;StdTime;15-10-73 00:00:00;9,986746076132729
BE10;7;209,000000000000000;0,020900000000000;t2m;StdTime;15-10-73 00:00:00;10,130471585469952
BE21;8;3689,000000000000000;0,368900000000000;t2m;StdTime;15-10-73 00:00:00;10,353680384194631
BE33;9;4899,000000000000000;0,489900000000000;t2m;StdTime;15-10-73 00:00:00;8,801894144711140
BE34;10;5582,000000000000000;0,558200000000000;t2m;StdTime;15-10-73 00:00:00;8,524669775182048
BE35;11;4637,000000000000000;0,463700000000000;t2m;StdTime;15-10-73 00:00:00;9,304702601043072
BE22;1;3104,000000000000000;0,310400000000000;t2m;StdTime;15-10-74 00:00:00;8,951303490965618
BE23;2;3847,000000000000000;0,384700000000000;t2m;StdTime;15-10-74 00:00:00;9,364993529968023
BE24;3;2706,000000000000000;0,270600000000000;t2m;StdTime;15-10-74 00:00:00;9,084181521613791
BE25;4;4010,000000000000000;0,401000000000000;t2m;StdTime;15-10-74 00:00:00;9,662585540780992
BE31;5;1403,000000000000000;0,140300000000000;t2m;StdTime;15-10-74 00:00:00;8,756052878441670
BE32;6;4820,000000000000000;0,482000000000000;t2m;StdTime;15-10-74 00:00:00;8,838230321417198
BE10;7;209,000000000000000;0,020900000000000;t2m;StdTime;15-10-74 00:00:00;9,012922615525826
BE21;8;3689,000000000000000;0,368900000000000;t2m;StdTime;15-10-74 00:00:00;9,187789507499067
BE33;9;4899,000000000000000;0,489900000000000;t2m;StdTime;15-10-74 00:00:00;7,515926391549387
BE34;10;5582,000000000000000;0,558200000000000;t2m;StdTime;15-10-74 00:00:00;7,114323581516529
BE35;11;4637,000000000000000;0,463700000000000;t2m;StdTime;15-10-74 00:00:00;8,010384348514965
BE22;1;3104,000000000000000;0,310400000000000;t2m;StdTime;15-10-75 00:00:00;10,283315622007720
BE23;2;3847,000000000000000;0,384700000000000;t2m;StdTime;15-10-75 00:00:00;10,453283156238042
BE24;3;2706,000000000000000;0,270600000000000;t2m;StdTime;15-10-75 00:00:00;10,305353604504916
BE25;4;4010,000000000000000;0,401000000000000;t2m;StdTime;15-10-75 00:00:00;10,667226871052868
BE31;5;1403,000000000000000;0,140300000000000;t2m;StdTime;15-10-75 00:00:00;9,978436765718349
BE32;6;4820,000000000000000;0,482000000000000;t2m;StdTime;15-10-75 00:00:00;9,986476370704601
BE10;7;209,000000000000000;0,020900000000000;t2m;StdTime;15-10-75 00:00:00;10,219221708306854
BE21;8;3689,000000000000000;0,368900000000000;t2m;StdTime;15-10-75 00:00:00;10,458041886256987
BE33;9;4899,000000000000000;0,489900000000000;t2m;StdTime;15-10-75 00:00:00;8,912171555188371
BE34;10;5582,000000000000000;0,558200000000000;t2m;StdTime;15-10-75 00:00:00;8,512787677531840
BE35;11;4637,000000000000000;0,463700000000000;t2m;StdTime;15-10-75 00:00:00;9,296394352874877
BE22;1;3104,000000000000000;0,310400000000000;t2m;StdTime;15-10-76 00:00:00;10,947328404360192
BE23;2;3847,000000000000000;0,384700000000000;t2m;StdTime;15-10-76 00:00:00;11,140189936107108
BE24;3;2706,000000000000000;0,270600000000000;t2m;StdTime;15-10-76 00:00:00;11,034468935580938
BE25;4;4010,000000000000000;0,401000000000000;t2m;StdTime;15-10-76 00:00:00;11,321781510664643
BE31;5;1403,000000000000000;0,140300000000000;t2m;StdTime;15-10-76 00:00:00;10,722229429423097
BE32;6;4820,000000000000000;0,482000000000000;t2m;StdTime;15-10-76 00:00:00;10,703197228364425
BE10;7;209,000000000000000;0,020900000000000;t2m;StdTime;15-10-76 00:00:00;10,952836940163060
BE21;8;3689,000000000000000;0,368900000000000;t2m;StdTime;15-10-76 00:00:00;11,114091030916086
BE33;9;4899,000000000000000;0,489900000000000;t2m;StdTime;15-10-76 00:00:00;9,573475557192143
BE34;10;5582,000000000000000;0,558200000000000;t2m;StdTime;15-10-76 00:00:00;9,101623030300001
BE35;11;4637,000000000000000;0,463700000000000;t2m;StdTime;15-10-76 00:00:00;9,952227439863911
BE22;1;3104,000000000000000;0,310400000000000;t2m;StdTime;15-10-77 00:00:00;10,698652133191960
BE23;2;3847,000000000000000;0,384700000000000;t2m;StdTime;15-10-77 00:00:00;11,050789128039019
BE24;3;2706,000000000000000;0,270600000000000;t2m;StdTime;15-10-77 00:00:00;10,802064798359332
BE25;4;4010,000000000000000;0,401000000000000;t2m;StdTime;15-10-77 00:00:00;11,311220172159091
BE31;5;1403,000000000000000;0,140300000000000;t2m;StdTime;15-10-77 00:00:00;10,447906382663355
BE32;6;4820,000000000000000;0,482000000000000;t2m;StdTime;15-10-77 00:00:00;10,480116286020559
BE10;7;209,000000000000000;0,020900000000000;t2m;StdTime;15-10-77 00:00:00;10,720438802071170
BE21;8;3689,000000000000000;0,368900000000000;t2m;StdTime;15-10-77 00:00:00;10,958057883374563
BE33;9;4899,000000000000000;0,489900000000000;t2m;StdTime;15-10-77 00:00:00;9,162496111154006
BE34;10;5582,000000000000000;0,558200000000000;t2m;StdTime;15-10-77 00:00:00;8,724594401356509
BE35;11;4637,000000000000000;0,463700000000000;t2m;StdTime;15-10-77 00:00:00;9,636608101567354
BE22;1;3104,000000000000000;0,310400000000000;t2m;StdTime;15-10-78 00:00:00;10,382703108271379
BE23;2;3847,000000000000000;0,384700000000000;t2m;StdTime;15-10-78 00:00:00;11,038815749723469
BE24;3;2706,000000000000000;0,270600000000000;t2m;StdTime;15-10-78 00:00:00;10,611318532220547
BE25;4;4010,000000000000000;0,401000000000000;t2m;StdTime;15-10-78 00:00:00;11,495691564136614
BE31;5;1403,000000000000000;0,140300000000000;t2m;StdTime;15-10-78 00:00:00;10,249835154369563
BE32;6;4820,000000000000000;0,482000000000000;t2m;StdTime;15-10-78 00:00:00;10,343323835990230
BE10;7;209,000000000000000;0,020900000000000;t2m;StdTime;15-10-78 00:00:00;10,582076113760182
BE21;8;3689,000000000000000;0,368900000000000;t2m;StdTime;15-10-78 00:00:00;10,806441670286185
BE33;9;4899,000000000000000;0,489900000000000;t2m;StdTime;15-10-78 00:00:00;8,855843307291080
BE34;10;5582,000000000000000;0,558200000000000;t2m;StdTime;15-10-78 00:00:00;8,219911398745790
BE35;11;4637,000000000000000;0,463700000000000;t2m;StdTime;15-10-78 00:00:00;9,347652190559936
BE22;1;3104,000000000000000;0,310400000000000;t2m;StdTime;15-10-79 00:00:00;10,572034172176101
BE23;2;3847,000000000000000;0,384700000000000;t2m;StdTime;15-10-79 00:00:00;10,966829281334201
BE24;3;2706,000000000000000;0,270600000000000;t2m;StdTime;15-10-79 00:00:00;10,712260180020106
BE25;4;4010,000000000000000;0,401000000000000;t2m;StdTime;15-10-79 00:00:00;11,358876107993577
BE31;5;1403,000000000000000;0,140300000000000;t2m;StdTime;15-10-79 00:00:00;10,454890734454350
BE32;6;4820,000000000000000;0,482000000000000;t2m;StdTime;15-10-79 00:00:00;10,553653412735789
BE10;7;209,000000000000000;0,020900000000000;t2m;StdTime;15-10-79 00:00:00;10,670803234337614
BE21;8;3689,000000000000000;0,368900000000000;t2m;StdTime;15-10-79 00:00:00;10,761881567204544
BE33;9;4899,000000000000000;0,489900000000000;t2m;StdTime;15-10-79 00:00:00;9,336431652021567
BE34;10;5582,000000000000000;0,558200000000000;t2m;StdTime;15-10-79 00:00:00;8,991925814296140
BE35;11;4637,000000000000000;0,463700000000000;t2m;StdTime;15-10-79 00:00:00;9,828870113949497
BE22;1;3104,000000000000000;0,310400000000000;t2m;StdTime;15-10-80 00:00:00;9,995659002323743
BE23;2;3847,000000000000000;0,384700000000000;t2m;StdTime;15-10-80 00:00:00;10,346032830563839
BE24;3;2706,000000000000000;0,270600000000000;t2m;StdTime;15-10-80 00:00:00;10,095832621355180
BE25;4;4010,000000000000000;0,401000000000000;t2m;StdTime;15-10-80 00:00:00;10,625868757347808
BE31;5;1403,000000000000000;0,140300000000000;t2m;StdTime;15-10-80 00:00:00;9,759167607308127
BE32;6;4820,000000000000000;0,482000000000000;t2m;StdTime;15-10-80 00:00:00;9,794309985291431
BE10;7;209,000000000000000;0,020900000000000;t2m;StdTime;15-10-80 00:00:00;10,019679238351337
BE21;8;3689,000000000000000;0,368900000000000;t2m;StdTime;15-10-80 00:00:00;10,246173287833964
BE33;9;4899,000000000000000;0,489900000000000;t2m;StdTime;15-10-80 00:00:00;8,515175196754150
BE34;10;5582,000000000000000;0,558200000000000;t2m;StdTime;15-10-80 00:00:00;8,087015113707556
BE35;11;4637,000000000000000;0,463700000000000;t2m;StdTime;15-10-80 00:00:00;9,015451220877855
BE22;1;3104,000000000000000;0,310400000000000;t2m;StdTime;15-10-81 00:00:00;10,253622770309461
BE23;2;3847,000000000000000;0,384700000000000;t2m;StdTime;15-10-81 00:00:00;10,800633267610165
BE24;3;2706,000000000000000;0,270600000000000;t2m;StdTime;15-10-81 00:00:00;10,485466861583895
BE25;4;4010,000000000000000;0,401000000000000;t2m;StdTime;15-10-81 00:00:00;11,155737663801768
BE31;5;1403,000000000000000;0,140300000000000;t2m;StdTime;15-10-81 00:00:00;10,163040989055348
BE32;6;4820,000000000000000;0,482000000000000;t2m;StdTime;15-10-81 00:00:00;10,268118587865850
BE10;7;209,000000000000000;0,020900000000000;t2m;StdTime;15-10-81 00:00:00;10,439513868122008
BE21;8;3689,000000000000000;0,368900000000000;t2m;StdTime;15-10-81 00:00:00;10,571129340019041
BE33;9;4899,000000000000000;0,489900000000000;t2m;StdTime;15-10-81 00:00:00;8,853109851275699
BE34;10;5582,000000000000000;0,558200000000000;t2m;StdTime;15-10-81 00:00:00;8,488114371345885
BE35;11;4637,000000000000000;0,463700000000000;t2m;StdTime;15-10-81 00:00:00;9,381753609513103
BE22;1;3104,000000000000000;0,310400000000000;t2m;StdTime;15-10-82 00:00:00;12,259179712878074
BE23;2;3847,000000000000000;0,384700000000000;t2m;StdTime;15-10-82 00:00:00;12,300919231576426
BE24;3;2706,000000000000000;0,270600000000000;t2m;StdTime;15-10-82 00:00:00;12,244349861708914
BE25;4;4010,000000000000000;0,401000000000000;t2m;StdTime;15-10-82 00:00:00;12,394789635094623
BE31;5;1403,000000000000000;0,140300000000000;t2m;StdTime;15-10-82 00:00:00;11,911674154204134
BE32;6;4820,000000000000000;0,482000000000000;t2m;StdTime;15-10-82 00:00:00;11,824943422974407
BE10;7;209,000000000000000;0,020900000000000;t2m;StdTime;15-10-82 00:00:00;12,142221437116557
BE21;8;3689,000000000000000;0,368900000000000;t2m;StdTime;15-10-82 00:00:00;12,377609586676904
BE33;9;4899,000000000000000;0,489900000000000;t2m;StdTime;15-10-82 00:00:00;10,853072051394614
BE34;10;5582,000000000000000;0,558200000000000;t2m;StdTime;15-10-82 00:00:00;10,360897658760502
BE35;11;4637,000000000000000;0,463700000000000;t2m;StdTime;15-10-82 00:00:00;11,172426664908970
BE22;1;3104,000000000000000;0,310400000000000;t2m;StdTime;15-10-83 00:00:00;10,596531103259510
BE23;2;3847,000000000000000;0,384700000000000;t2m;StdTime;15-10-83 00:00:00;11,078598187314975
BE24;3;2706,000000000000000;0,270600000000000;t2m;StdTime;15-10-83 00:00:00;10,768717385889079
BE25;4;4010,000000000000000;0,401000000000000;t2m;StdTime;15-10-83 00:00:00;11,427701019705680
BE31;5;1403,000000000000000;0,140300000000000;t2m;StdTime;15-10-83 00:00:00;10,480226338631926
BE32;6;4820,000000000000000;0,482000000000000;t2m;StdTime;15-10-83 00:00:00;10,589695251828910
BE10;7;209,000000000000000;0,020900000000000;t2m;StdTime;15-10-83 00:00:00;10,734505876970067
BE21;8;3689,000000000000000;0,368900000000000;t2m;StdTime;15-10-83 00:00:00;10,851075278675335
BE33;9;4899,000000000000000;0,489900000000000;t2m;StdTime;15-10-83 00:00:00;9,290115728064892
BE34;10;5582,000000000000000;0,558200000000000;t2m;StdTime;15-10-83 00:00:00;8,827862397354165
BE35;11;4637,000000000000000;0,463700000000000;t2m;StdTime;15-10-83 00:00:00;9,795482814016337
BE22;1;3104,000000000000000;0,310400000000000;t2m;StdTime;15-10-84 00:00:00;11,560135939686571
BE23;2;3847,000000000000000;0,384700000000000;t2m;StdTime;15-10-84 00:00:00;11,891246932247620
BE24;3;2706,000000000000000;0,270600000000000;t2m;StdTime;15-10-84 00:00:00;11,731534432060881
BE25;4;4010,000000000000000;0,401000000000000;t2m;StdTime;15-10-84 00:00:00;12,093113016190387
BE31;5;1403,000000000000000;0,140300000000000;t2m;StdTime;15-10-84 00:00:00;11,459994831343524
BE32;6;4820,000000000000000;0,482000000000000;t2m;StdTime;15-10-84 00:00:00;11,450017246072219
BE10;7;209,000000000000000;0,020900000000000;t2m;StdTime;15-10-84 00:00:00;11,669935714685177
BE21;8;3689,000000000000000;0,368900000000000;t2m;StdTime;15-10-84 00:00:00;11,758991524015659
BE33;9;4899,000000000000000;0,489900000000000;t2m;StdTime;15-10-84 00:00:00;10,234158182660050
BE34;10;5582,000000000000000;0,558200000000000;t2m;StdTime;15-10-84 00:00:00;9,675536218572827
BE35;11;4637,000000000000000;0,463700000000000;t2m;StdTime;15-10-84 00:00:00;10,693894805850617
BE22;1;3104,000000000000000;0,310400000000000;t2m;StdTime;15-10-85 00:00:00;9,581293907054919
BE23;2;3847,000000000000000;0,384700000000000;t2m;StdTime;15-10-85 00:00:00;10,040853137687369
BE24;3;2706,000000000000000;0,270600000000000;t2m;StdTime;15-10-85 00:00:00;9,763697839893403
BE25;4;4010,000000000000000;0,401000000000000;t2m;StdTime;15-10-85 00:00:00;10,391042274846120
BE31;5;1403,000000000000000;0,140300000000000;t2m;StdTime;15-10-85 00:00:00;9,433100225920354
BE32;6;4820,000000000000000;0,482000000000000;t2m;StdTime;15-10-85 00:00:00;9,528568125562547
BE10;7;209,000000000000000;0,020900000000000;t2m;StdTime;15-10-85 00:00:00;9,732034455075786
BE21;8;3689,000000000000000;0,368900000000000;t2m;StdTime;15-10-85 00:00:00;9,867792557881561
BE33;9;4899,000000000000000;0,489900000000000;t2m;StdTime;15-10-85 00:00:00;8,148743119622313
BE34;10;5582,000000000000000;0,558200000000000;t2m;StdTime;15-10-85 00:00:00;7,856477264860791
BE35;11;4637,000000000000000;0,463700000000000;t2m;StdTime;15-10-85 00:00:00;8,675775178732822
BE22;1;3104,000000000000000;0,310400000000000;t2m;StdTime;15-10-86 00:00:00;10,646680775991417
BE23;2;3847,000000000000000;0,384700000000000;t2m;StdTime;15-10-86 00:00:00;10,924062841676701
BE24;3;2706,000000000000000;0,270600000000000;t2m;StdTime;15-10-86 00:00:00;10,734144650295070
BE25;4;4010,000000000000000;0,401000000000000;t2m;StdTime;15-10-86 00:00:00;11,156193296808254
BE31;5;1403,000000000000000;0,140300000000000;t2m;StdTime;15-10-86 00:00:00;10,427065638584995
BE32;6;4820,000000000000000;0,482000000000000;t2m;StdTime;15-10-86 00:00:00;10,485650529900994
BE10;7;209,000000000000000;0,020900000000000;t2m;StdTime;15-10-86 00:00:00;10,670240114750472
BE21;8;3689,000000000000000;0,368900000000000;t2m;StdTime;15-10-86 00:00:00;10,839033060133316
BE33;9;4899,000000000000000;0,489900000000000;t2m;StdTime;15-10-86 00:00:00;9,298649942857891
BE34;10;5582,000000000000000;0,558200000000000;t2m;StdTime;15-10-86 00:00:00;9,021654082557673
BE35;11;4637,000000000000000;0,463700000000000;t2m;StdTime;15-10-86 00:00:00;9,772944583855795
BE22;1;3104,000000000000000;0,310400000000000;t2m;StdTime;15-10-87 00:00:00;11,242096124543359
BE23;2;3847,000000000000000;0,384700000000000;t2m;StdTime;15-10-87 00:00:00;11,394963454357351
BE24;3;2706,000000000000000;0,270600000000000;t2m;StdTime;15-10-87 00:00:00;11,294902007489938
BE25;4;4010,000000000000000;0,401000000000000;t2m;StdTime;15-10-87 00:00:00;11,582573904479855
BE31;5;1403,000000000000000;0,140300000000000;t2m;StdTime;15-10-87 00:00:00;11,040775413948221
BE32;6;4820,000000000000000;0,482000000000000;t2m;StdTime;15-10-87 00:00:00;11,076727472993831
BE10;7;209,000000000000000;0,020900000000000;t2m;StdTime;15-10-87 00:00:00;11,213262348083793
BE21;8;3689,000000000000000;0,368900000000000;t2m;StdTime;15-10-87 00:00:00;11,349686157028023
BE33;9;4899,000000000000000;0,489900000000000;t2m;StdTime;15-10-87 00:00:00;10,047205872038331
BE34;10;5582,000000000000000;0,558200000000000;t2m;StdTime;15-10-87 00:00:00;9,768091073133595
BE35;11;4637,000000000000000;0,463700000000000;t2m;StdTime;15-10-87 00:00:00;10,491373552853414
BE22;1;3104,000000000000000;0,310400000000000;t2m;StdTime;15-10-88 00:00:00;10,518548593693172
BE23;2;3847,000000000000000;0,384700000000000;t2m;StdTime;15-10-88 00:00:00;10,963232884011630
BE24;3;2706,000000000000000;0,270600000000000;t2m;StdTime;15-10-88 00:00:00;10,638677513520097
BE25;4;4010,000000000000000;0,401000000000000;t2m;StdTime;15-10-88 00:00:00;11,237179280040866
BE31;5;1403,000000000000000;0,140300000000000;t2m;StdTime;15-10-88 00:00:00;10,292952920229876
BE32;6;4820,000000000000000;0,482000000000000;t2m;StdTime;15-10-88 00:00:00;10,368161646063408
BE10;7;209,000000000000000;0,020900000000000;t2m;StdTime;15-10-88 00:00:00;10,590687112945115
BE21;8;3689,000000000000000;0,368900000000000;t2m;StdTime;15-10-88 00:00:00;10,779480868220890
BE33;9;4899,000000000000000;0,489900000000000;t2m;StdTime;15-10-88 00:00:00;9,205401635797809
BE34;10;5582,000000000000000;0,558200000000000;t2m;StdTime;15-10-88 00:00:00;8,770174395521249
BE35;11;4637,000000000000000;0,463700000000000;t2m;StdTime;15-10-88 00:00:00;9,619042692910456
BE22;1;3104,000000000000000;0,310400000000000;t2m;StdTime;15-10-89 00:00:00;11,254111478009174
BE23;2;3847,000000000000000;0,384700000000000;t2m;StdTime;15-10-89 00:00:00;11,663210618951471
BE24;3;2706,000000000000000;0,270600000000000;t2m;StdTime;15-10-89 00:00:00;11,407750001062919
BE25;4;4010,000000000000000;0,401000000000000;t2m;StdTime;15-10-89 00:00:00;11,977848713415840
BE31;5;1403,000000000000000;0,140300000000000;t2m;StdTime;15-10-89 00:00:00;11,099738560144324
BE32;6;4820,000000000000000;0,482000000000000;t2m;StdTime;15-10-89 00:00:00;11,143792289520185
BE10;7;209,000000000000000;0,020900000000000;t2m;StdTime;15-10-89 00:00:00;11,353988150090121
BE21;8;3689,000000000000000;0,368900000000000;t2m;StdTime;15-10-89 00:00:00;11,497590961802702
BE33;9;4899,000000000000000;0,489900000000000;t2m;StdTime;15-10-89 00:00:00;9,900657439869404
BE34;10;5582,000000000000000;0,558200000000000;t2m;StdTime;15-10-89 00:00:00;9,324384286983669
BE35;11;4637,000000000000000;0,463700000000000;t2m;StdTime;15-10-89 00:00:00;10,310137124521255
BE22;1;3104,000000000000000;0,310400000000000;t2m;StdTime;15-10-90 00:00:00;10,651067590897847
BE23;2;3847,000000000000000;0,384700000000000;t2m;StdTime;15-10-90 00:00:00;11,107660426206015
BE24;3;2706,000000000000000;0,270600000000000;t2m;StdTime;15-10-90 00:00:00;10,836785171618766
BE25;4;4010,000000000000000;0,401000000000000;t2m;StdTime;15-10-90 00:00:00;11,491036248385457
BE31;5;1403,000000000000000;0,140300000000000;t2m;StdTime;15-10-90 00:00:00;10,540908790365419
BE32;6;4820,000000000000000;0,482000000000000;t2m;StdTime;15-10-90 00:00:00;10,684249478850637
BE10;7;209,000000000000000;0,020900000000000;t2m;StdTime;15-10-90 00:00:00;10,785621697822826
BE21;8;3689,000000000000000;0,368900000000000;t2m;StdTime;15-10-90 00:00:00;10,890770404181795
BE33;9;4899,000000000000000;0,489900000000000;t2m;StdTime;15-10-90 00:00:00;9,267087016696470
BE34;10;5582,000000000000000;0,558200000000000;t2m;StdTime;15-10-90 00:00:00;8,919516178665500
BE35;11;4637,000000000000000;0,463700000000000;t2m;StdTime;15-10-90 00:00:00;9,818045329039848
BE22;1;3104,000000000000000;0,310400000000000;t2m;StdTime;15-10-91 00:00:00;11,003830166821627
BE23;2;3847,000000000000000;0,384700000000000;t2m;StdTime;15-10-91 00:00:00;11,203386002588424
BE24;3;2706,000000000000000;0,270600000000000;t2m;StdTime;15-10-91 00:00:00;11,088780965262306
BE25;4;4010,000000000000000;0,401000000000000;t2m;StdTime;15-10-91 00:00:00;11,377966942156936
BE31;5;1403,000000000000000;0,140300000000000;t2m;StdTime;15-10-91 00:00:00;10,795590657637288
BE32;6;4820,000000000000000;0,482000000000000;t2m;StdTime;15-10-91 00:00:00;10,793244780544427
BE10;7;209,000000000000000;0,020900000000000;t2m;StdTime;15-10-91 00:00:00;11,009048881713285
BE21;8;3689,000000000000000;0,368900000000000;t2m;StdTime;15-10-91 00:00:00;11,125436045025456
BE33;9;4899,000000000000000;0,489900000000000;t2m;StdTime;15-10-91 00:00:00;9,648428095825150
BE34;10;5582,000000000000000;0,558200000000000;t2m;StdTime;15-10-91 00:00:00;9,208733297427987
BE35;11;4637,000000000000000;0,463700000000000;t2m;StdTime;15-10-91 00:00:00;10,087250928156887
BE22;1;3104,000000000000000;0,310400000000000;t2m;StdTime;15-10-92 00:00:00;10,268839405369532
BE23;2;3847,000000000000000;0,384700000000000;t2m;StdTime;15-10-92 00:00:00;10,565901420876861
BE24;3;2706,000000000000000;0,270600000000000;t2m;StdTime;15-10-92 00:00:00;10,343850935818267
BE25;4;4010,000000000000000;0,401000000000000;t2m;StdTime;15-10-92 00:00:00;10,840159999343213
BE31;5;1403,000000000000000;0,140300000000000;t2m;StdTime;15-10-92 00:00:00;10,007228601174281
BE32;6;4820,000000000000000;0,482000000000000;t2m;StdTime;15-10-92 00:00:00;10,021463761982570
BE10;7;209,000000000000000;0,020900000000000;t2m;StdTime;15-10-92 00:00:00;10,261178628109285
BE21;8;3689,000000000000000;0,368900000000000;t2m;StdTime;15-10-92 00:00:00;10,480132284704718
BE33;9;4899,000000000000000;0,489900000000000;t2m;StdTime;15-10-92 00:00:00;8,795507527098504
BE34;10;5582,000000000000000;0,558200000000000;t2m;StdTime;15-10-92 00:00:00;8,381674487545515
BE35;11;4637,000000000000000;0,463700000000000;t2m;StdTime;15-10-92 00:00:00;9,223652596563154
BE22;1;3104,000000000000000;0,310400000000000;t2m;StdTime;15-10-93 00:00:00;8,457942958652353
BE23;2;3847,000000000000000;0,384700000000000;t2m;StdTime;15-10-93 00:00:00;8,725955543190871
BE24;3;2706,000000000000000;0,270600000000000;t2m;StdTime;15-10-93 00:00:00;8,567974136039586
BE25;4;4010,000000000000000;0,401000000000000;t2m;StdTime;15-10-93 00:00:00;9,035474369353462
BE31;5;1403,000000000000000;0,140300000000000;t2m;StdTime;15-10-93 00:00:00;8,297193334175684
BE32;6;4820,000000000000000;0,482000000000000;t2m;StdTime;15-10-93 00:00:00;8,388076889069723
BE10;7;209,000000000000000;0,020900000000000;t2m;StdTime;15-10-93 00:00:00;8,499637489683892
BE21;8;3689,000000000000000;0,368900000000000;t2m;StdTime;15-10-93 00:00:00;8,612105578450727
BE33;9;4899,000000000000000;0,489900000000000;t2m;StdTime;15-10-93 00:00:00;7,259366615764160
BE34;10;5582,000000000000000;0,558200000000000;t2m;StdTime;15-10-93 00:00:00;6,968102660071517
BE35;11;4637,000000000000000;0,463700000000000;t2m;StdTime;15-10-93 00:00:00;7,715773671614813
BE22;1;3104,000000000000000;0,310400000000000;t2m;StdTime;15-10-94 00:00:00;11,292623970004726
BE23;2;3847,000000000000000;0,384700000000000;t2m;StdTime;15-10-94 00:00:00;11,636212325387410
BE24;3;2706,000000000000000;0,270600000000000;t2m;StdTime;15-10-94 00:00:00;11,456466185984922
BE25;4;4010,000000000000000;0,401000000000000;t2m;StdTime;15-10-94 00:00:00;11,882118342107068
BE31;5;1403,000000000000000;0,140300000000000;t2m;StdTime;15-10-94 00:00:00;11,223539328626121
BE32;6;4820,000000000000000;0,482000000000000;t2m;StdTime;15-10-94 00:00:00;11,351337690076372
BE10;7;209,000000000000000;0,020900000000000;t2m;StdTime;15-10-94 00:00:00;11,423090560584546
BE21;8;3689,000000000000000;0,368900000000000;t2m;StdTime;15-10-94 00:00:00;11,453767170263660
BE33;9;4899,000000000000000;0,489900000000000;t2m;StdTime;15-10-94 00:00:00;10,111993620701782
BE34;10;5582,000000000000000;0,558200000000000;t2m;StdTime;15-10-94 00:00:00;9,749993772243618
BE35;11;4637,000000000000000;0,463700000000000;t2m;StdTime;15-10-94 00:00:00;10,631474562392619
BE22;1;3104,000000000000000;0,310400000000000;t2m;StdTime;15-10-95 00:00:00;11,590348310691789
BE23;2;3847,000000000000000;0,384700000000000;t2m;StdTime;15-10-95 00:00:00;11,921245825578870
BE24;3;2706,000000000000000;0,270600000000000;t2m;StdTime;15-10-95 00:00:00;11,739681551919901
BE25;4;4010,000000000000000;0,401000000000000;t2m;StdTime;15-10-95 00:00:00;12,149011023086212
BE31;5;1403,000000000000000;0,140300000000000;t2m;StdTime;15-10-95 00:00:00;11,444860920596769
BE32;6;4820,000000000000000;0,482000000000000;t2m;StdTime;15-10-95 00:00:00;11,472646552002773
BE10;7;209,000000000000000;0,020900000000000;t2m;StdTime;15-10-95 00:00:00;11,681809785833771
BE21;8;3689,000000000000000;0,368900000000000;t2m;StdTime;15-10-95 00:00:00;11,783700278342419
BE33;9;4899,000000000000000;0,489900000000000;t2m;StdTime;15-10-95 00:00:00;10,166356917959646
BE34;10;5582,000000000000000;0,558200000000000;t2m;StdTime;15-10-95 00:00:00;9,636039578756595
BE35;11;4637,000000000000000;0,463700000000000;t2m;StdTime;15-10-95 00:00:00;10,661169214189007
BE22;1;3104,000000000000000;0,310400000000000;t2m;StdTime;15-10-96 00:00:00;9,637572482074665
BE23;2;3847,000000000000000;0,384700000000000;t2m;StdTime;15-10-96 00:00:00;10,206517228715782
BE24;3;2706,000000000000000;0,270600000000000;t2m;StdTime;15-10-96 00:00:00;9,829607045130651
BE25;4;4010,000000000000000;0,401000000000000;t2m;StdTime;15-10-96 00:00:00;10,640313267648370
BE31;5;1403,000000000000000;0,140300000000000;t2m;StdTime;15-10-96 00:00:00;9,465150884790070
BE32;6;4820,000000000000000;0,482000000000000;t2m;StdTime;15-10-96 00:00:00;9,557430182650899
BE10;7;209,000000000000000;0,020900000000000;t2m;StdTime;15-10-96 00:00:00;9,776035386409486
BE21;8;3689,000000000000000;0,368900000000000;t2m;StdTime;15-10-96 00:00:00;9,999746330387383
BE33;9;4899,000000000000000;0,489900000000000;t2m;StdTime;15-10-96 00:00:00;8,147572649476691
BE34;10;5582,000000000000000;0,558200000000000;t2m;StdTime;15-10-96 00:00:00;7,835899524388022
BE35;11;4637,000000000000000;0,463700000000000;t2m;StdTime;15-10-96 00:00:00;8,681838683020793
BE22;1;3104,000000000000000;0,310400000000000;t2m;StdTime;15-10-97 00:00:00;10,538027370098936
BE23;2;3847,000000000000000;0,384700000000000;t2m;StdTime;15-10-97 00:00:00;10,958334320391616
BE24;3;2706,000000000000000;0,270600000000000;t2m;StdTime;15-10-97 00:00:00;10,760908185686805
BE25;4;4010,000000000000000;0,401000000000000;t2m;StdTime;15-10-97 00:00:00;11,276165251363242
BE31;5;1403,000000000000000;0,140300000000000;t2m;StdTime;15-10-97 00:00:00;10,486475023472210
BE32;6;4820,000000000000000;0,482000000000000;t2m;StdTime;15-10-97 00:00:00;10,596990980646948
BE10;7;209,000000000000000;0,020900000000000;t2m;StdTime;15-10-97 00:00:00;10,736708645615284
BE21;8;3689,000000000000000;0,368900000000000;t2m;StdTime;15-10-97 00:00:00;10,815068999549228
BE33;9;4899,000000000000000;0,489900000000000;t2m;StdTime;15-10-97 00:00:00;9,273883504511348
BE34;10;5582,000000000000000;0,558200000000000;t2m;StdTime;15-10-97 00:00:00;9,023210701657128
BE35;11;4637,000000000000000;0,463700000000000;t2m;StdTime;15-10-97 00:00:00;9,848290232201183
BE22;1;3104,000000000000000;0,310400000000000;t2m;StdTime;15-10-98 00:00:00;9,388256744011152
BE23;2;3847,000000000000000;0,384700000000000;t2m;StdTime;15-10-98 00:00:00;9,975534448011340
BE24;3;2706,000000000000000;0,270600000000000;t2m;StdTime;15-10-98 00:00:00;9,610050921429547
BE25;4;4010,000000000000000;0,401000000000000;t2m;StdTime;15-10-98 00:00:00;10,413553383701172
BE31;5;1403,000000000000000;0,140300000000000;t2m;StdTime;15-10-98 00:00:00;9,296156147761755
BE32;6;4820,000000000000000;0,482000000000000;t2m;StdTime;15-10-98 00:00:00;9,449440216721367
BE10;7;209,000000000000000;0,020900000000000;t2m;StdTime;15-10-98 00:00:00;9,571723760029913
BE21;8;3689,000000000000000;0,368900000000000;t2m;StdTime;15-10-98 00:00:00;9,697232701649799
BE33;9;4899,000000000000000;0,489900000000000;t2m;StdTime;15-10-98 00:00:00;7,939779040812940
BE34;10;5582,000000000000000;0,558200000000000;t2m;StdTime;15-10-98 00:00:00;7,507767290421508
BE35;11;4637,000000000000000;0,463700000000000;t2m;StdTime;15-10-98 00:00:00;8,487030768049982
BE22;1;3104,000000000000000;0,310400000000000;t2m;StdTime;15-10-99 00:00:00;11,511196414834437
BE23;2;3847,000000000000000;0,384700000000000;t2m;StdTime;15-10-99 00:00:00;11,785169875122893
BE24;3;2706,000000000000000;0,270600000000000;t2m;StdTime;15-10-99 00:00:00;11,577198375707539
BE25;4;4010,000000000000000;0,401000000000000;t2m;StdTime;15-10-99 00:00:00;12,014150448035707
BE31;5;1403,000000000000000;0,140300000000000;t2m;StdTime;15-10-99 00:00:00;11,222915616786581
BE32;6;4820,000000000000000;0,482000000000000;t2m;StdTime;15-10-99 00:00:00;11,215686789587851
BE10;7;209,000000000000000;0,020900000000000;t2m;StdTime;15-10-99 00:00:00;11,505100026655427
BE21;8;3689,000000000000000;0,368900000000000;t2m;StdTime;15-10-99 00:00:00;11,757883299654132
BE33;9;4899,000000000000000;0,489900000000000;t2m;StdTime;15-10-99 00:00:00;9,930691457811886
BE34;10;5582,000000000000000;0,558200000000000;t2m;StdTime;15-10-99 00:00:00;9,400047379469473
BE35;11;4637,000000000000000;0,463700000000000;t2m;StdTime;15-10-99 00:00:00;10,373510928562247
BE22;1;3104,000000000000000;0,310400000000000;t2m;StdTime;15-10-00 00:00:00;11,701596027797009
BE23;2;3847,000000000000000;0,384700000000000;t2m;StdTime;15-10-00 00:00:00;11,924940973930898
BE24;3;2706,000000000000000;0,270600000000000;t2m;StdTime;15-10-00 00:00:00;11,769923306709748
BE25;4;4010,000000000000000;0,401000000000000;t2m;StdTime;15-10-00 00:00:00;12,076341719877082
BE31;5;1403,000000000000000;0,140300000000000;t2m;StdTime;15-10-00 00:00:00;11,429856059046536
BE32;6;4820,000000000000000;0,482000000000000;t2m;StdTime;15-10-00 00:00:00;11,400353182400902
BE10;7;209,000000000000000;0,020900000000000;t2m;StdTime;15-10-00 00:00:00;11,676997166501279
BE21;8;3689,000000000000000;0,368900000000000;t2m;StdTime;15-10-00 00:00:00;11,882322824043275
BE33;9;4899,000000000000000;0,489900000000000;t2m;StdTime;15-10-00 00:00:00;10,245378610478998
BE34;10;5582,000000000000000;0,558200000000000;t2m;StdTime;15-10-00 00:00:00;9,725910619525942
BE35;11;4637,000000000000000;0,463700000000000;t2m;StdTime;15-10-00 00:00:00;10,624662480735809
BE22;1;3104,000000000000000;0,310400000000000;t2m;StdTime;15-10-01 00:00:00;11,197945121944580
BE23;2;3847,000000000000000;0,384700000000000;t2m;StdTime;15-10-01 00:00:00;11,614459555397580
BE24;3;2706,000000000000000;0,270600000000000;t2m;StdTime;15-10-01 00:00:00;11,307140909295025
BE25;4;4010,000000000000000;0,401000000000000;t2m;StdTime;15-10-01 00:00:00;11,974752191415158
BE31;5;1403,000000000000000;0,140300000000000;t2m;StdTime;15-10-01 00:00:00;10,936929398915309
BE32;6;4820,000000000000000;0,482000000000000;t2m;StdTime;15-10-01 00:00:00;10,925546236750472
BE10;7;209,000000000000000;0,020900000000000;t2m;StdTime;15-10-01 00:00:00;11,225524455166317
BE21;8;3689,000000000000000;0,368900000000000;t2m;StdTime;15-10-01 00:00:00;11,521353839761524
BE33;9;4899,000000000000000;0,489900000000000;t2m;StdTime;15-10-01 00:00:00;9,644200859568212
BE34;10;5582,000000000000000;0,558200000000000;t2m;StdTime;15-10-01 00:00:00;9,083146249551733
BE35;11;4637,000000000000000;0,463700000000000;t2m;StdTime;15-10-01 00:00:00;10,076159333678879
BE22;1;3104,000000000000000;0,310400000000000;t2m;StdTime;15-10-02 00:00:00;11,110517772817110
BE23;2;3847,000000000000000;0,384700000000000;t2m;StdTime;15-10-02 00:00:00;11,492416721212129
BE24;3;2706,000000000000000;0,270600000000000;t2m;StdTime;15-10-02 00:00:00;11,280553868498870
BE25;4;4010,000000000000000;0,401000000000000;t2m;StdTime;15-10-02 00:00:00;11,774954128503207
BE31;5;1403,000000000000000;0,140300000000000;t2m;StdTime;15-10-02 00:00:00;10,978474974547279
BE32;6;4820,000000000000000;0,482000000000000;t2m;StdTime;15-10-02 00:00:00;11,059559045490911
BE10;7;209,000000000000000;0,020900000000000;t2m;StdTime;15-10-02 00:00:00;11,215887849981135
BE21;8;3689,000000000000000;0,368900000000000;t2m;StdTime;15-10-02 00:00:00;11,307067356125133
BE33;9;4899,000000000000000;0,489900000000000;t2m;StdTime;15-10-02 00:00:00;9,829550620462738
BE34;10;5582,000000000000000;0,558200000000000;t2m;StdTime;15-10-02 00:00:00;9,516092072161914
BE35;11;4637,000000000000000;0,463700000000000;t2m;StdTime;15-10-02 00:00:00;10,328966579021806
BE22;1;3104,000000000000000;0,310400000000000;t2m;StdTime;15-10-03 00:00:00;10,603771564886731
BE23;2;3847,000000000000000;0,384700000000000;t2m;StdTime;15-10-03 00:00:00;10,804722762894940
BE24;3;2706,000000000000000;0,270600000000000;t2m;StdTime;15-10-03 00:00:00;10,674369867695592
BE25;4;4010,000000000000000;0,401000000000000;t2m;StdTime;15-10-03 00:00:00;11,156426439499311
BE31;5;1403,000000000000000;0,140300000000000;t2m;StdTime;15-10-03 00:00:00;10,410175360871991
BE32;6;4820,000000000000000;0,482000000000000;t2m;StdTime;15-10-03 00:00:00;10,476394226739014
BE10;7;209,000000000000000;0,020900000000000;t2m;StdTime;15-10-03 00:00:00;10,599646778197950
BE21;8;3689,000000000000000;0,368900000000000;t2m;StdTime;15-10-03 00:00:00;10,705361632287396
BE33;9;4899,000000000000000;0,489900000000000;t2m;StdTime;15-10-03 00:00:00;9,366502455824051
BE34;10;5582,000000000000000;0,558200000000000;t2m;StdTime;15-10-03 00:00:00;8,997785725417620
BE35;11;4637,000000000000000;0,463700000000000;t2m;StdTime;15-10-03 00:00:00;9,837016425257197
BE22;1;3104,000000000000000;0,310400000000000;t2m;StdTime;15-10-04 00:00:00;11,326578710804249
BE23;2;3847,000000000000000;0,384700000000000;t2m;StdTime;15-10-04 00:00:00;11,703617328478208
BE24;3;2706,000000000000000;0,270600000000000;t2m;StdTime;15-10-04 00:00:00;11,521366280797496
BE25;4;4010,000000000000000;0,401000000000000;t2m;StdTime;15-10-04 00:00:00;12,002655238106351
BE31;5;1403,000000000000000;0,140300000000000;t2m;StdTime;15-10-04 00:00:00;11,248965413589094
BE32;6;4820,000000000000000;0,482000000000000;t2m;StdTime;15-10-04 00:00:00;11,368230523904815
BE10;7;209,000000000000000;0,020900000000000;t2m;StdTime;15-10-04 00:00:00;11,475736120671176
BE21;8;3689,000000000000000;0,368900000000000;t2m;StdTime;15-10-04 00:00:00;11,532246866533832
BE33;9;4899,000000000000000;0,489900000000000;t2m;StdTime;15-10-04 00:00:00;9,919715350879690
BE34;10;5582,000000000000000;0,558200000000000;t2m;StdTime;15-10-04 00:00:00;9,580391369597228
BE35;11;4637,000000000000000;0,463700000000000;t2m;StdTime;15-10-04 00:00:00;10,514486135376252
BE22;1;3104,000000000000000;0,310400000000000;t2m;StdTime;15-10-05 00:00:00;12,306384796334296
BE23;2;3847,000000000000000;0,384700000000000;t2m;StdTime;15-10-05 00:00:00;12,659763020356046
BE24;3;2706,000000000000000;0,270600000000000;t2m;StdTime;15-10-05 00:00:00;12,394095504010775
BE25;4;4010,000000000000000;0,401000000000000;t2m;StdTime;15-10-05 00:00:00;13,043938392534510
BE31;5;1403,000000000000000;0,140300000000000;t2m;StdTime;15-10-05 00:00:00;12,054781335299122
BE32;6;4820,000000000000000;0,482000000000000;t2m;StdTime;15-10-05 00:00:00;12,139691445045937
BE10;7;209,000000000000000;0,020900000000000;t2m;StdTime;15-10-05 00:00:00;12,317537161722143
BE21;8;3689,000000000000000;0,368900000000000;t2m;StdTime;15-10-05 00:00:00;12,540545493550175
BE33;9;4899,000000000000000;0,489900000000000;t2m;StdTime;15-10-05 00:00:00;10,937285419774826
BE34;10;5582,000000000000000;0,558200000000000;t2m;StdTime;15-10-05 00:00:00;10,591870563511158
BE35;11;4637,000000000000000;0,463700000000000;t2m;StdTime;15-10-05 00:00:00;11,393929361191589
BE22;1;3104,000000000000000;0,310400000000000;t2m;StdTime;15-10-06 00:00:00;13,868330841211923
BE23;2;3847,000000000000000;0,384700000000000;t2m;StdTime;15-10-06 00:00:00;13,982898100339083
BE24;3;2706,000000000000000;0,270600000000000;t2m;StdTime;15-10-06 00:00:00;13,909231449530388
BE25;4;4010,000000000000000;0,401000000000000;t2m;StdTime;15-10-06 00:00:00;14,087934269037046
BE31;5;1403,000000000000000;0,140300000000000;t2m;StdTime;15-10-06 00:00:00;13,601913671024485
BE32;6;4820,000000000000000;0,482000000000000;t2m;StdTime;15-10-06 00:00:00;13,540333026672309
BE10;7;209,000000000000000;0,020900000000000;t2m;StdTime;15-10-06 00:00:00;13,825001908261241
BE21;8;3689,000000000000000;0,368900000000000;t2m;StdTime;15-10-06 00:00:00;13,985064781852865
BE33;9;4899,000000000000000;0,489900000000000;t2m;StdTime;15-10-06 00:00:00;12,490086253746892
BE34;10;5582,000000000000000;0,558200000000000;t2m;StdTime;15-10-06 00:00:00;11,964319053323230
BE35;11;4637,000000000000000;0,463700000000000;t2m;StdTime;15-10-06 00:00:00;12,857219951688075
BE22;1;3104,000000000000000;0,310400000000000;t2m;StdTime;15-10-07 00:00:00;10,087948061756245
BE23;2;3847,000000000000000;0,384700000000000;t2m;StdTime;15-10-07 00:00:00;10,672536106273261
BE24;3;2706,000000000000000;0,270600000000000;t2m;StdTime;15-10-07 00:00:00;10,268635076676500
BE25;4;4010,000000000000000;0,401000000000000;t2m;StdTime;15-10-07 00:00:00;11,100513150983348
BE31;5;1403,000000000000000;0,140300000000000;t2m;StdTime;15-10-07 00:00:00;9,881961386796819
BE32;6;4820,000000000000000;0,482000000000000;t2m;StdTime;15-10-07 00:00:00;9,964056581679229
BE10;7;209,000000000000000;0,020900000000000;t2m;StdTime;15-10-07 00:00:00;10,209530926207043
BE21;8;3689,000000000000000;0,368900000000000;t2m;StdTime;15-10-07 00:00:00;10,482692585368911
BE33;9;4899,000000000000000;0,489900000000000;t2m;StdTime;15-10-07 00:00:00;8,604706760522507
BE34;10;5582,000000000000000;0,558200000000000;t2m;StdTime;15-10-07 00:00:00;8,243294721348470
BE35;11;4637,000000000000000;0,463700000000000;t2m;StdTime;15-10-07 00:00:00;9,110513033526505
BE22;1;3104,000000000000000;0,310400000000000;t2m;StdTime;15-10-08 00:00:00;10,125115878188712
BE23;2;3847,000000000000000;0,384700000000000;t2m;StdTime;15-10-08 00:00:00;10,526557013559012
BE24;3;2706,000000000000000;0,270600000000000;t2m;StdTime;15-10-08 00:00:00;10,269676538722562
BE25;4;4010,000000000000000;0,401000000000000;t2m;StdTime;15-10-08 00:00:00;10,854666103924322
BE31;5;1403,000000000000000;0,140300000000000;t2m;StdTime;15-10-08 00:00:00;9,922868159695847
BE32;6;4820,000000000000000;0,482000000000000;t2m;StdTime;15-10-08 00:00:00;9,989839708557751
BE10;7;209,000000000000000;0,020900000000000;t2m;StdTime;15-10-08 00:00:00;10,200277743727394
BE21;8;3689,000000000000000;0,368900000000000;t2m;StdTime;15-10-08 00:00:00;10,421047493512466
BE33;9;4899,000000000000000;0,489900000000000;t2m;StdTime;15-10-08 00:00:00;8,680383489822528
BE34;10;5582,000000000000000;0,558200000000000;t2m;StdTime;15-10-08 00:00:00;8,295894704553575
BE35;11;4637,000000000000000;0,463700000000000;t2m;StdTime;15-10-08 00:00:00;9,180042755302988
BE22;1;3104,000000000000000;0,310400000000000;t2m;StdTime;15-10-09 00:00:00;12,054750929480976
BE23;2;3847,000000000000000;0,384700000000000;t2m;StdTime;15-10-09 00:00:00;12,496713154899172
BE24;3;2706,000000000000000;0,270600000000000;t2m;StdTime;15-10-09 00:00:00;12,240084276671606
BE25;4;4010,000000000000000;0,401000000000000;t2m;StdTime;15-10-09 00:00:00;12,752606086540673
BE31;5;1403,000000000000000;0,140300000000000;t2m;StdTime;15-10-09 00:00:00;11,852767442008540
BE32;6;4820,000000000000000;0,482000000000000;t2m;StdTime;15-10-09 00:00:00;11,914367167088992
BE10;7;209,000000000000000;0,020900000000000;t2m;StdTime;15-10-09 00:00:00;12,181098618575835
BE21;8;3689,000000000000000;0,368900000000000;t2m;StdTime;15-10-09 00:00:00;12,329620067134202
BE33;9;4899,000000000000000;0,489900000000000;t2m;StdTime;15-10-09 00:00:00;10,484371985774013
BE34;10;5582,000000000000000;0,558200000000000;t2m;StdTime;15-10-09 00:00:00;10,050990313793415
BE35;11;4637,000000000000000;0,463700000000000;t2m;StdTime;15-10-09 00:00:00;10,969077228959950
BE22;1;3104,000000000000000;0,310400000000000;t2m;StdTime;15-10-10 00:00:00;10,088630033829778
BE23;2;3847,000000000000000;0,384700000000000;t2m;StdTime;15-10-10 00:00:00;10,449113053782192
BE24;3;2706,000000000000000;0,270600000000000;t2m;StdTime;15-10-10 00:00:00;10,238646692288704
BE25;4;4010,000000000000000;0,401000000000000;t2m;StdTime;15-10-10 00:00:00;10,772811277489426
BE31;5;1403,000000000000000;0,140300000000000;t2m;StdTime;15-10-10 00:00:00;9,925499678167874
BE32;6;4820,000000000000000;0,482000000000000;t2m;StdTime;15-10-10 00:00:00;9,982175135711383
BE10;7;209,000000000000000;0,020900000000000;t2m;StdTime;15-10-10 00:00:00;10,163127876354745
BE21;8;3689,000000000000000;0,368900000000000;t2m;StdTime;15-10-10 00:00:00;10,332142942609037
BE33;9;4899,000000000000000;0,489900000000000;t2m;StdTime;15-10-10 00:00:00;8,743271266959100
BE34;10;5582,000000000000000;0,558200000000000;t2m;StdTime;15-10-10 00:00:00;8,378633738332931
BE35;11;4637,000000000000000;0,463700000000000;t2m;StdTime;15-10-10 00:00:00;9,220417806087758
BE22;1;3104,000000000000000;0,310400000000000;t2m;StdTime;15-10-11 00:00:00;12,032287730691351
BE23;2;3847,000000000000000;0,384700000000000;t2m;StdTime;15-10-11 00:00:00;12,436286974362314
BE24;3;2706,000000000000000;0,270600000000000;t2m;StdTime;15-10-11 00:00:00;12,264524034456427
BE25;4;4010,000000000000000;0,401000000000000;t2m;StdTime;15-10-11 00:00:00;12,721939257909524
BE31;5;1403,000000000000000;0,140300000000000;t2m;StdTime;15-10-11 00:00:00;12,060167336412940
BE32;6;4820,000000000000000;0,482000000000000;t2m;StdTime;15-10-11 00:00:00;12,227358826759923
BE10;7;209,000000000000000;0,020900000000000;t2m;StdTime;15-10-11 00:00:00;12,251311347815408
BE21;8;3689,000000000000000;0,368900000000000;t2m;StdTime;15-10-11 00:00:00;12,199939503389235
BE33;9;4899,000000000000000;0,489900000000000;t2m;StdTime;15-10-11 00:00:00;10,912056296668416
BE34;10;5582,000000000000000;0,558200000000000;t2m;StdTime;15-10-11 00:00:00;10,440104696409815
BE35;11;4637,000000000000000;0,463700000000000;t2m;StdTime;15-10-11 00:00:00;11,450381259042080
BE22;1;3104,000000000000000;0,310400000000000;t2m;StdTime;15-10-12 00:00:00;10,867692408180712
BE23;2;3847,000000000000000;0,384700000000000;t2m;StdTime;15-10-12 00:00:00;11,111621683406794
BE24;3;2706,000000000000000;0,270600000000000;t2m;StdTime;15-10-12 00:00:00;10,989040015630174
BE25;4;4010,000000000000000;0,401000000000000;t2m;StdTime;15-10-12 00:00:00;11,303614231119145
BE31;5;1403,000000000000000;0,140300000000000;t2m;StdTime;15-10-12 00:00:00;10,702058152479536
BE32;6;4820,000000000000000;0,482000000000000;t2m;StdTime;15-10-12 00:00:00;10,761946648482992
BE10;7;209,000000000000000;0,020900000000000;t2m;StdTime;15-10-12 00:00:00;10,932893159857205
BE21;8;3689,000000000000000;0,368900000000000;t2m;StdTime;15-10-12 00:00:00;10,989167466787979
BE33;9;4899,000000000000000;0,489900000000000;t2m;StdTime;15-10-12 00:00:00;9,558566900534812
BE34;10;5582,000000000000000;0,558200000000000;t2m;StdTime;15-10-12 00:00:00;9,209752733414435
BE35;11;4637,000000000000000;0,463700000000000;t2m;StdTime;15-10-12 00:00:00;10,025384419021449
BE22;1;3104,000000000000000;0,310400000000000;t2m;StdTime;15-10-13 00:00:00;11,276384886085363
BE23;2;3847,000000000000000;0,384700000000000;t2m;StdTime;15-10-13 00:00:00;11,698909285535175
BE24;3;2706,000000000000000;0,270600000000000;t2m;StdTime;15-10-13 00:00:00;11,430072563098079
BE25;4;4010,000000000000000;0,401000000000000;t2m;StdTime;15-10-13 00:00:00;12,034746585284688
BE31;5;1403,000000000000000;0,140300000000000;t2m;StdTime;15-10-13 00:00:00;11,131255319096404
BE32;6;4820,000000000000000;0,482000000000000;t2m;StdTime;15-10-13 00:00:00;11,266446587653569
BE10;7;209,000000000000000;0,020900000000000;t2m;StdTime;15-10-13 00:00:00;11,385056358775456
BE21;8;3689,000000000000000;0,368900000000000;t2m;StdTime;15-10-13 00:00:00;11,517513133219897
BE33;9;4899,000000000000000;0,489900000000000;t2m;StdTime;15-10-13 00:00:00;9,877780995482834
BE34;10;5582,000000000000000;0,558200000000000;t2m;StdTime;15-10-13 00:00:00;9,539504732550864
BE35;11;4637,000000000000000;0,463700000000000;t2m;StdTime;15-10-13 00:00:00;10,458355973757666
BE22;1;3104,000000000000000;0,310400000000000;t2m;StdTime;15-10-14 00:00:00;12,687994939150252
BE23;2;3847,000000000000000;0,384700000000000;t2m;StdTime;15-10-14 00:00:00;12,934248450516945
BE24;3;2706,000000000000000;0,270600000000000;t2m;StdTime;15-10-14 00:00:00;12,780926663524903
BE25;4;4010,000000000000000;0,401000000000000;t2m;StdTime;15-10-14 00:00:00;13,161524534106540
BE31;5;1403,000000000000000;0,140300000000000;t2m;StdTime;15-10-14 00:00:00;12,506570251176630
BE32;6;4820,000000000000000;0,482000000000000;t2m;StdTime;15-10-14 00:00:00;12,572327936536537
BE10;7;209,000000000000000;0,020900000000000;t2m;StdTime;15-10-14 00:00:00;12,709986572630667
BE21;8;3689,000000000000000;0,368900000000000;t2m;StdTime;15-10-14 00:00:00;12,817010370493914
BE33;9;4899,000000000000000;0,489900000000000;t2m;StdTime;15-10-14 00:00:00;11,524773049145317
BE34;10;5582,000000000000000;0,558200000000000;t2m;StdTime;15-10-14 00:00:00;11,092691056748022
BE35;11;4637,000000000000000;0,463700000000000;t2m;StdTime;15-10-14 00:00:00;11,890276965227047
BE22;1;3104,000000000000000;0,310400000000000;t2m;StdTime;15-10-15 00:00:00;11,187676513625188
BE23;2;3847,000000000000000;0,384700000000000;t2m;StdTime;15-10-15 00:00:00;11,605103039574171
BE24;3;2706,000000000000000;0,270600000000000;t2m;StdTime;15-10-15 00:00:00;11,348625888316967
BE25;4;4010,000000000000000;0,401000000000000;t2m;StdTime;15-10-15 00:00:00;11,917700925670042
BE31;5;1403,000000000000000;0,140300000000000;t2m;StdTime;15-10-15 00:00:00;11,023417537414591
BE32;6;4820,000000000000000;0,482000000000000;t2m;StdTime;15-10-15 00:00:00;11,120544119989230
BE10;7;209,000000000000000;0,020900000000000;t2m;StdTime;15-10-15 00:00:00;11,289908413681692
BE21;8;3689,000000000000000;0,368900000000000;t2m;StdTime;15-10-15 00:00:00;11,435045728841175
BE33;9;4899,000000000000000;0,489900000000000;t2m;StdTime;15-10-15 00:00:00;9,801347792501447
BE34;10;5582,000000000000000;0,558200000000000;t2m;StdTime;15-10-15 00:00:00;9,404678431688280
BE35;11;4637,000000000000000;0,463700000000000;t2m;StdTime;15-10-15 00:00:00;10,291899741145834
BE22;1;3104,000000000000000;0,310400000000000;t2m;StdTime;15-10-16 00:00:00;11,520771368569964
BE23;2;3847,000000000000000;0,384700000000000;t2m;StdTime;15-10-16 00:00:00;11,967719262006328
BE24;3;2706,000000000000000;0,270600000000000;t2m;StdTime;15-10-16 00:00:00;11,693369085138482
BE25;4;4010,000000000000000;0,401000000000000;t2m;StdTime;15-10-16 00:00:00;12,275084908644754
BE31;5;1403,000000000000000;0,140300000000000;t2m;StdTime;15-10-16 00:00:00;11,377115013764234
BE32;6;4820,000000000000000;0,482000000000000;t2m;StdTime;15-10-16 00:00:00;11,480342949673354
BE10;7;209,000000000000000;0,020900000000000;t2m;StdTime;15-10-16 00:00:00;11,651866597992381
BE21;8;3689,000000000000000;0,368900000000000;t2m;StdTime;15-10-16 00:00:00;11,809709224768151
BE33;9;4899,000000000000000;0,489900000000000;t2m;StdTime;15-10-16 00:00:00;10,188020627725935
BE34;10;5582,000000000000000;0,558200000000000;t2m;StdTime;15-10-16 00:00:00;9,890609846111706
BE35;11;4637,000000000000000;0,463700000000000;t2m;StdTime;15-10-16 00:00:00;10,719027689517718
BE22;1;3104,000000000000000;0,310400000000000;t2m;StdTime;15-10-17 00:00:00;11,470950329426644
BE23;2;3847,000000000000000;0,384700000000000;t2m;StdTime;15-10-17 00:00:00;11,946529687643983
BE24;3;2706,000000000000000;0,270600000000000;t2m;StdTime;15-10-17 00:00:00;11,629128640436365
BE25;4;4010,000000000000000;0,401000000000000;t2m;StdTime;15-10-17 00:00:00;12,269486333366649
BE31;5;1403,000000000000000;0,140300000000000;t2m;StdTime;15-10-17 00:00:00;11,270164520334363
BE32;6;4820,000000000000000;0,482000000000000;t2m;StdTime;15-10-17 00:00:00;11,334794368189906
BE10;7;209,000000000000000;0,020900000000000;t2m;StdTime;15-10-17 00:00:00;11,564813262537903
BE21;8;3689,000000000000000;0,368900000000000;t2m;StdTime;15-10-17 00:00:00;11,776528646707479
BE33;9;4899,000000000000000;0,489900000000000;t2m;StdTime;15-10-17 00:00:00;9,970990405809772
BE34;10;5582,000000000000000;0,558200000000000;t2m;StdTime;15-10-17 00:00:00;9,452205698108282
BE35;11;4637,000000000000000;0,463700000000000;t2m;StdTime;15-10-17 00:00:00;10,447221826730622
BE22;1;3104,000000000000000;0,310400000000000;t2m;StdTime;15-10-18 00:00:00;11,870292279830908
BE23;2;3847,000000000000000;0,384700000000000;t2m;StdTime;15-10-18 00:00:00;11,984714522930709
BE24;3;2706,000000000000000;0,270600000000000;t2m;StdTime;15-10-18 00:00:00;11,904747585499635
BE25;4;4010,000000000000000;0,401000000000000;t2m;StdTime;15-10-18 00:00:00;12,197354481285650
BE31;5;1403,000000000000000;0,140300000000000;t2m;StdTime;15-10-18 00:00:00;11,648898150524920
BE32;6;4820,000000000000000;0,482000000000000;t2m;StdTime;15-10-18 00:00:00;11,714667110324378
BE10;7;209,000000000000000;0,020900000000000;t2m;StdTime;15-10-18 00:00:00;11,838761681004570
BE21;8;3689,000000000000000;0,368900000000000;t2m;StdTime;15-10-18 00:00:00;11,929707713552402
BE33;9;4899,000000000000000;0,489900000000000;t2m;StdTime;15-10-18 00:00:00;10,787016839391228
BE34;10;5582,000000000000000;0,558200000000000;t2m;StdTime;15-10-18 00:00:00;10,566073872632172
BE35;11;4637,000000000000000;0,463700000000000;t2m;StdTime;15-10-18 00:00:00;11,232279073531339
BE22;1;3104,000000000000000;0,310400000000000;t2m;StdTime;15-10-19 00:00:00;11,444374244544928
BE23;2;3847,000000000000000;0,384700000000000;t2m;StdTime;15-10-19 00:00:00;11,768339291218842
BE24;3;2706,000000000000000;0,270600000000000;t2m;StdTime;15-10-19 00:00:00;11,596792393054955
BE25;4;4010,000000000000000;0,401000000000000;t2m;StdTime;15-10-19 00:00:00;12,044572663485548
BE31;5;1403,000000000000000;0,140300000000000;t2m;StdTime;15-10-19 00:00:00;11,334397891038506
BE32;6;4820,000000000000000;0,482000000000000;t2m;StdTime;15-10-19 00:00:00;11,453039489247502
BE10;7;209,000000000000000;0,020900000000000;t2m;StdTime;15-10-19 00:00:00;11,536872325331403
BE21;8;3689,000000000000000;0,368900000000000;t2m;StdTime;15-10-19 00:00:00;11,594957084635089
BE33;9;4899,000000000000000;0,489900000000000;t2m;StdTime;15-10-19 00:00:00;10,182959048887680
BE34;10;5582,000000000000000;0,558200000000000;t2m;StdTime;15-10-19 00:00:00;9,884136723600733
BE35;11;4637,000000000000000;0,463700000000000;t2m;StdTime;15-10-19 00:00:00;10,709652454400084
BE22;1;3104,000000000000000;0,310400000000000;t2m;StdTime;15-10-20 00:00:00;12,427886909123536
BE23;2;3847,000000000000000;0,384700000000000;t2m;StdTime;15-10-20 00:00:00;12,632651345401987
BE24;3;2706,000000000000000;0,270600000000000;t2m;StdTime;15-10-20 00:00:00;12,560100531807148
BE25;4;4010,000000000000000;0,401000000000000;t2m;StdTime;15-10-20 00:00:00;12,786819509853437
BE31;5;1403,000000000000000;0,140300000000000;t2m;StdTime;15-10-20 00:00:00;12,285765780437362
BE32;6;4820,000000000000000;0,482000000000000;t2m;StdTime;15-10-20 00:00:00;12,317350061899386
BE10;7;209,000000000000000;0,020900000000000;t2m;StdTime;15-10-20 00:00:00;12,516360871529461
BE21;8;3689,000000000000000;0,368900000000000;t2m;StdTime;15-10-20 00:00:00;12,522870415883766
BE33;9;4899,000000000000000;0,489900000000000;t2m;StdTime;15-10-20 00:00:00;11,212521405287227
BE34;10;5582,000000000000000;0,558200000000000;t2m;StdTime;15-10-20 00:00:00;10,871693456527444
BE35;11;4637,000000000000000;0,463700000000000;t2m;StdTime;15-10-20 00:00:00;11,676000401355196
BE22;1;3104,000000000000000;0,310400000000000;t2m;StdTime;15-10-21 00:00:00;11,466583553663240
BE23;2;3847,000000000000000;0,384700000000000;t2m;StdTime;15-10-21 00:00:00;12,140260562048919
BE24;3;2706,000000000000000;0,270600000000000;t2m;StdTime;15-10-21 00:00:00;11,680650075629114
BE25;4;4010,000000000000000;0,401000000000000;t2m;StdTime;15-10-21 00:00:00;12,540903543534132
BE31;5;1403,000000000000000;0,140300000000000;t2m;StdTime;15-10-21 00:00:00;11,309211643950384
BE32;6;4820,000000000000000;0,482000000000000;t2m;StdTime;15-10-21 00:00:00;11,429663136391230
BE10;7;209,000000000000000;0,020900000000000;t2m;StdTime;15-10-21 00:00:00;11,646791307549725
BE21;8;3689,000000000000000;0,368900000000000;t2m;StdTime;15-10-21 00:00:00;11,888081238824942
BE33;9;4899,000000000000000;0,489900000000000;t2m;StdTime;15-10-21 00:00:00;10,127870534385632
BE34;10;5582,000000000000000;0,558200000000000;t2m;StdTime;15-10-21 00:00:00;9,700442389662831
BE35;11;4637,000000000000000;0,463700000000000;t2m;StdTime;15-10-21 00:00:00;10,555894853329907
BE22;1;3104,000000000000000;0,310400000000000;t2m;StdTime;15-10-22 00:00:00;12,906836008902662
BE23;2;3847,000000000000000;0,384700000000000;t2m;StdTime;15-10-22 00:00:00;13,025883820635128
BE24;3;2706,000000000000000;0,270600000000000;t2m;StdTime;15-10-22 00:00:00;12,990040836912213
BE25;4;4010,000000000000000;0,401000000000000;t2m;StdTime;15-10-22 00:00:00;13,244222728986104
BE31;5;1403,000000000000000;0,140300000000000;t2m;StdTime;15-10-22 00:00:00;12,721603512509063
BE32;6;4820,000000000000000;0,482000000000000;t2m;StdTime;15-10-22 00:00:00;12,735978672019682
BE10;7;209,000000000000000;0,020900000000000;t2m;StdTime;15-10-22 00:00:00;12,917889398821236
BE21;8;3689,000000000000000;0,368900000000000;t2m;StdTime;15-10-22 00:00:00;12,992941297208986
BE33;9;4899,000000000000000;0,489900000000000;t2m;StdTime;15-10-22 00:00:00;11,626490368116045
BE34;10;5582,000000000000000;0,558200000000000;t2m;StdTime;15-10-22 00:00:00;11,214104015312088
BE35;11;4637,000000000000000;0,463700000000000;t2m;StdTime;15-10-22 00:00:00;12,090252068424787
BE22;1;3104,000000000000000;0,310400000000000;t2m;StdTime;15-10-23 00:00:00;13,308851706920226
BE23;2;3847,000000000000000;0,384700000000000;t2m;StdTime;15-10-23 00:00:00;13,614125576024232
BE24;3;2706,000000000000000;0,270600000000000;t2m;StdTime;15-10-23 00:00:00;13,394236349301789
BE25;4;4010,000000000000000;0,401000000000000;t2m;StdTime;15-10-23 00:00:00;13,869551119007674
BE31;5;1403,000000000000000;0,140300000000000;t2m;StdTime;15-10-23 00:00:00;13,120603805427798
BE32;6;4820,000000000000000;0,482000000000000;t2m;StdTime;15-10-23 00:00:00;13,229181611983144
BE10;7;209,000000000000000;0,020900000000000;t2m;StdTime;15-10-23 00:00:00;13,334030639611932
BE21;8;3689,000000000000000;0,368900000000000;t2m;StdTime;15-10-23 00:00:00;13,442092883098931
BE33;9;4899,000000000000000;0,489900000000000;t2m;StdTime;15-10-23 00:00:00;12,051470038793020
BE34;10;5582,000000000000000;0,558200000000000;t2m;StdTime;15-10-23 00:00:00;11,631778116509814
BE35;11;4637,000000000000000;0,463700000000000;t2m;StdTime;15-10-23 00:00:00;12,525432049058391
BE22;1;3104,000000000000000;0,310400000000000;t2m;StdTime;15-10-24 00:00:00;12,051537080831139
BE23;2;3847,000000000000000;0,384700000000000;t2m;StdTime;15-10-24 00:00:00;12,301082239232803
BE24;3;2706,000000000000000;0,270600000000000;t2m;StdTime;15-10-24 00:00:00;12,114494309985712
BE25;4;4010,000000000000000;0,401000000000000;t2m;StdTime;15-10-24 00:00:00;12,511030297505288
BE31;5;1403,000000000000000;0,140300000000000;t2m;StdTime;15-10-24 00:00:00;11,851297553912778
BE32;6;4820,000000000000000;0,482000000000000;t2m;StdTime;15-10-24 00:00:00;11,913556727136331
BE10;7;209,000000000000000;0,020900000000000;t2m;StdTime;15-10-24 00:00:00;12,055493003443672
BE21;8;3689,000000000000000;0,368900000000000;t2m;StdTime;15-10-24 00:00:00;12,180230604726558
BE33;9;4899,000000000000000;0,489900000000000;t2m;StdTime;15-10-24 00:00:00;10,856486283508838
BE34;10;5582,000000000000000;0,558200000000000;t2m;StdTime;15-10-24 00:00:00;10,560029761076251
BE35;11;4637,000000000000000;0,463700000000000;t2m;StdTime;15-10-24 00:00:00;11,325922230335308
BE22;1;3104,000000000000000;0,310400000000000;tp;StdTime;15-10-61 00:00:00;221,345359949721569
BE23;2;3847,000000000000000;0,384700000000000;tp;StdTime;15-10-61 00:00:00;244,634078876365379
BE24;3;2706,000000000000000;0,270600000000000;tp;StdTime;15-10-61 00:00:00;230,488836368806062
BE25;4;4010,000000000000000;0,401000000000000;tp;StdTime;15-10-61 00:00:00;251,622603144847602
BE31;5;1403,000000000000000;0,140300000000000;tp;StdTime;15-10-61 00:00:00;232,701898848084056
BE32;6;4820,000000000000000;0,482000000000000;tp;StdTime;15-10-61 00:00:00;237,493948541538202
BE10;7;209,000000000000000;0,020900000000000;tp;StdTime;15-10-61 00:00:00;236,812471672678640
BE21;8;3689,000000000000000;0,368900000000000;tp;StdTime;15-10-61 00:00:00;228,313541564362453
BE33;9;4899,000000000000000;0,489900000000000;tp;StdTime;15-10-61 00:00:00;242,742055892554902
BE34;10;5582,000000000000000;0,558200000000000;tp;StdTime;15-10-61 00:00:00;255,864655407557393
BE35;11;4637,000000000000000;0,463700000000000;tp;StdTime;15-10-61 00:00:00;243,351924235640325
BE22;1;3104,000000000000000;0,310400000000000;tp;StdTime;15-10-62 00:00:00;143,803295076508306
BE23;2;3847,000000000000000;0,384700000000000;tp;StdTime;15-10-62 00:00:00;178,374664397868230
BE24;3;2706,000000000000000;0,270600000000000;tp;StdTime;15-10-62 00:00:00;160,242606456951023
BE25;4;4010,000000000000000;0,401000000000000;tp;StdTime;15-10-62 00:00:00;185,178453592885660
BE31;5;1403,000000000000000;0,140300000000000;tp;StdTime;15-10-62 00:00:00;158,255151978408918
BE32;6;4820,000000000000000;0,482000000000000;tp;StdTime;15-10-62 00:00:00;161,041845959548255
BE10;7;209,000000000000000;0,020900000000000;tp;StdTime;15-10-62 00:00:00;165,129275673314169
BE21;8;3689,000000000000000;0,368900000000000;tp;StdTime;15-10-62 00:00:00;161,723861049074145
BE33;9;4899,000000000000000;0,489900000000000;tp;StdTime;15-10-62 00:00:00;162,632890581768407
BE34;10;5582,000000000000000;0,558200000000000;tp;StdTime;15-10-62 00:00:00;155,372194241640358
BE35;11;4637,000000000000000;0,463700000000000;tp;StdTime;15-10-62 00:00:00;144,120251374021848
BE22;1;3104,000000000000000;0,310400000000000;tp;StdTime;15-10-63 00:00:00;202,919892399581613
BE23;2;3847,000000000000000;0,384700000000000;tp;StdTime;15-10-63 00:00:00;201,581642101298542
BE24;3;2706,000000000000000;0,270600000000000;tp;StdTime;15-10-63 00:00:00;191,969767043965845
BE25;4;4010,000000000000000;0,401000000000000;tp;StdTime;15-10-63 00:00:00;198,338281234779117
BE31;5;1403,000000000000000;0,140300000000000;tp;StdTime;15-10-63 00:00:00;181,157738150653017
BE32;6;4820,000000000000000;0,482000000000000;tp;StdTime;15-10-63 00:00:00;183,961302280030708
BE10;7;209,000000000000000;0,020900000000000;tp;StdTime;15-10-63 00:00:00;188,711888436495315
BE21;8;3689,000000000000000;0,368900000000000;tp;StdTime;15-10-63 00:00:00;205,485423463700840
BE33;9;4899,000000000000000;0,489900000000000;tp;StdTime;15-10-63 00:00:00;225,266473480866239
BE34;10;5582,000000000000000;0,558200000000000;tp;StdTime;15-10-63 00:00:00;248,973611009543447
BE35;11;4637,000000000000000;0,463700000000000;tp;StdTime;15-10-63 00:00:00;194,773440905832615
BE22;1;3104,000000000000000;0,310400000000000;tp;StdTime;15-10-64 00:00:00;202,312394805790404
BE23;2;3847,000000000000000;0,384700000000000;tp;StdTime;15-10-64 00:00:00;187,929538009877547
BE24;3;2706,000000000000000;0,270600000000000;tp;StdTime;15-10-64 00:00:00;193,942577562240757
BE25;4;4010,000000000000000;0,401000000000000;tp;StdTime;15-10-64 00:00:00;186,044488388403892
BE31;5;1403,000000000000000;0,140300000000000;tp;StdTime;15-10-64 00:00:00;207,298133638018754
BE32;6;4820,000000000000000;0,482000000000000;tp;StdTime;15-10-64 00:00:00;207,802984669792750
BE10;7;209,000000000000000;0,020900000000000;tp;StdTime;15-10-64 00:00:00;191,040730453564265
BE21;8;3689,000000000000000;0,368900000000000;tp;StdTime;15-10-64 00:00:00;183,180598493965817
BE33;9;4899,000000000000000;0,489900000000000;tp;StdTime;15-10-64 00:00:00;256,355818191531228
BE34;10;5582,000000000000000;0,558200000000000;tp;StdTime;15-10-64 00:00:00;266,719441109427578
BE35;11;4637,000000000000000;0,463700000000000;tp;StdTime;15-10-64 00:00:00;236,999725404319122
BE22;1;3104,000000000000000;0,310400000000000;tp;StdTime;15-10-65 00:00:00;189,674654124938399
BE23;2;3847,000000000000000;0,384700000000000;tp;StdTime;15-10-65 00:00:00;159,975249078015395
BE24;3;2706,000000000000000;0,270600000000000;tp;StdTime;15-10-65 00:00:00;178,303732816325208
BE25;4;4010,000000000000000;0,401000000000000;tp;StdTime;15-10-65 00:00:00;181,196613564812338
BE31;5;1403,000000000000000;0,140300000000000;tp;StdTime;15-10-65 00:00:00;183,895898939963502
BE32;6;4820,000000000000000;0,482000000000000;tp;StdTime;15-10-65 00:00:00;179,299710333100165
BE10;7;209,000000000000000;0,020900000000000;tp;StdTime;15-10-65 00:00:00;172,284995339133530
BE21;8;3689,000000000000000;0,368900000000000;tp;StdTime;15-10-65 00:00:00;171,076325641734428
BE33;9;4899,000000000000000;0,489900000000000;tp;StdTime;15-10-65 00:00:00;222,006776198048641
BE34;10;5582,000000000000000;0,558200000000000;tp;StdTime;15-10-65 00:00:00;266,548144644966328
BE35;11;4637,000000000000000;0,463700000000000;tp;StdTime;15-10-65 00:00:00;215,910277741156392
BE22;1;3104,000000000000000;0,310400000000000;tp;StdTime;15-10-66 00:00:00;209,914077193466511
BE23;2;3847,000000000000000;0,384700000000000;tp;StdTime;15-10-66 00:00:00;201,937389519544894
BE24;3;2706,000000000000000;0,270600000000000;tp;StdTime;15-10-66 00:00:00;207,863767473061557
BE25;4;4010,000000000000000;0,401000000000000;tp;StdTime;15-10-66 00:00:00;206,685632640049363
BE31;5;1403,000000000000000;0,140300000000000;tp;StdTime;15-10-66 00:00:00;221,916314090394394
BE32;6;4820,000000000000000;0,482000000000000;tp;StdTime;15-10-66 00:00:00;229,334563025003490
BE10;7;209,000000000000000;0,020900000000000;tp;StdTime;15-10-66 00:00:00;204,778230219936859
BE21;8;3689,000000000000000;0,368900000000000;tp;StdTime;15-10-66 00:00:00;189,475427778020844
BE33;9;4899,000000000000000;0,489900000000000;tp;StdTime;15-10-66 00:00:00;252,514044604950698
BE34;10;5582,000000000000000;0,558200000000000;tp;StdTime;15-10-66 00:00:00;265,583428670239698
BE35;11;4637,000000000000000;0,463700000000000;tp;StdTime;15-10-66 00:00:00;243,797874307539644
BE22;1;3104,000000000000000;0,310400000000000;tp;StdTime;15-10-67 00:00:00;219,546338813821052
BE23;2;3847,000000000000000;0,384700000000000;tp;StdTime;15-10-67 00:00:00;205,098815453898425
BE24;3;2706,000000000000000;0,270600000000000;tp;StdTime;15-10-67 00:00:00;210,887481898091124
BE25;4;4010,000000000000000;0,401000000000000;tp;StdTime;15-10-67 00:00:00;201,803036297348370
BE31;5;1403,000000000000000;0,140300000000000;tp;StdTime;15-10-67 00:00:00;219,778229684210970
BE32;6;4820,000000000000000;0,482000000000000;tp;StdTime;15-10-67 00:00:00;219,986342218802804
BE10;7;209,000000000000000;0,020900000000000;tp;StdTime;15-10-67 00:00:00;205,596738678416642
BE21;8;3689,000000000000000;0,368900000000000;tp;StdTime;15-10-67 00:00:00;216,728674541421128
BE33;9;4899,000000000000000;0,489900000000000;tp;StdTime;15-10-67 00:00:00;275,248921419459350
BE34;10;5582,000000000000000;0,558200000000000;tp;StdTime;15-10-67 00:00:00;329,832873320844612
BE35;11;4637,000000000000000;0,463700000000000;tp;StdTime;15-10-67 00:00:00;271,631362628751560
BE22;1;3104,000000000000000;0,310400000000000;tp;StdTime;15-10-68 00:00:00;179,307751262310688
BE23;2;3847,000000000000000;0,384700000000000;tp;StdTime;15-10-68 00:00:00;179,519265801806910
BE24;3;2706,000000000000000;0,270600000000000;tp;StdTime;15-10-68 00:00:00;174,982242096466052
BE25;4;4010,000000000000000;0,401000000000000;tp;StdTime;15-10-68 00:00:00;188,067925652482643
BE31;5;1403,000000000000000;0,140300000000000;tp;StdTime;15-10-68 00:00:00;180,241301272141214
BE32;6;4820,000000000000000;0,482000000000000;tp;StdTime;15-10-68 00:00:00;185,812244370963072
BE10;7;209,000000000000000;0,020900000000000;tp;StdTime;15-10-68 00:00:00;176,789485730622943
BE21;8;3689,000000000000000;0,368900000000000;tp;StdTime;15-10-68 00:00:00;174,956571318910136
BE33;9;4899,000000000000000;0,489900000000000;tp;StdTime;15-10-68 00:00:00;206,025922153501796
BE34;10;5582,000000000000000;0,558200000000000;tp;StdTime;15-10-68 00:00:00;215,526345400945075
BE35;11;4637,000000000000000;0,463700000000000;tp;StdTime;15-10-68 00:00:00;188,954563673133265
BE22;1;3104,000000000000000;0,310400000000000;tp;StdTime;15-10-69 00:00:00;112,001370368544684
BE23;2;3847,000000000000000;0,384700000000000;tp;StdTime;15-10-69 00:00:00;101,462081129779619
BE24;3;2706,000000000000000;0,270600000000000;tp;StdTime;15-10-69 00:00:00;107,616787811076264
BE25;4;4010,000000000000000;0,401000000000000;tp;StdTime;15-10-69 00:00:00;117,967715199154455
BE31;5;1403,000000000000000;0,140300000000000;tp;StdTime;15-10-69 00:00:00;120,958664979071415
BE32;6;4820,000000000000000;0,482000000000000;tp;StdTime;15-10-69 00:00:00;129,801546679295029
BE10;7;209,000000000000000;0,020900000000000;tp;StdTime;15-10-69 00:00:00;108,186525481739679
BE21;8;3689,000000000000000;0,368900000000000;tp;StdTime;15-10-69 00:00:00;98,625325236807782
BE33;9;4899,000000000000000;0,489900000000000;tp;StdTime;15-10-69 00:00:00;165,644399046095117
BE34;10;5582,000000000000000;0,558200000000000;tp;StdTime;15-10-69 00:00:00;193,143621400281518
BE35;11;4637,000000000000000;0,463700000000000;tp;StdTime;15-10-69 00:00:00;162,964336048921609
BE22;1;3104,000000000000000;0,310400000000000;tp;StdTime;15-10-70 00:00:00;196,397913618185783
BE23;2;3847,000000000000000;0,384700000000000;tp;StdTime;15-10-70 00:00:00;214,463707904305068
BE24;3;2706,000000000000000;0,270600000000000;tp;StdTime;15-10-70 00:00:00;188,396764187132533
BE25;4;4010,000000000000000;0,401000000000000;tp;StdTime;15-10-70 00:00:00;245,209251361951516
BE31;5;1403,000000000000000;0,140300000000000;tp;StdTime;15-10-70 00:00:00;180,903501405940091
BE32;6;4820,000000000000000;0,482000000000000;tp;StdTime;15-10-70 00:00:00;190,775884766005305
BE10;7;209,000000000000000;0,020900000000000;tp;StdTime;15-10-70 00:00:00;186,631573909777813
BE21;8;3689,000000000000000;0,368900000000000;tp;StdTime;15-10-70 00:00:00;210,098995391771183
BE33;9;4899,000000000000000;0,489900000000000;tp;StdTime;15-10-70 00:00:00;239,475866837510125
BE34;10;5582,000000000000000;0,558200000000000;tp;StdTime;15-10-70 00:00:00;230,392480681421972
BE35;11;4637,000000000000000;0,463700000000000;tp;StdTime;15-10-70 00:00:00;192,007255585460570
BE22;1;3104,000000000000000;0,310400000000000;tp;StdTime;15-10-71 00:00:00;148,341351582831834
BE23;2;3847,000000000000000;0,384700000000000;tp;StdTime;15-10-71 00:00:00;141,051425597684300
BE24;3;2706,000000000000000;0,270600000000000;tp;StdTime;15-10-71 00:00:00;139,523484392864049
BE25;4;4010,000000000000000;0,401000000000000;tp;StdTime;15-10-71 00:00:00;164,958562528462949
BE31;5;1403,000000000000000;0,140300000000000;tp;StdTime;15-10-71 00:00:00;143,889253916777591
BE32;6;4820,000000000000000;0,482000000000000;tp;StdTime;15-10-71 00:00:00;153,022980227015466
BE10;7;209,000000000000000;0,020900000000000;tp;StdTime;15-10-71 00:00:00;138,589355541758579
BE21;8;3689,000000000000000;0,368900000000000;tp;StdTime;15-10-71 00:00:00;138,980316720508995
BE33;9;4899,000000000000000;0,489900000000000;tp;StdTime;15-10-71 00:00:00;184,284005271972006
BE34;10;5582,000000000000000;0,558200000000000;tp;StdTime;15-10-71 00:00:00;186,403603201482952
BE35;11;4637,000000000000000;0,463700000000000;tp;StdTime;15-10-71 00:00:00;165,938043100350058
BE22;1;3104,000000000000000;0,310400000000000;tp;StdTime;15-10-72 00:00:00;142,823432745392807
BE23;2;3847,000000000000000;0,384700000000000;tp;StdTime;15-10-72 00:00:00;147,587304575647295
BE24;3;2706,000000000000000;0,270600000000000;tp;StdTime;15-10-72 00:00:00;138,731633577537139
BE25;4;4010,000000000000000;0,401000000000000;tp;StdTime;15-10-72 00:00:00;171,565060428609968
BE31;5;1403,000000000000000;0,140300000000000;tp;StdTime;15-10-72 00:00:00;145,961218661949374
BE32;6;4820,000000000000000;0,482000000000000;tp;StdTime;15-10-72 00:00:00;160,409545882609024
BE10;7;209,000000000000000;0,020900000000000;tp;StdTime;15-10-72 00:00:00;137,424480821527311
BE21;8;3689,000000000000000;0,368900000000000;tp;StdTime;15-10-72 00:00:00;144,293264011084489
BE33;9;4899,000000000000000;0,489900000000000;tp;StdTime;15-10-72 00:00:00;177,186272207876584
BE34;10;5582,000000000000000;0,558200000000000;tp;StdTime;15-10-72 00:00:00;196,631397196743990
BE35;11;4637,000000000000000;0,463700000000000;tp;StdTime;15-10-72 00:00:00;179,924154999391646
BE22;1;3104,000000000000000;0,310400000000000;tp;StdTime;15-10-73 00:00:00;196,140323157163067
BE23;2;3847,000000000000000;0,384700000000000;tp;StdTime;15-10-73 00:00:00;205,199961496446974
BE24;3;2706,000000000000000;0,270600000000000;tp;StdTime;15-10-73 00:00:00;198,516395433514674
BE25;4;4010,000000000000000;0,401000000000000;tp;StdTime;15-10-73 00:00:00;212,133660169492003
BE31;5;1403,000000000000000;0,140300000000000;tp;StdTime;15-10-73 00:00:00;203,372744363797125
BE32;6;4820,000000000000000;0,482000000000000;tp;StdTime;15-10-73 00:00:00;211,931856255115520
BE10;7;209,000000000000000;0,020900000000000;tp;StdTime;15-10-73 00:00:00;199,299026270232133
BE21;8;3689,000000000000000;0,368900000000000;tp;StdTime;15-10-73 00:00:00;193,224603141604518
BE33;9;4899,000000000000000;0,489900000000000;tp;StdTime;15-10-73 00:00:00;236,890696114241791
BE34;10;5582,000000000000000;0,558200000000000;tp;StdTime;15-10-73 00:00:00;212,521051071314872
BE35;11;4637,000000000000000;0,463700000000000;tp;StdTime;15-10-73 00:00:00;205,473234593315368
BE22;1;3104,000000000000000;0,310400000000000;tp;StdTime;15-10-74 00:00:00;330,159193756654417
BE23;2;3847,000000000000000;0,384700000000000;tp;StdTime;15-10-74 00:00:00;369,035367524930962
BE24;3;2706,000000000000000;0,270600000000000;tp;StdTime;15-10-74 00:00:00;344,245638275710121
BE25;4;4010,000000000000000;0,401000000000000;tp;StdTime;15-10-74 00:00:00;428,421330630333784
BE31;5;1403,000000000000000;0,140300000000000;tp;StdTime;15-10-74 00:00:00;347,836410794356823
BE32;6;4820,000000000000000;0,482000000000000;tp;StdTime;15-10-74 00:00:00;362,156918081702599
BE10;7;209,000000000000000;0,020900000000000;tp;StdTime;15-10-74 00:00:00;346,645966890326122
BE21;8;3689,000000000000000;0,368900000000000;tp;StdTime;15-10-74 00:00:00;356,769482450002329
BE33;9;4899,000000000000000;0,489900000000000;tp;StdTime;15-10-74 00:00:00;375,805937692860198
BE34;10;5582,000000000000000;0,558200000000000;tp;StdTime;15-10-74 00:00:00;395,849858982765511
BE35;11;4637,000000000000000;0,463700000000000;tp;StdTime;15-10-74 00:00:00;361,979377652798235
BE22;1;3104,000000000000000;0,310400000000000;tp;StdTime;15-10-75 00:00:00;186,128070993521646
BE23;2;3847,000000000000000;0,384700000000000;tp;StdTime;15-10-75 00:00:00;200,695807825598706
BE24;3;2706,000000000000000;0,270600000000000;tp;StdTime;15-10-75 00:00:00;191,985762579918543
BE25;4;4010,000000000000000;0,401000000000000;tp;StdTime;15-10-75 00:00:00;228,091616992522262
BE31;5;1403,000000000000000;0,140300000000000;tp;StdTime;15-10-75 00:00:00;203,261488312920676
BE32;6;4820,000000000000000;0,482000000000000;tp;StdTime;15-10-75 00:00:00;216,548107302337030
BE10;7;209,000000000000000;0,020900000000000;tp;StdTime;15-10-75 00:00:00;192,456357819041614
BE21;8;3689,000000000000000;0,368900000000000;tp;StdTime;15-10-75 00:00:00;184,231251440257637
BE33;9;4899,000000000000000;0,489900000000000;tp;StdTime;15-10-75 00:00:00;214,937726053711543
BE34;10;5582,000000000000000;0,558200000000000;tp;StdTime;15-10-75 00:00:00;236,663514708924993
BE35;11;4637,000000000000000;0,463700000000000;tp;StdTime;15-10-75 00:00:00;221,041914959007158
BE22;1;3104,000000000000000;0,310400000000000;tp;StdTime;15-10-76 00:00:00;210,796215032793640
BE23;2;3847,000000000000000;0,384700000000000;tp;StdTime;15-10-76 00:00:00;222,800405079400889
BE24;3;2706,000000000000000;0,270600000000000;tp;StdTime;15-10-76 00:00:00;218,543614846375476
BE25;4;4010,000000000000000;0,401000000000000;tp;StdTime;15-10-76 00:00:00;259,475154730208544
BE31;5;1403,000000000000000;0,140300000000000;tp;StdTime;15-10-76 00:00:00;223,202144065416206
BE32;6;4820,000000000000000;0,482000000000000;tp;StdTime;15-10-76 00:00:00;230,737855165726842
BE10;7;209,000000000000000;0,020900000000000;tp;StdTime;15-10-76 00:00:00;220,487897443999515
BE21;8;3689,000000000000000;0,368900000000000;tp;StdTime;15-10-76 00:00:00;219,784323270678442
BE33;9;4899,000000000000000;0,489900000000000;tp;StdTime;15-10-76 00:00:00;245,018976841101107
BE34;10;5582,000000000000000;0,558200000000000;tp;StdTime;15-10-76 00:00:00;280,179511463543690
BE35;11;4637,000000000000000;0,463700000000000;tp;StdTime;15-10-76 00:00:00;248,143731669051192
BE22;1;3104,000000000000000;0,310400000000000;tp;StdTime;15-10-77 00:00:00;174,554394023934577
BE23;2;3847,000000000000000;0,384700000000000;tp;StdTime;15-10-77 00:00:00;188,053604399659008
BE24;3;2706,000000000000000;0,270600000000000;tp;StdTime;15-10-77 00:00:00;170,525687201500546
BE25;4;4010,000000000000000;0,401000000000000;tp;StdTime;15-10-77 00:00:00;216,348353028713547
BE31;5;1403,000000000000000;0,140300000000000;tp;StdTime;15-10-77 00:00:00;165,090752305936860
BE32;6;4820,000000000000000;0,482000000000000;tp;StdTime;15-10-77 00:00:00;170,840021749155937
BE10;7;209,000000000000000;0,020900000000000;tp;StdTime;15-10-77 00:00:00;169,178234994696680
BE21;8;3689,000000000000000;0,368900000000000;tp;StdTime;15-10-77 00:00:00;192,612762538034474
BE33;9;4899,000000000000000;0,489900000000000;tp;StdTime;15-10-77 00:00:00;212,506904164438652
BE34;10;5582,000000000000000;0,558200000000000;tp;StdTime;15-10-77 00:00:00;217,181973888215197
BE35;11;4637,000000000000000;0,463700000000000;tp;StdTime;15-10-77 00:00:00;186,024462724775361
BE22;1;3104,000000000000000;0,310400000000000;tp;StdTime;15-10-78 00:00:00;105,048656104766224
BE23;2;3847,000000000000000;0,384700000000000;tp;StdTime;15-10-78 00:00:00;86,735340690563419
BE24;3;2706,000000000000000;0,270600000000000;tp;StdTime;15-10-78 00:00:00;92,713741322226255
BE25;4;4010,000000000000000;0,401000000000000;tp;StdTime;15-10-78 00:00:00;96,087784302442813
BE31;5;1403,000000000000000;0,140300000000000;tp;StdTime;15-10-78 00:00:00;100,524204409131102
BE32;6;4820,000000000000000;0,482000000000000;tp;StdTime;15-10-78 00:00:00;97,336282935874650
BE10;7;209,000000000000000;0,020900000000000;tp;StdTime;15-10-78 00:00:00;93,447142204029149
BE21;8;3689,000000000000000;0,368900000000000;tp;StdTime;15-10-78 00:00:00;96,567280176565362
BE33;9;4899,000000000000000;0,489900000000000;tp;StdTime;15-10-78 00:00:00;138,842667551034879
BE34;10;5582,000000000000000;0,558200000000000;tp;StdTime;15-10-78 00:00:00;119,851980790917807
BE35;11;4637,000000000000000;0,463700000000000;tp;StdTime;15-10-78 00:00:00;112,870554261149039
BE22;1;3104,000000000000000;0,310400000000000;tp;StdTime;15-10-79 00:00:00;183,446725294762047
BE23;2;3847,000000000000000;0,384700000000000;tp;StdTime;15-10-79 00:00:00;163,023119802254485
BE24;3;2706,000000000000000;0,270600000000000;tp;StdTime;15-10-79 00:00:00;178,862673813734659
BE25;4;4010,000000000000000;0,401000000000000;tp;StdTime;15-10-79 00:00:00;152,883911943316434
BE31;5;1403,000000000000000;0,140300000000000;tp;StdTime;15-10-79 00:00:00;177,152204920033938
BE32;6;4820,000000000000000;0,482000000000000;tp;StdTime;15-10-79 00:00:00;173,721847540510936
BE10;7;209,000000000000000;0,020900000000000;tp;StdTime;15-10-79 00:00:00;174,906406822387169
BE21;8;3689,000000000000000;0,368900000000000;tp;StdTime;15-10-79 00:00:00;175,404374649738884
BE33;9;4899,000000000000000;0,489900000000000;tp;StdTime;15-10-79 00:00:00;201,354570820565300
BE34;10;5582,000000000000000;0,558200000000000;tp;StdTime;15-10-79 00:00:00;201,116235482227268
BE35;11;4637,000000000000000;0,463700000000000;tp;StdTime;15-10-79 00:00:00;179,369780411513858
BE22;1;3104,000000000000000;0,310400000000000;tp;StdTime;15-10-80 00:00:00;167,724333910597977
BE23;2;3847,000000000000000;0,384700000000000;tp;StdTime;15-10-80 00:00:00;160,720000510715181
BE24;3;2706,000000000000000;0,270600000000000;tp;StdTime;15-10-80 00:00:00;168,284996934934355
BE25;4;4010,000000000000000;0,401000000000000;tp;StdTime;15-10-80 00:00:00;171,028847794758832
BE31;5;1403,000000000000000;0,140300000000000;tp;StdTime;15-10-80 00:00:00;174,426449776375193
BE32;6;4820,000000000000000;0,482000000000000;tp;StdTime;15-10-80 00:00:00;180,266721419971589
BE10;7;209,000000000000000;0,020900000000000;tp;StdTime;15-10-80 00:00:00;166,712519230454802
BE21;8;3689,000000000000000;0,368900000000000;tp;StdTime;15-10-80 00:00:00;173,120799750485446
BE33;9;4899,000000000000000;0,489900000000000;tp;StdTime;15-10-80 00:00:00;200,147770676279123
BE34;10;5582,000000000000000;0,558200000000000;tp;StdTime;15-10-80 00:00:00;208,165236830839319
BE35;11;4637,000000000000000;0,463700000000000;tp;StdTime;15-10-80 00:00:00;192,412173378331431
BE22;1;3104,000000000000000;0,310400000000000;tp;StdTime;15-10-81 00:00:00;272,216287534261483
BE23;2;3847,000000000000000;0,384700000000000;tp;StdTime;15-10-81 00:00:00;271,558040887620677
BE24;3;2706,000000000000000;0,270600000000000;tp;StdTime;15-10-81 00:00:00;277,593569792911524
BE25;4;4010,000000000000000;0,401000000000000;tp;StdTime;15-10-81 00:00:00;293,580593529603448
BE31;5;1403,000000000000000;0,140300000000000;tp;StdTime;15-10-81 00:00:00;279,295335004267201
BE32;6;4820,000000000000000;0,482000000000000;tp;StdTime;15-10-81 00:00:00;276,657907734470939
BE10;7;209,000000000000000;0,020900000000000;tp;StdTime;15-10-81 00:00:00;275,905164070676847
BE21;8;3689,000000000000000;0,368900000000000;tp;StdTime;15-10-81 00:00:00;283,479356450870910
BE33;9;4899,000000000000000;0,489900000000000;tp;StdTime;15-10-81 00:00:00;298,405510557649336
BE34;10;5582,000000000000000;0,558200000000000;tp;StdTime;15-10-81 00:00:00;316,870731808898825
BE35;11;4637,000000000000000;0,463700000000000;tp;StdTime;15-10-81 00:00:00;284,534587104078071
BE22;1;3104,000000000000000;0,310400000000000;tp;StdTime;15-10-82 00:00:00;234,081482867604649
BE23;2;3847,000000000000000;0,384700000000000;tp;StdTime;15-10-82 00:00:00;259,299312257382667
BE24;3;2706,000000000000000;0,270600000000000;tp;StdTime;15-10-82 00:00:00;245,717013441538086
BE25;4;4010,000000000000000;0,401000000000000;tp;StdTime;15-10-82 00:00:00;281,592093953349263
BE31;5;1403,000000000000000;0,140300000000000;tp;StdTime;15-10-82 00:00:00;248,387022457544248
BE32;6;4820,000000000000000;0,482000000000000;tp;StdTime;15-10-82 00:00:00;261,381128255757403
BE10;7;209,000000000000000;0,020900000000000;tp;StdTime;15-10-82 00:00:00;246,385915144778835
BE21;8;3689,000000000000000;0,368900000000000;tp;StdTime;15-10-82 00:00:00;235,913256303182550
BE33;9;4899,000000000000000;0,489900000000000;tp;StdTime;15-10-82 00:00:00;276,628726608048623
BE34;10;5582,000000000000000;0,558200000000000;tp;StdTime;15-10-82 00:00:00;273,010236222783931
BE35;11;4637,000000000000000;0,463700000000000;tp;StdTime;15-10-82 00:00:00;253,928882278860272
BE22;1;3104,000000000000000;0,310400000000000;tp;StdTime;15-10-83 00:00:00;158,365763452864371
BE23;2;3847,000000000000000;0,384700000000000;tp;StdTime;15-10-83 00:00:00;155,569927635024328
BE24;3;2706,000000000000000;0,270600000000000;tp;StdTime;15-10-83 00:00:00;149,953717064699077
BE25;4;4010,000000000000000;0,401000000000000;tp;StdTime;15-10-83 00:00:00;166,679492324486517
BE31;5;1403,000000000000000;0,140300000000000;tp;StdTime;15-10-83 00:00:00;150,690909126700518
BE32;6;4820,000000000000000;0,482000000000000;tp;StdTime;15-10-83 00:00:00;151,545103543229970
BE10;7;209,000000000000000;0,020900000000000;tp;StdTime;15-10-83 00:00:00;146,789095280843497
BE21;8;3689,000000000000000;0,368900000000000;tp;StdTime;15-10-83 00:00:00;167,662254674740893
BE33;9;4899,000000000000000;0,489900000000000;tp;StdTime;15-10-83 00:00:00;189,252596962425258
BE34;10;5582,000000000000000;0,558200000000000;tp;StdTime;15-10-83 00:00:00;214,459743063751347
BE35;11;4637,000000000000000;0,463700000000000;tp;StdTime;15-10-83 00:00:00;167,307241483009136
BE22;1;3104,000000000000000;0,310400000000000;tp;StdTime;15-10-84 00:00:00;327,298138942914250
BE23;2;3847,000000000000000;0,384700000000000;tp;StdTime;15-10-84 00:00:00;279,788919661551347
BE24;3;2706,000000000000000;0,270600000000000;tp;StdTime;15-10-84 00:00:00;309,393818079235416
BE25;4;4010,000000000000000;0,401000000000000;tp;StdTime;15-10-84 00:00:00;283,816583799899831
BE31;5;1403,000000000000000;0,140300000000000;tp;StdTime;15-10-84 00:00:00;315,618592222163329
BE32;6;4820,000000000000000;0,482000000000000;tp;StdTime;15-10-84 00:00:00;297,995173689339708
BE10;7;209,000000000000000;0,020900000000000;tp;StdTime;15-10-84 00:00:00;303,190238551089521
BE21;8;3689,000000000000000;0,368900000000000;tp;StdTime;15-10-84 00:00:00;309,711018745089973
BE33;9;4899,000000000000000;0,489900000000000;tp;StdTime;15-10-84 00:00:00;383,451186831665154
BE34;10;5582,000000000000000;0,558200000000000;tp;StdTime;15-10-84 00:00:00;384,581391419615898
BE35;11;4637,000000000000000;0,463700000000000;tp;StdTime;15-10-84 00:00:00;333,584000104353436
BE22;1;3104,000000000000000;0,310400000000000;tp;StdTime;15-10-85 00:00:00;141,856276037766747
BE23;2;3847,000000000000000;0,384700000000000;tp;StdTime;15-10-85 00:00:00;102,372579837855554
BE24;3;2706,000000000000000;0,270600000000000;tp;StdTime;15-10-85 00:00:00;120,291902484315713
BE25;4;4010,000000000000000;0,401000000000000;tp;StdTime;15-10-85 00:00:00;111,814235125991061
BE31;5;1403,000000000000000;0,140300000000000;tp;StdTime;15-10-85 00:00:00;133,112368735261356
BE32;6;4820,000000000000000;0,482000000000000;tp;StdTime;15-10-85 00:00:00;126,577706877522303
BE10;7;209,000000000000000;0,020900000000000;tp;StdTime;15-10-85 00:00:00;113,696345753646924
BE21;8;3689,000000000000000;0,368900000000000;tp;StdTime;15-10-85 00:00:00;115,823390122059607
BE33;9;4899,000000000000000;0,489900000000000;tp;StdTime;15-10-85 00:00:00;182,858521853352244
BE34;10;5582,000000000000000;0,558200000000000;tp;StdTime;15-10-85 00:00:00;174,278750945487673
BE35;11;4637,000000000000000;0,463700000000000;tp;StdTime;15-10-85 00:00:00;160,137907171753312
BE22;1;3104,000000000000000;0,310400000000000;tp;StdTime;15-10-86 00:00:00;218,001051617651825
BE23;2;3847,000000000000000;0,384700000000000;tp;StdTime;15-10-86 00:00:00;215,818274438241417
BE24;3;2706,000000000000000;0,270600000000000;tp;StdTime;15-10-86 00:00:00;217,923102176550657
BE25;4;4010,000000000000000;0,401000000000000;tp;StdTime;15-10-86 00:00:00;219,543681164215684
BE31;5;1403,000000000000000;0,140300000000000;tp;StdTime;15-10-86 00:00:00;222,802732808880563
BE32;6;4820,000000000000000;0,482000000000000;tp;StdTime;15-10-86 00:00:00;241,367066724468344
BE10;7;209,000000000000000;0,020900000000000;tp;StdTime;15-10-86 00:00:00;214,701286425430879
BE21;8;3689,000000000000000;0,368900000000000;tp;StdTime;15-10-86 00:00:00;220,597700628299265
BE33;9;4899,000000000000000;0,489900000000000;tp;StdTime;15-10-86 00:00:00;267,011712349343782
BE34;10;5582,000000000000000;0,558200000000000;tp;StdTime;15-10-86 00:00:00;262,887005742072006
BE35;11;4637,000000000000000;0,463700000000000;tp;StdTime;15-10-86 00:00:00;237,942340909239391
BE22;1;3104,000000000000000;0,310400000000000;tp;StdTime;15-10-87 00:00:00;241,699640657483911
BE23;2;3847,000000000000000;0,384700000000000;tp;StdTime;15-10-87 00:00:00;227,775813702393918
BE24;3;2706,000000000000000;0,270600000000000;tp;StdTime;15-10-87 00:00:00;223,564674383080273
BE25;4;4010,000000000000000;0,401000000000000;tp;StdTime;15-10-87 00:00:00;233,756401297933110
BE31;5;1403,000000000000000;0,140300000000000;tp;StdTime;15-10-87 00:00:00;228,839396209608026
BE32;6;4820,000000000000000;0,482000000000000;tp;StdTime;15-10-87 00:00:00;240,915835080601624
BE10;7;209,000000000000000;0,020900000000000;tp;StdTime;15-10-87 00:00:00;220,059805619089218
BE21;8;3689,000000000000000;0,368900000000000;tp;StdTime;15-10-87 00:00:00;241,312623625559013
BE33;9;4899,000000000000000;0,489900000000000;tp;StdTime;15-10-87 00:00:00;273,227116398091539
BE34;10;5582,000000000000000;0,558200000000000;tp;StdTime;15-10-87 00:00:00;307,642337177185595
BE35;11;4637,000000000000000;0,463700000000000;tp;StdTime;15-10-87 00:00:00;259,655786694857284
BE22;1;3104,000000000000000;0,310400000000000;tp;StdTime;15-10-88 00:00:00;197,769183802850335
BE23;2;3847,000000000000000;0,384700000000000;tp;StdTime;15-10-88 00:00:00;178,011203655801239
BE24;3;2706,000000000000000;0,270600000000000;tp;StdTime;15-10-88 00:00:00;180,869498625739141
BE25;4;4010,000000000000000;0,401000000000000;tp;StdTime;15-10-88 00:00:00;194,235573400939870
BE31;5;1403,000000000000000;0,140300000000000;tp;StdTime;15-10-88 00:00:00;187,203185882894786
BE32;6;4820,000000000000000;0,482000000000000;tp;StdTime;15-10-88 00:00:00;196,917935038206565
BE10;7;209,000000000000000;0,020900000000000;tp;StdTime;15-10-88 00:00:00;174,450148879055746
BE21;8;3689,000000000000000;0,368900000000000;tp;StdTime;15-10-88 00:00:00;197,271808040016111
BE33;9;4899,000000000000000;0,489900000000000;tp;StdTime;15-10-88 00:00:00;222,858417362260724
BE34;10;5582,000000000000000;0,558200000000000;tp;StdTime;15-10-88 00:00:00;247,804083394645488
BE35;11;4637,000000000000000;0,463700000000000;tp;StdTime;15-10-88 00:00:00;223,357067145174227
BE22;1;3104,000000000000000;0,310400000000000;tp;StdTime;15-10-89 00:00:00;153,243404476913014
BE23;2;3847,000000000000000;0,384700000000000;tp;StdTime;15-10-89 00:00:00;134,245373175799187
BE24;3;2706,000000000000000;0,270600000000000;tp;StdTime;15-10-89 00:00:00;137,341118374843603
BE25;4;4010,000000000000000;0,401000000000000;tp;StdTime;15-10-89 00:00:00;143,751149884839947
BE31;5;1403,000000000000000;0,140300000000000;tp;StdTime;15-10-89 00:00:00;143,997911155521166
BE32;6;4820,000000000000000;0,482000000000000;tp;StdTime;15-10-89 00:00:00;141,437343068736169
BE10;7;209,000000000000000;0,020900000000000;tp;StdTime;15-10-89 00:00:00;133,838560259513343
BE21;8;3689,000000000000000;0,368900000000000;tp;StdTime;15-10-89 00:00:00;144,915017289047711
BE33;9;4899,000000000000000;0,489900000000000;tp;StdTime;15-10-89 00:00:00;187,034251181732316
BE34;10;5582,000000000000000;0,558200000000000;tp;StdTime;15-10-89 00:00:00;192,521039888278665
BE35;11;4637,000000000000000;0,463700000000000;tp;StdTime;15-10-89 00:00:00;170,839504884444466
BE22;1;3104,000000000000000;0,310400000000000;tp;StdTime;15-10-90 00:00:00;178,938301691074940
BE23;2;3847,000000000000000;0,384700000000000;tp;StdTime;15-10-90 00:00:00;168,331403684207174
BE24;3;2706,000000000000000;0,270600000000000;tp;StdTime;15-10-90 00:00:00;170,494274632805485
BE25;4;4010,000000000000000;0,401000000000000;tp;StdTime;15-10-90 00:00:00;193,665423230101993
BE31;5;1403,000000000000000;0,140300000000000;tp;StdTime;15-10-90 00:00:00;175,398575840553633
BE32;6;4820,000000000000000;0,482000000000000;tp;StdTime;15-10-90 00:00:00;176,358448307148109
BE10;7;209,000000000000000;0,020900000000000;tp;StdTime;15-10-90 00:00:00;170,387182208339482
BE21;8;3689,000000000000000;0,368900000000000;tp;StdTime;15-10-90 00:00:00;172,677465821967132
BE33;9;4899,000000000000000;0,489900000000000;tp;StdTime;15-10-90 00:00:00;233,449364463804301
BE34;10;5582,000000000000000;0,558200000000000;tp;StdTime;15-10-90 00:00:00;244,379670955339662
BE35;11;4637,000000000000000;0,463700000000000;tp;StdTime;15-10-90 00:00:00;206,188927988361343
BE22;1;3104,000000000000000;0,310400000000000;tp;StdTime;15-10-91 00:00:00;196,977695907513805
BE23;2;3847,000000000000000;0,384700000000000;tp;StdTime;15-10-91 00:00:00;203,528579577055808
BE24;3;2706,000000000000000;0,270600000000000;tp;StdTime;15-10-91 00:00:00;183,556591380726161
BE25;4;4010,000000000000000;0,401000000000000;tp;StdTime;15-10-91 00:00:00;216,775522390922475
BE31;5;1403,000000000000000;0,140300000000000;tp;StdTime;15-10-91 00:00:00;179,275133846660708
BE32;6;4820,000000000000000;0,482000000000000;tp;StdTime;15-10-91 00:00:00;172,384089913902557
BE10;7;209,000000000000000;0,020900000000000;tp;StdTime;15-10-91 00:00:00;181,076591747229145
BE21;8;3689,000000000000000;0,368900000000000;tp;StdTime;15-10-91 00:00:00;209,315717193032611
BE33;9;4899,000000000000000;0,489900000000000;tp;StdTime;15-10-91 00:00:00;216,893172155670470
BE34;10;5582,000000000000000;0,558200000000000;tp;StdTime;15-10-91 00:00:00;219,256916621559213
BE35;11;4637,000000000000000;0,463700000000000;tp;StdTime;15-10-91 00:00:00;191,872948293416584
BE22;1;3104,000000000000000;0,310400000000000;tp;StdTime;15-10-92 00:00:00;183,991022114901142
BE23;2;3847,000000000000000;0,384700000000000;tp;StdTime;15-10-92 00:00:00;182,123705093229120
BE24;3;2706,000000000000000;0,270600000000000;tp;StdTime;15-10-92 00:00:00;179,028539405253213
BE25;4;4010,000000000000000;0,401000000000000;tp;StdTime;15-10-92 00:00:00;202,312803893433994
BE31;5;1403,000000000000000;0,140300000000000;tp;StdTime;15-10-92 00:00:00;184,467705931225311
BE32;6;4820,000000000000000;0,482000000000000;tp;StdTime;15-10-92 00:00:00;198,667302023227052
BE10;7;209,000000000000000;0,020900000000000;tp;StdTime;15-10-92 00:00:00;181,474263971502182
BE21;8;3689,000000000000000;0,368900000000000;tp;StdTime;15-10-92 00:00:00;184,119301977698029
BE33;9;4899,000000000000000;0,489900000000000;tp;StdTime;15-10-92 00:00:00;232,870934724077074
BE34;10;5582,000000000000000;0,558200000000000;tp;StdTime;15-10-92 00:00:00;260,705235578645386
BE35;11;4637,000000000000000;0,463700000000000;tp;StdTime;15-10-92 00:00:00;216,972696175574185
BE22;1;3104,000000000000000;0,310400000000000;tp;StdTime;15-10-93 00:00:00;265,066091331010512
BE23;2;3847,000000000000000;0,384700000000000;tp;StdTime;15-10-93 00:00:00;231,444380337522205
BE24;3;2706,000000000000000;0,270600000000000;tp;StdTime;15-10-93 00:00:00;237,978389246588875
BE25;4;4010,000000000000000;0,401000000000000;tp;StdTime;15-10-93 00:00:00;247,344413936167513
BE31;5;1403,000000000000000;0,140300000000000;tp;StdTime;15-10-93 00:00:00;251,539471550830797
BE32;6;4820,000000000000000;0,482000000000000;tp;StdTime;15-10-93 00:00:00;244,578671422934519
BE10;7;209,000000000000000;0,020900000000000;tp;StdTime;15-10-93 00:00:00;233,310477662884921
BE21;8;3689,000000000000000;0,368900000000000;tp;StdTime;15-10-93 00:00:00;250,721036001542842
BE33;9;4899,000000000000000;0,489900000000000;tp;StdTime;15-10-93 00:00:00;300,543665758028908
BE34;10;5582,000000000000000;0,558200000000000;tp;StdTime;15-10-93 00:00:00;315,475094375966819
BE35;11;4637,000000000000000;0,463700000000000;tp;StdTime;15-10-93 00:00:00;279,495208674420724
BE22;1;3104,000000000000000;0,310400000000000;tp;StdTime;15-10-94 00:00:00;233,860266449524943
BE23;2;3847,000000000000000;0,384700000000000;tp;StdTime;15-10-94 00:00:00;191,997543596744038
BE24;3;2706,000000000000000;0,270600000000000;tp;StdTime;15-10-94 00:00:00;197,230830021285243
BE25;4;4010,000000000000000;0,401000000000000;tp;StdTime;15-10-94 00:00:00;197,921780935843628
BE31;5;1403,000000000000000;0,140300000000000;tp;StdTime;15-10-94 00:00:00;193,949561556152133
BE32;6;4820,000000000000000;0,482000000000000;tp;StdTime;15-10-94 00:00:00;193,969546581600952
BE10;7;209,000000000000000;0,020900000000000;tp;StdTime;15-10-94 00:00:00;189,608377630060431
BE21;8;3689,000000000000000;0,368900000000000;tp;StdTime;15-10-94 00:00:00;213,837710241212790
BE33;9;4899,000000000000000;0,489900000000000;tp;StdTime;15-10-94 00:00:00;274,209662947272591
BE34;10;5582,000000000000000;0,558200000000000;tp;StdTime;15-10-94 00:00:00;283,309592776980082
BE35;11;4637,000000000000000;0,463700000000000;tp;StdTime;15-10-94 00:00:00;220,123476174465338
BE22;1;3104,000000000000000;0,310400000000000;tp;StdTime;15-10-95 00:00:00;147,012482289186437
BE23;2;3847,000000000000000;0,384700000000000;tp;StdTime;15-10-95 00:00:00;152,053525495814284
BE24;3;2706,000000000000000;0,270600000000000;tp;StdTime;15-10-95 00:00:00;140,118524640203816
BE25;4;4010,000000000000000;0,401000000000000;tp;StdTime;15-10-95 00:00:00;179,189112180486063
BE31;5;1403,000000000000000;0,140300000000000;tp;StdTime;15-10-95 00:00:00;141,427805763946282
BE32;6;4820,000000000000000;0,482000000000000;tp;StdTime;15-10-95 00:00:00;143,993714699013054
BE10;7;209,000000000000000;0,020900000000000;tp;StdTime;15-10-95 00:00:00;139,670407381924775
BE21;8;3689,000000000000000;0,368900000000000;tp;StdTime;15-10-95 00:00:00;152,367659194710257
BE33;9;4899,000000000000000;0,489900000000000;tp;StdTime;15-10-95 00:00:00;171,726276579134833
BE34;10;5582,000000000000000;0,558200000000000;tp;StdTime;15-10-95 00:00:00;187,597301380645604
BE35;11;4637,000000000000000;0,463700000000000;tp;StdTime;15-10-95 00:00:00;156,514326505679549
BE22;1;3104,000000000000000;0,310400000000000;tp;StdTime;15-10-96 00:00:00;201,751905043100635
BE23;2;3847,000000000000000;0,384700000000000;tp;StdTime;15-10-96 00:00:00;190,514771416120567
BE24;3;2706,000000000000000;0,270600000000000;tp;StdTime;15-10-96 00:00:00;192,767816198198318
BE25;4;4010,000000000000000;0,401000000000000;tp;StdTime;15-10-96 00:00:00;213,426643466711681
BE31;5;1403,000000000000000;0,140300000000000;tp;StdTime;15-10-96 00:00:00;191,184827275728225
BE32;6;4820,000000000000000;0,482000000000000;tp;StdTime;15-10-96 00:00:00;189,574781007885434
BE10;7;209,000000000000000;0,020900000000000;tp;StdTime;15-10-96 00:00:00;191,061969957853535
BE21;8;3689,000000000000000;0,368900000000000;tp;StdTime;15-10-96 00:00:00;202,763542400720922
BE33;9;4899,000000000000000;0,489900000000000;tp;StdTime;15-10-96 00:00:00;244,563141323883372
BE34;10;5582,000000000000000;0,558200000000000;tp;StdTime;15-10-96 00:00:00;247,717773158675925
BE35;11;4637,000000000000000;0,463700000000000;tp;StdTime;15-10-96 00:00:00;212,922244007998444
BE22;1;3104,000000000000000;0,310400000000000;tp;StdTime;15-10-97 00:00:00;146,197084299067711
BE23;2;3847,000000000000000;0,384700000000000;tp;StdTime;15-10-97 00:00:00;167,398888762721867
BE24;3;2706,000000000000000;0,270600000000000;tp;StdTime;15-10-97 00:00:00;152,172711408323295
BE25;4;4010,000000000000000;0,401000000000000;tp;StdTime;15-10-97 00:00:00;187,777921201938881
BE31;5;1403,000000000000000;0,140300000000000;tp;StdTime;15-10-97 00:00:00;162,234038142927091
BE32;6;4820,000000000000000;0,482000000000000;tp;StdTime;15-10-97 00:00:00;189,672583729597250
BE10;7;209,000000000000000;0,020900000000000;tp;StdTime;15-10-97 00:00:00;155,074978258050749
BE21;8;3689,000000000000000;0,368900000000000;tp;StdTime;15-10-97 00:00:00;149,005324837572857
BE33;9;4899,000000000000000;0,489900000000000;tp;StdTime;15-10-97 00:00:00;182,506917791139330
BE34;10;5582,000000000000000;0,558200000000000;tp;StdTime;15-10-97 00:00:00;209,292459682682278
BE35;11;4637,000000000000000;0,463700000000000;tp;StdTime;15-10-97 00:00:00;186,382790143258177
BE22;1;3104,000000000000000;0,310400000000000;tp;StdTime;15-10-98 00:00:00;403,298299641953349
BE23;2;3847,000000000000000;0,384700000000000;tp;StdTime;15-10-98 00:00:00;364,134348461526656
BE24;3;2706,000000000000000;0,270600000000000;tp;StdTime;15-10-98 00:00:00;363,072180692302140
BE25;4;4010,000000000000000;0,401000000000000;tp;StdTime;15-10-98 00:00:00;360,417664898422174
BE31;5;1403,000000000000000;0,140300000000000;tp;StdTime;15-10-98 00:00:00;352,730218214387662
BE32;6;4820,000000000000000;0,482000000000000;tp;StdTime;15-10-98 00:00:00;337,033710577873194
BE10;7;209,000000000000000;0,020900000000000;tp;StdTime;15-10-98 00:00:00;353,428202651904655
BE21;8;3689,000000000000000;0,368900000000000;tp;StdTime;15-10-98 00:00:00;396,118147558687440
BE33;9;4899,000000000000000;0,489900000000000;tp;StdTime;15-10-98 00:00:00;426,806042482960265
BE34;10;5582,000000000000000;0,558200000000000;tp;StdTime;15-10-98 00:00:00;400,491635575767589
BE35;11;4637,000000000000000;0,463700000000000;tp;StdTime;15-10-98 00:00:00;358,176961451684917
BE22;1;3104,000000000000000;0,310400000000000;tp;StdTime;15-10-99 00:00:00;153,049576720011714
BE23;2;3847,000000000000000;0,384700000000000;tp;StdTime;15-10-99 00:00:00;131,677807866674613
BE24;3;2706,000000000000000;0,270600000000000;tp;StdTime;15-10-99 00:00:00;133,747031773625537
BE25;4;4010,000000000000000;0,401000000000000;tp;StdTime;15-10-99 00:00:00;184,110804234835257
BE31;5;1403,000000000000000;0,140300000000000;tp;StdTime;15-10-99 00:00:00;147,536581864632183
BE32;6;4820,000000000000000;0,482000000000000;tp;StdTime;15-10-99 00:00:00;156,406531328383437
BE10;7;209,000000000000000;0,020900000000000;tp;StdTime;15-10-99 00:00:00;128,727787437621430
BE21;8;3689,000000000000000;0,368900000000000;tp;StdTime;15-10-99 00:00:00;127,774518183364037
BE33;9;4899,000000000000000;0,489900000000000;tp;StdTime;15-10-99 00:00:00;207,257507704209701
BE34;10;5582,000000000000000;0,558200000000000;tp;StdTime;15-10-99 00:00:00;226,524840250701459
BE35;11;4637,000000000000000;0,463700000000000;tp;StdTime;15-10-99 00:00:00;186,863174810321311
BE22;1;3104,000000000000000;0,310400000000000;tp;StdTime;15-10-00 00:00:00;235,588987733900154
BE23;2;3847,000000000000000;0,384700000000000;tp;StdTime;15-10-00 00:00:00;279,424878042333489
BE24;3;2706,000000000000000;0,270600000000000;tp;StdTime;15-10-00 00:00:00;249,066267139014855
BE25;4;4010,000000000000000;0,401000000000000;tp;StdTime;15-10-00 00:00:00;327,148458253475610
BE31;5;1403,000000000000000;0,140300000000000;tp;StdTime;15-10-00 00:00:00;258,185070459280155
BE32;6;4820,000000000000000;0,482000000000000;tp;StdTime;15-10-00 00:00:00;282,703794981136980
BE10;7;209,000000000000000;0,020900000000000;tp;StdTime;15-10-00 00:00:00;258,169467980781747
BE21;8;3689,000000000000000;0,368900000000000;tp;StdTime;15-10-00 00:00:00;249,980834125406545
BE33;9;4899,000000000000000;0,489900000000000;tp;StdTime;15-10-00 00:00:00;265,327908483421197
BE34;10;5582,000000000000000;0,558200000000000;tp;StdTime;15-10-00 00:00:00;328,114453557997763
BE35;11;4637,000000000000000;0,463700000000000;tp;StdTime;15-10-00 00:00:00;285,138679617923344
BE22;1;3104,000000000000000;0,310400000000000;tp;StdTime;15-10-01 00:00:00;276,280639161768988
BE23;2;3847,000000000000000;0,384700000000000;tp;StdTime;15-10-01 00:00:00;273,056363388629109
BE24;3;2706,000000000000000;0,270600000000000;tp;StdTime;15-10-01 00:00:00;281,427203001486134
BE25;4;4010,000000000000000;0,401000000000000;tp;StdTime;15-10-01 00:00:00;277,411979504059559
BE31;5;1403,000000000000000;0,140300000000000;tp;StdTime;15-10-01 00:00:00;286,931260558255474
BE32;6;4820,000000000000000;0,482000000000000;tp;StdTime;15-10-01 00:00:00;269,547256650172926
BE10;7;209,000000000000000;0,020900000000000;tp;StdTime;15-10-01 00:00:00;285,766950981468767
BE21;8;3689,000000000000000;0,368900000000000;tp;StdTime;15-10-01 00:00:00;286,622074258524151
BE33;9;4899,000000000000000;0,489900000000000;tp;StdTime;15-10-01 00:00:00;320,118871261742868
BE34;10;5582,000000000000000;0,558200000000000;tp;StdTime;15-10-01 00:00:00;279,135249682884535
BE35;11;4637,000000000000000;0,463700000000000;tp;StdTime;15-10-01 00:00:00;279,281296431208091
BE22;1;3104,000000000000000;0,310400000000000;tp;StdTime;15-10-02 00:00:00;199,783970375651137
BE23;2;3847,000000000000000;0,384700000000000;tp;StdTime;15-10-02 00:00:00;211,107422350969387
BE24;3;2706,000000000000000;0,270600000000000;tp;StdTime;15-10-02 00:00:00;199,023953000087886
BE25;4;4010,000000000000000;0,401000000000000;tp;StdTime;15-10-02 00:00:00;229,749696517526019
BE31;5;1403,000000000000000;0,140300000000000;tp;StdTime;15-10-02 00:00:00;212,684523992341383
BE32;6;4820,000000000000000;0,482000000000000;tp;StdTime;15-10-02 00:00:00;234,099232628533144
BE10;7;209,000000000000000;0,020900000000000;tp;StdTime;15-10-02 00:00:00;200,466401168604250
BE21;8;3689,000000000000000;0,368900000000000;tp;StdTime;15-10-02 00:00:00;196,031325570094083
BE33;9;4899,000000000000000;0,489900000000000;tp;StdTime;15-10-02 00:00:00;254,745557048025233
BE34;10;5582,000000000000000;0,558200000000000;tp;StdTime;15-10-02 00:00:00;314,691032920845998
BE35;11;4637,000000000000000;0,463700000000000;tp;StdTime;15-10-02 00:00:00;260,721231690506045
BE22;1;3104,000000000000000;0,310400000000000;tp;StdTime;15-10-03 00:00:00;143,921864180220666
BE23;2;3847,000000000000000;0,384700000000000;tp;StdTime;15-10-03 00:00:00;136,611317614006623
BE24;3;2706,000000000000000;0,270600000000000;tp;StdTime;15-10-03 00:00:00;132,852104350539179
BE25;4;4010,000000000000000;0,401000000000000;tp;StdTime;15-10-03 00:00:00;157,471818359831161
BE31;5;1403,000000000000000;0,140300000000000;tp;StdTime;15-10-03 00:00:00;137,239929764761968
BE32;6;4820,000000000000000;0,482000000000000;tp;StdTime;15-10-03 00:00:00;129,910057417683390
BE10;7;209,000000000000000;0,020900000000000;tp;StdTime;15-10-03 00:00:00;130,461972688373748
BE21;8;3689,000000000000000;0,368900000000000;tp;StdTime;15-10-03 00:00:00;136,402682566261745
BE33;9;4899,000000000000000;0,489900000000000;tp;StdTime;15-10-03 00:00:00;178,871220560846638
BE34;10;5582,000000000000000;0,558200000000000;tp;StdTime;15-10-03 00:00:00;173,863642381963842
BE35;11;4637,000000000000000;0,463700000000000;tp;StdTime;15-10-03 00:00:00;145,457773951896002
BE22;1;3104,000000000000000;0,310400000000000;tp;StdTime;15-10-04 00:00:00;177,668629793776461
BE23;2;3847,000000000000000;0,384700000000000;tp;StdTime;15-10-04 00:00:00;153,241233553984529
BE24;3;2706,000000000000000;0,270600000000000;tp;StdTime;15-10-04 00:00:00;159,397832589949417
BE25;4;4010,000000000000000;0,401000000000000;tp;StdTime;15-10-04 00:00:00;153,495611810089969
BE31;5;1403,000000000000000;0,140300000000000;tp;StdTime;15-10-04 00:00:00;154,889433977014249
BE32;6;4820,000000000000000;0,482000000000000;tp;StdTime;15-10-04 00:00:00;135,184555438346678
BE10;7;209,000000000000000;0,020900000000000;tp;StdTime;15-10-04 00:00:00;154,053646324924330
BE21;8;3689,000000000000000;0,368900000000000;tp;StdTime;15-10-04 00:00:00;166,608685380496809
BE33;9;4899,000000000000000;0,489900000000000;tp;StdTime;15-10-04 00:00:00;199,656221429093364
BE34;10;5582,000000000000000;0,558200000000000;tp;StdTime;15-10-04 00:00:00;173,561600171549969
BE35;11;4637,000000000000000;0,463700000000000;tp;StdTime;15-10-04 00:00:00;152,085736068847211
BE22;1;3104,000000000000000;0,310400000000000;tp;StdTime;15-10-05 00:00:00;155,612630755631045
BE23;2;3847,000000000000000;0,384700000000000;tp;StdTime;15-10-05 00:00:00;153,027455769422971
BE24;3;2706,000000000000000;0,270600000000000;tp;StdTime;15-10-05 00:00:00;148,994722928810603
BE25;4;4010,000000000000000;0,401000000000000;tp;StdTime;15-10-05 00:00:00;186,713377722837635
BE31;5;1403,000000000000000;0,140300000000000;tp;StdTime;15-10-05 00:00:00;156,601856408421895
BE32;6;4820,000000000000000;0,482000000000000;tp;StdTime;15-10-05 00:00:00;152,646079450425731
BE10;7;209,000000000000000;0,020900000000000;tp;StdTime;15-10-05 00:00:00;150,265232651998019
BE21;8;3689,000000000000000;0,368900000000000;tp;StdTime;15-10-05 00:00:00;148,645461903771405
BE33;9;4899,000000000000000;0,489900000000000;tp;StdTime;15-10-05 00:00:00;175,139237322303870
BE34;10;5582,000000000000000;0,558200000000000;tp;StdTime;15-10-05 00:00:00;158,543717775580689
BE35;11;4637,000000000000000;0,463700000000000;tp;StdTime;15-10-05 00:00:00;149,748333675737371
BE22;1;3104,000000000000000;0,310400000000000;tp;StdTime;15-10-06 00:00:00;158,524178495112182
BE23;2;3847,000000000000000;0,384700000000000;tp;StdTime;15-10-06 00:00:00;163,986541280010357
BE24;3;2706,000000000000000;0,270600000000000;tp;StdTime;15-10-06 00:00:00;148,681278304884586
BE25;4;4010,000000000000000;0,401000000000000;tp;StdTime;15-10-06 00:00:00;198,679208111465215
BE31;5;1403,000000000000000;0,140300000000000;tp;StdTime;15-10-06 00:00:00;147,531772311721028
BE32;6;4820,000000000000000;0,482000000000000;tp;StdTime;15-10-06 00:00:00;158,838809204101779
BE10;7;209,000000000000000;0,020900000000000;tp;StdTime;15-10-06 00:00:00;145,156545465642779
BE21;8;3689,000000000000000;0,368900000000000;tp;StdTime;15-10-06 00:00:00;167,143826425479261
BE33;9;4899,000000000000000;0,489900000000000;tp;StdTime;15-10-06 00:00:00;189,551420054111134
BE34;10;5582,000000000000000;0,558200000000000;tp;StdTime;15-10-06 00:00:00;224,624526362485824
BE35;11;4637,000000000000000;0,463700000000000;tp;StdTime;15-10-06 00:00:00;170,665592472486878
BE22;1;3104,000000000000000;0,310400000000000;tp;StdTime;15-10-07 00:00:00;179,137735401232590
BE23;2;3847,000000000000000;0,384700000000000;tp;StdTime;15-10-07 00:00:00;182,376230508097279
BE24;3;2706,000000000000000;0,270600000000000;tp;StdTime;15-10-07 00:00:00;180,952901497648611
BE25;4;4010,000000000000000;0,401000000000000;tp;StdTime;15-10-07 00:00:00;194,436425929651932
BE31;5;1403,000000000000000;0,140300000000000;tp;StdTime;15-10-07 00:00:00;185,247419676777326
BE32;6;4820,000000000000000;0,482000000000000;tp;StdTime;15-10-07 00:00:00;175,496864052926668
BE10;7;209,000000000000000;0,020900000000000;tp;StdTime;15-10-07 00:00:00;185,495473104230427
BE21;8;3689,000000000000000;0,368900000000000;tp;StdTime;15-10-07 00:00:00;175,473136635064293
BE33;9;4899,000000000000000;0,489900000000000;tp;StdTime;15-10-07 00:00:00;223,467339046343454
BE34;10;5582,000000000000000;0,558200000000000;tp;StdTime;15-10-07 00:00:00;176,134017881463706
BE35;11;4637,000000000000000;0,463700000000000;tp;StdTime;15-10-07 00:00:00;180,363884796477890
BE22;1;3104,000000000000000;0,310400000000000;tp;StdTime;15-10-08 00:00:00;184,860364496093013
BE23;2;3847,000000000000000;0,384700000000000;tp;StdTime;15-10-08 00:00:00;191,967435864061258
BE24;3;2706,000000000000000;0,270600000000000;tp;StdTime;15-10-08 00:00:00;176,224304289440653
BE25;4;4010,000000000000000;0,401000000000000;tp;StdTime;15-10-08 00:00:00;246,195468485920173
BE31;5;1403,000000000000000;0,140300000000000;tp;StdTime;15-10-08 00:00:00;184,688246114544484
BE32;6;4820,000000000000000;0,482000000000000;tp;StdTime;15-10-08 00:00:00;212,950387038235192
BE10;7;209,000000000000000;0,020900000000000;tp;StdTime;15-10-08 00:00:00;176,872433676103640
BE21;8;3689,000000000000000;0,368900000000000;tp;StdTime;15-10-08 00:00:00;171,735748311696824
BE33;9;4899,000000000000000;0,489900000000000;tp;StdTime;15-10-08 00:00:00;225,884663740891483
BE34;10;5582,000000000000000;0,558200000000000;tp;StdTime;15-10-08 00:00:00;244,054644479071385
BE35;11;4637,000000000000000;0,463700000000000;tp;StdTime;15-10-08 00:00:00;214,630145749373384
BE22;1;3104,000000000000000;0,310400000000000;tp;StdTime;15-10-09 00:00:00;220,385439705602806
BE23;2;3847,000000000000000;0,384700000000000;tp;StdTime;15-10-09 00:00:00;182,705942505453805
BE24;3;2706,000000000000000;0,270600000000000;tp;StdTime;15-10-09 00:00:00;194,082366069334086
BE25;4;4010,000000000000000;0,401000000000000;tp;StdTime;15-10-09 00:00:00;192,254025561553533
BE31;5;1403,000000000000000;0,140300000000000;tp;StdTime;15-10-09 00:00:00;195,329147958789576
BE32;6;4820,000000000000000;0,482000000000000;tp;StdTime;15-10-09 00:00:00;203,303704463594897
BE10;7;209,000000000000000;0,020900000000000;tp;StdTime;15-10-09 00:00:00;182,775241833554475
BE21;8;3689,000000000000000;0,368900000000000;tp;StdTime;15-10-09 00:00:00;207,654441053804703
BE33;9;4899,000000000000000;0,489900000000000;tp;StdTime;15-10-09 00:00:00;249,002127562330259
BE34;10;5582,000000000000000;0,558200000000000;tp;StdTime;15-10-09 00:00:00;267,622569569034397
BE35;11;4637,000000000000000;0,463700000000000;tp;StdTime;15-10-09 00:00:00;232,143851449064158
BE22;1;3104,000000000000000;0,310400000000000;tp;StdTime;15-10-10 00:00:00;254,243771366237240
BE23;2;3847,000000000000000;0,384700000000000;tp;StdTime;15-10-10 00:00:00;249,959593199493696
BE24;3;2706,000000000000000;0,270600000000000;tp;StdTime;15-10-10 00:00:00;244,792270860580402
BE25;4;4010,000000000000000;0,401000000000000;tp;StdTime;15-10-10 00:00:00;276,906998388428974
BE31;5;1403,000000000000000;0,140300000000000;tp;StdTime;15-10-10 00:00:00;246,790227736393746
BE32;6;4820,000000000000000;0,482000000000000;tp;StdTime;15-10-10 00:00:00;232,501488564519121
BE10;7;209,000000000000000;0,020900000000000;tp;StdTime;15-10-10 00:00:00;243,190112246280535
BE21;8;3689,000000000000000;0,368900000000000;tp;StdTime;15-10-10 00:00:00;253,049581087711800
BE33;9;4899,000000000000000;0,489900000000000;tp;StdTime;15-10-10 00:00:00;249,775018944694409
BE34;10;5582,000000000000000;0,558200000000000;tp;StdTime;15-10-10 00:00:00;248,397171269262827
BE35;11;4637,000000000000000;0,463700000000000;tp;StdTime;15-10-10 00:00:00;224,132443482129702
BE22;1;3104,000000000000000;0,310400000000000;tp;StdTime;15-10-11 00:00:00;96,183859360586879
BE23;2;3847,000000000000000;0,384700000000000;tp;StdTime;15-10-11 00:00:00;113,523565162954128
BE24;3;2706,000000000000000;0,270600000000000;tp;StdTime;15-10-11 00:00:00;96,195021723079662
BE25;4;4010,000000000000000;0,401000000000000;tp;StdTime;15-10-11 00:00:00;122,902951314264911
BE31;5;1403,000000000000000;0,140300000000000;tp;StdTime;15-10-11 00:00:00;92,652051478390689
BE32;6;4820,000000000000000;0,482000000000000;tp;StdTime;15-10-11 00:00:00;101,448131274781218
BE10;7;209,000000000000000;0,020900000000000;tp;StdTime;15-10-11 00:00:00;97,905086535586179
BE21;8;3689,000000000000000;0,368900000000000;tp;StdTime;15-10-11 00:00:00;106,040592844035672
BE33;9;4899,000000000000000;0,489900000000000;tp;StdTime;15-10-11 00:00:00;102,757114554454006
BE34;10;5582,000000000000000;0,558200000000000;tp;StdTime;15-10-11 00:00:00;107,196391019203105
BE35;11;4637,000000000000000;0,463700000000000;tp;StdTime;15-10-11 00:00:00;93,751733649514762
BE22;1;3104,000000000000000;0,310400000000000;tp;StdTime;15-10-12 00:00:00;217,134255074963193
BE23;2;3847,000000000000000;0,384700000000000;tp;StdTime;15-10-12 00:00:00;225,522621121071126
BE24;3;2706,000000000000000;0,270600000000000;tp;StdTime;15-10-12 00:00:00;223,749362604404837
BE25;4;4010,000000000000000;0,401000000000000;tp;StdTime;15-10-12 00:00:00;265,220797459324160
BE31;5;1403,000000000000000;0,140300000000000;tp;StdTime;15-10-12 00:00:00;234,412922680420394
BE32;6;4820,000000000000000;0,482000000000000;tp;StdTime;15-10-12 00:00:00;232,808916014358488
BE10;7;209,000000000000000;0,020900000000000;tp;StdTime;15-10-12 00:00:00;224,340861416319370
BE21;8;3689,000000000000000;0,368900000000000;tp;StdTime;15-10-12 00:00:00;212,946230533938291
BE33;9;4899,000000000000000;0,489900000000000;tp;StdTime;15-10-12 00:00:00;241,561731301513930
BE34;10;5582,000000000000000;0,558200000000000;tp;StdTime;15-10-12 00:00:00;268,017079497186103
BE35;11;4637,000000000000000;0,463700000000000;tp;StdTime;15-10-12 00:00:00;245,103042474203590
BE22;1;3104,000000000000000;0,310400000000000;tp;StdTime;15-10-13 00:00:00;286,854321125856131
BE23;2;3847,000000000000000;0,384700000000000;tp;StdTime;15-10-13 00:00:00;260,294994975983627
BE24;3;2706,000000000000000;0,270600000000000;tp;StdTime;15-10-13 00:00:00;265,310816176274216
BE25;4;4010,000000000000000;0,401000000000000;tp;StdTime;15-10-13 00:00:00;282,150400800062869
BE31;5;1403,000000000000000;0,140300000000000;tp;StdTime;15-10-13 00:00:00;262,702917304280106
BE32;6;4820,000000000000000;0,482000000000000;tp;StdTime;15-10-13 00:00:00;260,395548112164249
BE10;7;209,000000000000000;0,020900000000000;tp;StdTime;15-10-13 00:00:00;258,430246745570400
BE21;8;3689,000000000000000;0,368900000000000;tp;StdTime;15-10-13 00:00:00;281,800949398628632
BE33;9;4899,000000000000000;0,489900000000000;tp;StdTime;15-10-13 00:00:00;334,532781971209431
BE34;10;5582,000000000000000;0,558200000000000;tp;StdTime;15-10-13 00:00:00;360,133303318002504
BE35;11;4637,000000000000000;0,463700000000000;tp;StdTime;15-10-13 00:00:00;297,334656406687941
BE22;1;3104,000000000000000;0,310400000000000;tp;StdTime;15-10-14 00:00:00;181,787153101459097
BE23;2;3847,000000000000000;0,384700000000000;tp;StdTime;15-10-14 00:00:00;171,099763335269586
BE24;3;2706,000000000000000;0,270600000000000;tp;StdTime;15-10-14 00:00:00;192,556748090632425
BE25;4;4010,000000000000000;0,401000000000000;tp;StdTime;15-10-14 00:00:00;161,246502826338769
BE31;5;1403,000000000000000;0,140300000000000;tp;StdTime;15-10-14 00:00:00;201,903450213409883
BE32;6;4820,000000000000000;0,482000000000000;tp;StdTime;15-10-14 00:00:00;185,853626675427648
BE10;7;209,000000000000000;0,020900000000000;tp;StdTime;15-10-14 00:00:00;190,953399950237383
BE21;8;3689,000000000000000;0,368900000000000;tp;StdTime;15-10-14 00:00:00;177,753599655469941
BE33;9;4899,000000000000000;0,489900000000000;tp;StdTime;15-10-14 00:00:00;204,139026225257794
BE34;10;5582,000000000000000;0,558200000000000;tp;StdTime;15-10-14 00:00:00;215,036297326957822
BE35;11;4637,000000000000000;0,463700000000000;tp;StdTime;15-10-14 00:00:00;207,032692845689638
BE22;1;3104,000000000000000;0,310400000000000;tp;StdTime;15-10-15 00:00:00;230,184073654646738
BE23;2;3847,000000000000000;0,384700000000000;tp;StdTime;15-10-15 00:00:00;198,949643279101139
BE24;3;2706,000000000000000;0,270600000000000;tp;StdTime;15-10-15 00:00:00;208,414595542619850
BE25;4;4010,000000000000000;0,401000000000000;tp;StdTime;15-10-15 00:00:00;217,462354729479046
BE31;5;1403,000000000000000;0,140300000000000;tp;StdTime;15-10-15 00:00:00;216,992917572695632
BE32;6;4820,000000000000000;0,482000000000000;tp;StdTime;15-10-15 00:00:00;214,432256855311891
BE10;7;209,000000000000000;0,020900000000000;tp;StdTime;15-10-15 00:00:00;203,368546335320730
BE21;8;3689,000000000000000;0,368900000000000;tp;StdTime;15-10-15 00:00:00;215,701694077998269
BE33;9;4899,000000000000000;0,489900000000000;tp;StdTime;15-10-15 00:00:00;272,958147172369593
BE34;10;5582,000000000000000;0,558200000000000;tp;StdTime;15-10-15 00:00:00;278,053496879815043
BE35;11;4637,000000000000000;0,463700000000000;tp;StdTime;15-10-15 00:00:00;241,648064263504352
BE22;1;3104,000000000000000;0,310400000000000;tp;StdTime;15-10-16 00:00:00;147,375487140773345
BE23;2;3847,000000000000000;0,384700000000000;tp;StdTime;15-10-16 00:00:00;154,734231760943970
BE24;3;2706,000000000000000;0,270600000000000;tp;StdTime;15-10-16 00:00:00;139,793661609545381
BE25;4;4010,000000000000000;0,401000000000000;tp;StdTime;15-10-16 00:00:00;182,282013829866031
BE31;5;1403,000000000000000;0,140300000000000;tp;StdTime;15-10-16 00:00:00;136,417722271071483
BE32;6;4820,000000000000000;0,482000000000000;tp;StdTime;15-10-16 00:00:00;140,706261235154500
BE10;7;209,000000000000000;0,020900000000000;tp;StdTime;15-10-16 00:00:00;138,301698529549185
BE21;8;3689,000000000000000;0,368900000000000;tp;StdTime;15-10-16 00:00:00;149,234929160007198
BE33;9;4899,000000000000000;0,489900000000000;tp;StdTime;15-10-16 00:00:00;172,221227330902906
BE34;10;5582,000000000000000;0,558200000000000;tp;StdTime;15-10-16 00:00:00;184,404471927370963
BE35;11;4637,000000000000000;0,463700000000000;tp;StdTime;15-10-16 00:00:00;146,761074136088780
BE22;1;3104,000000000000000;0,310400000000000;tp;StdTime;15-10-17 00:00:00;224,309141665389859
BE23;2;3847,000000000000000;0,384700000000000;tp;StdTime;15-10-17 00:00:00;197,902615179543432
BE24;3;2706,000000000000000;0,270600000000000;tp;StdTime;15-10-17 00:00:00;202,605592579641012
BE25;4;4010,000000000000000;0,401000000000000;tp;StdTime;15-10-17 00:00:00;205,997645439471626
BE31;5;1403,000000000000000;0,140300000000000;tp;StdTime;15-10-17 00:00:00;210,906034821709738
BE32;6;4820,000000000000000;0,482000000000000;tp;StdTime;15-10-17 00:00:00;203,366736856041484
BE10;7;209,000000000000000;0,020900000000000;tp;StdTime;15-10-17 00:00:00;201,166452216189526
BE21;8;3689,000000000000000;0,368900000000000;tp;StdTime;15-10-17 00:00:00;212,904972265651821
BE33;9;4899,000000000000000;0,489900000000000;tp;StdTime;15-10-17 00:00:00;268,242146647932088
BE34;10;5582,000000000000000;0,558200000000000;tp;StdTime;15-10-17 00:00:00;284,199339584739448
BE35;11;4637,000000000000000;0,463700000000000;tp;StdTime;15-10-17 00:00:00;237,778495750731906
BE22;1;3104,000000000000000;0,310400000000000;tp;StdTime;15-10-18 00:00:00;145,490514819155294
BE23;2;3847,000000000000000;0,384700000000000;tp;StdTime;15-10-18 00:00:00;135,823061925949389
BE24;3;2706,000000000000000;0,270600000000000;tp;StdTime;15-10-18 00:00:00;146,651315992176137
BE25;4;4010,000000000000000;0,401000000000000;tp;StdTime;15-10-18 00:00:00;137,120350662193403
BE31;5;1403,000000000000000;0,140300000000000;tp;StdTime;15-10-18 00:00:00;156,409386154251109
BE32;6;4820,000000000000000;0,482000000000000;tp;StdTime;15-10-18 00:00:00;153,743428821484798
BE10;7;209,000000000000000;0,020900000000000;tp;StdTime;15-10-18 00:00:00;147,052068390914741
BE21;8;3689,000000000000000;0,368900000000000;tp;StdTime;15-10-18 00:00:00;140,775432695247503
BE33;9;4899,000000000000000;0,489900000000000;tp;StdTime;15-10-18 00:00:00;159,366360899720092
BE34;10;5582,000000000000000;0,558200000000000;tp;StdTime;15-10-18 00:00:00;147,751123605343281
BE35;11;4637,000000000000000;0,463700000000000;tp;StdTime;15-10-18 00:00:00;156,837192860353071
BE22;1;3104,000000000000000;0,310400000000000;tp;StdTime;15-10-19 00:00:00;271,403583831394315
BE23;2;3847,000000000000000;0,384700000000000;tp;StdTime;15-10-19 00:00:00;226,742871809291103
BE24;3;2706,000000000000000;0,270600000000000;tp;StdTime;15-10-19 00:00:00;231,786336488575614
BE25;4;4010,000000000000000;0,401000000000000;tp;StdTime;15-10-19 00:00:00;251,652671353537215
BE31;5;1403,000000000000000;0,140300000000000;tp;StdTime;15-10-19 00:00:00;233,197395678171461
BE32;6;4820,000000000000000;0,482000000000000;tp;StdTime;15-10-19 00:00:00;229,971534634032281
BE10;7;209,000000000000000;0,020900000000000;tp;StdTime;15-10-19 00:00:00;222,934607692882707
BE21;8;3689,000000000000000;0,368900000000000;tp;StdTime;15-10-19 00:00:00;247,159385009004268
BE33;9;4899,000000000000000;0,489900000000000;tp;StdTime;15-10-19 00:00:00;303,826415750877572
BE34;10;5582,000000000000000;0,558200000000000;tp;StdTime;15-10-19 00:00:00;326,575171180542441
BE35;11;4637,000000000000000;0,463700000000000;tp;StdTime;15-10-19 00:00:00;270,374715420458017
BE22;1;3104,000000000000000;0,310400000000000;tp;StdTime;15-10-20 00:00:00;177,542927658434849
BE23;2;3847,000000000000000;0,384700000000000;tp;StdTime;15-10-20 00:00:00;209,502310312349181
BE24;3;2706,000000000000000;0,270600000000000;tp;StdTime;15-10-20 00:00:00;192,121364568130787
BE25;4;4010,000000000000000;0,401000000000000;tp;StdTime;15-10-20 00:00:00;232,284255201382933
BE31;5;1403,000000000000000;0,140300000000000;tp;StdTime;15-10-20 00:00:00;206,323867732596625
BE32;6;4820,000000000000000;0,482000000000000;tp;StdTime;15-10-20 00:00:00;221,294770566061800
BE10;7;209,000000000000000;0,020900000000000;tp;StdTime;15-10-20 00:00:00;195,226703552538027
BE21;8;3689,000000000000000;0,368900000000000;tp;StdTime;15-10-20 00:00:00;187,050898431212602
BE33;9;4899,000000000000000;0,489900000000000;tp;StdTime;15-10-20 00:00:00;219,405349444894966
BE34;10;5582,000000000000000;0,558200000000000;tp;StdTime;15-10-20 00:00:00;249,964064767223192
BE35;11;4637,000000000000000;0,463700000000000;tp;StdTime;15-10-20 00:00:00;230,458758418560564
BE22;1;3104,000000000000000;0,310400000000000;tp;StdTime;15-10-21 00:00:00;205,348163285205800
BE23;2;3847,000000000000000;0,384700000000000;tp;StdTime;15-10-21 00:00:00;194,273882150712211
BE24;3;2706,000000000000000;0,270600000000000;tp;StdTime;15-10-21 00:00:00;187,322539211817201
BE25;4;4010,000000000000000;0,401000000000000;tp;StdTime;15-10-21 00:00:00;205,099295394022448
BE31;5;1403,000000000000000;0,140300000000000;tp;StdTime;15-10-21 00:00:00;198,938569518216525
BE32;6;4820,000000000000000;0,482000000000000;tp;StdTime;15-10-21 00:00:00;198,838847952561991
BE10;7;209,000000000000000;0,020900000000000;tp;StdTime;15-10-21 00:00:00;175,610430484753380
BE21;8;3689,000000000000000;0,368900000000000;tp;StdTime;15-10-21 00:00:00;197,079968736565149
BE33;9;4899,000000000000000;0,489900000000000;tp;StdTime;15-10-21 00:00:00;201,560569951621716
BE34;10;5582,000000000000000;0,558200000000000;tp;StdTime;15-10-21 00:00:00;216,654055973655773
BE35;11;4637,000000000000000;0,463700000000000;tp;StdTime;15-10-21 00:00:00;217,109384727189763
BE22;1;3104,000000000000000;0,310400000000000;tp;StdTime;15-10-22 00:00:00;128,935966796481978
BE23;2;3847,000000000000000;0,384700000000000;tp;StdTime;15-10-22 00:00:00;130,535843664992086
BE24;3;2706,000000000000000;0,270600000000000;tp;StdTime;15-10-22 00:00:00;128,233772314484611
BE25;4;4010,000000000000000;0,401000000000000;tp;StdTime;15-10-22 00:00:00;146,875218969330689
BE31;5;1403,000000000000000;0,140300000000000;tp;StdTime;15-10-22 00:00:00;132,624430041269136
BE32;6;4820,000000000000000;0,482000000000000;tp;StdTime;15-10-22 00:00:00;136,423645848950656
BE10;7;209,000000000000000;0,020900000000000;tp;StdTime;15-10-22 00:00:00;129,275175067226172
BE21;8;3689,000000000000000;0,368900000000000;tp;StdTime;15-10-22 00:00:00;133,847847137906143
BE33;9;4899,000000000000000;0,489900000000000;tp;StdTime;15-10-22 00:00:00;141,598477173786023
BE34;10;5582,000000000000000;0,558200000000000;tp;StdTime;15-10-22 00:00:00;156,711682176470362
BE35;11;4637,000000000000000;0,463700000000000;tp;StdTime;15-10-22 00:00:00;141,797574653485640
BE22;1;3104,000000000000000;0,310400000000000;tp;StdTime;15-10-23 00:00:00;163,424996759473743
BE23;2;3847,000000000000000;0,384700000000000;tp;StdTime;15-10-23 00:00:00;160,328052148900895
BE24;3;2706,000000000000000;0,270600000000000;tp;StdTime;15-10-23 00:00:00;166,262514361080605
BE25;4;4010,000000000000000;0,401000000000000;tp;StdTime;15-10-23 00:00:00;161,955598213785748
BE31;5;1403,000000000000000;0,140300000000000;tp;StdTime;15-10-23 00:00:00;168,240897311199006
BE32;6;4820,000000000000000;0,482000000000000;tp;StdTime;15-10-23 00:00:00;166,067693996824858
BE10;7;209,000000000000000;0,020900000000000;tp;StdTime;15-10-23 00:00:00;167,858857953377253
BE21;8;3689,000000000000000;0,368900000000000;tp;StdTime;15-10-23 00:00:00;164,752492059307826
BE33;9;4899,000000000000000;0,489900000000000;tp;StdTime;15-10-23 00:00:00;178,200450451039700
BE34;10;5582,000000000000000;0,558200000000000;tp;StdTime;15-10-23 00:00:00;195,069547335420708
BE35;11;4637,000000000000000;0,463700000000000;tp;StdTime;15-10-23 00:00:00;169,498052893616887
BE22;1;3104,000000000000000;0,310400000000000;tp;StdTime;15-10-24 00:00:00;237,271622977305753
BE23;2;3847,000000000000000;0,384700000000000;tp;StdTime;15-10-24 00:00:00;236,575618028950572
BE24;3;2706,000000000000000;0,270600000000000;tp;StdTime;15-10-24 00:00:00;245,437603140617540
BE25;4;4010,000000000000000;0,401000000000000;tp;StdTime;15-10-24 00:00:00;242,971908980295865
BE31;5;1403,000000000000000;0,140300000000000;tp;StdTime;15-10-24 00:00:00;253,184840043951993
BE32;6;4820,000000000000000;0,482000000000000;tp;StdTime;15-10-24 00:00:00;252,308032134756701
BE10;7;209,000000000000000;0,020900000000000;tp;StdTime;15-10-24 00:00:00;252,369533703087654
BE21;8;3689,000000000000000;0,368900000000000;tp;StdTime;15-10-24 00:00:00;248,017854350858300
BE33;9;4899,000000000000000;0,489900000000000;tp;StdTime;15-10-24 00:00:00;285,786385945188897
BE34;10;5582,000000000000000;0,558200000000000;tp;StdTime;15-10-24 00:00:00;319,847064694465985
BE35;11;4637,000000000000000;0,463700000000000;tp;StdTime;15-10-24 00:00:00;283,009280601503519
