Value;COUNT;AREA;Variable;Dimensions;StdTime;MEAN;NUTS_ID;CLC_CODE;CLASSE
11;19297,000000000000000;0,083754340262200;ndvi;StdTime;15-07-01 00:00:00;0,633313481369841;0;1;Artificialise
12;32515,000000000000000;0,141124131918197;ndvi;StdTime;15-07-01 00:00:00;0,707808226667767;0;2;Cultures
13;4653,000000000000000;0,020195312496244;ndvi;StdTime;15-07-01 00:00:00;0,750717586473628;0;3;Prairies
14;2157,000000000000000;0,009361979164925;ndvi;StdTime;15-07-01 00:00:00;0,794509311406547;0;4;Foret feuillus
15;5373,000000000000000;0,023320312495663;ndvi;StdTime;15-07-01 00:00:00;0,770160314780738;0;5;Foret resineux
16;3663,000000000000000;0,015898437497043;ndvi;StdTime;15-07-01 00:00:00;0,791594037935118;0;6;Foret mixte
17;2665,000000000000000;0,011566840275626;ndvi;StdTime;15-07-01 00:00:00;0,678649204589188;0;7;Milieux semi-naturels
18;1213,000000000000000;0,005264756943465;ndvi;StdTime;15-07-01 00:00:00;0,592771943010196;0;8;Zones humides et eau
21;23645,000000000000000;0,102625868036468;ndvi;StdTime;15-07-01 00:00:00;0,607922402572625;0;1;Artificialise
22;53262,000000000000000;0,231171874957004;ndvi;StdTime;15-07-01 00:00:00;0,698942506274379;0;2;Cultures
23;7495,000000000000000;0,032530381938394;ndvi;StdTime;15-07-01 00:00:00;0,724857962115595;0;3;Prairies
24;1297,000000000000000;0,005629340276731;ndvi;StdTime;15-07-01 00:00:00;0,795511818244628;0;4;Foret feuillus
25;405,000000000000000;0,001757812499673;ndvi;StdTime;15-07-01 00:00:00;0,777966406021589;0;5;Foret resineux
26;881,000000000000000;0,003823784721511;ndvi;StdTime;15-07-01 00:00:00;0,783703379848894;0;6;Foret mixte
27;471,000000000000000;0,002044270832953;ndvi;StdTime;15-07-01 00:00:00;0,592765897686441;0;7;Milieux semi-naturels
28;1265,000000000000000;0,005490451387868;ndvi;StdTime;15-07-01 00:00:00;0,441097212409814;0;8;Zones humides et eau
31;20501,000000000000000;0,088980034705673;ndvi;StdTime;15-07-01 00:00:00;0,630974955757589;0;1;Artificialise
32;33836,000000000000000;0,146857638861575;ndvi;StdTime;15-07-01 00:00:00;0,676939885865600;0;2;Cultures
33;2765,000000000000000;0,012000868053323;ndvi;StdTime;15-07-01 00:00:00;0,733239286663735;0;3;Prairies
34;3126,000000000000000;0,013567708330810;ndvi;StdTime;15-07-01 00:00:00;0,812421216998279;0;4;Foret feuillus
35;335,000000000000000;0,001453993055285;ndvi;StdTime;15-07-01 00:00:00;0,782223824066902;0;5;Foret resineux
36;1500,000000000000000;0,006510416665456;ndvi;StdTime;15-07-01 00:00:00;0,802096272905668;0;6;Foret mixte
37;107,000000000000000;0,000464409722136;ndvi;StdTime;15-07-01 00:00:00;0,703789983954385;0;7;Milieux semi-naturels
38;185,000000000000000;0,000802951388740;ndvi;StdTime;15-07-01 00:00:00;0,691329225172867;0;8;Zones humides et eau
41;18553,000000000000000;0,080525173596134;ndvi;StdTime;15-07-01 00:00:00;0,566550343426482;0;1;Artificialise
42;63126,000000000000000;0,273984374949041;ndvi;StdTime;15-07-01 00:00:00;0,653927094150670;0;2;Cultures
43;8940,000000000000000;0,038802083326116;ndvi;StdTime;15-07-01 00:00:00;0,704876269016757;0;3;Prairies
44;659,000000000000000;0,002860243055024;ndvi;StdTime;15-07-01 00:00:00;0,790697083849465;0;4;Foret feuillus
45;284,000000000000000;0,001232638888660;ndvi;StdTime;15-07-01 00:00:00;0,782138615217008;0;5;Foret resineux
46;586,000000000000000;0,002543402777305;ndvi;StdTime;15-07-01 00:00:00;0,799311267078534;0;6;Foret mixte
47;691,000000000000000;0,002999131943887;ndvi;StdTime;15-07-01 00:00:00;0,542178011394217;0;7;Milieux semi-naturels
48;539,000000000000000;0,002339409721787;ndvi;StdTime;15-07-01 00:00:00;0,433070873953435;0;8;Zones humides et eau
51;8563,000000000000000;0,037165798604199;ndvi;StdTime;15-07-01 00:00:00;0,672606289468540;0;1;Artificialise
52;20512,000000000000000;0,089027777761219;ndvi;StdTime;15-07-01 00:00:00;0,649071734984129;0;2;Cultures
53;880,000000000000000;0,003819444443734;ndvi;StdTime;15-07-01 00:00:00;0,705948985029350;0;3;Prairies
54;685,000000000000000;0,002973090277225;ndvi;StdTime;15-07-01 00:00:00;0,804854824377674;0;4;Foret feuillus
55;219,000000000000000;0,000950520833157;ndvi;StdTime;15-07-01 00:00:00;0,803034712734832;0;5;Foret resineux
56;1277,000000000000000;0,005542534721191;ndvi;StdTime;15-07-01 00:00:00;0,799306520980695;0;6;Foret mixte
57;15,000000000000000;0,000065104166655;ndvi;StdTime;15-07-01 00:00:00;0,600579096873601;0;7;Milieux semi-naturels
58;2,000000000000000;0,000008680555554;ndvi;StdTime;15-07-01 00:00:00;0,780359983444214;0;8;Zones humides et eau
61;23918,000000000000000;0,103810763869581;ndvi;StdTime;15-07-01 00:00:00;0,631488710066822;0;1;Artificialise
62;60865,000000000000000;0,264171006895311;ndvi;StdTime;15-07-01 00:00:00;0,668128519108469;0;2;Cultures
63;12006,000000000000000;0,052109374990308;ndvi;StdTime;15-07-01 00:00:00;0,717983757086282;0;3;Prairies
64;11171,000000000000000;0,048485243046538;ndvi;StdTime;15-07-01 00:00:00;0,836414270254378;0;4;Foret feuillus
65;495,000000000000000;0,002148437499600;ndvi;StdTime;15-07-01 00:00:00;0,852928034223692;0;5;Foret resineux
66;1468,000000000000000;0,006371527776593;ndvi;StdTime;15-07-01 00:00:00;0,841001125301262;0;6;Foret mixte
67;777,000000000000000;0,003372395832706;ndvi;StdTime;15-07-01 00:00:00;0,711926746629226;0;7;Milieux semi-naturels
68;453,000000000000000;0,001966145832968;ndvi;StdTime;15-07-01 00:00:00;0,639987566876359;0;8;Zones humides et eau
71;4130,000000000000000;0,017925347218888;ndvi;StdTime;15-07-01 00:00:00;0,480515946047358;0;1;Artificialise
72;100,000000000000000;0,000434027777697;ndvi;StdTime;15-07-01 00:00:00;0,656200919151306;0;2;Cultures
73;15,000000000000000;0,000065104166655;ndvi;StdTime;15-07-01 00:00:00;0,714971518516541;0;3;Prairies
74;459,000000000000000;0,001992187499629;ndvi;StdTime;15-07-01 00:00:00;0,845167884899381;0;4;Foret feuillus
76;35,000000000000000;0,000151909722194;ndvi;StdTime;15-07-01 00:00:00;0,828187111445836;0;6;Foret mixte
78;9,000000000000000;0,000039062499993;ndvi;StdTime;15-07-01 00:00:00;0,346459246344037;0;8;Zones humides et eau
81;27337,000000000000000;0,118650173589043;ndvi;StdTime;15-07-01 00:00:00;0,609492481673263;0;1;Artificialise
82;30867,000000000000000;0,133971354141749;ndvi;StdTime;15-07-01 00:00:00;0,728788265881250;0;2;Cultures
83;12409,000000000000000;0,053858506934427;ndvi;StdTime;15-07-01 00:00:00;0,747126812318702;0;3;Prairies
84;2241,000000000000000;0,009726562498191;ndvi;StdTime;15-07-01 00:00:00;0,796920495938105;0;4;Foret feuillus
85;5418,000000000000000;0,023515624995626;ndvi;StdTime;15-07-01 00:00:00;0,776288040491125;0;5;Foret resineux
86;3278,000000000000000;0,014227430552909;ndvi;StdTime;15-07-01 00:00:00;0,799806261213542;0;6;Foret mixte
87;1125,000000000000000;0,004882812499092;ndvi;StdTime;15-07-01 00:00:00;0,681200091335509;0;7;Milieux semi-naturels
88;2198,000000000000000;0,009539930553781;ndvi;StdTime;15-07-01 00:00:00;0,444757192641846;0;8;Zones humides et eau
91;21524,000000000000000;0,093420138871514;ndvi;StdTime;15-07-01 00:00:00;0,678550201965417;0;1;Artificialise
92;33863,000000000000000;0,146974826361553;ndvi;StdTime;15-07-01 00:00:00;0,692621784656168;0;2;Cultures
93;20854,000000000000000;0,090512152760943;ndvi;StdTime;15-07-01 00:00:00;0,798041267692614;0;3;Prairies
94;4447,000000000000000;0,019301215274188;ndvi;StdTime;15-07-01 00:00:00;0,828453879645092;0;4;Foret feuillus
95;10528,000000000000000;0,045694444435946;ndvi;StdTime;15-07-01 00:00:00;0,815710976731179;0;5;Foret resineux
96;16812,000000000000000;0,072968749986428;ndvi;StdTime;15-07-01 00:00:00;0,829968741914785;0;6;Foret mixte
97;2449,000000000000000;0,010629340275801;ndvi;StdTime;15-07-01 00:00:00;0,775589834516902;0;7;Milieux semi-naturels
98;2008,000000000000000;0,008715277776157;ndvi;StdTime;15-07-01 00:00:00;0,713047461858784;0;8;Zones humides et eau
101;7501,000000000000000;0,032556423605056;ndvi;StdTime;15-07-01 00:00:00;0,728497302447966;0;1;Artificialise
102;32049,000000000000000;0,139101562474128;ndvi;StdTime;15-07-01 00:00:00;0,782753758317740;0;2;Cultures
103;23798,000000000000000;0,103289930536344;ndvi;StdTime;15-07-01 00:00:00;0,795658380885176;0;3;Prairies
104;18168,000000000000000;0,078854166652000;ndvi;StdTime;15-07-01 00:00:00;0,881262006570278;0;4;Foret feuillus
105;13765,000000000000000;0,059743923599999;ndvi;StdTime;15-07-01 00:00:00;0,832729258235910;0;5;Foret resineux
106;30877,000000000000000;0,134014756919519;ndvi;StdTime;15-07-01 00:00:00;0,843715511970147;0;6;Foret mixte
107;2266,000000000000000;0,009835069442615;ndvi;StdTime;15-07-01 00:00:00;0,813630442569872;0;7;Milieux semi-naturels
108;332,000000000000000;0,001440972221954;ndvi;StdTime;15-07-01 00:00:00;0,801915495510561;0;8;Zones humides et eau
111;13192,000000000000000;0,057256944433795;ndvi;StdTime;15-07-01 00:00:00;0,686244221660605;0;1;Artificialise
112;48169,000000000000000;0,209066840238893;ndvi;StdTime;15-07-01 00:00:00;0,691932486079377;0;2;Cultures
113;9056,000000000000000;0,039305555548245;ndvi;StdTime;15-07-01 00:00:00;0,753500991451552;0;3;Prairies
114;15928,000000000000000;0,069131944431586;ndvi;StdTime;15-07-01 00:00:00;0,858855602943766;0;4;Foret feuillus
115;2083,000000000000000;0,009040798609430;ndvi;StdTime;15-07-01 00:00:00;0,854965279866913;0;5;Foret resineux
116;17702,000000000000000;0,076831597207932;ndvi;StdTime;15-07-01 00:00:00;0,846279976603918;0;6;Foret mixte
117;299,000000000000000;0,001297743055314;ndvi;StdTime;15-07-01 00:00:00;0,810795519463593;0;7;Milieux semi-naturels
118;319,000000000000000;0,001384548610854;ndvi;StdTime;15-07-01 00:00:00;0,680769304683589;0;8;Zones humides et eau
11;19297,000000000000000;0,083754340262200;ndvi;StdTime;15-07-02 00:00:00;0,643942774599662;0;1;Artificialise
12;32515,000000000000000;0,141124131918197;ndvi;StdTime;15-07-02 00:00:00;0,731139666825994;0;2;Cultures
13;4653,000000000000000;0,020195312496244;ndvi;StdTime;15-07-02 00:00:00;0,770501460134663;0;3;Prairies
14;2157,000000000000000;0,009361979164925;ndvi;StdTime;15-07-02 00:00:00;0,803111673410038;0;4;Foret feuillus
15;5373,000000000000000;0,023320312495663;ndvi;StdTime;15-07-02 00:00:00;0,785891397076347;0;5;Foret resineux
16;3663,000000000000000;0,015898437497043;ndvi;StdTime;15-07-02 00:00:00;0,799534399824132;0;6;Foret mixte
17;2665,000000000000000;0,011566840275626;ndvi;StdTime;15-07-02 00:00:00;0,706673939308015;0;7;Milieux semi-naturels
18;1213,000000000000000;0,005264756943465;ndvi;StdTime;15-07-02 00:00:00;0,595811880237415;0;8;Zones humides et eau
21;23651,000000000000000;0,102651909703130;ndvi;StdTime;15-07-02 00:00:00;0,623442565820111;0;1;Artificialise
22;53262,000000000000000;0,231171874957004;ndvi;StdTime;15-07-02 00:00:00;0,728132454905521;0;2;Cultures
23;7495,000000000000000;0,032530381938394;ndvi;StdTime;15-07-02 00:00:00;0,746770338733010;0;3;Prairies
24;1297,000000000000000;0,005629340276731;ndvi;StdTime;15-07-02 00:00:00;0,803419528461551;0;4;Foret feuillus
25;405,000000000000000;0,001757812499673;ndvi;StdTime;15-07-02 00:00:00;0,785637966055929;0;5;Foret resineux
26;881,000000000000000;0,003823784721511;ndvi;StdTime;15-07-02 00:00:00;0,791134477913312;0;6;Foret mixte
27;471,000000000000000;0,002044270832953;ndvi;StdTime;15-07-02 00:00:00;0,602823340209427;0;7;Milieux semi-naturels
28;1247,000000000000000;0,005412326387882;ndvi;StdTime;15-07-02 00:00:00;0,458998391033937;0;8;Zones humides et eau
31;20501,000000000000000;0,088980034705673;ndvi;StdTime;15-07-02 00:00:00;0,644276493393738;0;1;Artificialise
32;33836,000000000000000;0,146857638861575;ndvi;StdTime;15-07-02 00:00:00;0,702153295770907;0;2;Cultures
33;2765,000000000000000;0,012000868053323;ndvi;StdTime;15-07-02 00:00:00;0,753644067081362;0;3;Prairies
34;3126,000000000000000;0,013567708330810;ndvi;StdTime;15-07-02 00:00:00;0,822973088431038;0;4;Foret feuillus
35;335,000000000000000;0,001453993055285;ndvi;StdTime;15-07-02 00:00:00;0,791376836086387;0;5;Foret resineux
36;1500,000000000000000;0,006510416665456;ndvi;StdTime;15-07-02 00:00:00;0,813499905586243;0;6;Foret mixte
37;107,000000000000000;0,000464409722136;ndvi;StdTime;15-07-02 00:00:00;0,710052630054617;0;7;Milieux semi-naturels
38;185,000000000000000;0,000802951388740;ndvi;StdTime;15-07-02 00:00:00;0,689447136666324;0;8;Zones humides et eau
41;18533,000000000000000;0,080438368040595;ndvi;StdTime;15-07-02 00:00:00;0,588357027241980;0;1;Artificialise
42;63126,000000000000000;0,273984374949041;ndvi;StdTime;15-07-02 00:00:00;0,702020609275518;0;2;Cultures
43;8940,000000000000000;0,038802083326116;ndvi;StdTime;15-07-02 00:00:00;0,737584307606454;0;3;Prairies
44;659,000000000000000;0,002860243055024;ndvi;StdTime;15-07-02 00:00:00;0,805412194254909;0;4;Foret feuillus
45;284,000000000000000;0,001232638888660;ndvi;StdTime;15-07-02 00:00:00;0,793768883381091;0;5;Foret resineux
46;586,000000000000000;0,002543402777305;ndvi;StdTime;15-07-02 00:00:00;0,807292987563912;0;6;Foret mixte
47;695,000000000000000;0,003016493054995;ndvi;StdTime;15-07-02 00:00:00;0,563622477200391;0;7;Milieux semi-naturels
48;546,000000000000000;0,002369791666226;ndvi;StdTime;15-07-02 00:00:00;0,460526624329016;0;8;Zones humides et eau
51;8563,000000000000000;0,037165798604199;ndvi;StdTime;15-07-02 00:00:00;0,689676497377387;0;1;Artificialise
52;20512,000000000000000;0,089027777761219;ndvi;StdTime;15-07-02 00:00:00;0,689606348649771;0;2;Cultures
53;880,000000000000000;0,003819444443734;ndvi;StdTime;15-07-02 00:00:00;0,735253192619843;0;3;Prairies
54;685,000000000000000;0,002973090277225;ndvi;StdTime;15-07-02 00:00:00;0,810791586350351;0;4;Foret feuillus
55;219,000000000000000;0,000950520833157;ndvi;StdTime;15-07-02 00:00:00;0,822751967057790;0;5;Foret resineux
56;1277,000000000000000;0,005542534721191;ndvi;StdTime;15-07-02 00:00:00;0,812098446775434;0;6;Foret mixte
57;15,000000000000000;0,000065104166655;ndvi;StdTime;15-07-02 00:00:00;0,590020426114400;0;7;Milieux semi-naturels
58;2,000000000000000;0,000008680555554;ndvi;StdTime;15-07-02 00:00:00;0,800333291292191;0;8;Zones humides et eau
61;23918,000000000000000;0,103810763869581;ndvi;StdTime;15-07-02 00:00:00;0,647966913157472;0;1;Artificialise
62;60865,000000000000000;0,264171006895311;ndvi;StdTime;15-07-02 00:00:00;0,712689997252498;0;2;Cultures
63;12006,000000000000000;0,052109374990308;ndvi;StdTime;15-07-02 00:00:00;0,745328318096191;0;3;Prairies
64;11171,000000000000000;0,048485243046538;ndvi;StdTime;15-07-02 00:00:00;0,839624473096947;0;4;Foret feuillus
65;495,000000000000000;0,002148437499600;ndvi;StdTime;15-07-02 00:00:00;0,845199281278283;0;5;Foret resineux
66;1468,000000000000000;0,006371527776593;ndvi;StdTime;15-07-02 00:00:00;0,839816347414207;0;6;Foret mixte
67;777,000000000000000;0,003372395832706;ndvi;StdTime;15-07-02 00:00:00;0,717424958407342;0;7;Milieux semi-naturels
68;453,000000000000000;0,001966145832968;ndvi;StdTime;15-07-02 00:00:00;0,629033562823900;0;8;Zones humides et eau
71;4130,000000000000000;0,017925347218888;ndvi;StdTime;15-07-02 00:00:00;0,488153614221055;0;1;Artificialise
72;100,000000000000000;0,000434027777697;ndvi;StdTime;15-07-02 00:00:00;0,696926112771034;0;2;Cultures
73;15,000000000000000;0,000065104166655;ndvi;StdTime;15-07-02 00:00:00;0,746499089399974;0;3;Prairies
74;459,000000000000000;0,001992187499629;ndvi;StdTime;15-07-02 00:00:00;0,850987471007054;0;4;Foret feuillus
76;35,000000000000000;0,000151909722194;ndvi;StdTime;15-07-02 00:00:00;0,837897411414555;0;6;Foret mixte
78;9,000000000000000;0,000039062499993;ndvi;StdTime;15-07-02 00:00:00;0,339494812819693;0;8;Zones humides et eau
81;27299,000000000000000;0,118485243033518;ndvi;StdTime;15-07-02 00:00:00;0,615080476424105;0;1;Artificialise
82;30867,000000000000000;0,133971354141749;ndvi;StdTime;15-07-02 00:00:00;0,745147584134782;0;2;Cultures
83;12409,000000000000000;0,053858506934427;ndvi;StdTime;15-07-02 00:00:00;0,763844207701345;0;3;Prairies
84;2241,000000000000000;0,009726562498191;ndvi;StdTime;15-07-02 00:00:00;0,802267974213477;0;4;Foret feuillus
85;5418,000000000000000;0,023515624995626;ndvi;StdTime;15-07-02 00:00:00;0,785249829699342;0;5;Foret resineux
86;3278,000000000000000;0,014227430552909;ndvi;StdTime;15-07-02 00:00:00;0,807695195315230;0;6;Foret mixte
87;1122,000000000000000;0,004869791665761;ndvi;StdTime;15-07-02 00:00:00;0,693816039837405;0;7;Milieux semi-naturels
88;2142,000000000000000;0,009296874998271;ndvi;StdTime;15-07-02 00:00:00;0,456663326500831;0;8;Zones humides et eau
91;21524,000000000000000;0,093420138871514;ndvi;StdTime;15-07-02 00:00:00;0,682763754199968;0;1;Artificialise
92;33863,000000000000000;0,146974826361553;ndvi;StdTime;15-07-02 00:00:00;0,717153278787303;0;2;Cultures
93;20854,000000000000000;0,090512152760943;ndvi;StdTime;15-07-02 00:00:00;0,805296989490240;0;3;Prairies
94;4447,000000000000000;0,019301215274188;ndvi;StdTime;15-07-02 00:00:00;0,839535346802152;0;4;Foret feuillus
95;10528,000000000000000;0,045694444435946;ndvi;StdTime;15-07-02 00:00:00;0,834245008832597;0;5;Foret resineux
96;16812,000000000000000;0,072968749986428;ndvi;StdTime;15-07-02 00:00:00;0,843934381301350;0;6;Foret mixte
97;2449,000000000000000;0,010629340275801;ndvi;StdTime;15-07-02 00:00:00;0,799286160543530;0;7;Milieux semi-naturels
98;2008,000000000000000;0,008715277776157;ndvi;StdTime;15-07-02 00:00:00;0,740806076371397;0;8;Zones humides et eau
101;7501,000000000000000;0,032556423605056;ndvi;StdTime;15-07-02 00:00:00;0,729797264414300;0;1;Artificialise
102;32049,000000000000000;0,139101562474128;ndvi;StdTime;15-07-02 00:00:00;0,787634165579972;0;2;Cultures
103;23798,000000000000000;0,103289930536344;ndvi;StdTime;15-07-02 00:00:00;0,799037489560744;0;3;Prairies
104;18168,000000000000000;0,078854166652000;ndvi;StdTime;15-07-02 00:00:00;0,875780051837391;0;4;Foret feuillus
105;13765,000000000000000;0,059743923599999;ndvi;StdTime;15-07-02 00:00:00;0,835779450358023;0;5;Foret resineux
106;30877,000000000000000;0,134014756919519;ndvi;StdTime;15-07-02 00:00:00;0,845436540293981;0;6;Foret mixte
107;2266,000000000000000;0,009835069442615;ndvi;StdTime;15-07-02 00:00:00;0,817944354921027;0;7;Milieux semi-naturels
108;332,000000000000000;0,001440972221954;ndvi;StdTime;15-07-02 00:00:00;0,810762622988367;0;8;Zones humides et eau
111;13192,000000000000000;0,057256944433795;ndvi;StdTime;15-07-02 00:00:00;0,702765675867060;0;1;Artificialise
112;48169,000000000000000;0,209066840238893;ndvi;StdTime;15-07-02 00:00:00;0,724145565203547;0;2;Cultures
113;9056,000000000000000;0,039305555548245;ndvi;StdTime;15-07-02 00:00:00;0,777066830404157;0;3;Prairies
114;15928,000000000000000;0,069131944431586;ndvi;StdTime;15-07-02 00:00:00;0,861500233161066;0;4;Foret feuillus
115;2083,000000000000000;0,009040798609430;ndvi;StdTime;15-07-02 00:00:00;0,850954301358415;0;5;Foret resineux
116;17702,000000000000000;0,076831597207932;ndvi;StdTime;15-07-02 00:00:00;0,851040461217331;0;6;Foret mixte
117;299,000000000000000;0,001297743055314;ndvi;StdTime;15-07-02 00:00:00;0,814738663941323;0;7;Milieux semi-naturels
118;319,000000000000000;0,001384548610854;ndvi;StdTime;15-07-02 00:00:00;0,671118668254266;0;8;Zones humides et eau
11;19297,000000000000000;0,083754340262200;ndvi;StdTime;15-07-03 00:00:00;0,617579276959066;0;1;Artificialise
12;32515,000000000000000;0,141124131918197;ndvi;StdTime;15-07-03 00:00:00;0,704407276931076;0;2;Cultures
13;4653,000000000000000;0,020195312496244;ndvi;StdTime;15-07-03 00:00:00;0,737972944417666;0;3;Prairies
14;2157,000000000000000;0,009361979164925;ndvi;StdTime;15-07-03 00:00:00;0,789388986500424;0;4;Foret feuillus
15;5373,000000000000000;0,023320312495663;ndvi;StdTime;15-07-03 00:00:00;0,768029708164976;0;5;Foret resineux
16;3663,000000000000000;0,015898437497043;ndvi;StdTime;15-07-03 00:00:00;0,784689238691083;0;6;Foret mixte
17;2665,000000000000000;0,011566840275626;ndvi;StdTime;15-07-03 00:00:00;0,672890033277966;0;7;Milieux semi-naturels
18;1213,000000000000000;0,005264756943465;ndvi;StdTime;15-07-03 00:00:00;0,577095589215843;0;8;Zones humides et eau
21;23651,000000000000000;0,102651909703130;ndvi;StdTime;15-07-03 00:00:00;0,596221300567575;0;1;Artificialise
22;53262,000000000000000;0,231171874957004;ndvi;StdTime;15-07-03 00:00:00;0,703544267966947;0;2;Cultures
23;7495,000000000000000;0,032530381938394;ndvi;StdTime;15-07-03 00:00:00;0,723412581699702;0;3;Prairies
24;1297,000000000000000;0,005629340276731;ndvi;StdTime;15-07-03 00:00:00;0,795656388690128;0;4;Foret feuillus
25;405,000000000000000;0,001757812499673;ndvi;StdTime;15-07-03 00:00:00;0,773597806397780;0;5;Foret resineux
26;881,000000000000000;0,003823784721511;ndvi;StdTime;15-07-03 00:00:00;0,782914614433869;0;6;Foret mixte
27;471,000000000000000;0,002044270832953;ndvi;StdTime;15-07-03 00:00:00;0,561473584004268;0;7;Milieux semi-naturels
28;1277,000000000000000;0,005542534721191;ndvi;StdTime;15-07-03 00:00:00;0,420097266763818;0;8;Zones humides et eau
31;20501,000000000000000;0,088980034705673;ndvi;StdTime;15-07-03 00:00:00;0,619790408186281;0;1;Artificialise
32;33836,000000000000000;0,146857638861575;ndvi;StdTime;15-07-03 00:00:00;0,676580209838598;0;2;Cultures
33;2765,000000000000000;0,012000868053323;ndvi;StdTime;15-07-03 00:00:00;0,725386022788491;0;3;Prairies
34;3126,000000000000000;0,013567708330810;ndvi;StdTime;15-07-03 00:00:00;0,811215898964699;0;4;Foret feuillus
35;335,000000000000000;0,001453993055285;ndvi;StdTime;15-07-03 00:00:00;0,773613015395492;0;5;Foret resineux
36;1500,000000000000000;0,006510416665456;ndvi;StdTime;15-07-03 00:00:00;0,801397140701612;0;6;Foret mixte
37;107,000000000000000;0,000464409722136;ndvi;StdTime;15-07-03 00:00:00;0,691577252105018;0;7;Milieux semi-naturels
38;185,000000000000000;0,000802951388740;ndvi;StdTime;15-07-03 00:00:00;0,671084398192328;0;8;Zones humides et eau
41;18526,000000000000000;0,080407986096156;ndvi;StdTime;15-07-03 00:00:00;0,561931432789152;0;1;Artificialise
42;63126,000000000000000;0,273984374949041;ndvi;StdTime;15-07-03 00:00:00;0,671371103260052;0;2;Cultures
43;8940,000000000000000;0,038802083326116;ndvi;StdTime;15-07-03 00:00:00;0,704464040343261;0;3;Prairies
44;659,000000000000000;0,002860243055024;ndvi;StdTime;15-07-03 00:00:00;0,798848234467514;0;4;Foret feuillus
45;284,000000000000000;0,001232638888660;ndvi;StdTime;15-07-03 00:00:00;0,778852145121971;0;5;Foret resineux
46;586,000000000000000;0,002543402777305;ndvi;StdTime;15-07-03 00:00:00;0,796287350382008;0;6;Foret mixte
47;695,000000000000000;0,003016493054995;ndvi;StdTime;15-07-03 00:00:00;0,540338016505078;0;7;Milieux semi-naturels
48;530,000000000000000;0,002300347221794;ndvi;StdTime;15-07-03 00:00:00;0,432096390887949;0;8;Zones humides et eau
51;8563,000000000000000;0,037165798604199;ndvi;StdTime;15-07-03 00:00:00;0,671630479183955;0;1;Artificialise
52;20512,000000000000000;0,089027777761219;ndvi;StdTime;15-07-03 00:00:00;0,664459852060059;0;2;Cultures
53;880,000000000000000;0,003819444443734;ndvi;StdTime;15-07-03 00:00:00;0,705623840980909;0;3;Prairies
54;685,000000000000000;0,002973090277225;ndvi;StdTime;15-07-03 00:00:00;0,806755112818558;0;4;Foret feuillus
55;219,000000000000000;0,000950520833157;ndvi;StdTime;15-07-03 00:00:00;0,809486049495331;0;5;Foret resineux
56;1277,000000000000000;0,005542534721191;ndvi;StdTime;15-07-03 00:00:00;0,805061430229091;0;6;Foret mixte
57;15,000000000000000;0,000065104166655;ndvi;StdTime;15-07-03 00:00:00;0,580456646283468;0;7;Milieux semi-naturels
58;2,000000000000000;0,000008680555554;ndvi;StdTime;15-07-03 00:00:00;0,768991678953171;0;8;Zones humides et eau
61;23918,000000000000000;0,103810763869581;ndvi;StdTime;15-07-03 00:00:00;0,629171391833645;0;1;Artificialise
62;60865,000000000000000;0,264171006895311;ndvi;StdTime;15-07-03 00:00:00;0,687323451766363;0;2;Cultures
63;12006,000000000000000;0,052109374990308;ndvi;StdTime;15-07-03 00:00:00;0,721151637202916;0;3;Prairies
64;11171,000000000000000;0,048485243046538;ndvi;StdTime;15-07-03 00:00:00;0,838983462227882;0;4;Foret feuillus
65;495,000000000000000;0,002148437499600;ndvi;StdTime;15-07-03 00:00:00;0,846383786201477;0;5;Foret resineux
66;1468,000000000000000;0,006371527776593;ndvi;StdTime;15-07-03 00:00:00;0,840310174494738;0;6;Foret mixte
67;777,000000000000000;0,003372395832706;ndvi;StdTime;15-07-03 00:00:00;0,716046048522455;0;7;Milieux semi-naturels
68;453,000000000000000;0,001966145832968;ndvi;StdTime;15-07-03 00:00:00;0,618090457342581;0;8;Zones humides et eau
71;4130,000000000000000;0,017925347218888;ndvi;StdTime;15-07-03 00:00:00;0,473690729223860;0;1;Artificialise
72;100,000000000000000;0,000434027777697;ndvi;StdTime;15-07-03 00:00:00;0,665678645372391;0;2;Cultures
73;15,000000000000000;0,000065104166655;ndvi;StdTime;15-07-03 00:00:00;0,726381079355876;0;3;Prairies
74;459,000000000000000;0,001992187499629;ndvi;StdTime;15-07-03 00:00:00;0,847450089610480;0;4;Foret feuillus
76;35,000000000000000;0,000151909722194;ndvi;StdTime;15-07-03 00:00:00;0,835622360025133;0;6;Foret mixte
78;9,000000000000000;0,000039062499993;ndvi;StdTime;15-07-03 00:00:00;0,341255538993412;0;8;Zones humides et eau
81;27384,000000000000000;0,118854166644561;ndvi;StdTime;15-07-03 00:00:00;0,588037619065370;0;1;Artificialise
82;30867,000000000000000;0,133971354141749;ndvi;StdTime;15-07-03 00:00:00;0,714067219303319;0;2;Cultures
83;12409,000000000000000;0,053858506934427;ndvi;StdTime;15-07-03 00:00:00;0,731394450505433;0;3;Prairies
84;2241,000000000000000;0,009726562498191;ndvi;StdTime;15-07-03 00:00:00;0,785888817508751;0;4;Foret feuillus
85;5418,000000000000000;0,023515624995626;ndvi;StdTime;15-07-03 00:00:00;0,761175277890777;0;5;Foret resineux
86;3278,000000000000000;0,014227430552909;ndvi;StdTime;15-07-03 00:00:00;0,787191475070488;0;6;Foret mixte
87;1122,000000000000000;0,004869791665761;ndvi;StdTime;15-07-03 00:00:00;0,661458073466114;0;7;Milieux semi-naturels
88;2243,000000000000000;0,009735243053745;ndvi;StdTime;15-07-03 00:00:00;0,420957700728259;0;8;Zones humides et eau
91;21524,000000000000000;0,093420138871514;ndvi;StdTime;15-07-03 00:00:00;0,660146107072980;0;1;Artificialise
92;33863,000000000000000;0,146974826361553;ndvi;StdTime;15-07-03 00:00:00;0,692906645200266;0;2;Cultures
93;20854,000000000000000;0,090512152760943;ndvi;StdTime;15-07-03 00:00:00;0,778272592656690;0;3;Prairies
94;4447,000000000000000;0,019301215274188;ndvi;StdTime;15-07-03 00:00:00;0,827299589182732;0;4;Foret feuillus
95;10528,000000000000000;0,045694444435946;ndvi;StdTime;15-07-03 00:00:00;0,821202655167158;0;5;Foret resineux
96;16812,000000000000000;0,072968749986428;ndvi;StdTime;15-07-03 00:00:00;0,828628948888564;0;6;Foret mixte
97;2449,000000000000000;0,010629340275801;ndvi;StdTime;15-07-03 00:00:00;0,789541554163796;0;7;Milieux semi-naturels
98;2008,000000000000000;0,008715277776157;ndvi;StdTime;15-07-03 00:00:00;0,738723834872660;0;8;Zones humides et eau
101;7501,000000000000000;0,032556423605056;ndvi;StdTime;15-07-03 00:00:00;0,714561910251667;0;1;Artificialise
102;32049,000000000000000;0,139101562474128;ndvi;StdTime;15-07-03 00:00:00;0,771301841459848;0;2;Cultures
103;23798,000000000000000;0,103289930536344;ndvi;StdTime;15-07-03 00:00:00;0,780971248182782;0;3;Prairies
104;18168,000000000000000;0,078854166652000;ndvi;StdTime;15-07-03 00:00:00;0,868276525677588;0;4;Foret feuillus
105;13765,000000000000000;0,059743923599999;ndvi;StdTime;15-07-03 00:00:00;0,826859096899668;0;5;Foret resineux
106;30877,000000000000000;0,134014756919519;ndvi;StdTime;15-07-03 00:00:00;0,836780518703590;0;6;Foret mixte
107;2266,000000000000000;0,009835069442615;ndvi;StdTime;15-07-03 00:00:00;0,802865600991017;0;7;Milieux semi-naturels
108;332,000000000000000;0,001440972221954;ndvi;StdTime;15-07-03 00:00:00;0,805521503270391;0;8;Zones humides et eau
111;13192,000000000000000;0,057256944433795;ndvi;StdTime;15-07-03 00:00:00;0,692246066421054;0;1;Artificialise
112;48169,000000000000000;0,209066840238893;ndvi;StdTime;15-07-03 00:00:00;0,713592611038108;0;2;Cultures
113;9056,000000000000000;0,039305555548245;ndvi;StdTime;15-07-03 00:00:00;0,763527823154655;0;3;Prairies
114;15928,000000000000000;0,069131944431586;ndvi;StdTime;15-07-03 00:00:00;0,854915328735474;0;4;Foret feuillus
115;2083,000000000000000;0,009040798609430;ndvi;StdTime;15-07-03 00:00:00;0,854133317605612;0;5;Foret resineux
116;17702,000000000000000;0,076831597207932;ndvi;StdTime;15-07-03 00:00:00;0,846651917557270;0;6;Foret mixte
117;299,000000000000000;0,001297743055314;ndvi;StdTime;15-07-03 00:00:00;0,806370236801862;0;7;Milieux semi-naturels
118;319,000000000000000;0,001384548610854;ndvi;StdTime;15-07-03 00:00:00;0,667541496992859;0;8;Zones humides et eau
11;19297,000000000000000;0,083754340262200;ndvi;StdTime;15-07-04 00:00:00;0,634349944398071;0;1;Artificialise
12;32515,000000000000000;0,141124131918197;ndvi;StdTime;15-07-04 00:00:00;0,724941771867805;0;2;Cultures
13;4653,000000000000000;0,020195312496244;ndvi;StdTime;15-07-04 00:00:00;0,754168368381196;0;3;Prairies
14;2157,000000000000000;0,009361979164925;ndvi;StdTime;15-07-04 00:00:00;0,788617779410544;0;4;Foret feuillus
15;5373,000000000000000;0,023320312495663;ndvi;StdTime;15-07-04 00:00:00;0,765997577064112;0;5;Foret resineux
16;3663,000000000000000;0,015898437497043;ndvi;StdTime;15-07-04 00:00:00;0,782290825753013;0;6;Foret mixte
17;2665,000000000000000;0,011566840275626;ndvi;StdTime;15-07-04 00:00:00;0,673629399390426;0;7;Milieux semi-naturels
18;1213,000000000000000;0,005264756943465;ndvi;StdTime;15-07-04 00:00:00;0,585683436293435;0;8;Zones humides et eau
21;23651,000000000000000;0,102651909703130;ndvi;StdTime;15-07-04 00:00:00;0,615372667854372;0;1;Artificialise
22;53262,000000000000000;0,231171874957004;ndvi;StdTime;15-07-04 00:00:00;0,720971255240306;0;2;Cultures
23;7495,000000000000000;0,032530381938394;ndvi;StdTime;15-07-04 00:00:00;0,740544969901153;0;3;Prairies
24;1297,000000000000000;0,005629340276731;ndvi;StdTime;15-07-04 00:00:00;0,790703259804842;0;4;Foret feuillus
25;405,000000000000000;0,001757812499673;ndvi;StdTime;15-07-04 00:00:00;0,775539424684313;0;5;Foret resineux
26;881,000000000000000;0,003823784721511;ndvi;StdTime;15-07-04 00:00:00;0,784604190054871;0;6;Foret mixte
27;471,000000000000000;0,002044270832953;ndvi;StdTime;15-07-04 00:00:00;0,589890315401073;0;7;Milieux semi-naturels
28;1286,000000000000000;0,005581597221184;ndvi;StdTime;15-07-04 00:00:00;0,437182986157226;0;8;Zones humides et eau
31;20501,000000000000000;0,088980034705673;ndvi;StdTime;15-07-04 00:00:00;0,641762527915978;0;1;Artificialise
32;33836,000000000000000;0,146857638861575;ndvi;StdTime;15-07-04 00:00:00;0,696221934184247;0;2;Cultures
33;2765,000000000000000;0,012000868053323;ndvi;StdTime;15-07-04 00:00:00;0,746583671638806;0;3;Prairies
34;3126,000000000000000;0,013567708330810;ndvi;StdTime;15-07-04 00:00:00;0,804435690682588;0;4;Foret feuillus
35;335,000000000000000;0,001453993055285;ndvi;StdTime;15-07-04 00:00:00;0,774498679744664;0;5;Foret resineux
36;1500,000000000000000;0,006510416665456;ndvi;StdTime;15-07-04 00:00:00;0,800820279975732;0;6;Foret mixte
37;107,000000000000000;0,000464409722136;ndvi;StdTime;15-07-04 00:00:00;0,706315789824334;0;7;Milieux semi-naturels
38;185,000000000000000;0,000802951388740;ndvi;StdTime;15-07-04 00:00:00;0,687517790536623;0;8;Zones humides et eau
41;18540,000000000000000;0,080468749985033;ndvi;StdTime;15-07-04 00:00:00;0,577411529954128;0;1;Artificialise
42;63126,000000000000000;0,273984374949041;ndvi;StdTime;15-07-04 00:00:00;0,690230898434691;0;2;Cultures
43;8940,000000000000000;0,038802083326116;ndvi;StdTime;15-07-04 00:00:00;0,730832212726674;0;3;Prairies
44;659,000000000000000;0,002860243055024;ndvi;StdTime;15-07-04 00:00:00;0,796785137993431;0;4;Foret feuillus
45;284,000000000000000;0,001232638888660;ndvi;StdTime;15-07-04 00:00:00;0,783585538012041;0;5;Foret resineux
46;586,000000000000000;0,002543402777305;ndvi;StdTime;15-07-04 00:00:00;0,798020111365123;0;6;Foret mixte
47;695,000000000000000;0,003016493054995;ndvi;StdTime;15-07-04 00:00:00;0,538693973990225;0;7;Milieux semi-naturels
48;557,000000000000000;0,002417534721773;ndvi;StdTime;15-07-04 00:00:00;0,422190937458135;0;8;Zones humides et eau
51;8563,000000000000000;0,037165798604199;ndvi;StdTime;15-07-04 00:00:00;0,689852207251745;0;1;Artificialise
52;20512,000000000000000;0,089027777761219;ndvi;StdTime;15-07-04 00:00:00;0,698135437918959;0;2;Cultures
53;880,000000000000000;0,003819444443734;ndvi;StdTime;15-07-04 00:00:00;0,731727476316420;0;3;Prairies
54;685,000000000000000;0,002973090277225;ndvi;StdTime;15-07-04 00:00:00;0,797737423172833;0;4;Foret feuillus
55;219,000000000000000;0,000950520833157;ndvi;StdTime;15-07-04 00:00:00;0,793706294336275;0;5;Foret resineux
56;1277,000000000000000;0,005542534721191;ndvi;StdTime;15-07-04 00:00:00;0,801640379494209;0;6;Foret mixte
57;15,000000000000000;0,000065104166655;ndvi;StdTime;15-07-04 00:00:00;0,609209638834000;0;7;Milieux semi-naturels
58;2,000000000000000;0,000008680555554;ndvi;StdTime;15-07-04 00:00:00;0,746189981698990;0;8;Zones humides et eau
61;23918,000000000000000;0,103810763869581;ndvi;StdTime;15-07-04 00:00:00;0,636638380687406;0;1;Artificialise
62;60865,000000000000000;0,264171006895311;ndvi;StdTime;15-07-04 00:00:00;0,701507594409536;0;2;Cultures
63;12006,000000000000000;0,052109374990308;ndvi;StdTime;15-07-04 00:00:00;0,732619576393198;0;3;Prairies
64;11171,000000000000000;0,048485243046538;ndvi;StdTime;15-07-04 00:00:00;0,825896877793123;0;4;Foret feuillus
65;495,000000000000000;0,002148437499600;ndvi;StdTime;15-07-04 00:00:00;0,835765202358516;0;5;Foret resineux
66;1468,000000000000000;0,006371527776593;ndvi;StdTime;15-07-04 00:00:00;0,828489149461325;0;6;Foret mixte
67;777,000000000000000;0,003372395832706;ndvi;StdTime;15-07-04 00:00:00;0,710183219176309;0;7;Milieux semi-naturels
68;453,000000000000000;0,001966145832968;ndvi;StdTime;15-07-04 00:00:00;0,601008896697436;0;8;Zones humides et eau
71;4130,000000000000000;0,017925347218888;ndvi;StdTime;15-07-04 00:00:00;0,486368034224389;0;1;Artificialise
72;100,000000000000000;0,000434027777697;ndvi;StdTime;15-07-04 00:00:00;0,667310931682587;0;2;Cultures
73;15,000000000000000;0,000065104166655;ndvi;StdTime;15-07-04 00:00:00;0,725019991397858;0;3;Prairies
74;459,000000000000000;0,001992187499629;ndvi;StdTime;15-07-04 00:00:00;0,823878563177612;0;4;Foret feuillus
76;35,000000000000000;0,000151909722194;ndvi;StdTime;15-07-04 00:00:00;0,815903738566807;0;6;Foret mixte
78;9,000000000000000;0,000039062499993;ndvi;StdTime;15-07-04 00:00:00;0,376445357998212;0;8;Zones humides et eau
81;27365,000000000000000;0,118771701366798;ndvi;StdTime;15-07-04 00:00:00;0,609595821116970;0;1;Artificialise
82;30867,000000000000000;0,133971354141749;ndvi;StdTime;15-07-04 00:00:00;0,738871554185092;0;2;Cultures
83;12409,000000000000000;0,053858506934427;ndvi;StdTime;15-07-04 00:00:00;0,758220749127030;0;3;Prairies
84;2241,000000000000000;0,009726562498191;ndvi;StdTime;15-07-04 00:00:00;0,792446846357684;0;4;Foret feuillus
85;5418,000000000000000;0,023515624995626;ndvi;StdTime;15-07-04 00:00:00;0,773746160183193;0;5;Foret resineux
86;3278,000000000000000;0,014227430552909;ndvi;StdTime;15-07-04 00:00:00;0,793835150951872;0;6;Foret mixte
87;1122,000000000000000;0,004869791665761;ndvi;StdTime;15-07-04 00:00:00;0,676258412752560;0;7;Milieux semi-naturels
88;2246,000000000000000;0,009748263887076;ndvi;StdTime;15-07-04 00:00:00;0,446838425179112;0;8;Zones humides et eau
91;21524,000000000000000;0,093420138871514;ndvi;StdTime;15-07-04 00:00:00;0,693448698611621;0;1;Artificialise
92;33863,000000000000000;0,146974826361553;ndvi;StdTime;15-07-04 00:00:00;0,735626504626503;0;2;Cultures
93;20854,000000000000000;0,090512152760943;ndvi;StdTime;15-07-04 00:00:00;0,809765475344721;0;3;Prairies
94;4447,000000000000000;0,019301215274188;ndvi;StdTime;15-07-04 00:00:00;0,831227645355046;0;4;Foret feuillus
95;10528,000000000000000;0,045694444435946;ndvi;StdTime;15-07-04 00:00:00;0,802267903824390;0;5;Foret resineux
96;16812,000000000000000;0,072968749986428;ndvi;StdTime;15-07-04 00:00:00;0,824256922341501;0;6;Foret mixte
97;2449,000000000000000;0,010629340275801;ndvi;StdTime;15-07-04 00:00:00;0,765956713197766;0;7;Milieux semi-naturels
98;2008,000000000000000;0,008715277776157;ndvi;StdTime;15-07-04 00:00:00;0,703981236365451;0;8;Zones humides et eau
101;7501,000000000000000;0,032556423605056;ndvi;StdTime;15-07-04 00:00:00;0,725763572756648;0;1;Artificialise
102;32049,000000000000000;0,139101562474128;ndvi;StdTime;15-07-04 00:00:00;0,787190048812670;0;2;Cultures
103;23798,000000000000000;0,103289930536344;ndvi;StdTime;15-07-04 00:00:00;0,798987300750467;0;3;Prairies
104;18168,000000000000000;0,078854166652000;ndvi;StdTime;15-07-04 00:00:00;0,856292631834721;0;4;Foret feuillus
105;13765,000000000000000;0,059743923599999;ndvi;StdTime;15-07-04 00:00:00;0,812050893507652;0;5;Foret resineux
106;30877,000000000000000;0,134014756919519;ndvi;StdTime;15-07-04 00:00:00;0,825120599029453;0;6;Foret mixte
107;2266,000000000000000;0,009835069442615;ndvi;StdTime;15-07-04 00:00:00;0,784545170569041;0;7;Milieux semi-naturels
108;332,000000000000000;0,001440972221954;ndvi;StdTime;15-07-04 00:00:00;0,776939798909498;0;8;Zones humides et eau
111;13192,000000000000000;0,057256944433795;ndvi;StdTime;15-07-04 00:00:00;0,707959718740190;0;1;Artificialise
112;48169,000000000000000;0,209066840238893;ndvi;StdTime;15-07-04 00:00:00;0,739770914158435;0;2;Cultures
113;9056,000000000000000;0,039305555548245;ndvi;StdTime;15-07-04 00:00:00;0,777760872640402;0;3;Prairies
114;15928,000000000000000;0,069131944431586;ndvi;StdTime;15-07-04 00:00:00;0,845899019062906;0;4;Foret feuillus
115;2083,000000000000000;0,009040798609430;ndvi;StdTime;15-07-04 00:00:00;0,837288975543949;0;5;Foret resineux
116;17702,000000000000000;0,076831597207932;ndvi;StdTime;15-07-04 00:00:00;0,837981121039851;0;6;Foret mixte
117;299,000000000000000;0,001297743055314;ndvi;StdTime;15-07-04 00:00:00;0,783620691419046;0;7;Milieux semi-naturels
118;319,000000000000000;0,001384548610854;ndvi;StdTime;15-07-04 00:00:00;0,675503723953959;0;8;Zones humides et eau
11;19297,000000000000000;0,083754340262200;ndvi;StdTime;15-07-05 00:00:00;0,618758750721042;0;1;Artificialise
12;32515,000000000000000;0,141124131918197;ndvi;StdTime;15-07-05 00:00:00;0,710373462165810;0;2;Cultures
13;4653,000000000000000;0,020195312496244;ndvi;StdTime;15-07-05 00:00:00;0,747579623499712;0;3;Prairies
14;2157,000000000000000;0,009361979164925;ndvi;StdTime;15-07-05 00:00:00;0,798779973773200;0;4;Foret feuillus
15;5373,000000000000000;0,023320312495663;ndvi;StdTime;15-07-05 00:00:00;0,772742252858594;0;5;Foret resineux
16;3663,000000000000000;0,015898437497043;ndvi;StdTime;15-07-05 00:00:00;0,793267741209492;0;6;Foret mixte
17;2665,000000000000000;0,011566840275626;ndvi;StdTime;15-07-05 00:00:00;0,667068255780785;0;7;Milieux semi-naturels
18;1213,000000000000000;0,005264756943465;ndvi;StdTime;15-07-05 00:00:00;0,576260664568245;0;8;Zones humides et eau
21;23651,000000000000000;0,102651909703130;ndvi;StdTime;15-07-05 00:00:00;0,602283472236221;0;1;Artificialise
22;53262,000000000000000;0,231171874957004;ndvi;StdTime;15-07-05 00:00:00;0,706935934845802;0;2;Cultures
23;7495,000000000000000;0,032530381938394;ndvi;StdTime;15-07-05 00:00:00;0,730737202138883;0;3;Prairies
24;1297,000000000000000;0,005629340276731;ndvi;StdTime;15-07-05 00:00:00;0,803208592632870;0;4;Foret feuillus
25;405,000000000000000;0,001757812499673;ndvi;StdTime;15-07-05 00:00:00;0,784522119863534;0;5;Foret resineux
26;881,000000000000000;0,003823784721511;ndvi;StdTime;15-07-05 00:00:00;0,791806105283278;0;6;Foret mixte
27;471,000000000000000;0,002044270832953;ndvi;StdTime;15-07-05 00:00:00;0,575995104771005;0;7;Milieux semi-naturels
28;1272,000000000000000;0,005520833332307;ndvi;StdTime;15-07-05 00:00:00;0,419586885985111;0;8;Zones humides et eau
31;20501,000000000000000;0,088980034705673;ndvi;StdTime;15-07-05 00:00:00;0,634467253550430;0;1;Artificialise
32;33836,000000000000000;0,146857638861575;ndvi;StdTime;15-07-05 00:00:00;0,687592775956937;0;2;Cultures
33;2765,000000000000000;0,012000868053323;ndvi;StdTime;15-07-05 00:00:00;0,738855645119820;0;3;Prairies
34;3126,000000000000000;0,013567708330810;ndvi;StdTime;15-07-05 00:00:00;0,823111593094073;0;4;Foret feuillus
35;335,000000000000000;0,001453993055285;ndvi;StdTime;15-07-05 00:00:00;0,783843451827320;0;5;Foret resineux
36;1500,000000000000000;0,006510416665456;ndvi;StdTime;15-07-05 00:00:00;0,813003316223622;0;6;Foret mixte
37;107,000000000000000;0,000464409722136;ndvi;StdTime;15-07-05 00:00:00;0,721453074818460;0;7;Milieux semi-naturels
38;185,000000000000000;0,000802951388740;ndvi;StdTime;15-07-05 00:00:00;0,692871485046438;0;8;Zones humides et eau
41;18524,000000000000000;0,080399305540602;ndvi;StdTime;15-07-05 00:00:00;0,565734234915887;0;1;Artificialise
42;63126,000000000000000;0,273984374949041;ndvi;StdTime;15-07-05 00:00:00;0,663167049480114;0;2;Cultures
43;8940,000000000000000;0,038802083326116;ndvi;StdTime;15-07-05 00:00:00;0,711705995356076;0;3;Prairies
44;659,000000000000000;0,002860243055024;ndvi;StdTime;15-07-05 00:00:00;0,796749218642621;0;4;Foret feuillus
45;284,000000000000000;0,001232638888660;ndvi;StdTime;15-07-05 00:00:00;0,787980044076980;0;5;Foret resineux
46;586,000000000000000;0,002543402777305;ndvi;StdTime;15-07-05 00:00:00;0,802127723756911;0;6;Foret mixte
47;695,000000000000000;0,003016493054995;ndvi;StdTime;15-07-05 00:00:00;0,543403280001107;0;7;Milieux semi-naturels
48;537,000000000000000;0,002330729166233;ndvi;StdTime;15-07-05 00:00:00;0,443451568191642;0;8;Zones humides et eau
51;8563,000000000000000;0,037165798604199;ndvi;StdTime;15-07-05 00:00:00;0,684433313014629;0;1;Artificialise
52;20512,000000000000000;0,089027777761219;ndvi;StdTime;15-07-05 00:00:00;0,675180747980098;0;2;Cultures
53;880,000000000000000;0,003819444443734;ndvi;StdTime;15-07-05 00:00:00;0,718129725957459;0;3;Prairies
54;685,000000000000000;0,002973090277225;ndvi;StdTime;15-07-05 00:00:00;0,818998138486904;0;4;Foret feuillus
55;219,000000000000000;0,000950520833157;ndvi;StdTime;15-07-05 00:00:00;0,808490540611146;0;5;Foret resineux
56;1277,000000000000000;0,005542534721191;ndvi;StdTime;15-07-05 00:00:00;0,812662243376324;0;6;Foret mixte
57;15,000000000000000;0,000065104166655;ndvi;StdTime;15-07-05 00:00:00;0,615598650773366;0;7;Milieux semi-naturels
58;2,000000000000000;0,000008680555554;ndvi;StdTime;15-07-05 00:00:00;0,775775045156479;0;8;Zones humides et eau
61;23918,000000000000000;0,103810763869581;ndvi;StdTime;15-07-05 00:00:00;0,634431311645898;0;1;Artificialise
62;60865,000000000000000;0,264171006895311;ndvi;StdTime;15-07-05 00:00:00;0,688365720724753;0;2;Cultures
63;12006,000000000000000;0,052109374990308;ndvi;StdTime;15-07-05 00:00:00;0,729402205908514;0;3;Prairies
64;11171,000000000000000;0,048485243046538;ndvi;StdTime;15-07-05 00:00:00;0,840911162818899;0;4;Foret feuillus
65;495,000000000000000;0,002148437499600;ndvi;StdTime;15-07-05 00:00:00;0,843357475357826;0;5;Foret resineux
66;1468,000000000000000;0,006371527776593;ndvi;StdTime;15-07-05 00:00:00;0,836769765501776;0;6;Foret mixte
67;777,000000000000000;0,003372395832706;ndvi;StdTime;15-07-05 00:00:00;0,710032617071574;0;7;Milieux semi-naturels
68;453,000000000000000;0,001966145832968;ndvi;StdTime;15-07-05 00:00:00;0,624219402670860;0;8;Zones humides et eau
71;4130,000000000000000;0,017925347218888;ndvi;StdTime;15-07-05 00:00:00;0,483746982425378;0;1;Artificialise
72;100,000000000000000;0,000434027777697;ndvi;StdTime;15-07-05 00:00:00;0,674971345663071;0;2;Cultures
73;15,000000000000000;0,000065104166655;ndvi;StdTime;15-07-05 00:00:00;0,733191772301992;0;3;Prairies
74;459,000000000000000;0,001992187499629;ndvi;StdTime;15-07-05 00:00:00;0,855113859919421;0;4;Foret feuillus
76;35,000000000000000;0,000151909722194;ndvi;StdTime;15-07-05 00:00:00;0,847026649543217;0;6;Foret mixte
78;9,000000000000000;0,000039062499993;ndvi;StdTime;15-07-05 00:00:00;0,337385550141335;0;8;Zones humides et eau
81;27370,000000000000000;0,118793402755683;ndvi;StdTime;15-07-05 00:00:00;0,599931924857553;0;1;Artificialise
82;30867,000000000000000;0,133971354141749;ndvi;StdTime;15-07-05 00:00:00;0,727128334589880;0;2;Cultures
83;12409,000000000000000;0,053858506934427;ndvi;StdTime;15-07-05 00:00:00;0,746756952862687;0;3;Prairies
84;2241,000000000000000;0,009726562498191;ndvi;StdTime;15-07-05 00:00:00;0,798992805704906;0;4;Foret feuillus
85;5418,000000000000000;0,023515624995626;ndvi;StdTime;15-07-05 00:00:00;0,774605435797456;0;5;Foret resineux
86;3278,000000000000000;0,014227430552909;ndvi;StdTime;15-07-05 00:00:00;0,804288974726178;0;6;Foret mixte
87;1121,000000000000000;0,004865451387984;ndvi;StdTime;15-07-05 00:00:00;0,675488121216048;0;7;Milieux semi-naturels
88;2189,000000000000000;0,009500868053788;ndvi;StdTime;15-07-05 00:00:00;0,443165176110398;0;8;Zones humides et eau
91;21524,000000000000000;0,093420138871514;ndvi;StdTime;15-07-05 00:00:00;0,672364917971283;0;1;Artificialise
92;33863,000000000000000;0,146974826361553;ndvi;StdTime;15-07-05 00:00:00;0,701996580962749;0;2;Cultures
93;20854,000000000000000;0,090512152760943;ndvi;StdTime;15-07-05 00:00:00;0,792114464939641;0;3;Prairies
94;4447,000000000000000;0,019301215274188;ndvi;StdTime;15-07-05 00:00:00;0,834321735962499;0;4;Foret feuillus
95;10528,000000000000000;0,045694444435946;ndvi;StdTime;15-07-05 00:00:00;0,809265358384843;0;5;Foret resineux
96;16812,000000000000000;0,072968749986428;ndvi;StdTime;15-07-05 00:00:00;0,828894874452836;0;6;Foret mixte
97;2449,000000000000000;0,010629340275801;ndvi;StdTime;15-07-05 00:00:00;0,769378601920610;0;7;Milieux semi-naturels
98;2008,000000000000000;0,008715277776157;ndvi;StdTime;15-07-05 00:00:00;0,711050181887095;0;8;Zones humides et eau
101;7501,000000000000000;0,032556423605056;ndvi;StdTime;15-07-05 00:00:00;0,719622276827679;0;1;Artificialise
102;32049,000000000000000;0,139101562474128;ndvi;StdTime;15-07-05 00:00:00;0,774923912455740;0;2;Cultures
103;23798,000000000000000;0,103289930536344;ndvi;StdTime;15-07-05 00:00:00;0,789402178536494;0;3;Prairies
104;18168,000000000000000;0,078854166652000;ndvi;StdTime;15-07-05 00:00:00;0,858755507470755;0;4;Foret feuillus
105;13765,000000000000000;0,059743923599999;ndvi;StdTime;15-07-05 00:00:00;0,817273665353512;0;5;Foret resineux
106;30877,000000000000000;0,134014756919519;ndvi;StdTime;15-07-05 00:00:00;0,827978577609233;0;6;Foret mixte
107;2266,000000000000000;0,009835069442615;ndvi;StdTime;15-07-05 00:00:00;0,780186850284962;0;7;Milieux semi-naturels
108;332,000000000000000;0,001440972221954;ndvi;StdTime;15-07-05 00:00:00;0,787118221442383;0;8;Zones humides et eau
111;13192,000000000000000;0,057256944433795;ndvi;StdTime;15-07-05 00:00:00;0,695425989845028;0;1;Artificialise
112;48169,000000000000000;0,209066840238893;ndvi;StdTime;15-07-05 00:00:00;0,715258087769908;0;2;Cultures
113;9056,000000000000000;0,039305555548245;ndvi;StdTime;15-07-05 00:00:00;0,769473713628500;0;3;Prairies
114;15928,000000000000000;0,069131944431586;ndvi;StdTime;15-07-05 00:00:00;0,851143482494359;0;4;Foret feuillus
115;2083,000000000000000;0,009040798609430;ndvi;StdTime;15-07-05 00:00:00;0,840844896711870;0;5;Foret resineux
116;17702,000000000000000;0,076831597207932;ndvi;StdTime;15-07-05 00:00:00;0,840954044746448;0;6;Foret mixte
117;299,000000000000000;0,001297743055314;ndvi;StdTime;15-07-05 00:00:00;0,779484289346331;0;7;Milieux semi-naturels
118;319,000000000000000;0,001384548610854;ndvi;StdTime;15-07-05 00:00:00;0,664560255025248;0;8;Zones humides et eau
11;19297,000000000000000;0,083754340262200;ndvi;StdTime;15-07-06 00:00:00;0,607565148402328;0;1;Artificialise
12;32515,000000000000000;0,141124131918197;ndvi;StdTime;15-07-06 00:00:00;0,695999067026377;0;2;Cultures
13;4653,000000000000000;0,020195312496244;ndvi;StdTime;15-07-06 00:00:00;0,721551679806531;0;3;Prairies
14;2157,000000000000000;0,009361979164925;ndvi;StdTime;15-07-06 00:00:00;0,786462556973175;0;4;Foret feuillus
15;5373,000000000000000;0,023320312495663;ndvi;StdTime;15-07-06 00:00:00;0,761190803389788;0;5;Foret resineux
16;3663,000000000000000;0,015898437497043;ndvi;StdTime;15-07-06 00:00:00;0,774935405167472;0;6;Foret mixte
17;2665,000000000000000;0,011566840275626;ndvi;StdTime;15-07-06 00:00:00;0,667392204892010;0;7;Milieux semi-naturels
18;1213,000000000000000;0,005264756943465;ndvi;StdTime;15-07-06 00:00:00;0,578018269338424;0;8;Zones humides et eau
21;23648,000000000000000;0,102638888869799;ndvi;StdTime;15-07-06 00:00:00;0,573207254679239;0;1;Artificialise
22;53262,000000000000000;0,231171874957004;ndvi;StdTime;15-07-06 00:00:00;0,674091891288570;0;2;Cultures
23;7495,000000000000000;0,032530381938394;ndvi;StdTime;15-07-06 00:00:00;0,696064337012449;0;3;Prairies
24;1297,000000000000000;0,005629340276731;ndvi;StdTime;15-07-06 00:00:00;0,790513088014738;0;4;Foret feuillus
25;405,000000000000000;0,001757812499673;ndvi;StdTime;15-07-06 00:00:00;0,768407046059032;0;5;Foret resineux
26;881,000000000000000;0,003823784721511;ndvi;StdTime;15-07-06 00:00:00;0,774397859440759;0;6;Foret mixte
27;470,000000000000000;0,002039930555176;ndvi;StdTime;15-07-06 00:00:00;0,542715888438706;0;7;Milieux semi-naturels
28;1202,000000000000000;0,005217013887919;ndvi;StdTime;15-07-06 00:00:00;0,405550606722925;0;8;Zones humides et eau
31;20501,000000000000000;0,088980034705673;ndvi;StdTime;15-07-06 00:00:00;0,620685759768075;0;1;Artificialise
32;33836,000000000000000;0,146857638861575;ndvi;StdTime;15-07-06 00:00:00;0,673307370063730;0;2;Cultures
33;2765,000000000000000;0,012000868053323;ndvi;StdTime;15-07-06 00:00:00;0,721592161625246;0;3;Prairies
34;3126,000000000000000;0,013567708330810;ndvi;StdTime;15-07-06 00:00:00;0,817363819172957;0;4;Foret feuillus
35;335,000000000000000;0,001453993055285;ndvi;StdTime;15-07-06 00:00:00;0,775359586637412;0;5;Foret resineux
36;1500,000000000000000;0,006510416665456;ndvi;StdTime;15-07-06 00:00:00;0,801700817664465;0;6;Foret mixte
37;107,000000000000000;0,000464409722136;ndvi;StdTime;15-07-06 00:00:00;0,699041534807080;0;7;Milieux semi-naturels
38;185,000000000000000;0,000802951388740;ndvi;StdTime;15-07-06 00:00:00;0,682575196672130;0;8;Zones humides et eau
41;18509,000000000000000;0,080334201373947;ndvi;StdTime;15-07-06 00:00:00;0,536269038957045;0;1;Artificialise
42;63126,000000000000000;0,273984374949041;ndvi;StdTime;15-07-06 00:00:00;0,635220536188662;0;2;Cultures
43;8940,000000000000000;0,038802083326116;ndvi;StdTime;15-07-06 00:00:00;0,681660654514161;0;3;Prairies
44;659,000000000000000;0,002860243055024;ndvi;StdTime;15-07-06 00:00:00;0,783928824574524;0;4;Foret feuillus
45;284,000000000000000;0,001232638888660;ndvi;StdTime;15-07-06 00:00:00;0,765582671047936;0;5;Foret resineux
46;586,000000000000000;0,002543402777305;ndvi;StdTime;15-07-06 00:00:00;0,781809226339588;0;6;Foret mixte
47;695,000000000000000;0,003016493054995;ndvi;StdTime;15-07-06 00:00:00;0,547345594721411;0;7;Milieux semi-naturels
48;524,000000000000000;0,002274305555133;ndvi;StdTime;15-07-06 00:00:00;0,420105524196730;0;8;Zones humides et eau
51;8563,000000000000000;0,037165798604199;ndvi;StdTime;15-07-06 00:00:00;0,665631707520611;0;1;Artificialise
52;20512,000000000000000;0,089027777761219;ndvi;StdTime;15-07-06 00:00:00;0,662941598286924;0;2;Cultures
53;880,000000000000000;0,003819444443734;ndvi;StdTime;15-07-06 00:00:00;0,689010933651166;0;3;Prairies
54;685,000000000000000;0,002973090277225;ndvi;StdTime;15-07-06 00:00:00;0,812526811039361;0;4;Foret feuillus
55;219,000000000000000;0,000950520833157;ndvi;StdTime;15-07-06 00:00:00;0,800248189876069;0;5;Foret resineux
56;1277,000000000000000;0,005542534721191;ndvi;StdTime;15-07-06 00:00:00;0,804005373196389;0;6;Foret mixte
57;15,000000000000000;0,000065104166655;ndvi;StdTime;15-07-06 00:00:00;0,607138657569885;0;7;Milieux semi-naturels
58;2,000000000000000;0,000008680555554;ndvi;StdTime;15-07-06 00:00:00;0,764849960803986;0;8;Zones humides et eau
61;23918,000000000000000;0,103810763869581;ndvi;StdTime;15-07-06 00:00:00;0,600382605976424;0;1;Artificialise
62;60865,000000000000000;0,264171006895311;ndvi;StdTime;15-07-06 00:00:00;0,647052427613919;0;2;Cultures
63;12006,000000000000000;0,052109374990308;ndvi;StdTime;15-07-06 00:00:00;0,675873522584821;0;3;Prairies
64;11171,000000000000000;0,048485243046538;ndvi;StdTime;15-07-06 00:00:00;0,824151471733418;0;4;Foret feuillus
65;495,000000000000000;0,002148437499600;ndvi;StdTime;15-07-06 00:00:00;0,809098107164556;0;5;Foret resineux
66;1468,000000000000000;0,006371527776593;ndvi;StdTime;15-07-06 00:00:00;0,820293016549027;0;6;Foret mixte
67;777,000000000000000;0,003372395832706;ndvi;StdTime;15-07-06 00:00:00;0,694226873772485;0;7;Milieux semi-naturels
68;453,000000000000000;0,001966145832968;ndvi;StdTime;15-07-06 00:00:00;0,591623890018358;0;8;Zones humides et eau
71;4130,000000000000000;0,017925347218888;ndvi;StdTime;15-07-06 00:00:00;0,471427464254255;0;1;Artificialise
72;100,000000000000000;0,000434027777697;ndvi;StdTime;15-07-06 00:00:00;0,656313929259777;0;2;Cultures
73;15,000000000000000;0,000065104166655;ndvi;StdTime;15-07-06 00:00:00;0,700618656476339;0;3;Prairies
74;459,000000000000000;0,001992187499629;ndvi;StdTime;15-07-06 00:00:00;0,856360534956772;0;4;Foret feuillus
76;35,000000000000000;0,000151909722194;ndvi;StdTime;15-07-06 00:00:00;0,835864256109510;0;6;Foret mixte
78;9,000000000000000;0,000039062499993;ndvi;StdTime;15-07-06 00:00:00;0,301679998636246;0;8;Zones humides et eau
81;27282,000000000000000;0,118411458311310;ndvi;StdTime;15-07-06 00:00:00;0,586683665783198;0;1;Artificialise
82;30867,000000000000000;0,133971354141749;ndvi;StdTime;15-07-06 00:00:00;0,701212164267420;0;2;Cultures
83;12409,000000000000000;0,053858506934427;ndvi;StdTime;15-07-06 00:00:00;0,719943515639981;0;3;Prairies
84;2241,000000000000000;0,009726562498191;ndvi;StdTime;15-07-06 00:00:00;0,793302653570998;0;4;Foret feuillus
85;5418,000000000000000;0,023515624995626;ndvi;StdTime;15-07-06 00:00:00;0,761881050482892;0;5;Foret resineux
86;3278,000000000000000;0,014227430552909;ndvi;StdTime;15-07-06 00:00:00;0,792880650634734;0;6;Foret mixte
87;1122,000000000000000;0,004869791665761;ndvi;StdTime;15-07-06 00:00:00;0,665850280360743;0;7;Milieux semi-naturels
88;2103,000000000000000;0,009127604164969;ndvi;StdTime;15-07-06 00:00:00;0,435531709341036;0;8;Zones humides et eau
91;21524,000000000000000;0,093420138871514;ndvi;StdTime;15-07-06 00:00:00;0,652619539883799;0;1;Artificialise
92;33863,000000000000000;0,146974826361553;ndvi;StdTime;15-07-06 00:00:00;0,690966420711484;0;2;Cultures
93;20854,000000000000000;0,090512152760943;ndvi;StdTime;15-07-06 00:00:00;0,759945717467388;0;3;Prairies
94;4447,000000000000000;0,019301215274188;ndvi;StdTime;15-07-06 00:00:00;0,824819107892838;0;4;Foret feuillus
95;10528,000000000000000;0,045694444435946;ndvi;StdTime;15-07-06 00:00:00;0,806342744786508;0;5;Foret resineux
96;16812,000000000000000;0,072968749986428;ndvi;StdTime;15-07-06 00:00:00;0,818064481168878;0;6;Foret mixte
97;2449,000000000000000;0,010629340275801;ndvi;StdTime;15-07-06 00:00:00;0,781706460790763;0;7;Milieux semi-naturels
98;2008,000000000000000;0,008715277776157;ndvi;StdTime;15-07-06 00:00:00;0,740838376994419;0;8;Zones humides et eau
101;7501,000000000000000;0,032556423605056;ndvi;StdTime;15-07-06 00:00:00;0,695625952229057;0;1;Artificialise
102;32049,000000000000000;0,139101562474128;ndvi;StdTime;15-07-06 00:00:00;0,748009268092960;0;2;Cultures
103;23798,000000000000000;0,103289930536344;ndvi;StdTime;15-07-06 00:00:00;0,757448778117451;0;3;Prairies
104;18168,000000000000000;0,078854166652000;ndvi;StdTime;15-07-06 00:00:00;0,856540955988611;0;4;Foret feuillus
105;13765,000000000000000;0,059743923599999;ndvi;StdTime;15-07-06 00:00:00;0,809457985691449;0;5;Foret resineux
106;30877,000000000000000;0,134014756919519;ndvi;StdTime;15-07-06 00:00:00;0,820913293663231;0;6;Foret mixte
107;2266,000000000000000;0,009835069442615;ndvi;StdTime;15-07-06 00:00:00;0,767675966208526;0;7;Milieux semi-naturels
108;332,000000000000000;0,001440972221954;ndvi;StdTime;15-07-06 00:00:00;0,790979484298143;0;8;Zones humides et eau
111;13192,000000000000000;0,057256944433795;ndvi;StdTime;15-07-06 00:00:00;0,664569472456933;0;1;Artificialise
112;48169,000000000000000;0,209066840238893;ndvi;StdTime;15-07-06 00:00:00;0,684460062394026;0;2;Cultures
113;9056,000000000000000;0,039305555548245;ndvi;StdTime;15-07-06 00:00:00;0,713458068422028;0;3;Prairies
114;15928,000000000000000;0,069131944431586;ndvi;StdTime;15-07-06 00:00:00;0,842423736418549;0;4;Foret feuillus
115;2083,000000000000000;0,009040798609430;ndvi;StdTime;15-07-06 00:00:00;0,825061883224757;0;5;Foret resineux
116;17702,000000000000000;0,076831597207932;ndvi;StdTime;15-07-06 00:00:00;0,830221983589722;0;6;Foret mixte
117;299,000000000000000;0,001297743055314;ndvi;StdTime;15-07-06 00:00:00;0,763293666385089;0;7;Milieux semi-naturels
118;319,000000000000000;0,001384548610854;ndvi;StdTime;15-07-06 00:00:00;0,649995615116107;0;8;Zones humides et eau
11;19297,000000000000000;0,083754340262200;ndvi;StdTime;15-07-07 00:00:00;0,645086799336996;0;1;Artificialise
12;32515,000000000000000;0,141124131918197;ndvi;StdTime;15-07-07 00:00:00;0,728429441389332;0;2;Cultures
13;4653,000000000000000;0,020195312496244;ndvi;StdTime;15-07-07 00:00:00;0,763733233325382;0;3;Prairies
14;2157,000000000000000;0,009361979164925;ndvi;StdTime;15-07-07 00:00:00;0,800853827456164;0;4;Foret feuillus
15;5373,000000000000000;0,023320312495663;ndvi;StdTime;15-07-07 00:00:00;0,783693386470941;0;5;Foret resineux
16;3663,000000000000000;0,015898437497043;ndvi;StdTime;15-07-07 00:00:00;0,801285438880288;0;6;Foret mixte
17;2665,000000000000000;0,011566840275626;ndvi;StdTime;15-07-07 00:00:00;0,716853733469801;0;7;Milieux semi-naturels
18;1213,000000000000000;0,005264756943465;ndvi;StdTime;15-07-07 00:00:00;0,609509935871271;0;8;Zones humides et eau
21;23651,000000000000000;0,102651909703130;ndvi;StdTime;15-07-07 00:00:00;0,623518112088430;0;1;Artificialise
22;53262,000000000000000;0,231171874957004;ndvi;StdTime;15-07-07 00:00:00;0,729187653614622;0;2;Cultures
23;7495,000000000000000;0,032530381938394;ndvi;StdTime;15-07-07 00:00:00;0,747779197534615;0;3;Prairies
24;1297,000000000000000;0,005629340276731;ndvi;StdTime;15-07-07 00:00:00;0,800330268619791;0;4;Foret feuillus
25;405,000000000000000;0,001757812499673;ndvi;StdTime;15-07-07 00:00:00;0,788846154713337;0;5;Foret resineux
26;881,000000000000000;0,003823784721511;ndvi;StdTime;15-07-07 00:00:00;0,792610513297979;0;6;Foret mixte
27;471,000000000000000;0,002044270832953;ndvi;StdTime;15-07-07 00:00:00;0,542311792999442;0;7;Milieux semi-naturels
28;1280,000000000000000;0,005555555554522;ndvi;StdTime;15-07-07 00:00:00;0,436514479471225;0;8;Zones humides et eau
31;20501,000000000000000;0,088980034705673;ndvi;StdTime;15-07-07 00:00:00;0,646398660811479;0;1;Artificialise
32;33836,000000000000000;0,146857638861575;ndvi;StdTime;15-07-07 00:00:00;0,692546534431164;0;2;Cultures
33;2765,000000000000000;0,012000868053323;ndvi;StdTime;15-07-07 00:00:00;0,747454046685700;0;3;Prairies
34;3126,000000000000000;0,013567708330810;ndvi;StdTime;15-07-07 00:00:00;0,815863626951297;0;4;Foret feuillus
35;335,000000000000000;0,001453993055285;ndvi;StdTime;15-07-07 00:00:00;0,779448174718601;0;5;Foret resineux
36;1500,000000000000000;0,006510416665456;ndvi;StdTime;15-07-07 00:00:00;0,807347442507744;0;6;Foret mixte
37;107,000000000000000;0,000464409722136;ndvi;StdTime;15-07-07 00:00:00;0,711472656125220;0;7;Milieux semi-naturels
38;185,000000000000000;0,000802951388740;ndvi;StdTime;15-07-07 00:00:00;0,690418624716836;0;8;Zones humides et eau
41;18517,000000000000000;0,080368923596163;ndvi;StdTime;15-07-07 00:00:00;0,596323059732674;0;1;Artificialise
42;63125,000000000000000;0,273980034671264;ndvi;StdTime;15-07-07 00:00:00;0,698254744933387;0;2;Cultures
43;8940,000000000000000;0,038802083326116;ndvi;StdTime;15-07-07 00:00:00;0,736453050158299;0;3;Prairies
44;659,000000000000000;0,002860243055024;ndvi;StdTime;15-07-07 00:00:00;0,808565488715454;0;4;Foret feuillus
45;284,000000000000000;0,001232638888660;ndvi;StdTime;15-07-07 00:00:00;0,797418960907930;0;5;Foret resineux
46;586,000000000000000;0,002543402777305;ndvi;StdTime;15-07-07 00:00:00;0,810792480159945;0;6;Foret mixte
47;692,000000000000000;0,003003472221664;ndvi;StdTime;15-07-07 00:00:00;0,585544497256485;0;7;Milieux semi-naturels
48;525,000000000000000;0,002278645832910;ndvi;StdTime;15-07-07 00:00:00;0,473185768941018;0;8;Zones humides et eau
51;8563,000000000000000;0,037165798604199;ndvi;StdTime;15-07-07 00:00:00;0,688910524362468;0;1;Artificialise
52;20512,000000000000000;0,089027777761219;ndvi;StdTime;15-07-07 00:00:00;0,660508457648275;0;2;Cultures
53;880,000000000000000;0,003819444443734;ndvi;StdTime;15-07-07 00:00:00;0,724233810129492;0;3;Prairies
54;685,000000000000000;0,002973090277225;ndvi;StdTime;15-07-07 00:00:00;0,811590079930577;0;4;Foret feuillus
55;219,000000000000000;0,000950520833157;ndvi;StdTime;15-07-07 00:00:00;0,822084034686763;0;5;Foret resineux
56;1277,000000000000000;0,005542534721191;ndvi;StdTime;15-07-07 00:00:00;0,811663385938647;0;6;Foret mixte
57;15,000000000000000;0,000065104166655;ndvi;StdTime;15-07-07 00:00:00;0,662979312737783;0;7;Milieux semi-naturels
58;2,000000000000000;0,000008680555554;ndvi;StdTime;15-07-07 00:00:00;0,830737471580505;0;8;Zones humides et eau
61;23916,000000000000000;0,103802083314027;ndvi;StdTime;15-07-07 00:00:00;0,649982303013981;0;1;Artificialise
62;60855,000000000000000;0,264127604117541;ndvi;StdTime;15-07-07 00:00:00;0,695265196203916;0;2;Cultures
63;12006,000000000000000;0,052109374990308;ndvi;StdTime;15-07-07 00:00:00;0,736150770843296;0;3;Prairies
64;11171,000000000000000;0,048485243046538;ndvi;StdTime;15-07-07 00:00:00;0,839762960129849;0;4;Foret feuillus
65;495,000000000000000;0,002148437499600;ndvi;StdTime;15-07-07 00:00:00;0,843011120112255;0;5;Foret resineux
66;1468,000000000000000;0,006371527776593;ndvi;StdTime;15-07-07 00:00:00;0,840473069502320;0;6;Foret mixte
67;777,000000000000000;0,003372395832706;ndvi;StdTime;15-07-07 00:00:00;0,726286453553302;0;7;Milieux semi-naturels
68;453,000000000000000;0,001966145832968;ndvi;StdTime;15-07-07 00:00:00;0,626366747349961;0;8;Zones humides et eau
71;4130,000000000000000;0,017925347218888;ndvi;StdTime;15-07-07 00:00:00;0,502441950201916;0;1;Artificialise
72;100,000000000000000;0,000434027777697;ndvi;StdTime;15-07-07 00:00:00;0,686442217528820;0;2;Cultures
73;15,000000000000000;0,000065104166655;ndvi;StdTime;15-07-07 00:00:00;0,661909425258637;0;3;Prairies
74;459,000000000000000;0,001992187499629;ndvi;StdTime;15-07-07 00:00:00;0,846209071949936;0;4;Foret feuillus
76;35,000000000000000;0,000151909722194;ndvi;StdTime;15-07-07 00:00:00;0,837422021797725;0;6;Foret mixte
78;9,000000000000000;0,000039062499993;ndvi;StdTime;15-07-07 00:00:00;0,289450357357661;0;8;Zones humides et eau
81;27158,000000000000000;0,117873263866965;ndvi;StdTime;15-07-07 00:00:00;0,616743428854734;0;1;Artificialise
82;30862,000000000000000;0,133949652752864;ndvi;StdTime;15-07-07 00:00:00;0,744678596724252;0;2;Cultures
83;12409,000000000000000;0,053858506934427;ndvi;StdTime;15-07-07 00:00:00;0,761150813201671;0;3;Prairies
84;2241,000000000000000;0,009726562498191;ndvi;StdTime;15-07-07 00:00:00;0,801451484083013;0;4;Foret feuillus
85;5418,000000000000000;0,023515624995626;ndvi;StdTime;15-07-07 00:00:00;0,785357412980816;0;5;Foret resineux
86;3278,000000000000000;0,014227430552909;ndvi;StdTime;15-07-07 00:00:00;0,807236551683875;0;6;Foret mixte
87;1109,000000000000000;0,004813368054660;ndvi;StdTime;15-07-07 00:00:00;0,698063399242968;0;7;Milieux semi-naturels
88;2151,000000000000000;0,009335937498264;ndvi;StdTime;15-07-07 00:00:00;0,462432709552096;0;8;Zones humides et eau
91;21524,000000000000000;0,093420138871514;ndvi;StdTime;15-07-07 00:00:00;0,682810802744446;0;1;Artificialise
92;33863,000000000000000;0,146974826361553;ndvi;StdTime;15-07-07 00:00:00;0,700188437502989;0;2;Cultures
93;20854,000000000000000;0,090512152760943;ndvi;StdTime;15-07-07 00:00:00;0,795503185421208;0;3;Prairies
94;4447,000000000000000;0,019301215274188;ndvi;StdTime;15-07-07 00:00:00;0,821495748233708;0;4;Foret feuillus
95;10528,000000000000000;0,045694444435946;ndvi;StdTime;15-07-07 00:00:00;0,806597549530558;0;5;Foret resineux
96;16812,000000000000000;0,072968749986428;ndvi;StdTime;15-07-07 00:00:00;0,823165135777637;0;6;Foret mixte
97;2449,000000000000000;0,010629340275801;ndvi;StdTime;15-07-07 00:00:00;0,785982326689230;0;7;Milieux semi-naturels
98;2008,000000000000000;0,008715277776157;ndvi;StdTime;15-07-07 00:00:00;0,739507539657897;0;8;Zones humides et eau
101;7501,000000000000000;0,032556423605056;ndvi;StdTime;15-07-07 00:00:00;0,734791588547262;0;1;Artificialise
102;32049,000000000000000;0,139101562474128;ndvi;StdTime;15-07-07 00:00:00;0,784531905004328;0;2;Cultures
103;23798,000000000000000;0,103289930536344;ndvi;StdTime;15-07-07 00:00:00;0,795130906699685;0;3;Prairies
104;18168,000000000000000;0,078854166652000;ndvi;StdTime;15-07-07 00:00:00;0,861100145330622;0;4;Foret feuillus
105;13765,000000000000000;0,059743923599999;ndvi;StdTime;15-07-07 00:00:00;0,815978412462762;0;5;Foret resineux
106;30877,000000000000000;0,134014756919519;ndvi;StdTime;15-07-07 00:00:00;0,829462082734379;0;6;Foret mixte
107;2266,000000000000000;0,009835069442615;ndvi;StdTime;15-07-07 00:00:00;0,778906319747430;0;7;Milieux semi-naturels
108;332,000000000000000;0,001440972221954;ndvi;StdTime;15-07-07 00:00:00;0,789582143346948;0;8;Zones humides et eau
111;13192,000000000000000;0,057256944433795;ndvi;StdTime;15-07-07 00:00:00;0,697447733613597;0;1;Artificialise
112;48169,000000000000000;0,209066840238893;ndvi;StdTime;15-07-07 00:00:00;0,699942488437620;0;2;Cultures
113;9056,000000000000000;0,039305555548245;ndvi;StdTime;15-07-07 00:00:00;0,771230234708570;0;3;Prairies
114;15928,000000000000000;0,069131944431586;ndvi;StdTime;15-07-07 00:00:00;0,851700011436840;0;4;Foret feuillus
115;2083,000000000000000;0,009040798609430;ndvi;StdTime;15-07-07 00:00:00;0,836944575728673;0;5;Foret resineux
116;17702,000000000000000;0,076831597207932;ndvi;StdTime;15-07-07 00:00:00;0,839137237202097;0;6;Foret mixte
117;299,000000000000000;0,001297743055314;ndvi;StdTime;15-07-07 00:00:00;0,797868516333526;0;7;Milieux semi-naturels
118;319,000000000000000;0,001384548610854;ndvi;StdTime;15-07-07 00:00:00;0,667657449421091;0;8;Zones humides et eau
11;19297,000000000000000;0,083754340262200;ndvi;StdTime;15-07-08 00:00:00;0,638982945391660;0;1;Artificialise
12;32515,000000000000000;0,141124131918197;ndvi;StdTime;15-07-08 00:00:00;0,725825078111053;0;2;Cultures
13;4653,000000000000000;0,020195312496244;ndvi;StdTime;15-07-08 00:00:00;0,752755428850330;0;3;Prairies
14;2157,000000000000000;0,009361979164925;ndvi;StdTime;15-07-08 00:00:00;0,792382484475495;0;4;Foret feuillus
15;5373,000000000000000;0,023320312495663;ndvi;StdTime;15-07-08 00:00:00;0,772499094340204;0;5;Foret resineux
16;3663,000000000000000;0,015898437497043;ndvi;StdTime;15-07-08 00:00:00;0,791115631944586;0;6;Foret mixte
17;2665,000000000000000;0,011566840275626;ndvi;StdTime;15-07-08 00:00:00;0,697452491846138;0;7;Milieux semi-naturels
18;1213,000000000000000;0,005264756943465;ndvi;StdTime;15-07-08 00:00:00;0,603958846824796;0;8;Zones humides et eau
21;23598,000000000000000;0,102421874980950;ndvi;StdTime;15-07-08 00:00:00;0,597947727346321;0;1;Artificialise
22;53262,000000000000000;0,231171874957004;ndvi;StdTime;15-07-08 00:00:00;0,711229367644893;0;2;Cultures
23;7495,000000000000000;0,032530381938394;ndvi;StdTime;15-07-08 00:00:00;0,727547558726591;0;3;Prairies
24;1297,000000000000000;0,005629340276731;ndvi;StdTime;15-07-08 00:00:00;0,788245783232687;0;4;Foret feuillus
25;405,000000000000000;0,001757812499673;ndvi;StdTime;15-07-08 00:00:00;0,770067110768071;0;5;Foret resineux
26;881,000000000000000;0,003823784721511;ndvi;StdTime;15-07-08 00:00:00;0,780091235437404;0;6;Foret mixte
27;463,000000000000000;0,002009548610737;ndvi;StdTime;15-07-08 00:00:00;0,532888442825035;0;7;Milieux semi-naturels
28;1211,000000000000000;0,005256076387911;ndvi;StdTime;15-07-08 00:00:00;0,417146000365513;0;8;Zones humides et eau
31;20501,000000000000000;0,088980034705673;ndvi;StdTime;15-07-08 00:00:00;0,640080015494176;0;1;Artificialise
32;33836,000000000000000;0,146857638861575;ndvi;StdTime;15-07-08 00:00:00;0,696139996553166;0;2;Cultures
33;2765,000000000000000;0,012000868053323;ndvi;StdTime;15-07-08 00:00:00;0,738239565044372;0;3;Prairies
34;3126,000000000000000;0,013567708330810;ndvi;StdTime;15-07-08 00:00:00;0,813195323904049;0;4;Foret feuillus
35;335,000000000000000;0,001453993055285;ndvi;StdTime;15-07-08 00:00:00;0,778571253748082;0;5;Foret resineux
36;1500,000000000000000;0,006510416665456;ndvi;StdTime;15-07-08 00:00:00;0,805483506957690;0;6;Foret mixte
37;107,000000000000000;0,000464409722136;ndvi;StdTime;15-07-08 00:00:00;0,707704962971055;0;7;Milieux semi-naturels
38;185,000000000000000;0,000802951388740;ndvi;StdTime;15-07-08 00:00:00;0,682429713332975;0;8;Zones humides et eau
41;18504,000000000000000;0,080312499985063;ndvi;StdTime;15-07-08 00:00:00;0,564614197467857;0;1;Artificialise
42;63126,000000000000000;0,273984374949041;ndvi;StdTime;15-07-08 00:00:00;0,680147719324506;0;2;Cultures
43;8940,000000000000000;0,038802083326116;ndvi;StdTime;15-07-08 00:00:00;0,712665117367000;0;3;Prairies
44;659,000000000000000;0,002860243055024;ndvi;StdTime;15-07-08 00:00:00;0,797850605660035;0;4;Foret feuillus
45;284,000000000000000;0,001232638888660;ndvi;StdTime;15-07-08 00:00:00;0,777655755025400;0;5;Foret resineux
46;586,000000000000000;0,002543402777305;ndvi;StdTime;15-07-08 00:00:00;0,795143585359684;0;6;Foret mixte
47;695,000000000000000;0,003016493054995;ndvi;StdTime;15-07-08 00:00:00;0,563923337888107;0;7;Milieux semi-naturels
48;498,000000000000000;0,002161458332931;ndvi;StdTime;15-07-08 00:00:00;0,472532517850833;0;8;Zones humides et eau
51;8563,000000000000000;0,037165798604199;ndvi;StdTime;15-07-08 00:00:00;0,680477062964374;0;1;Artificialise
52;20512,000000000000000;0,089027777761219;ndvi;StdTime;15-07-08 00:00:00;0,673712395878386;0;2;Cultures
53;880,000000000000000;0,003819444443734;ndvi;StdTime;15-07-08 00:00:00;0,708726931261746;0;3;Prairies
54;685,000000000000000;0,002973090277225;ndvi;StdTime;15-07-08 00:00:00;0,807713841782868;0;4;Foret feuillus
55;219,000000000000000;0,000950520833157;ndvi;StdTime;15-07-08 00:00:00;0,816065034909880;0;5;Foret resineux
56;1277,000000000000000;0,005542534721191;ndvi;StdTime;15-07-08 00:00:00;0,805284439443887;0;6;Foret mixte
57;15,000000000000000;0,000065104166655;ndvi;StdTime;15-07-08 00:00:00;0,575116968154907;0;7;Milieux semi-naturels
58;2,000000000000000;0,000008680555554;ndvi;StdTime;15-07-08 00:00:00;0,766759961843491;0;8;Zones humides et eau
61;23918,000000000000000;0,103810763869581;ndvi;StdTime;15-07-08 00:00:00;0,630429016831631;0;1;Artificialise
62;60865,000000000000000;0,264171006895311;ndvi;StdTime;15-07-08 00:00:00;0,685357561610300;0;2;Cultures
63;12006,000000000000000;0,052109374990308;ndvi;StdTime;15-07-08 00:00:00;0,717371681194077;0;3;Prairies
64;11171,000000000000000;0,048485243046538;ndvi;StdTime;15-07-08 00:00:00;0,830331494487312;0;4;Foret feuillus
65;495,000000000000000;0,002148437499600;ndvi;StdTime;15-07-08 00:00:00;0,824742284086015;0;5;Foret resineux
66;1468,000000000000000;0,006371527776593;ndvi;StdTime;15-07-08 00:00:00;0,827315558367270;0;6;Foret mixte
67;777,000000000000000;0,003372395832706;ndvi;StdTime;15-07-08 00:00:00;0,710342516846945;0;7;Milieux semi-naturels
68;453,000000000000000;0,001966145832968;ndvi;StdTime;15-07-08 00:00:00;0,620756337283463;0;8;Zones humides et eau
71;4130,000000000000000;0,017925347218888;ndvi;StdTime;15-07-08 00:00:00;0,483289765050639;0;1;Artificialise
72;100,000000000000000;0,000434027777697;ndvi;StdTime;15-07-08 00:00:00;0,664811664819717;0;2;Cultures
73;15,000000000000000;0,000065104166655;ndvi;StdTime;15-07-08 00:00:00;0,736558441321055;0;3;Prairies
74;459,000000000000000;0,001992187499629;ndvi;StdTime;15-07-08 00:00:00;0,856504013855213;0;4;Foret feuillus
76;35,000000000000000;0,000151909722194;ndvi;StdTime;15-07-08 00:00:00;0,844935127667019;0;6;Foret mixte
78;9,000000000000000;0,000039062499993;ndvi;StdTime;15-07-08 00:00:00;0,294060544835197;0;8;Zones humides et eau
81;27174,000000000000000;0,117942708311397;ndvi;StdTime;15-07-08 00:00:00;0,609522509282741;0;1;Artificialise
82;30867,000000000000000;0,133971354141749;ndvi;StdTime;15-07-08 00:00:00;0,733475176133966;0;2;Cultures
83;12409,000000000000000;0,053858506934427;ndvi;StdTime;15-07-08 00:00:00;0,749147974293918;0;3;Prairies
84;2241,000000000000000;0,009726562498191;ndvi;StdTime;15-07-08 00:00:00;0,791615564407699;0;4;Foret feuillus
85;5418,000000000000000;0,023515624995626;ndvi;StdTime;15-07-08 00:00:00;0,770669245470183;0;5;Foret resineux
86;3278,000000000000000;0,014227430552909;ndvi;StdTime;15-07-08 00:00:00;0,793447975662512;0;6;Foret mixte
87;1118,000000000000000;0,004852430554653;ndvi;StdTime;15-07-08 00:00:00;0,680072659410018;0;7;Milieux semi-naturels
88;2096,000000000000000;0,009097222220530;ndvi;StdTime;15-07-08 00:00:00;0,460294006935223;0;8;Zones humides et eau
91;21524,000000000000000;0,093420138871514;ndvi;StdTime;15-07-08 00:00:00;0,685745226070796;0;1;Artificialise
92;33863,000000000000000;0,146974826361553;ndvi;StdTime;15-07-08 00:00:00;0,718777688008541;0;2;Cultures
93;20854,000000000000000;0,090512152760943;ndvi;StdTime;15-07-08 00:00:00;0,804779711783854;0;3;Prairies
94;4447,000000000000000;0,019301215274188;ndvi;StdTime;15-07-08 00:00:00;0,830837668905048;0;4;Foret feuillus
95;10528,000000000000000;0,045694444435946;ndvi;StdTime;15-07-08 00:00:00;0,819344782703598;0;5;Foret resineux
96;16812,000000000000000;0,072968749986428;ndvi;StdTime;15-07-08 00:00:00;0,833015944481663;0;6;Foret mixte
97;2449,000000000000000;0,010629340275801;ndvi;StdTime;15-07-08 00:00:00;0,797270861668409;0;7;Milieux semi-naturels
98;2008,000000000000000;0,008715277776157;ndvi;StdTime;15-07-08 00:00:00;0,744319350967012;0;8;Zones humides et eau
101;7501,000000000000000;0,032556423605056;ndvi;StdTime;15-07-08 00:00:00;0,728086993696212;0;1;Artificialise
102;32049,000000000000000;0,139101562474128;ndvi;StdTime;15-07-08 00:00:00;0,781421807804379;0;2;Cultures
103;23798,000000000000000;0,103289930536344;ndvi;StdTime;15-07-08 00:00:00;0,793071595817132;0;3;Prairies
104;18168,000000000000000;0,078854166652000;ndvi;StdTime;15-07-08 00:00:00;0,870735887449545;0;4;Foret feuillus
105;13765,000000000000000;0,059743923599999;ndvi;StdTime;15-07-08 00:00:00;0,820832193872084;0;5;Foret resineux
106;30877,000000000000000;0,134014756919519;ndvi;StdTime;15-07-08 00:00:00;0,833375945594152;0;6;Foret mixte
107;2266,000000000000000;0,009835069442615;ndvi;StdTime;15-07-08 00:00:00;0,783798157682170;0;7;Milieux semi-naturels
108;332,000000000000000;0,001440972221954;ndvi;StdTime;15-07-08 00:00:00;0,779266224209084;0;8;Zones humides et eau
111;13192,000000000000000;0,057256944433795;ndvi;StdTime;15-07-08 00:00:00;0,692724366902202;0;1;Artificialise
112;48169,000000000000000;0,209066840238893;ndvi;StdTime;15-07-08 00:00:00;0,708308043386792;0;2;Cultures
113;9056,000000000000000;0,039305555548245;ndvi;StdTime;15-07-08 00:00:00;0,761354975751190;0;3;Prairies
114;15928,000000000000000;0,069131944431586;ndvi;StdTime;15-07-08 00:00:00;0,851775776387191;0;4;Foret feuillus
115;2083,000000000000000;0,009040798609430;ndvi;StdTime;15-07-08 00:00:00;0,834485013211399;0;5;Foret resineux
116;17702,000000000000000;0,076831597207932;ndvi;StdTime;15-07-08 00:00:00;0,838879592906095;0;6;Foret mixte
117;299,000000000000000;0,001297743055314;ndvi;StdTime;15-07-08 00:00:00;0,790424567600557;0;7;Milieux semi-naturels
118;319,000000000000000;0,001384548610854;ndvi;StdTime;15-07-08 00:00:00;0,673071189733882;0;8;Zones humides et eau
11;19297,000000000000000;0,083754340262200;ndvi;StdTime;15-07-09 00:00:00;0,625819757562226;0;1;Artificialise
12;32515,000000000000000;0,141124131918197;ndvi;StdTime;15-07-09 00:00:00;0,722780574306642;0;2;Cultures
13;4653,000000000000000;0,020195312496244;ndvi;StdTime;15-07-09 00:00:00;0,748448189787523;0;3;Prairies
14;2157,000000000000000;0,009361979164925;ndvi;StdTime;15-07-09 00:00:00;0,797195425299400;0;4;Foret feuillus
15;5373,000000000000000;0,023320312495663;ndvi;StdTime;15-07-09 00:00:00;0,771708089757759;0;5;Foret resineux
16;3663,000000000000000;0,015898437497043;ndvi;StdTime;15-07-09 00:00:00;0,790783141858910;0;6;Foret mixte
17;2665,000000000000000;0,011566840275626;ndvi;StdTime;15-07-09 00:00:00;0,676844543945498;0;7;Milieux semi-naturels
18;1213,000000000000000;0,005264756943465;ndvi;StdTime;15-07-09 00:00:00;0,604111156798745;0;8;Zones humides et eau
21;23651,000000000000000;0,102651909703130;ndvi;StdTime;15-07-09 00:00:00;0,600662174211917;0;1;Artificialise
22;53262,000000000000000;0,231171874957004;ndvi;StdTime;15-07-09 00:00:00;0,710462247834407;0;2;Cultures
23;7495,000000000000000;0,032530381938394;ndvi;StdTime;15-07-09 00:00:00;0,730703141352906;0;3;Prairies
24;1297,000000000000000;0,005629340276731;ndvi;StdTime;15-07-09 00:00:00;0,802580806872619;0;4;Foret feuillus
25;405,000000000000000;0,001757812499673;ndvi;StdTime;15-07-09 00:00:00;0,782058192035298;0;5;Foret resineux
26;881,000000000000000;0,003823784721511;ndvi;StdTime;15-07-09 00:00:00;0,788174594267273;0;6;Foret mixte
27;471,000000000000000;0,002044270832953;ndvi;StdTime;15-07-09 00:00:00;0,519551936102014;0;7;Milieux semi-naturels
28;1260,000000000000000;0,005468749998983;ndvi;StdTime;15-07-09 00:00:00;0,415579294057430;0;8;Zones humides et eau
31;20501,000000000000000;0,088980034705673;ndvi;StdTime;15-07-09 00:00:00;0,634680856422476;0;1;Artificialise
32;33836,000000000000000;0,146857638861575;ndvi;StdTime;15-07-09 00:00:00;0,690980071690102;0;2;Cultures
33;2765,000000000000000;0,012000868053323;ndvi;StdTime;15-07-09 00:00:00;0,740158929574770;0;3;Prairies
34;3126,000000000000000;0,013567708330810;ndvi;StdTime;15-07-09 00:00:00;0,818843317056649;0;4;Foret feuillus
35;335,000000000000000;0,001453993055285;ndvi;StdTime;15-07-09 00:00:00;0,775960125318214;0;5;Foret resineux
36;1500,000000000000000;0,006510416665456;ndvi;StdTime;15-07-09 00:00:00;0,808074072341125;0;6;Foret mixte
37;107,000000000000000;0,000464409722136;ndvi;StdTime;15-07-09 00:00:00;0,710375861586811;0;7;Milieux semi-naturels
38;185,000000000000000;0,000802951388740;ndvi;StdTime;15-07-09 00:00:00;0,680413062991323;0;8;Zones humides et eau
41;18557,000000000000000;0,080542534707242;ndvi;StdTime;15-07-09 00:00:00;0,556455908720628;0;1;Artificialise
42;63126,000000000000000;0,273984374949041;ndvi;StdTime;15-07-09 00:00:00;0,664286262534766;0;2;Cultures
43;8940,000000000000000;0,038802083326116;ndvi;StdTime;15-07-09 00:00:00;0,708564490569918;0;3;Prairies
44;659,000000000000000;0,002860243055024;ndvi;StdTime;15-07-09 00:00:00;0,799539116337013;0;4;Foret feuillus
45;284,000000000000000;0,001232638888660;ndvi;StdTime;15-07-09 00:00:00;0,783962083009767;0;5;Foret resineux
46;586,000000000000000;0,002543402777305;ndvi;StdTime;15-07-09 00:00:00;0,797435887234202;0;6;Foret mixte
47;694,000000000000000;0,003012152777218;ndvi;StdTime;15-07-09 00:00:00;0,550417867479766;0;7;Milieux semi-naturels
48;528,000000000000000;0,002291666666240;ndvi;StdTime;15-07-09 00:00:00;0,442636899570723;0;8;Zones humides et eau
51;8563,000000000000000;0,037165798604199;ndvi;StdTime;15-07-09 00:00:00;0,681557418226251;0;1;Artificialise
52;20512,000000000000000;0,089027777761219;ndvi;StdTime;15-07-09 00:00:00;0,672440008234155;0;2;Cultures
53;880,000000000000000;0,003819444443734;ndvi;StdTime;15-07-09 00:00:00;0,716875596615402;0;3;Prairies
54;685,000000000000000;0,002973090277225;ndvi;StdTime;15-07-09 00:00:00;0,816674844539948;0;4;Foret feuillus
55;219,000000000000000;0,000950520833157;ndvi;StdTime;15-07-09 00:00:00;0,818771132323296;0;5;Foret resineux
56;1277,000000000000000;0,005542534721191;ndvi;StdTime;15-07-09 00:00:00;0,813475033783223;0;6;Foret mixte
57;15,000000000000000;0,000065104166655;ndvi;StdTime;15-07-09 00:00:00;0,612890428304672;0;7;Milieux semi-naturels
58;2,000000000000000;0,000008680555554;ndvi;StdTime;15-07-09 00:00:00;0,753839999437332;0;8;Zones humides et eau
61;23918,000000000000000;0,103810763869581;ndvi;StdTime;15-07-09 00:00:00;0,635540399541847;0;1;Artificialise
62;60865,000000000000000;0,264171006895311;ndvi;StdTime;15-07-09 00:00:00;0,685209497309234;0;2;Cultures
63;12006,000000000000000;0,052109374990308;ndvi;StdTime;15-07-09 00:00:00;0,722774593460844;0;3;Prairies
64;11171,000000000000000;0,048485243046538;ndvi;StdTime;15-07-09 00:00:00;0,844494803404704;0;4;Foret feuillus
65;495,000000000000000;0,002148437499600;ndvi;StdTime;15-07-09 00:00:00;0,845110887108427;0;5;Foret resineux
66;1468,000000000000000;0,006371527776593;ndvi;StdTime;15-07-09 00:00:00;0,842299215495587;0;6;Foret mixte
67;777,000000000000000;0,003372395832706;ndvi;StdTime;15-07-09 00:00:00;0,721749572219996;0;7;Milieux semi-naturels
68;453,000000000000000;0,001966145832968;ndvi;StdTime;15-07-09 00:00:00;0,621274231976232;0;8;Zones humides et eau
71;4130,000000000000000;0,017925347218888;ndvi;StdTime;15-07-09 00:00:00;0,491273457140237;0;1;Artificialise
72;100,000000000000000;0,000434027777697;ndvi;StdTime;15-07-09 00:00:00;0,671787216961384;0;2;Cultures
73;15,000000000000000;0,000065104166655;ndvi;StdTime;15-07-09 00:00:00;0,713249532381694;0;3;Prairies
74;459,000000000000000;0,001992187499629;ndvi;StdTime;15-07-09 00:00:00;0,852029981176838;0;4;Foret feuillus
76;35,000000000000000;0,000151909722194;ndvi;StdTime;15-07-09 00:00:00;0,841224839006152;0;6;Foret mixte
78;9,000000000000000;0,000039062499993;ndvi;StdTime;15-07-09 00:00:00;0,304150733682844;0;8;Zones humides et eau
81;27287,000000000000000;0,118433159700195;ndvi;StdTime;15-07-09 00:00:00;0,602401235745443;0;1;Artificialise
82;30867,000000000000000;0,133971354141749;ndvi;StdTime;15-07-09 00:00:00;0,729175338316008;0;2;Cultures
83;12409,000000000000000;0,053858506934427;ndvi;StdTime;15-07-09 00:00:00;0,744230382579754;0;3;Prairies
84;2241,000000000000000;0,009726562498191;ndvi;StdTime;15-07-09 00:00:00;0,793990587480682;0;4;Foret feuillus
85;5418,000000000000000;0,023515624995626;ndvi;StdTime;15-07-09 00:00:00;0,772251790626632;0;5;Foret resineux
86;3278,000000000000000;0,014227430552909;ndvi;StdTime;15-07-09 00:00:00;0,799064144846721;0;6;Foret mixte
87;1125,000000000000000;0,004882812499092;ndvi;StdTime;15-07-09 00:00:00;0,672328710489803;0;7;Milieux semi-naturels
88;2205,000000000000000;0,009570312498220;ndvi;StdTime;15-07-09 00:00:00;0,440341445113915;0;8;Zones humides et eau
91;21524,000000000000000;0,093420138871514;ndvi;StdTime;15-07-09 00:00:00;0,684410820517648;0;1;Artificialise
92;33863,000000000000000;0,146974826361553;ndvi;StdTime;15-07-09 00:00:00;0,712861704091658;0;2;Cultures
93;20854,000000000000000;0,090512152760943;ndvi;StdTime;15-07-09 00:00:00;0,806734309257808;0;3;Prairies
94;4447,000000000000000;0,019301215274188;ndvi;StdTime;15-07-09 00:00:00;0,838156598845251;0;4;Foret feuillus
95;10528,000000000000000;0,045694444435946;ndvi;StdTime;15-07-09 00:00:00;0,827770085320284;0;5;Foret resineux
96;16812,000000000000000;0,072968749986428;ndvi;StdTime;15-07-09 00:00:00;0,839645970195299;0;6;Foret mixte
97;2449,000000000000000;0,010629340275801;ndvi;StdTime;15-07-09 00:00:00;0,795619290962468;0;7;Milieux semi-naturels
98;2008,000000000000000;0,008715277776157;ndvi;StdTime;15-07-09 00:00:00;0,737634639192626;0;8;Zones humides et eau
101;7501,000000000000000;0,032556423605056;ndvi;StdTime;15-07-09 00:00:00;0,735885484459211;0;1;Artificialise
102;32049,000000000000000;0,139101562474128;ndvi;StdTime;15-07-09 00:00:00;0,791711572961144;0;2;Cultures
103;23798,000000000000000;0,103289930536344;ndvi;StdTime;15-07-09 00:00:00;0,805402138513151;0;3;Prairies
104;18168,000000000000000;0,078854166652000;ndvi;StdTime;15-07-09 00:00:00;0,870227522534560;0;4;Foret feuillus
105;13765,000000000000000;0,059743923599999;ndvi;StdTime;15-07-09 00:00:00;0,829941255059886;0;5;Foret resineux
106;30877,000000000000000;0,134014756919519;ndvi;StdTime;15-07-09 00:00:00;0,839534045171098;0;6;Foret mixte
107;2266,000000000000000;0,009835069442615;ndvi;StdTime;15-07-09 00:00:00;0,789926209680190;0;7;Milieux semi-naturels
108;332,000000000000000;0,001440972221954;ndvi;StdTime;15-07-09 00:00:00;0,773154676678669;0;8;Zones humides et eau
111;13192,000000000000000;0,057256944433795;ndvi;StdTime;15-07-09 00:00:00;0,687968245150013;0;1;Artificialise
112;48169,000000000000000;0,209066840238893;ndvi;StdTime;15-07-09 00:00:00;0,704012533719600;0;2;Cultures
113;9056,000000000000000;0,039305555548245;ndvi;StdTime;15-07-09 00:00:00;0,760444803828170;0;3;Prairies
114;15928,000000000000000;0,069131944431586;ndvi;StdTime;15-07-09 00:00:00;0,857170970074829;0;4;Foret feuillus
115;2083,000000000000000;0,009040798609430;ndvi;StdTime;15-07-09 00:00:00;0,846695485220354;0;5;Foret resineux
116;17702,000000000000000;0,076831597207932;ndvi;StdTime;15-07-09 00:00:00;0,846463897708794;0;6;Foret mixte
117;299,000000000000000;0,001297743055314;ndvi;StdTime;15-07-09 00:00:00;0,796882929012528;0;7;Milieux semi-naturels
118;319,000000000000000;0,001384548610854;ndvi;StdTime;15-07-09 00:00:00;0,670075541192835;0;8;Zones humides et eau
11;19297,000000000000000;0,083754340262200;ndvi;StdTime;15-07-10 00:00:00;0,587426722583305;0;1;Artificialise
12;32515,000000000000000;0,141124131918197;ndvi;StdTime;15-07-10 00:00:00;0,682066947400030;0;2;Cultures
13;4653,000000000000000;0,020195312496244;ndvi;StdTime;15-07-10 00:00:00;0,701845301272356;0;3;Prairies
14;2157,000000000000000;0,009361979164925;ndvi;StdTime;15-07-10 00:00:00;0,776494996797502;0;4;Foret feuillus
15;5373,000000000000000;0,023320312495663;ndvi;StdTime;15-07-10 00:00:00;0,736888277870128;0;5;Foret resineux
16;3663,000000000000000;0,015898437497043;ndvi;StdTime;15-07-10 00:00:00;0,763862919325781;0;6;Foret mixte
17;2665,000000000000000;0,011566840275626;ndvi;StdTime;15-07-10 00:00:00;0,620266400789232;0;7;Milieux semi-naturels
18;1213,000000000000000;0,005264756943465;ndvi;StdTime;15-07-10 00:00:00;0,575892803152471;0;8;Zones humides et eau
21;23651,000000000000000;0,102651909703130;ndvi;StdTime;15-07-10 00:00:00;0,570291512368918;0;1;Artificialise
22;53262,000000000000000;0,231171874957004;ndvi;StdTime;15-07-10 00:00:00;0,683424697519198;0;2;Cultures
23;7495,000000000000000;0,032530381938394;ndvi;StdTime;15-07-10 00:00:00;0,704487311613408;0;3;Prairies
24;1297,000000000000000;0,005629340276731;ndvi;StdTime;15-07-10 00:00:00;0,793243656708998;0;4;Foret feuillus
25;405,000000000000000;0,001757812499673;ndvi;StdTime;15-07-10 00:00:00;0,764373071620493;0;5;Foret resineux
26;881,000000000000000;0,003823784721511;ndvi;StdTime;15-07-10 00:00:00;0,776389626889711;0;6;Foret mixte
27;471,000000000000000;0,002044270832953;ndvi;StdTime;15-07-10 00:00:00;0,495171834091852;0;7;Milieux semi-naturels
28;1239,000000000000000;0,005377604165666;ndvi;StdTime;15-07-10 00:00:00;0,383058060434768;0;8;Zones humides et eau
31;20501,000000000000000;0,088980034705673;ndvi;StdTime;15-07-10 00:00:00;0,608116429751762;0;1;Artificialise
32;33836,000000000000000;0,146857638861575;ndvi;StdTime;15-07-10 00:00:00;0,664618510045203;0;2;Cultures
33;2765,000000000000000;0,012000868053323;ndvi;StdTime;15-07-10 00:00:00;0,713966148595913;0;3;Prairies
34;3126,000000000000000;0,013567708330810;ndvi;StdTime;15-07-10 00:00:00;0,808222179258776;0;4;Foret feuillus
35;335,000000000000000;0,001453993055285;ndvi;StdTime;15-07-10 00:00:00;0,748592777038688;0;5;Foret resineux
36;1500,000000000000000;0,006510416665456;ndvi;StdTime;15-07-10 00:00:00;0,788374819537004;0;6;Foret mixte
37;107,000000000000000;0,000464409722136;ndvi;StdTime;15-07-10 00:00:00;0,691073778355233;0;7;Milieux semi-naturels
38;185,000000000000000;0,000802951388740;ndvi;StdTime;15-07-10 00:00:00;0,660467696512068;0;8;Zones humides et eau
41;18511,000000000000000;0,080342881929501;ndvi;StdTime;15-07-10 00:00:00;0,544727575874877;0;1;Artificialise
42;63126,000000000000000;0,273984374949041;ndvi;StdTime;15-07-10 00:00:00;0,656997800018291;0;2;Cultures
43;8940,000000000000000;0,038802083326116;ndvi;StdTime;15-07-10 00:00:00;0,702387091140752;0;3;Prairies
44;659,000000000000000;0,002860243055024;ndvi;StdTime;15-07-10 00:00:00;0,791417616994681;0;4;Foret feuillus
45;284,000000000000000;0,001232638888660;ndvi;StdTime;15-07-10 00:00:00;0,771527662978206;0;5;Foret resineux
46;586,000000000000000;0,002543402777305;ndvi;StdTime;15-07-10 00:00:00;0,786590263501776;0;6;Foret mixte
47;694,000000000000000;0,003012152777218;ndvi;StdTime;15-07-10 00:00:00;0,522193925347856;0;7;Milieux semi-naturels
48;530,000000000000000;0,002300347221794;ndvi;StdTime;15-07-10 00:00:00;0,420315787083698;0;8;Zones humides et eau
51;8563,000000000000000;0,037165798604199;ndvi;StdTime;15-07-10 00:00:00;0,661125124694587;0;1;Artificialise
52;20512,000000000000000;0,089027777761219;ndvi;StdTime;15-07-10 00:00:00;0,653157890865837;0;2;Cultures
53;880,000000000000000;0,003819444443734;ndvi;StdTime;15-07-10 00:00:00;0,698548769002612;0;3;Prairies
54;685,000000000000000;0,002973090277225;ndvi;StdTime;15-07-10 00:00:00;0,805852205648910;0;4;Foret feuillus
55;219,000000000000000;0,000950520833157;ndvi;StdTime;15-07-10 00:00:00;0,801111344333108;0;5;Foret resineux
56;1277,000000000000000;0,005542534721191;ndvi;StdTime;15-07-10 00:00:00;0,797223392672714;0;6;Foret mixte
57;15,000000000000000;0,000065104166655;ndvi;StdTime;15-07-10 00:00:00;0,598233199119568;0;7;Milieux semi-naturels
58;2,000000000000000;0,000008680555554;ndvi;StdTime;15-07-10 00:00:00;0,730224967002869;0;8;Zones humides et eau
61;23912,000000000000000;0,103784722202919;ndvi;StdTime;15-07-10 00:00:00;0,611518021904159;0;1;Artificialise
62;60865,000000000000000;0,264171006895311;ndvi;StdTime;15-07-10 00:00:00;0,664782550369113;0;2;Cultures
63;12006,000000000000000;0,052109374990308;ndvi;StdTime;15-07-10 00:00:00;0,702480744190083;0;3;Prairies
64;11171,000000000000000;0,048485243046538;ndvi;StdTime;15-07-10 00:00:00;0,837635250361432;0;4;Foret feuillus
65;495,000000000000000;0,002148437499600;ndvi;StdTime;15-07-10 00:00:00;0,830630020782201;0;5;Foret resineux
66;1468,000000000000000;0,006371527776593;ndvi;StdTime;15-07-10 00:00:00;0,831887842767570;0;6;Foret mixte
67;777,000000000000000;0,003372395832706;ndvi;StdTime;15-07-10 00:00:00;0,706761910456642;0;7;Milieux semi-naturels
68;446,000000000000000;0,001935763888529;ndvi;StdTime;15-07-10 00:00:00;0,601641056015085;0;8;Zones humides et eau
71;4130,000000000000000;0,017925347218888;ndvi;StdTime;15-07-10 00:00:00;0,469980039884118;0;1;Artificialise
72;100,000000000000000;0,000434027777697;ndvi;StdTime;15-07-10 00:00:00;0,656724485158920;0;2;Cultures
73;15,000000000000000;0,000065104166655;ndvi;StdTime;15-07-10 00:00:00;0,724958666165670;0;3;Prairies
74;459,000000000000000;0,001992187499629;ndvi;StdTime;15-07-10 00:00:00;0,854238011089026;0;4;Foret feuillus
76;35,000000000000000;0,000151909722194;ndvi;StdTime;15-07-10 00:00:00;0,836584659985134;0;6;Foret mixte
78;9,000000000000000;0,000039062499993;ndvi;StdTime;15-07-10 00:00:00;0,250911853379673;0;8;Zones humides et eau
81;27299,000000000000000;0,118485243033518;ndvi;StdTime;15-07-10 00:00:00;0,570087073791168;0;1;Artificialise
82;30867,000000000000000;0,133971354141749;ndvi;StdTime;15-07-10 00:00:00;0,696708637350743;0;2;Cultures
83;12409,000000000000000;0,053858506934427;ndvi;StdTime;15-07-10 00:00:00;0,709063003798403;0;3;Prairies
84;2241,000000000000000;0,009726562498191;ndvi;StdTime;15-07-10 00:00:00;0,780129525236976;0;4;Foret feuillus
85;5418,000000000000000;0,023515624995626;ndvi;StdTime;15-07-10 00:00:00;0,742387608535264;0;5;Foret resineux
86;3278,000000000000000;0,014227430552909;ndvi;StdTime;15-07-10 00:00:00;0,777204005946612;0;6;Foret mixte
87;1122,000000000000000;0,004869791665761;ndvi;StdTime;15-07-10 00:00:00;0,640036390732422;0;7;Milieux semi-naturels
88;2137,000000000000000;0,009275173609386;ndvi;StdTime;15-07-10 00:00:00;0,413338381173705;0;8;Zones humides et eau
91;21524,000000000000000;0,093420138871514;ndvi;StdTime;15-07-10 00:00:00;0,654126233404131;0;1;Artificialise
92;33863,000000000000000;0,146974826361553;ndvi;StdTime;15-07-10 00:00:00;0,682991259141280;0;2;Cultures
93;20854,000000000000000;0,090512152760943;ndvi;StdTime;15-07-10 00:00:00;0,774692442444983;0;3;Prairies
94;4447,000000000000000;0,019301215274188;ndvi;StdTime;15-07-10 00:00:00;0,818316455581147;0;4;Foret feuillus
95;10528,000000000000000;0,045694444435946;ndvi;StdTime;15-07-10 00:00:00;0,806476898146028;0;5;Foret resineux
96;16812,000000000000000;0,072968749986428;ndvi;StdTime;15-07-10 00:00:00;0,819600588844813;0;6;Foret mixte
97;2449,000000000000000;0,010629340275801;ndvi;StdTime;15-07-10 00:00:00;0,769707960528030;0;7;Milieux semi-naturels
98;2008,000000000000000;0,008715277776157;ndvi;StdTime;15-07-10 00:00:00;0,696657866024342;0;8;Zones humides et eau
101;7501,000000000000000;0,032556423605056;ndvi;StdTime;15-07-10 00:00:00;0,702302646377122;0;1;Artificialise
102;32049,000000000000000;0,139101562474128;ndvi;StdTime;15-07-10 00:00:00;0,752137421137972;0;2;Cultures
103;23798,000000000000000;0,103289930536344;ndvi;StdTime;15-07-10 00:00:00;0,764064125620888;0;3;Prairies
104;18168,000000000000000;0,078854166652000;ndvi;StdTime;15-07-10 00:00:00;0,864202055688054;0;4;Foret feuillus
105;13765,000000000000000;0,059743923599999;ndvi;StdTime;15-07-10 00:00:00;0,812812396387077;0;5;Foret resineux
106;30877,000000000000000;0,134014756919519;ndvi;StdTime;15-07-10 00:00:00;0,822306306507820;0;6;Foret mixte
107;2266,000000000000000;0,009835069442615;ndvi;StdTime;15-07-10 00:00:00;0,770949327382805;0;7;Milieux semi-naturels
108;332,000000000000000;0,001440972221954;ndvi;StdTime;15-07-10 00:00:00;0,749661590859115;0;8;Zones humides et eau
111;13192,000000000000000;0,057256944433795;ndvi;StdTime;15-07-10 00:00:00;0,663497149502647;0;1;Artificialise
112;48169,000000000000000;0,209066840238893;ndvi;StdTime;15-07-10 00:00:00;0,681960065368453;0;2;Cultures
113;9056,000000000000000;0,039305555548245;ndvi;StdTime;15-07-10 00:00:00;0,714916802903261;0;3;Prairies
114;15928,000000000000000;0,069131944431586;ndvi;StdTime;15-07-10 00:00:00;0,848023557239356;0;4;Foret feuillus
115;2083,000000000000000;0,009040798609430;ndvi;StdTime;15-07-10 00:00:00;0,833167822070266;0;5;Foret resineux
116;17702,000000000000000;0,076831597207932;ndvi;StdTime;15-07-10 00:00:00;0,830093302399193;0;6;Foret mixte
117;299,000000000000000;0,001297743055314;ndvi;StdTime;15-07-10 00:00:00;0,765980416715743;0;7;Milieux semi-naturels
118;319,000000000000000;0,001384548610854;ndvi;StdTime;15-07-10 00:00:00;0,650915912980197;0;8;Zones humides et eau
11;19297,000000000000000;0,083754340262200;ndvi;StdTime;15-07-11 00:00:00;0,608117059805997;0;1;Artificialise
12;32515,000000000000000;0,141124131918197;ndvi;StdTime;15-07-11 00:00:00;0,714923521179740;0;2;Cultures
13;4653,000000000000000;0,020195312496244;ndvi;StdTime;15-07-11 00:00:00;0,743961602398177;0;3;Prairies
14;2157,000000000000000;0,009361979164925;ndvi;StdTime;15-07-11 00:00:00;0,792435679175427;0;4;Foret feuillus
15;5373,000000000000000;0,023320312495663;ndvi;StdTime;15-07-11 00:00:00;0,758760881822202;0;5;Foret resineux
16;3663,000000000000000;0,015898437497043;ndvi;StdTime;15-07-11 00:00:00;0,779185425582689;0;6;Foret mixte
17;2665,000000000000000;0,011566840275626;ndvi;StdTime;15-07-11 00:00:00;0,658104824896824;0;7;Milieux semi-naturels
18;1213,000000000000000;0,005264756943465;ndvi;StdTime;15-07-11 00:00:00;0,586257776171767;0;8;Zones humides et eau
21;23651,000000000000000;0,102651909703130;ndvi;StdTime;15-07-11 00:00:00;0,596164911590438;0;1;Artificialise
22;53262,000000000000000;0,231171874957004;ndvi;StdTime;15-07-11 00:00:00;0,712489116330518;0;2;Cultures
23;7495,000000000000000;0,032530381938394;ndvi;StdTime;15-07-11 00:00:00;0,731992955053545;0;3;Prairies
24;1297,000000000000000;0,005629340276731;ndvi;StdTime;15-07-11 00:00:00;0,794670188826787;0;4;Foret feuillus
25;405,000000000000000;0,001757812499673;ndvi;StdTime;15-07-11 00:00:00;0,775997189239219;0;5;Foret resineux
26;881,000000000000000;0,003823784721511;ndvi;StdTime;15-07-11 00:00:00;0,781138410903809;0;6;Foret mixte
27;471,000000000000000;0,002044270832953;ndvi;StdTime;15-07-11 00:00:00;0,521660826040428;0;7;Milieux semi-naturels
28;1256,000000000000000;0,005451388887875;ndvi;StdTime;15-07-11 00:00:00;0,407992837391312;0;8;Zones humides et eau
31;20501,000000000000000;0,088980034705673;ndvi;StdTime;15-07-11 00:00:00;0,630603597077993;0;1;Artificialise
32;33836,000000000000000;0,146857638861575;ndvi;StdTime;15-07-11 00:00:00;0,691502638206984;0;2;Cultures
33;2765,000000000000000;0,012000868053323;ndvi;StdTime;15-07-11 00:00:00;0,738747489021226;0;3;Prairies
34;3126,000000000000000;0,013567708330810;ndvi;StdTime;15-07-11 00:00:00;0,815967191604187;0;4;Foret feuillus
35;335,000000000000000;0,001453993055285;ndvi;StdTime;15-07-11 00:00:00;0,771940924694289;0;5;Foret resineux
36;1500,000000000000000;0,006510416665456;ndvi;StdTime;15-07-11 00:00:00;0,802402545432250;0;6;Foret mixte
37;107,000000000000000;0,000464409722136;ndvi;StdTime;15-07-11 00:00:00;0,716598932152597;0;7;Milieux semi-naturels
38;185,000000000000000;0,000802951388740;ndvi;StdTime;15-07-11 00:00:00;0,672480902156315;0;8;Zones humides et eau
41;18531,000000000000000;0,080429687485041;ndvi;StdTime;15-07-11 00:00:00;0,561583453213268;0;1;Artificialise
42;63126,000000000000000;0,273984374949041;ndvi;StdTime;15-07-11 00:00:00;0,683459513027714;0;2;Cultures
43;8940,000000000000000;0,038802083326116;ndvi;StdTime;15-07-11 00:00:00;0,725992179473642;0;3;Prairies
44;659,000000000000000;0,002860243055024;ndvi;StdTime;15-07-11 00:00:00;0,808398225238725;0;4;Foret feuillus
45;284,000000000000000;0,001232638888660;ndvi;StdTime;15-07-11 00:00:00;0,783330140871481;0;5;Foret resineux
46;586,000000000000000;0,002543402777305;ndvi;StdTime;15-07-11 00:00:00;0,805297205930277;0;6;Foret mixte
47;695,000000000000000;0,003016493054995;ndvi;StdTime;15-07-11 00:00:00;0,539753005752782;0;7;Milieux semi-naturels
48;525,000000000000000;0,002278645832910;ndvi;StdTime;15-07-11 00:00:00;0,433094566652463;0;8;Zones humides et eau
51;8563,000000000000000;0,037165798604199;ndvi;StdTime;15-07-11 00:00:00;0,673753806773248;0;1;Artificialise
52;20512,000000000000000;0,089027777761219;ndvi;StdTime;15-07-11 00:00:00;0,662855353380749;0;2;Cultures
53;880,000000000000000;0,003819444443734;ndvi;StdTime;15-07-11 00:00:00;0,696692329204896;0;3;Prairies
54;685,000000000000000;0,002973090277225;ndvi;StdTime;15-07-11 00:00:00;0,805214395749308;0;4;Foret feuillus
55;219,000000000000000;0,000950520833157;ndvi;StdTime;15-07-11 00:00:00;0,812366388976301;0;5;Foret resineux
56;1277,000000000000000;0,005542534721191;ndvi;StdTime;15-07-11 00:00:00;0,805188839801512;0;6;Foret mixte
57;15,000000000000000;0,000065104166655;ndvi;StdTime;15-07-11 00:00:00;0,611305862665176;0;7;Milieux semi-naturels
58;2,000000000000000;0,000008680555554;ndvi;StdTime;15-07-11 00:00:00;0,747060000896454;0;8;Zones humides et eau
61;23908,000000000000000;0,103767361091811;ndvi;StdTime;15-07-11 00:00:00;0,622722579295000;0;1;Artificialise
62;60857,000000000000000;0,264136284673095;ndvi;StdTime;15-07-11 00:00:00;0,673731325632317;0;2;Cultures
63;12006,000000000000000;0,052109374990308;ndvi;StdTime;15-07-11 00:00:00;0,709856830416929;0;3;Prairies
64;11171,000000000000000;0,048485243046538;ndvi;StdTime;15-07-11 00:00:00;0,834333900211854;0;4;Foret feuillus
65;495,000000000000000;0,002148437499600;ndvi;StdTime;15-07-11 00:00:00;0,822898622594698;0;5;Foret resineux
66;1468,000000000000000;0,006371527776593;ndvi;StdTime;15-07-11 00:00:00;0,831530668653486;0;6;Foret mixte
67;777,000000000000000;0,003372395832706;ndvi;StdTime;15-07-11 00:00:00;0,716371857598328;0;7;Milieux semi-naturels
68;440,000000000000000;0,001909722221867;ndvi;StdTime;15-07-11 00:00:00;0,616174925457348;0;8;Zones humides et eau
71;4130,000000000000000;0,017925347218888;ndvi;StdTime;15-07-11 00:00:00;0,476714220845093;0;1;Artificialise
72;100,000000000000000;0,000434027777697;ndvi;StdTime;15-07-11 00:00:00;0,641995528340340;0;2;Cultures
73;15,000000000000000;0,000065104166655;ndvi;StdTime;15-07-11 00:00:00;0,709962892532349;0;3;Prairies
74;459,000000000000000;0,001992187499629;ndvi;StdTime;15-07-11 00:00:00;0,837836573066795;0;4;Foret feuillus
76;35,000000000000000;0,000151909722194;ndvi;StdTime;15-07-11 00:00:00;0,808942171505519;0;6;Foret mixte
78;9,000000000000000;0,000039062499993;ndvi;StdTime;15-07-11 00:00:00;0,325839632087284;0;8;Zones humides et eau
81;27314,000000000000000;0,118550347200173;ndvi;StdTime;15-07-11 00:00:00;0,593421457945897;0;1;Artificialise
82;30867,000000000000000;0,133971354141749;ndvi;StdTime;15-07-11 00:00:00;0,735036979953186;0;2;Cultures
83;12409,000000000000000;0,053858506934427;ndvi;StdTime;15-07-11 00:00:00;0,751544569775336;0;3;Prairies
84;2241,000000000000000;0,009726562498191;ndvi;StdTime;15-07-11 00:00:00;0,796959925301636;0;4;Foret feuillus
85;5418,000000000000000;0,023515624995626;ndvi;StdTime;15-07-11 00:00:00;0,769327627150453;0;5;Foret resineux
86;3278,000000000000000;0,014227430552909;ndvi;StdTime;15-07-11 00:00:00;0,798508665723872;0;6;Foret mixte
87;1125,000000000000000;0,004882812499092;ndvi;StdTime;15-07-11 00:00:00;0,656089339454970;0;7;Milieux semi-naturels
88;2158,000000000000000;0,009366319442702;ndvi;StdTime;15-07-11 00:00:00;0,433649164642854;0;8;Zones humides et eau
91;21524,000000000000000;0,093420138871514;ndvi;StdTime;15-07-11 00:00:00;0,670873563975181;0;1;Artificialise
92;33863,000000000000000;0,146974826361553;ndvi;StdTime;15-07-11 00:00:00;0,702924836858765;0;2;Cultures
93;20854,000000000000000;0,090512152760943;ndvi;StdTime;15-07-11 00:00:00;0,791922110798742;0;3;Prairies
94;4447,000000000000000;0,019301215274188;ndvi;StdTime;15-07-11 00:00:00;0,822681440344976;0;4;Foret feuillus
95;10528,000000000000000;0,045694444435946;ndvi;StdTime;15-07-11 00:00:00;0,810194276086420;0;5;Foret resineux
96;16812,000000000000000;0,072968749986428;ndvi;StdTime;15-07-11 00:00:00;0,818359043113240;0;6;Foret mixte
97;2449,000000000000000;0,010629340275801;ndvi;StdTime;15-07-11 00:00:00;0,781696662215517;0;7;Milieux semi-naturels
98;2008,000000000000000;0,008715277776157;ndvi;StdTime;15-07-11 00:00:00;0,724427394680233;0;8;Zones humides et eau
101;7501,000000000000000;0,032556423605056;ndvi;StdTime;15-07-11 00:00:00;0,719841202431210;0;1;Artificialise
102;32049,000000000000000;0,139101562474128;ndvi;StdTime;15-07-11 00:00:00;0,776632477072621;0;2;Cultures
103;23798,000000000000000;0,103289930536344;ndvi;StdTime;15-07-11 00:00:00;0,789318801616808;0;3;Prairies
104;18168,000000000000000;0,078854166652000;ndvi;StdTime;15-07-11 00:00:00;0,854501267825386;0;4;Foret feuillus
105;13765,000000000000000;0,059743923599999;ndvi;StdTime;15-07-11 00:00:00;0,814070086881025;0;5;Foret resineux
106;30877,000000000000000;0,134014756919519;ndvi;StdTime;15-07-11 00:00:00;0,824940631648638;0;6;Foret mixte
107;2266,000000000000000;0,009835069442615;ndvi;StdTime;15-07-11 00:00:00;0,775462415717075;0;7;Milieux semi-naturels
108;332,000000000000000;0,001440972221954;ndvi;StdTime;15-07-11 00:00:00;0,777755336050527;0;8;Zones humides et eau
111;13192,000000000000000;0,057256944433795;ndvi;StdTime;15-07-11 00:00:00;0,687968037379798;0;1;Artificialise
112;48169,000000000000000;0,209066840238893;ndvi;StdTime;15-07-11 00:00:00;0,704406091463386;0;2;Cultures
113;9056,000000000000000;0,039305555548245;ndvi;StdTime;15-07-11 00:00:00;0,755817629883969;0;3;Prairies
114;15928,000000000000000;0,069131944431586;ndvi;StdTime;15-07-11 00:00:00;0,850853585994077;0;4;Foret feuillus
115;2083,000000000000000;0,009040798609430;ndvi;StdTime;15-07-11 00:00:00;0,830739586615413;0;5;Foret resineux
116;17702,000000000000000;0,076831597207932;ndvi;StdTime;15-07-11 00:00:00;0,837202157759152;0;6;Foret mixte
117;299,000000000000000;0,001297743055314;ndvi;StdTime;15-07-11 00:00:00;0,780674366847328;0;7;Milieux semi-naturels
118;319,000000000000000;0,001384548610854;ndvi;StdTime;15-07-11 00:00:00;0,670002495980936;0;8;Zones humides et eau
11;19297,000000000000000;0,083754340262200;ndvi;StdTime;15-07-12 00:00:00;0,624854121429597;0;1;Artificialise
12;32515,000000000000000;0,141124131918197;ndvi;StdTime;15-07-12 00:00:00;0,710012302601883;0;2;Cultures
13;4653,000000000000000;0,020195312496244;ndvi;StdTime;15-07-12 00:00:00;0,737433106699939;0;3;Prairies
14;2157,000000000000000;0,009361979164925;ndvi;StdTime;15-07-12 00:00:00;0,790450267359013;0;4;Foret feuillus
15;5373,000000000000000;0,023320312495663;ndvi;StdTime;15-07-12 00:00:00;0,766997617642882;0;5;Foret resineux
16;3663,000000000000000;0,015898437497043;ndvi;StdTime;15-07-12 00:00:00;0,786380499121336;0;6;Foret mixte
17;2665,000000000000000;0,011566840275626;ndvi;StdTime;15-07-12 00:00:00;0,696811291066611;0;7;Milieux semi-naturels
18;1213,000000000000000;0,005264756943465;ndvi;StdTime;15-07-12 00:00:00;0,621391450084887;0;8;Zones humides et eau
21;23651,000000000000000;0,102651909703130;ndvi;StdTime;15-07-12 00:00:00;0,600597971040585;0;1;Artificialise
22;53262,000000000000000;0,231171874957004;ndvi;StdTime;15-07-12 00:00:00;0,691731095548473;0;2;Cultures
23;7495,000000000000000;0,032530381938394;ndvi;StdTime;15-07-12 00:00:00;0,711251364830257;0;3;Prairies
24;1297,000000000000000;0,005629340276731;ndvi;StdTime;15-07-12 00:00:00;0,792377674267121;0;4;Foret feuillus
25;405,000000000000000;0,001757812499673;ndvi;StdTime;15-07-12 00:00:00;0,765704129360340;0;5;Foret resineux
26;881,000000000000000;0,003823784721511;ndvi;StdTime;15-07-12 00:00:00;0,780043358091058;0;6;Foret mixte
27;471,000000000000000;0,002044270832953;ndvi;StdTime;15-07-12 00:00:00;0,569539861346253;0;7;Milieux semi-naturels
28;1275,000000000000000;0,005533854165637;ndvi;StdTime;15-07-12 00:00:00;0,411210705552834;0;8;Zones humides et eau
31;20501,000000000000000;0,088980034705673;ndvi;StdTime;15-07-12 00:00:00;0,645862380296982;0;1;Artificialise
32;33836,000000000000000;0,146857638861575;ndvi;StdTime;15-07-12 00:00:00;0,689230324055961;0;2;Cultures
33;2765,000000000000000;0,012000868053323;ndvi;StdTime;15-07-12 00:00:00;0,734670660422464;0;3;Prairies
34;3126,000000000000000;0,013567708330810;ndvi;StdTime;15-07-12 00:00:00;0,815612708538369;0;4;Foret feuillus
35;335,000000000000000;0,001453993055285;ndvi;StdTime;15-07-12 00:00:00;0,772883178938681;0;5;Foret resineux
36;1500,000000000000000;0,006510416665456;ndvi;StdTime;15-07-12 00:00:00;0,807613237063091;0;6;Foret mixte
37;107,000000000000000;0,000464409722136;ndvi;StdTime;15-07-12 00:00:00;0,740095293410471;0;7;Milieux semi-naturels
38;185,000000000000000;0,000802951388740;ndvi;StdTime;15-07-12 00:00:00;0,689468465302442;0;8;Zones humides et eau
41;18519,000000000000000;0,080377604151717;ndvi;StdTime;15-07-12 00:00:00;0,559955324846630;0;1;Artificialise
42;63126,000000000000000;0,273984374949041;ndvi;StdTime;15-07-12 00:00:00;0,648758643426152;0;2;Cultures
43;8940,000000000000000;0,038802083326116;ndvi;StdTime;15-07-12 00:00:00;0,703338129525084;0;3;Prairies
44;659,000000000000000;0,002860243055024;ndvi;StdTime;15-07-12 00:00:00;0,787850384194862;0;4;Foret feuillus
45;284,000000000000000;0,001232638888660;ndvi;StdTime;15-07-12 00:00:00;0,781025217295112;0;5;Foret resineux
46;586,000000000000000;0,002543402777305;ndvi;StdTime;15-07-12 00:00:00;0,789861847617928;0;6;Foret mixte
47;694,000000000000000;0,003012152777218;ndvi;StdTime;15-07-12 00:00:00;0,567180858076864;0;7;Milieux semi-naturels
48;534,000000000000000;0,002317708332902;ndvi;StdTime;15-07-12 00:00:00;0,433978911927441;0;8;Zones humides et eau
51;8563,000000000000000;0,037165798604199;ndvi;StdTime;15-07-12 00:00:00;0,688489006878575;0;1;Artificialise
52;20512,000000000000000;0,089027777761219;ndvi;StdTime;15-07-12 00:00:00;0,662178893204539;0;2;Cultures
53;880,000000000000000;0,003819444443734;ndvi;StdTime;15-07-12 00:00:00;0,707582200250842;0;3;Prairies
54;685,000000000000000;0,002973090277225;ndvi;StdTime;15-07-12 00:00:00;0,805308007932928;0;4;Foret feuillus
55;219,000000000000000;0,000950520833157;ndvi;StdTime;15-07-12 00:00:00;0,816851746546079;0;5;Foret resineux
56;1277,000000000000000;0,005542534721191;ndvi;StdTime;15-07-12 00:00:00;0,803281621906845;0;6;Foret mixte
57;15,000000000000000;0,000065104166655;ndvi;StdTime;15-07-12 00:00:00;0,617777095238368;0;7;Milieux semi-naturels
58;2,000000000000000;0,000008680555554;ndvi;StdTime;15-07-12 00:00:00;0,784689962863922;0;8;Zones humides et eau
61;23918,000000000000000;0,103810763869581;ndvi;StdTime;15-07-12 00:00:00;0,643602410599419;0;1;Artificialise
62;60865,000000000000000;0,264171006895311;ndvi;StdTime;15-07-12 00:00:00;0,679726287278722;0;2;Cultures
63;12006,000000000000000;0,052109374990308;ndvi;StdTime;15-07-12 00:00:00;0,726197695371689;0;3;Prairies
64;11171,000000000000000;0,048485243046538;ndvi;StdTime;15-07-12 00:00:00;0,839734641424748;0;4;Foret feuillus
65;495,000000000000000;0,002148437499600;ndvi;StdTime;15-07-12 00:00:00;0,841860046049561;0;5;Foret resineux
66;1468,000000000000000;0,006371527776593;ndvi;StdTime;15-07-12 00:00:00;0,840469210040667;0;6;Foret mixte
67;777,000000000000000;0,003372395832706;ndvi;StdTime;15-07-12 00:00:00;0,733937048121922;0;7;Milieux semi-naturels
68;453,000000000000000;0,001966145832968;ndvi;StdTime;15-07-12 00:00:00;0,631487020758077;0;8;Zones humides et eau
71;4130,000000000000000;0,017925347218888;ndvi;StdTime;15-07-12 00:00:00;0,496027934634223;0;1;Artificialise
72;100,000000000000000;0,000434027777697;ndvi;StdTime;15-07-12 00:00:00;0,665193616449833;0;2;Cultures
73;15,000000000000000;0,000065104166655;ndvi;StdTime;15-07-12 00:00:00;0,732225533326467;0;3;Prairies
74;459,000000000000000;0,001992187499629;ndvi;StdTime;15-07-12 00:00:00;0,853088409033217;0;4;Foret feuillus
76;35,000000000000000;0,000151909722194;ndvi;StdTime;15-07-12 00:00:00;0,833515877383096;0;6;Foret mixte
78;9,000000000000000;0,000039062499993;ndvi;StdTime;15-07-12 00:00:00;0,329538886745771;0;8;Zones humides et eau
81;27390,000000000000000;0,118880208311223;ndvi;StdTime;15-07-12 00:00:00;0,601719073509016;0;1;Artificialise
82;30867,000000000000000;0,133971354141749;ndvi;StdTime;15-07-12 00:00:00;0,713863014116667;0;2;Cultures
83;12409,000000000000000;0,053858506934427;ndvi;StdTime;15-07-12 00:00:00;0,725309903776437;0;3;Prairies
84;2241,000000000000000;0,009726562498191;ndvi;StdTime;15-07-12 00:00:00;0,790395890200900;0;4;Foret feuillus
85;5418,000000000000000;0,023515624995626;ndvi;StdTime;15-07-12 00:00:00;0,763791656094795;0;5;Foret resineux
86;3278,000000000000000;0,014227430552909;ndvi;StdTime;15-07-12 00:00:00;0,789123844889477;0;6;Foret mixte
87;1124,000000000000000;0,004878472221315;ndvi;StdTime;15-07-12 00:00:00;0,683429757192784;0;7;Milieux semi-naturels
88;2229,000000000000000;0,009674479164867;ndvi;StdTime;15-07-12 00:00:00;0,445691488061716;0;8;Zones humides et eau
91;21524,000000000000000;0,093420138871514;ndvi;StdTime;15-07-12 00:00:00;0,679590020080917;0;1;Artificialise
92;33863,000000000000000;0,146974826361553;ndvi;StdTime;15-07-12 00:00:00;0,694371470288941;0;2;Cultures
93;20854,000000000000000;0,090512152760943;ndvi;StdTime;15-07-12 00:00:00;0,792814085974758;0;3;Prairies
94;4447,000000000000000;0,019301215274188;ndvi;StdTime;15-07-12 00:00:00;0,817832301989657;0;4;Foret feuillus
95;10528,000000000000000;0,045694444435946;ndvi;StdTime;15-07-12 00:00:00;0,800704397329080;0;5;Foret resineux
96;16812,000000000000000;0,072968749986428;ndvi;StdTime;15-07-12 00:00:00;0,815326974613098;0;6;Foret mixte
97;2449,000000000000000;0,010629340275801;ndvi;StdTime;15-07-12 00:00:00;0,779245113245853;0;7;Milieux semi-naturels
98;2008,000000000000000;0,008715277776157;ndvi;StdTime;15-07-12 00:00:00;0,720087380189287;0;8;Zones humides et eau
101;7501,000000000000000;0,032556423605056;ndvi;StdTime;15-07-12 00:00:00;0,726459818416524;0;1;Artificialise
102;32049,000000000000000;0,139101562474128;ndvi;StdTime;15-07-12 00:00:00;0,782179415814610;0;2;Cultures
103;23798,000000000000000;0,103289930536344;ndvi;StdTime;15-07-12 00:00:00;0,794421123832408;0;3;Prairies
104;18168,000000000000000;0,078854166652000;ndvi;StdTime;15-07-12 00:00:00;0,853602265008204;0;4;Foret feuillus
105;13765,000000000000000;0,059743923599999;ndvi;StdTime;15-07-12 00:00:00;0,812348967957314;0;5;Foret resineux
106;30877,000000000000000;0,134014756919519;ndvi;StdTime;15-07-12 00:00:00;0,824754506502063;0;6;Foret mixte
107;2266,000000000000000;0,009835069442615;ndvi;StdTime;15-07-12 00:00:00;0,786009629243050;0;7;Milieux semi-naturels
108;332,000000000000000;0,001440972221954;ndvi;StdTime;15-07-12 00:00:00;0,781629443886768;0;8;Zones humides et eau
111;13192,000000000000000;0,057256944433795;ndvi;StdTime;15-07-12 00:00:00;0,701004675282825;0;1;Artificialise
112;48169,000000000000000;0,209066840238893;ndvi;StdTime;15-07-12 00:00:00;0,706434811299877;0;2;Cultures
113;9056,000000000000000;0,039305555548245;ndvi;StdTime;15-07-12 00:00:00;0,768684016994789;0;3;Prairies
114;15928,000000000000000;0,069131944431586;ndvi;StdTime;15-07-12 00:00:00;0,845623828457610;0;4;Foret feuillus
115;2083,000000000000000;0,009040798609430;ndvi;StdTime;15-07-12 00:00:00;0,834480564696138;0;5;Foret resineux
116;17702,000000000000000;0,076831597207932;ndvi;StdTime;15-07-12 00:00:00;0,837352418098834;0;6;Foret mixte
117;299,000000000000000;0,001297743055314;ndvi;StdTime;15-07-12 00:00:00;0,790291667183905;0;7;Milieux semi-naturels
118;319,000000000000000;0,001384548610854;ndvi;StdTime;15-07-12 00:00:00;0,675829011164489;0;8;Zones humides et eau
11;19297,000000000000000;0,083754340262200;ndvi;StdTime;15-07-13 00:00:00;0,617443885527765;0;1;Artificialise
12;32515,000000000000000;0,141124131918197;ndvi;StdTime;15-07-13 00:00:00;0,719605701770874;0;2;Cultures
13;4653,000000000000000;0,020195312496244;ndvi;StdTime;15-07-13 00:00:00;0,738711690918082;0;3;Prairies
14;2157,000000000000000;0,009361979164925;ndvi;StdTime;15-07-13 00:00:00;0,797264195477791;0;4;Foret feuillus
15;5373,000000000000000;0,023320312495663;ndvi;StdTime;15-07-13 00:00:00;0,771632977477579;0;5;Foret resineux
16;3663,000000000000000;0,015898437497043;ndvi;StdTime;15-07-13 00:00:00;0,789433378039765;0;6;Foret mixte
17;2665,000000000000000;0,011566840275626;ndvi;StdTime;15-07-13 00:00:00;0,678332748064181;0;7;Milieux semi-naturels
18;1213,000000000000000;0,005264756943465;ndvi;StdTime;15-07-13 00:00:00;0,613251801337571;0;8;Zones humides et eau
21;23651,000000000000000;0,102651909703130;ndvi;StdTime;15-07-13 00:00:00;0,605775803042937;0;1;Artificialise
22;53262,000000000000000;0,231171874957004;ndvi;StdTime;15-07-13 00:00:00;0,723890583534294;0;2;Cultures
23;7495,000000000000000;0,032530381938394;ndvi;StdTime;15-07-13 00:00:00;0,741704546180545;0;3;Prairies
24;1297,000000000000000;0,005629340276731;ndvi;StdTime;15-07-13 00:00:00;0,814165471100127;0;4;Foret feuillus
25;405,000000000000000;0,001757812499673;ndvi;StdTime;15-07-13 00:00:00;0,793493898415271;0;5;Foret resineux
26;881,000000000000000;0,003823784721511;ndvi;StdTime;15-07-13 00:00:00;0,801693311005526;0;6;Foret mixte
27;471,000000000000000;0,002044270832953;ndvi;StdTime;15-07-13 00:00:00;0,573071818221400;0;7;Milieux semi-naturels
28;1261,000000000000000;0,005473090276760;ndvi;StdTime;15-07-13 00:00:00;0,410800694706908;0;8;Zones humides et eau
31;20501,000000000000000;0,088980034705673;ndvi;StdTime;15-07-13 00:00:00;0,643935923285381;0;1;Artificialise
32;33836,000000000000000;0,146857638861575;ndvi;StdTime;15-07-13 00:00:00;0,708096386370885;0;2;Cultures
33;2765,000000000000000;0,012000868053323;ndvi;StdTime;15-07-13 00:00:00;0,747937900765679;0;3;Prairies
34;3126,000000000000000;0,013567708330810;ndvi;StdTime;15-07-13 00:00:00;0,824490012473505;0;4;Foret feuillus
35;335,000000000000000;0,001453993055285;ndvi;StdTime;15-07-13 00:00:00;0,778889999104970;0;5;Foret resineux
36;1500,000000000000000;0,006510416665456;ndvi;StdTime;15-07-13 00:00:00;0,815147824227810;0;6;Foret mixte
37;107,000000000000000;0,000464409722136;ndvi;StdTime;15-07-13 00:00:00;0,743011298023652;0;7;Milieux semi-naturels
38;185,000000000000000;0,000802951388740;ndvi;StdTime;15-07-13 00:00:00;0,686365949785387;0;8;Zones humides et eau
41;18520,000000000000000;0,080381944429494;ndvi;StdTime;15-07-13 00:00:00;0,565786182316227;0;1;Artificialise
42;63126,000000000000000;0,273984374949041;ndvi;StdTime;15-07-13 00:00:00;0,689886133706518;0;2;Cultures
43;8940,000000000000000;0,038802083326116;ndvi;StdTime;15-07-13 00:00:00;0,728522512693398;0;3;Prairies
44;659,000000000000000;0,002860243055024;ndvi;StdTime;15-07-13 00:00:00;0,809160757951201;0;4;Foret feuillus
45;284,000000000000000;0,001232638888660;ndvi;StdTime;15-07-13 00:00:00;0,787027936586192;0;5;Foret resineux
46;586,000000000000000;0,002543402777305;ndvi;StdTime;15-07-13 00:00:00;0,807622727833103;0;6;Foret mixte
47;694,000000000000000;0,003012152777218;ndvi;StdTime;15-07-13 00:00:00;0,567342273155576;0;7;Milieux semi-naturels
48;521,000000000000000;0,002261284721802;ndvi;StdTime;15-07-13 00:00:00;0,443012700614568;0;8;Zones humides et eau
51;8563,000000000000000;0,037165798604199;ndvi;StdTime;15-07-13 00:00:00;0,694708119659769;0;1;Artificialise
52;20512,000000000000000;0,089027777761219;ndvi;StdTime;15-07-13 00:00:00;0,694392104056344;0;2;Cultures
53;880,000000000000000;0,003819444443734;ndvi;StdTime;15-07-13 00:00:00;0,734127281673929;0;3;Prairies
54;685,000000000000000;0,002973090277225;ndvi;StdTime;15-07-13 00:00:00;0,821006416143292;0;4;Foret feuillus
55;219,000000000000000;0,000950520833157;ndvi;StdTime;15-07-13 00:00:00;0,819741073808714;0;5;Foret resineux
56;1277,000000000000000;0,005542534721191;ndvi;StdTime;15-07-13 00:00:00;0,818500147261652;0;6;Foret mixte
57;15,000000000000000;0,000065104166655;ndvi;StdTime;15-07-13 00:00:00;0,641045327981313;0;7;Milieux semi-naturels
58;2,000000000000000;0,000008680555554;ndvi;StdTime;15-07-13 00:00:00;0,736943304538727;0;8;Zones humides et eau
61;23918,000000000000000;0,103810763869581;ndvi;StdTime;15-07-13 00:00:00;0,651913011253617;0;1;Artificialise
62;60865,000000000000000;0,264171006895311;ndvi;StdTime;15-07-13 00:00:00;0,713250012630547;0;2;Cultures
63;12006,000000000000000;0,052109374990308;ndvi;StdTime;15-07-13 00:00:00;0,743273329632035;0;3;Prairies
64;11171,000000000000000;0,048485243046538;ndvi;StdTime;15-07-13 00:00:00;0,848267932185105;0;4;Foret feuillus
65;495,000000000000000;0,002148437499600;ndvi;StdTime;15-07-13 00:00:00;0,838163660873066;0;5;Foret resineux
66;1468,000000000000000;0,006371527776593;ndvi;StdTime;15-07-13 00:00:00;0,844994512135391;0;6;Foret mixte
67;777,000000000000000;0,003372395832706;ndvi;StdTime;15-07-13 00:00:00;0,739335641859428;0;7;Milieux semi-naturels
68;453,000000000000000;0,001966145832968;ndvi;StdTime;15-07-13 00:00:00;0,650087231239735;0;8;Zones humides et eau
71;4130,000000000000000;0,017925347218888;ndvi;StdTime;15-07-13 00:00:00;0,487699514634673;0;1;Artificialise
72;100,000000000000000;0,000434027777697;ndvi;StdTime;15-07-13 00:00:00;0,668084452152252;0;2;Cultures
73;15,000000000000000;0,000065104166655;ndvi;StdTime;15-07-13 00:00:00;0,713201324144999;0;3;Prairies
74;459,000000000000000;0,001992187499629;ndvi;StdTime;15-07-13 00:00:00;0,861982315713803;0;4;Foret feuillus
76;35,000000000000000;0,000151909722194;ndvi;StdTime;15-07-13 00:00:00;0,847630837985447;0;6;Foret mixte
78;9,000000000000000;0,000039062499993;ndvi;StdTime;15-07-13 00:00:00;0,288142219185829;0;8;Zones humides et eau
81;27341,000000000000000;0,118667534700151;ndvi;StdTime;15-07-13 00:00:00;0,595172137741756;0;1;Artificialise
82;30867,000000000000000;0,133971354141749;ndvi;StdTime;15-07-13 00:00:00;0,726461870663101;0;2;Cultures
83;12409,000000000000000;0,053858506934427;ndvi;StdTime;15-07-13 00:00:00;0,739973735349168;0;3;Prairies
84;2241,000000000000000;0,009726562498191;ndvi;StdTime;15-07-13 00:00:00;0,802731682883474;0;4;Foret feuillus
85;5418,000000000000000;0,023515624995626;ndvi;StdTime;15-07-13 00:00:00;0,773207530698329;0;5;Foret resineux
86;3278,000000000000000;0,014227430552909;ndvi;StdTime;15-07-13 00:00:00;0,802707359522053;0;6;Foret mixte
87;1121,000000000000000;0,004865451387984;ndvi;StdTime;15-07-13 00:00:00;0,681743015398094;0;7;Milieux semi-naturels
88;2186,000000000000000;0,009487847220458;ndvi;StdTime;15-07-13 00:00:00;0,441418406468418;0;8;Zones humides et eau
91;21524,000000000000000;0,093420138871514;ndvi;StdTime;15-07-13 00:00:00;0,680704272355796;0;1;Artificialise
92;33863,000000000000000;0,146974826361553;ndvi;StdTime;15-07-13 00:00:00;0,723202208112327;0;2;Cultures
93;20854,000000000000000;0,090512152760943;ndvi;StdTime;15-07-13 00:00:00;0,791664345747812;0;3;Prairies
94;4447,000000000000000;0,019301215274188;ndvi;StdTime;15-07-13 00:00:00;0,830812140866991;0;4;Foret feuillus
95;10528,000000000000000;0,045694444435946;ndvi;StdTime;15-07-13 00:00:00;0,814780303676215;0;5;Foret resineux
96;16812,000000000000000;0,072968749986428;ndvi;StdTime;15-07-13 00:00:00;0,828075301066103;0;6;Foret mixte
97;2449,000000000000000;0,010629340275801;ndvi;StdTime;15-07-13 00:00:00;0,782999898801779;0;7;Milieux semi-naturels
98;2008,000000000000000;0,008715277776157;ndvi;StdTime;15-07-13 00:00:00;0,704830179992781;0;8;Zones humides et eau
101;7501,000000000000000;0,032556423605056;ndvi;StdTime;15-07-13 00:00:00;0,721475096336762;0;1;Artificialise
102;32049,000000000000000;0,139101562474128;ndvi;StdTime;15-07-13 00:00:00;0,777544687604518;0;2;Cultures
103;23798,000000000000000;0,103289930536344;ndvi;StdTime;15-07-13 00:00:00;0,787984847088244;0;3;Prairies
104;18168,000000000000000;0,078854166652000;ndvi;StdTime;15-07-13 00:00:00;0,867960885459109;0;4;Foret feuillus
105;13765,000000000000000;0,059743923599999;ndvi;StdTime;15-07-13 00:00:00;0,820996018104280;0;5;Foret resineux
106;30877,000000000000000;0,134014756919519;ndvi;StdTime;15-07-13 00:00:00;0,832469084824049;0;6;Foret mixte
107;2266,000000000000000;0,009835069442615;ndvi;StdTime;15-07-13 00:00:00;0,791983634075651;0;7;Milieux semi-naturels
108;332,000000000000000;0,001440972221954;ndvi;StdTime;15-07-13 00:00:00;0,776919599577605;0;8;Zones humides et eau
111;13192,000000000000000;0,057256944433795;ndvi;StdTime;15-07-13 00:00:00;0,702162620207673;0;1;Artificialise
112;48169,000000000000000;0,209066840238893;ndvi;StdTime;15-07-13 00:00:00;0,724541202939572;0;2;Cultures
113;9056,000000000000000;0,039305555548245;ndvi;StdTime;15-07-13 00:00:00;0,764481283437999;0;3;Prairies
114;15928,000000000000000;0,069131944431586;ndvi;StdTime;15-07-13 00:00:00;0,858639391705149;0;4;Foret feuillus
115;2083,000000000000000;0,009040798609430;ndvi;StdTime;15-07-13 00:00:00;0,843802716488227;0;5;Foret resineux
116;17702,000000000000000;0,076831597207932;ndvi;StdTime;15-07-13 00:00:00;0,847549006947284;0;6;Foret mixte
117;299,000000000000000;0,001297743055314;ndvi;StdTime;15-07-13 00:00:00;0,798890483020540;0;7;Milieux semi-naturels
118;319,000000000000000;0,001384548610854;ndvi;StdTime;15-07-13 00:00:00;0,673594195640947;0;8;Zones humides et eau
11;19297,000000000000000;0,083754340262200;ndvi;StdTime;15-07-14 00:00:00;0,622460772920970;0;1;Artificialise
12;32515,000000000000000;0,141124131918197;ndvi;StdTime;15-07-14 00:00:00;0,723509035834747;0;2;Cultures
13;4653,000000000000000;0,020195312496244;ndvi;StdTime;15-07-14 00:00:00;0,743953674762653;0;3;Prairies
14;2157,000000000000000;0,009361979164925;ndvi;StdTime;15-07-14 00:00:00;0,791285911463563;0;4;Foret feuillus
15;5373,000000000000000;0,023320312495663;ndvi;StdTime;15-07-14 00:00:00;0,766806613199764;0;5;Foret resineux
16;3663,000000000000000;0,015898437497043;ndvi;StdTime;15-07-14 00:00:00;0,786185644996188;0;6;Foret mixte
17;2665,000000000000000;0,011566840275626;ndvi;StdTime;15-07-14 00:00:00;0,680519861653866;0;7;Milieux semi-naturels
18;1213,000000000000000;0,005264756943465;ndvi;StdTime;15-07-14 00:00:00;0,618591458299440;0;8;Zones humides et eau
21;23651,000000000000000;0,102651909703130;ndvi;StdTime;15-07-14 00:00:00;0,610216241829058;0;1;Artificialise
22;53262,000000000000000;0,231171874957004;ndvi;StdTime;15-07-14 00:00:00;0,728807048282985;0;2;Cultures
23;7495,000000000000000;0,032530381938394;ndvi;StdTime;15-07-14 00:00:00;0,745024553034765;0;3;Prairies
24;1297,000000000000000;0,005629340276731;ndvi;StdTime;15-07-14 00:00:00;0,802870982251171;0;4;Foret feuillus
25;405,000000000000000;0,001757812499673;ndvi;StdTime;15-07-14 00:00:00;0,787384901959219;0;5;Foret resineux
26;881,000000000000000;0,003823784721511;ndvi;StdTime;15-07-14 00:00:00;0,793175791672491;0;6;Foret mixte
27;471,000000000000000;0,002044270832953;ndvi;StdTime;15-07-14 00:00:00;0,567959200045106;0;7;Milieux semi-naturels
28;1246,000000000000000;0,005407986110105;ndvi;StdTime;15-07-14 00:00:00;0,418838129257395;0;8;Zones humides et eau
31;20501,000000000000000;0,088980034705673;ndvi;StdTime;15-07-14 00:00:00;0,641278619300561;0;1;Artificialise
32;33836,000000000000000;0,146857638861575;ndvi;StdTime;15-07-14 00:00:00;0,701226961516342;0;2;Cultures
33;2765,000000000000000;0,012000868053323;ndvi;StdTime;15-07-14 00:00:00;0,739968005119138;0;3;Prairies
34;3126,000000000000000;0,013567708330810;ndvi;StdTime;15-07-14 00:00:00;0,815269710740370;0;4;Foret feuillus
35;335,000000000000000;0,001453993055285;ndvi;StdTime;15-07-14 00:00:00;0,777716331873367;0;5;Foret resineux
36;1500,000000000000000;0,006510416665456;ndvi;StdTime;15-07-14 00:00:00;0,807434082726638;0;6;Foret mixte
37;107,000000000000000;0,000464409722136;ndvi;StdTime;15-07-14 00:00:00;0,731372353072478;0;7;Milieux semi-naturels
38;185,000000000000000;0,000802951388740;ndvi;StdTime;15-07-14 00:00:00;0,682732270537196;0;8;Zones humides et eau
41;18523,000000000000000;0,080394965262825;ndvi;StdTime;15-07-14 00:00:00;0,571748447921915;0;1;Artificialise
42;63126,000000000000000;0,273984374949041;ndvi;StdTime;15-07-14 00:00:00;0,696571233159683;0;2;Cultures
43;8940,000000000000000;0,038802083326116;ndvi;StdTime;15-07-14 00:00:00;0,729392133749838;0;3;Prairies
44;659,000000000000000;0,002860243055024;ndvi;StdTime;15-07-14 00:00:00;0,805619285663813;0;4;Foret feuillus
45;284,000000000000000;0,001232638888660;ndvi;StdTime;15-07-14 00:00:00;0,776993944611348;0;5;Foret resineux
46;586,000000000000000;0,002543402777305;ndvi;StdTime;15-07-14 00:00:00;0,804273797536059;0;6;Foret mixte
47;695,000000000000000;0,003016493054995;ndvi;StdTime;15-07-14 00:00:00;0,565845508707299;0;7;Milieux semi-naturels
48;519,000000000000000;0,002252604166248;ndvi;StdTime;15-07-14 00:00:00;0,444459406169569;0;8;Zones humides et eau
51;8563,000000000000000;0,037165798604199;ndvi;StdTime;15-07-14 00:00:00;0,692412067072895;0;1;Artificialise
52;20512,000000000000000;0,089027777761219;ndvi;StdTime;15-07-14 00:00:00;0,691742356446705;0;2;Cultures
53;880,000000000000000;0,003819444443734;ndvi;StdTime;15-07-14 00:00:00;0,731542792069641;0;3;Prairies
54;685,000000000000000;0,002973090277225;ndvi;StdTime;15-07-14 00:00:00;0,811730503600879;0;4;Foret feuillus
55;219,000000000000000;0,000950520833157;ndvi;StdTime;15-07-14 00:00:00;0,820779440337665;0;5;Foret resineux
56;1277,000000000000000;0,005542534721191;ndvi;StdTime;15-07-14 00:00:00;0,810006013024852;0;6;Foret mixte
57;15,000000000000000;0,000065104166655;ndvi;StdTime;15-07-14 00:00:00;0,612047767639160;0;7;Milieux semi-naturels
58;2,000000000000000;0,000008680555554;ndvi;StdTime;15-07-14 00:00:00;0,728447496891022;0;8;Zones humides et eau
61;23912,000000000000000;0,103784722202919;ndvi;StdTime;15-07-14 00:00:00;0,646436177614132;0;1;Artificialise
62;60865,000000000000000;0,264171006895311;ndvi;StdTime;15-07-14 00:00:00;0,705438524318647;0;2;Cultures
63;12006,000000000000000;0,052109374990308;ndvi;StdTime;15-07-14 00:00:00;0,733461662208500;0;3;Prairies
64;11171,000000000000000;0,048485243046538;ndvi;StdTime;15-07-14 00:00:00;0,836244128798535;0;4;Foret feuillus
65;495,000000000000000;0,002148437499600;ndvi;StdTime;15-07-14 00:00:00;0,824695817147842;0;5;Foret resineux
66;1468,000000000000000;0,006371527776593;ndvi;StdTime;15-07-14 00:00:00;0,834857189809594;0;6;Foret mixte
67;777,000000000000000;0,003372395832706;ndvi;StdTime;15-07-14 00:00:00;0,728577438852195;0;7;Milieux semi-naturels
68;446,000000000000000;0,001935763888529;ndvi;StdTime;15-07-14 00:00:00;0,649123354510075;0;8;Zones humides et eau
71;4130,000000000000000;0,017925347218888;ndvi;StdTime;15-07-14 00:00:00;0,489327702319506;0;1;Artificialise
72;100,000000000000000;0,000434027777697;ndvi;StdTime;15-07-14 00:00:00;0,665961847305298;0;2;Cultures
73;15,000000000000000;0,000065104166655;ndvi;StdTime;15-07-14 00:00:00;0,740742198626200;0;3;Prairies
74;459,000000000000000;0,001992187499629;ndvi;StdTime;15-07-14 00:00:00;0,856825194457518;0;4;Foret feuillus
76;35,000000000000000;0,000151909722194;ndvi;StdTime;15-07-14 00:00:00;0,834406827177320;0;6;Foret mixte
78;9,000000000000000;0,000039062499993;ndvi;StdTime;15-07-14 00:00:00;0,325288145078553;0;8;Zones humides et eau
81;27214,000000000000000;0,118116319422476;ndvi;StdTime;15-07-14 00:00:00;0,602733648028238;0;1;Artificialise
82;30867,000000000000000;0,133971354141749;ndvi;StdTime;15-07-14 00:00:00;0,736164754714681;0;2;Cultures
83;12409,000000000000000;0,053858506934427;ndvi;StdTime;15-07-14 00:00:00;0,750557011315936;0;3;Prairies
84;2241,000000000000000;0,009726562498191;ndvi;StdTime;15-07-14 00:00:00;0,787605960951060;0;4;Foret feuillus
85;5418,000000000000000;0,023515624995626;ndvi;StdTime;15-07-14 00:00:00;0,765791717926351;0;5;Foret resineux
86;3278,000000000000000;0,014227430552909;ndvi;StdTime;15-07-14 00:00:00;0,792113613716853;0;6;Foret mixte
87;1125,000000000000000;0,004882812499092;ndvi;StdTime;15-07-14 00:00:00;0,679945721930928;0;7;Milieux semi-naturels
88;2150,000000000000000;0,009331597220487;ndvi;StdTime;15-07-14 00:00:00;0,446923934311693;0;8;Zones humides et eau
91;21524,000000000000000;0,093420138871514;ndvi;StdTime;15-07-14 00:00:00;0,690956268526712;0;1;Artificialise
92;33863,000000000000000;0,146974826361553;ndvi;StdTime;15-07-14 00:00:00;0,727015207160426;0;2;Cultures
93;20854,000000000000000;0,090512152760943;ndvi;StdTime;15-07-14 00:00:00;0,805087272048146;0;3;Prairies
94;4447,000000000000000;0,019301215274188;ndvi;StdTime;15-07-14 00:00:00;0,833722994565856;0;4;Foret feuillus
95;10528,000000000000000;0,045694444435946;ndvi;StdTime;15-07-14 00:00:00;0,816982786128677;0;5;Foret resineux
96;16812,000000000000000;0,072968749986428;ndvi;StdTime;15-07-14 00:00:00;0,830836714753475;0;6;Foret mixte
97;2449,000000000000000;0,010629340275801;ndvi;StdTime;15-07-14 00:00:00;0,794159203512223;0;7;Milieux semi-naturels
98;2008,000000000000000;0,008715277776157;ndvi;StdTime;15-07-14 00:00:00;0,737411849586613;0;8;Zones humides et eau
101;7501,000000000000000;0,032556423605056;ndvi;StdTime;15-07-14 00:00:00;0,721814975188168;0;1;Artificialise
102;32049,000000000000000;0,139101562474128;ndvi;StdTime;15-07-14 00:00:00;0,772540805610340;0;2;Cultures
103;23798,000000000000000;0,103289930536344;ndvi;StdTime;15-07-14 00:00:00;0,784700742442072;0;3;Prairies
104;18168,000000000000000;0,078854166652000;ndvi;StdTime;15-07-14 00:00:00;0,852422326793367;0;4;Foret feuillus
105;13765,000000000000000;0,059743923599999;ndvi;StdTime;15-07-14 00:00:00;0,813607859416654;0;5;Foret resineux
106;30877,000000000000000;0,134014756919519;ndvi;StdTime;15-07-14 00:00:00;0,823076881612834;0;6;Foret mixte
107;2266,000000000000000;0,009835069442615;ndvi;StdTime;15-07-14 00:00:00;0,786489241173703;0;7;Milieux semi-naturels
108;332,000000000000000;0,001440972221954;ndvi;StdTime;15-07-14 00:00:00;0,773378643824393;0;8;Zones humides et eau
111;13192,000000000000000;0,057256944433795;ndvi;StdTime;15-07-14 00:00:00;0,707738256665921;0;1;Artificialise
112;48169,000000000000000;0,209066840238893;ndvi;StdTime;15-07-14 00:00:00;0,728278358567829;0;2;Cultures
113;9056,000000000000000;0,039305555548245;ndvi;StdTime;15-07-14 00:00:00;0,772159295505432;0;3;Prairies
114;15928,000000000000000;0,069131944431586;ndvi;StdTime;15-07-14 00:00:00;0,855556763304444;0;4;Foret feuillus
115;2083,000000000000000;0,009040798609430;ndvi;StdTime;15-07-14 00:00:00;0,838999847809512;0;5;Foret resineux
116;17702,000000000000000;0,076831597207932;ndvi;StdTime;15-07-14 00:00:00;0,844464721019463;0;6;Foret mixte
117;299,000000000000000;0,001297743055314;ndvi;StdTime;15-07-14 00:00:00;0,798707532444128;0;7;Milieux semi-naturels
118;319,000000000000000;0,001384548610854;ndvi;StdTime;15-07-14 00:00:00;0,695636275513419;0;8;Zones humides et eau
11;19297,000000000000000;0,083754340262200;ndvi;StdTime;15-07-15 00:00:00;0,596041154479521;0;1;Artificialise
12;32515,000000000000000;0,141124131918197;ndvi;StdTime;15-07-15 00:00:00;0,699105470065575;0;2;Cultures
13;4653,000000000000000;0,020195312496244;ndvi;StdTime;15-07-15 00:00:00;0,722858622935980;0;3;Prairies
14;2157,000000000000000;0,009361979164925;ndvi;StdTime;15-07-15 00:00:00;0,794235837365612;0;4;Foret feuillus
15;5373,000000000000000;0,023320312495663;ndvi;StdTime;15-07-15 00:00:00;0,767870298199384;0;5;Foret resineux
16;3663,000000000000000;0,015898437497043;ndvi;StdTime;15-07-15 00:00:00;0,787110756650474;0;6;Foret mixte
17;2665,000000000000000;0,011566840275626;ndvi;StdTime;15-07-15 00:00:00;0,672336643341557;0;7;Milieux semi-naturels
18;1213,000000000000000;0,005264756943465;ndvi;StdTime;15-07-15 00:00:00;0,604773884696728;0;8;Zones humides et eau
21;23651,000000000000000;0,102651909703130;ndvi;StdTime;15-07-15 00:00:00;0,586313803880792;0;1;Artificialise
22;53262,000000000000000;0,231171874957004;ndvi;StdTime;15-07-15 00:00:00;0,692749144745353;0;2;Cultures
23;7495,000000000000000;0,032530381938394;ndvi;StdTime;15-07-15 00:00:00;0,713243774022954;0;3;Prairies
24;1297,000000000000000;0,005629340276731;ndvi;StdTime;15-07-15 00:00:00;0,800497930832982;0;4;Foret feuillus
25;405,000000000000000;0,001757812499673;ndvi;StdTime;15-07-15 00:00:00;0,780743028646634;0;5;Foret resineux
26;881,000000000000000;0,003823784721511;ndvi;StdTime;15-07-15 00:00:00;0,787954995127461;0;6;Foret mixte
27;471,000000000000000;0,002044270832953;ndvi;StdTime;15-07-15 00:00:00;0,548183308696797;0;7;Milieux semi-naturels
28;1255,000000000000000;0,005447048610098;ndvi;StdTime;15-07-15 00:00:00;0,411940384990444;0;8;Zones humides et eau
31;20501,000000000000000;0,088980034705673;ndvi;StdTime;15-07-15 00:00:00;0,615966975564645;0;1;Artificialise
32;33836,000000000000000;0,146857638861575;ndvi;StdTime;15-07-15 00:00:00;0,670389980770043;0;2;Cultures
33;2765,000000000000000;0,012000868053323;ndvi;StdTime;15-07-15 00:00:00;0,714145933061999;0;3;Prairies
34;3126,000000000000000;0,013567708330810;ndvi;StdTime;15-07-15 00:00:00;0,822807809727664;0;4;Foret feuillus
35;335,000000000000000;0,001453993055285;ndvi;StdTime;15-07-15 00:00:00;0,778539900281536;0;5;Foret resineux
36;1500,000000000000000;0,006510416665456;ndvi;StdTime;15-07-15 00:00:00;0,811816295444965;0;6;Foret mixte
37;107,000000000000000;0,000464409722136;ndvi;StdTime;15-07-15 00:00:00;0,727168926290263;0;7;Milieux semi-naturels
38;185,000000000000000;0,000802951388740;ndvi;StdTime;15-07-15 00:00:00;0,678148464093337;0;8;Zones humides et eau
41;18463,000000000000000;0,080134548596207;ndvi;StdTime;15-07-15 00:00:00;0,550433149337322;0;1;Artificialise
42;63126,000000000000000;0,273984374949041;ndvi;StdTime;15-07-15 00:00:00;0,658738856065317;0;2;Cultures
43;8940,000000000000000;0,038802083326116;ndvi;StdTime;15-07-15 00:00:00;0,705267443896274;0;3;Prairies
44;659,000000000000000;0,002860243055024;ndvi;StdTime;15-07-15 00:00:00;0,798658056125294;0;4;Foret feuillus
45;284,000000000000000;0,001232638888660;ndvi;StdTime;15-07-15 00:00:00;0,775264921952302;0;5;Foret resineux
46;586,000000000000000;0,002543402777305;ndvi;StdTime;15-07-15 00:00:00;0,795169107539662;0;6;Foret mixte
47;690,000000000000000;0,002994791666110;ndvi;StdTime;15-07-15 00:00:00;0,561398169592670;0;7;Milieux semi-naturels
48;498,000000000000000;0,002161458332931;ndvi;StdTime;15-07-15 00:00:00;0,451083029582947;0;8;Zones humides et eau
51;8563,000000000000000;0,037165798604199;ndvi;StdTime;15-07-15 00:00:00;0,666569385791123;0;1;Artificialise
52;20512,000000000000000;0,089027777761219;ndvi;StdTime;15-07-15 00:00:00;0,648945308881759;0;2;Cultures
53;880,000000000000000;0,003819444443734;ndvi;StdTime;15-07-15 00:00:00;0,691280776905743;0;3;Prairies
54;685,000000000000000;0,002973090277225;ndvi;StdTime;15-07-15 00:00:00;0,811220633200486;0;4;Foret feuillus
55;219,000000000000000;0,000950520833157;ndvi;StdTime;15-07-15 00:00:00;0,815721425563778;0;5;Foret resineux
56;1277,000000000000000;0,005542534721191;ndvi;StdTime;15-07-15 00:00:00;0,812846797233274;0;6;Foret mixte
57;15,000000000000000;0,000065104166655;ndvi;StdTime;15-07-15 00:00:00;0,636669536431630;0;7;Milieux semi-naturels
58;2,000000000000000;0,000008680555554;ndvi;StdTime;15-07-15 00:00:00;0,725541651248932;0;8;Zones humides et eau
61;23914,000000000000000;0,103793402758473;ndvi;StdTime;15-07-15 00:00:00;0,622753153297204;0;1;Artificialise
62;60865,000000000000000;0,264171006895311;ndvi;StdTime;15-07-15 00:00:00;0,666493104921319;0;2;Cultures
63;12006,000000000000000;0,052109374990308;ndvi;StdTime;15-07-15 00:00:00;0,701212657378173;0;3;Prairies
64;11171,000000000000000;0,048485243046538;ndvi;StdTime;15-07-15 00:00:00;0,842542860682653;0;4;Foret feuillus
65;495,000000000000000;0,002148437499600;ndvi;StdTime;15-07-15 00:00:00;0,832549101294893;0;5;Foret resineux
66;1468,000000000000000;0,006371527776593;ndvi;StdTime;15-07-15 00:00:00;0,839190387149273;0;6;Foret mixte
67;777,000000000000000;0,003372395832706;ndvi;StdTime;15-07-15 00:00:00;0,724809558426857;0;7;Milieux semi-naturels
68;444,000000000000000;0,001927083332975;ndvi;StdTime;15-07-15 00:00:00;0,635393462655646;0;8;Zones humides et eau
71;4130,000000000000000;0,017925347218888;ndvi;StdTime;15-07-15 00:00:00;0,483314415523850;0;1;Artificialise
72;100,000000000000000;0,000434027777697;ndvi;StdTime;15-07-15 00:00:00;0,647022755146027;0;2;Cultures
73;15,000000000000000;0,000065104166655;ndvi;StdTime;15-07-15 00:00:00;0,692657089233398;0;3;Prairies
74;459,000000000000000;0,001992187499629;ndvi;StdTime;15-07-15 00:00:00;0,870882323884237;0;4;Foret feuillus
76;35,000000000000000;0,000151909722194;ndvi;StdTime;15-07-15 00:00:00;0,845524450710842;0;6;Foret mixte
78;9,000000000000000;0,000039062499993;ndvi;StdTime;15-07-15 00:00:00;0,298122023542722;0;8;Zones humides et eau
81;27273,000000000000000;0,118372395811317;ndvi;StdTime;15-07-15 00:00:00;0,584733493288459;0;1;Artificialise
82;30867,000000000000000;0,133971354141749;ndvi;StdTime;15-07-15 00:00:00;0,713661595242954;0;2;Cultures
83;12409,000000000000000;0,053858506934427;ndvi;StdTime;15-07-15 00:00:00;0,726130012143905;0;3;Prairies
84;2241,000000000000000;0,009726562498191;ndvi;StdTime;15-07-15 00:00:00;0,799101309138503;0;4;Foret feuillus
85;5418,000000000000000;0,023515624995626;ndvi;StdTime;15-07-15 00:00:00;0,762648140407213;0;5;Foret resineux
86;3278,000000000000000;0,014227430552909;ndvi;StdTime;15-07-15 00:00:00;0,798314379892966;0;6;Foret mixte
87;1124,000000000000000;0,004878472221315;ndvi;StdTime;15-07-15 00:00:00;0,664178640196586;0;7;Milieux semi-naturels
88;2184,000000000000000;0,009479166664904;ndvi;StdTime;15-07-15 00:00:00;0,434119019795057;0;8;Zones humides et eau
91;21524,000000000000000;0,093420138871514;ndvi;StdTime;15-07-15 00:00:00;0,666074445044359;0;1;Artificialise
92;33863,000000000000000;0,146974826361553;ndvi;StdTime;15-07-15 00:00:00;0,689907324611409;0;2;Cultures
93;20854,000000000000000;0,090512152760943;ndvi;StdTime;15-07-15 00:00:00;0,781955291769405;0;3;Prairies
94;4447,000000000000000;0,019301215274188;ndvi;StdTime;15-07-15 00:00:00;0,835996531833016;0;4;Foret feuillus
95;10528,000000000000000;0,045694444435946;ndvi;StdTime;15-07-15 00:00:00;0,819212468023947;0;5;Foret resineux
96;16812,000000000000000;0,072968749986428;ndvi;StdTime;15-07-15 00:00:00;0,834776814184087;0;6;Foret mixte
97;2449,000000000000000;0,010629340275801;ndvi;StdTime;15-07-15 00:00:00;0,786100792234993;0;7;Milieux semi-naturels
98;2008,000000000000000;0,008715277776157;ndvi;StdTime;15-07-15 00:00:00;0,713359349314494;0;8;Zones humides et eau
101;7501,000000000000000;0,032556423605056;ndvi;StdTime;15-07-15 00:00:00;0,683250108308402;0;1;Artificialise
102;32049,000000000000000;0,139101562474128;ndvi;StdTime;15-07-15 00:00:00;0,733308632017325;0;2;Cultures
103;23798,000000000000000;0,103289930536344;ndvi;StdTime;15-07-15 00:00:00;0,744376143475511;0;3;Prairies
104;18168,000000000000000;0,078854166652000;ndvi;StdTime;15-07-15 00:00:00;0,867745136741248;0;4;Foret feuillus
105;13765,000000000000000;0,059743923599999;ndvi;StdTime;15-07-15 00:00:00;0,818408373672659;0;5;Foret resineux
106;30877,000000000000000;0,134014756919519;ndvi;StdTime;15-07-15 00:00:00;0,828487696925466;0;6;Foret mixte
107;2266,000000000000000;0,009835069442615;ndvi;StdTime;15-07-15 00:00:00;0,781111458262195;0;7;Milieux semi-naturels
108;332,000000000000000;0,001440972221954;ndvi;StdTime;15-07-15 00:00:00;0,752374376518181;0;8;Zones humides et eau
111;13192,000000000000000;0,057256944433795;ndvi;StdTime;15-07-15 00:00:00;0,671566893477074;0;1;Artificialise
112;48169,000000000000000;0,209066840238893;ndvi;StdTime;15-07-15 00:00:00;0,678903029091288;0;2;Cultures
113;9056,000000000000000;0,039305555548245;ndvi;StdTime;15-07-15 00:00:00;0,720806993228177;0;3;Prairies
114;15928,000000000000000;0,069131944431586;ndvi;StdTime;15-07-15 00:00:00;0,858797384705723;0;4;Foret feuillus
115;2083,000000000000000;0,009040798609430;ndvi;StdTime;15-07-15 00:00:00;0,838103899661590;0;5;Foret resineux
116;17702,000000000000000;0,076831597207932;ndvi;StdTime;15-07-15 00:00:00;0,842789491550789;0;6;Foret mixte
117;299,000000000000000;0,001297743055314;ndvi;StdTime;15-07-15 00:00:00;0,792041705404237;0;7;Milieux semi-naturels
118;319,000000000000000;0,001384548610854;ndvi;StdTime;15-07-15 00:00:00;0,669917734999642;0;8;Zones humides et eau
11;19297,000000000000000;0,083754340262200;ndvi;StdTime;15-07-16 00:00:00;0,636751722740766;0;1;Artificialise
12;32515,000000000000000;0,141124131918197;ndvi;StdTime;15-07-16 00:00:00;0,708856141578230;0;2;Cultures
13;4653,000000000000000;0,020195312496244;ndvi;StdTime;15-07-16 00:00:00;0,725952284133182;0;3;Prairies
14;2157,000000000000000;0,009361979164925;ndvi;StdTime;15-07-16 00:00:00;0,797018101135780;0;4;Foret feuillus
15;5373,000000000000000;0,023320312495663;ndvi;StdTime;15-07-16 00:00:00;0,778350558346174;0;5;Foret resineux
16;3663,000000000000000;0,015898437497043;ndvi;StdTime;15-07-16 00:00:00;0,795232091580067;0;6;Foret mixte
17;2665,000000000000000;0,011566840275626;ndvi;StdTime;15-07-16 00:00:00;0,725485702571906;0;7;Milieux semi-naturels
18;1213,000000000000000;0,005264756943465;ndvi;StdTime;15-07-16 00:00:00;0,628768061207084;0;8;Zones humides et eau
21;23651,000000000000000;0,102651909703130;ndvi;StdTime;15-07-16 00:00:00;0,606815224287587;0;1;Artificialise
22;53262,000000000000000;0,231171874957004;ndvi;StdTime;15-07-16 00:00:00;0,703271256546087;0;2;Cultures
23;7495,000000000000000;0,032530381938394;ndvi;StdTime;15-07-16 00:00:00;0,720358845414599;0;3;Prairies
24;1297,000000000000000;0,005629340276731;ndvi;StdTime;15-07-16 00:00:00;0,806975795497505;0;4;Foret feuillus
25;405,000000000000000;0,001757812499673;ndvi;StdTime;15-07-16 00:00:00;0,790052334761914;0;5;Foret resineux
26;881,000000000000000;0,003823784721511;ndvi;StdTime;15-07-16 00:00:00;0,801569038467158;0;6;Foret mixte
27;471,000000000000000;0,002044270832953;ndvi;StdTime;15-07-16 00:00:00;0,586128112648450;0;7;Milieux semi-naturels
28;1252,000000000000000;0,005434027776767;ndvi;StdTime;15-07-16 00:00:00;0,425022687160219;0;8;Zones humides et eau
31;20501,000000000000000;0,088980034705673;ndvi;StdTime;15-07-16 00:00:00;0,655763870931671;0;1;Artificialise
32;33836,000000000000000;0,146857638861575;ndvi;StdTime;15-07-16 00:00:00;0,696198270425069;0;2;Cultures
33;2765,000000000000000;0,012000868053323;ndvi;StdTime;15-07-16 00:00:00;0,725565806025839;0;3;Prairies
34;3126,000000000000000;0,013567708330810;ndvi;StdTime;15-07-16 00:00:00;0,820537255663408;0;4;Foret feuillus
35;335,000000000000000;0,001453993055285;ndvi;StdTime;15-07-16 00:00:00;0,792227551118651;0;5;Foret resineux
36;1500,000000000000000;0,006510416665456;ndvi;StdTime;15-07-16 00:00:00;0,816012554526328;0;6;Foret mixte
37;107,000000000000000;0,000464409722136;ndvi;StdTime;15-07-16 00:00:00;0,749681063344545;0;7;Milieux semi-naturels
38;185,000000000000000;0,000802951388740;ndvi;StdTime;15-07-16 00:00:00;0,694472156505327;0;8;Zones humides et eau
41;18552,000000000000000;0,080520833318357;ndvi;StdTime;15-07-16 00:00:00;0,562814363843909;0;1;Artificialise
42;63126,000000000000000;0,273984374949041;ndvi;StdTime;15-07-16 00:00:00;0,661120518624199;0;2;Cultures
43;8940,000000000000000;0,038802083326116;ndvi;StdTime;15-07-16 00:00:00;0,708898657323665;0;3;Prairies
44;659,000000000000000;0,002860243055024;ndvi;StdTime;15-07-16 00:00:00;0,809780280398310;0;4;Foret feuillus
45;284,000000000000000;0,001232638888660;ndvi;StdTime;15-07-16 00:00:00;0,793820024900873;0;5;Foret resineux
46;586,000000000000000;0,002543402777305;ndvi;StdTime;15-07-16 00:00:00;0,807039060486868;0;6;Foret mixte
47;695,000000000000000;0,003016493054995;ndvi;StdTime;15-07-16 00:00:00;0,589677825216338;0;7;Milieux semi-naturels
48;535,000000000000000;0,002322048610679;ndvi;StdTime;15-07-16 00:00:00;0,441158626649407;0;8;Zones humides et eau
51;8563,000000000000000;0,037165798604199;ndvi;StdTime;15-07-16 00:00:00;0,695264720393300;0;1;Artificialise
52;20512,000000000000000;0,089027777761219;ndvi;StdTime;15-07-16 00:00:00;0,672082645022393;0;2;Cultures
53;880,000000000000000;0,003819444443734;ndvi;StdTime;15-07-16 00:00:00;0,701970353112979;0;3;Prairies
54;685,000000000000000;0,002973090277225;ndvi;StdTime;15-07-16 00:00:00;0,809158487389559;0;4;Foret feuillus
55;219,000000000000000;0,000950520833157;ndvi;StdTime;15-07-16 00:00:00;0,815179096237165;0;5;Foret resineux
56;1277,000000000000000;0,005542534721191;ndvi;StdTime;15-07-16 00:00:00;0,812428020226741;0;6;Foret mixte
57;15,000000000000000;0,000065104166655;ndvi;StdTime;15-07-16 00:00:00;0,656774644056956;0;7;Milieux semi-naturels
58;2,000000000000000;0,000008680555554;ndvi;StdTime;15-07-16 00:00:00;0,737250000238419;0;8;Zones humides et eau
61;23915,000000000000000;0,103797743036250;ndvi;StdTime;15-07-16 00:00:00;0,645002844606936;0;1;Artificialise
62;60862,000000000000000;0,264157986061980;ndvi;StdTime;15-07-16 00:00:00;0,670607705581612;0;2;Cultures
63;12006,000000000000000;0,052109374990308;ndvi;StdTime;15-07-16 00:00:00;0,710316227514726;0;3;Prairies
64;11171,000000000000000;0,048485243046538;ndvi;StdTime;15-07-16 00:00:00;0,845087456360104;0;4;Foret feuillus
65;495,000000000000000;0,002148437499600;ndvi;StdTime;15-07-16 00:00:00;0,847539202974300;0;5;Foret resineux
66;1468,000000000000000;0,006371527776593;ndvi;StdTime;15-07-16 00:00:00;0,844035701222251;0;6;Foret mixte
67;777,000000000000000;0,003372395832706;ndvi;StdTime;15-07-16 00:00:00;0,751835368583255;0;7;Milieux semi-naturels
68;447,000000000000000;0,001940104166306;ndvi;StdTime;15-07-16 00:00:00;0,663192814428534;0;8;Zones humides et eau
71;4130,000000000000000;0,017925347218888;ndvi;StdTime;15-07-16 00:00:00;0,508948987444578;0;1;Artificialise
72;100,000000000000000;0,000434027777697;ndvi;StdTime;15-07-16 00:00:00;0,677257234454155;0;2;Cultures
73;15,000000000000000;0,000065104166655;ndvi;StdTime;15-07-16 00:00:00;0,724153300126394;0;3;Prairies
74;459,000000000000000;0,001992187499629;ndvi;StdTime;15-07-16 00:00:00;0,852905873249818;0;4;Foret feuillus
76;35,000000000000000;0,000151909722194;ndvi;StdTime;15-07-16 00:00:00;0,848750444820949;0;6;Foret mixte
78;9,000000000000000;0,000039062499993;ndvi;StdTime;15-07-16 00:00:00;0,352821288837327;0;8;Zones humides et eau
81;27255,000000000000000;0,118294270811332;ndvi;StdTime;15-07-16 00:00:00;0,613451368887261;0;1;Artificialise
82;30867,000000000000000;0,133971354141749;ndvi;StdTime;15-07-16 00:00:00;0,718332459702066;0;2;Cultures
83;12409,000000000000000;0,053858506934427;ndvi;StdTime;15-07-16 00:00:00;0,724588107249539;0;3;Prairies
84;2241,000000000000000;0,009726562498191;ndvi;StdTime;15-07-16 00:00:00;0,801494659216795;0;4;Foret feuillus
85;5418,000000000000000;0,023515624995626;ndvi;StdTime;15-07-16 00:00:00;0,774887968210901;0;5;Foret resineux
86;3278,000000000000000;0,014227430552909;ndvi;StdTime;15-07-16 00:00:00;0,802432603502215;0;6;Foret mixte
87;1120,000000000000000;0,004861111110207;ndvi;StdTime;15-07-16 00:00:00;0,707304032971817;0;7;Milieux semi-naturels
88;2175,000000000000000;0,009440104164911;ndvi;StdTime;15-07-16 00:00:00;0,476112281121205;0;8;Zones humides et eau
91;21524,000000000000000;0,093420138871514;ndvi;StdTime;15-07-16 00:00:00;0,696227072356137;0;1;Artificialise
92;33863,000000000000000;0,146974826361553;ndvi;StdTime;15-07-16 00:00:00;0,710847814791284;0;2;Cultures
93;20854,000000000000000;0,090512152760943;ndvi;StdTime;15-07-16 00:00:00;0,801309309496088;0;3;Prairies
94;4447,000000000000000;0,019301215274188;ndvi;StdTime;15-07-16 00:00:00;0,837929763732557;0;4;Foret feuillus
95;10528,000000000000000;0,045694444435946;ndvi;StdTime;15-07-16 00:00:00;0,837151275953352;0;5;Foret resineux
96;16812,000000000000000;0,072968749986428;ndvi;StdTime;15-07-16 00:00:00;0,844348451056609;0;6;Foret mixte
97;2449,000000000000000;0,010629340275801;ndvi;StdTime;15-07-16 00:00:00;0,825020300314931;0;7;Milieux semi-naturels
98;2008,000000000000000;0,008715277776157;ndvi;StdTime;15-07-16 00:00:00;0,769353323523325;0;8;Zones humides et eau
101;7501,000000000000000;0,032556423605056;ndvi;StdTime;15-07-16 00:00:00;0,737107689508421;0;1;Artificialise
102;32049,000000000000000;0,139101562474128;ndvi;StdTime;15-07-16 00:00:00;0,786449417430504;0;2;Cultures
103;23798,000000000000000;0,103289930536344;ndvi;StdTime;15-07-16 00:00:00;0,794167569627062;0;3;Prairies
104;18168,000000000000000;0,078854166652000;ndvi;StdTime;15-07-16 00:00:00;0,873580280696309;0;4;Foret feuillus
105;13765,000000000000000;0,059743923599999;ndvi;StdTime;15-07-16 00:00:00;0,838054858503713;0;5;Foret resineux
106;30877,000000000000000;0,134014756919519;ndvi;StdTime;15-07-16 00:00:00;0,846231758270207;0;6;Foret mixte
107;2266,000000000000000;0,009835069442615;ndvi;StdTime;15-07-16 00:00:00;0,823442896592964;0;7;Milieux semi-naturels
108;332,000000000000000;0,001440972221954;ndvi;StdTime;15-07-16 00:00:00;0,824650897319058;0;8;Zones humides et eau
111;13192,000000000000000;0,057256944433795;ndvi;StdTime;15-07-16 00:00:00;0,705999800434993;0;1;Artificialise
112;48169,000000000000000;0,209066840238893;ndvi;StdTime;15-07-16 00:00:00;0,709191305452762;0;2;Cultures
113;9056,000000000000000;0,039305555548245;ndvi;StdTime;15-07-16 00:00:00;0,761522849633395;0;3;Prairies
114;15928,000000000000000;0,069131944431586;ndvi;StdTime;15-07-16 00:00:00;0,861927439243961;0;4;Foret feuillus
115;2083,000000000000000;0,009040798609430;ndvi;StdTime;15-07-16 00:00:00;0,851674864169673;0;5;Foret resineux
116;17702,000000000000000;0,076831597207932;ndvi;StdTime;15-07-16 00:00:00;0,851469912428721;0;6;Foret mixte
117;299,000000000000000;0,001297743055314;ndvi;StdTime;15-07-16 00:00:00;0,822053808831052;0;7;Milieux semi-naturels
118;319,000000000000000;0,001384548610854;ndvi;StdTime;15-07-16 00:00:00;0,680895971000008;0;8;Zones humides et eau
11;19297,000000000000000;0,083754340262200;ndvi;StdTime;15-07-17 00:00:00;0,610658612172733;0;1;Artificialise
12;32515,000000000000000;0,141124131918197;ndvi;StdTime;15-07-17 00:00:00;0,708011102650727;0;2;Cultures
13;4653,000000000000000;0,020195312496244;ndvi;StdTime;15-07-17 00:00:00;0,741305552603941;0;3;Prairies
14;2157,000000000000000;0,009361979164925;ndvi;StdTime;15-07-17 00:00:00;0,797705599180681;0;4;Foret feuillus
15;5373,000000000000000;0,023320312495663;ndvi;StdTime;15-07-17 00:00:00;0,771387439981733;0;5;Foret resineux
16;3663,000000000000000;0,015898437497043;ndvi;StdTime;15-07-17 00:00:00;0,789624044137219;0;6;Foret mixte
17;2665,000000000000000;0,011566840275626;ndvi;StdTime;15-07-17 00:00:00;0,662212633930050;0;7;Milieux semi-naturels
18;1213,000000000000000;0,005264756943465;ndvi;StdTime;15-07-17 00:00:00;0,618450472473803;0;8;Zones humides et eau
21;23643,000000000000000;0,102617187480914;ndvi;StdTime;15-07-17 00:00:00;0,588915875702972;0;1;Artificialise
22;53262,000000000000000;0,231171874957004;ndvi;StdTime;15-07-17 00:00:00;0,697818161081307;0;2;Cultures
23;7495,000000000000000;0,032530381938394;ndvi;StdTime;15-07-17 00:00:00;0,715080695302586;0;3;Prairies
24;1297,000000000000000;0,005629340276731;ndvi;StdTime;15-07-17 00:00:00;0,797164224760295;0;4;Foret feuillus
25;405,000000000000000;0,001757812499673;ndvi;StdTime;15-07-17 00:00:00;0,783443090356427;0;5;Foret resineux
26;881,000000000000000;0,003823784721511;ndvi;StdTime;15-07-17 00:00:00;0,789444868633614;0;6;Foret mixte
27;470,000000000000000;0,002039930555176;ndvi;StdTime;15-07-17 00:00:00;0,535398644113794;0;7;Milieux semi-naturels
28;1244,000000000000000;0,005399305554551;ndvi;StdTime;15-07-17 00:00:00;0,412275919509882;0;8;Zones humides et eau
31;20501,000000000000000;0,088980034705673;ndvi;StdTime;15-07-17 00:00:00;0,640086026474764;0;1;Artificialise
32;33836,000000000000000;0,146857638861575;ndvi;StdTime;15-07-17 00:00:00;0,690016823169750;0;2;Cultures
33;2765,000000000000000;0,012000868053323;ndvi;StdTime;15-07-17 00:00:00;0,734154262378893;0;3;Prairies
34;3126,000000000000000;0,013567708330810;ndvi;StdTime;15-07-17 00:00:00;0,819273453232042;0;4;Foret feuillus
35;335,000000000000000;0,001453993055285;ndvi;StdTime;15-07-17 00:00:00;0,791201193297087;0;5;Foret resineux
36;1500,000000000000000;0,006510416665456;ndvi;StdTime;15-07-17 00:00:00;0,810123850107193;0;6;Foret mixte
37;107,000000000000000;0,000464409722136;ndvi;StdTime;15-07-17 00:00:00;0,737704776993422;0;7;Milieux semi-naturels
38;185,000000000000000;0,000802951388740;ndvi;StdTime;15-07-17 00:00:00;0,697116296033601;0;8;Zones humides et eau
41;18532,000000000000000;0,080434027762818;ndvi;StdTime;15-07-17 00:00:00;0,534962977361150;0;1;Artificialise
42;63126,000000000000000;0,273984374949041;ndvi;StdTime;15-07-17 00:00:00;0,638978341347248;0;2;Cultures
43;8940,000000000000000;0,038802083326116;ndvi;StdTime;15-07-17 00:00:00;0,688388852768431;0;3;Prairies
44;659,000000000000000;0,002860243055024;ndvi;StdTime;15-07-17 00:00:00;0,795989146815085;0;4;Foret feuillus
45;284,000000000000000;0,001232638888660;ndvi;StdTime;15-07-17 00:00:00;0,776691874567891;0;5;Foret resineux
46;586,000000000000000;0,002543402777305;ndvi;StdTime;15-07-17 00:00:00;0,790756868268443;0;6;Foret mixte
47;692,000000000000000;0,003003472221664;ndvi;StdTime;15-07-17 00:00:00;0,548489422231207;0;7;Milieux semi-naturels
48;555,000000000000000;0,002408854166219;ndvi;StdTime;15-07-17 00:00:00;0,410448260130445;0;8;Zones humides et eau
51;8563,000000000000000;0,037165798604199;ndvi;StdTime;15-07-17 00:00:00;0,680404466475184;0;1;Artificialise
52;20512,000000000000000;0,089027777761219;ndvi;StdTime;15-07-17 00:00:00;0,667047615920000;0;2;Cultures
53;880,000000000000000;0,003819444443734;ndvi;StdTime;15-07-17 00:00:00;0,692056949402798;0;3;Prairies
54;685,000000000000000;0,002973090277225;ndvi;StdTime;15-07-17 00:00:00;0,804539785115389;0;4;Foret feuillus
55;219,000000000000000;0,000950520833157;ndvi;StdTime;15-07-17 00:00:00;0,811843108368791;0;5;Foret resineux
56;1277,000000000000000;0,005542534721191;ndvi;StdTime;15-07-17 00:00:00;0,806930564489790;0;6;Foret mixte
57;15,000000000000000;0,000065104166655;ndvi;StdTime;15-07-17 00:00:00;0,611296212673187;0;7;Milieux semi-naturels
58;2,000000000000000;0,000008680555554;ndvi;StdTime;15-07-17 00:00:00;0,733608305454254;0;8;Zones humides et eau
61;23918,000000000000000;0,103810763869581;ndvi;StdTime;15-07-17 00:00:00;0,611963138814751;0;1;Artificialise
62;60865,000000000000000;0,264171006895311;ndvi;StdTime;15-07-17 00:00:00;0,659477863772136;0;2;Cultures
63;12006,000000000000000;0,052109374990308;ndvi;StdTime;15-07-17 00:00:00;0,691676222245912;0;3;Prairies
64;11171,000000000000000;0,048485243046538;ndvi;StdTime;15-07-17 00:00:00;0,829397526386334;0;4;Foret feuillus
65;495,000000000000000;0,002148437499600;ndvi;StdTime;15-07-17 00:00:00;0,831243317897873;0;5;Foret resineux
66;1468,000000000000000;0,006371527776593;ndvi;StdTime;15-07-17 00:00:00;0,829263031726312;0;6;Foret mixte
67;777,000000000000000;0,003372395832706;ndvi;StdTime;15-07-17 00:00:00;0,712454638962887;0;7;Milieux semi-naturels
68;453,000000000000000;0,001966145832968;ndvi;StdTime;15-07-17 00:00:00;0,616893433675860;0;8;Zones humides et eau
71;4130,000000000000000;0,017925347218888;ndvi;StdTime;15-07-17 00:00:00;0,500273194198314;0;1;Artificialise
72;100,000000000000000;0,000434027777697;ndvi;StdTime;15-07-17 00:00:00;0,654812388420105;0;2;Cultures
73;15,000000000000000;0,000065104166655;ndvi;StdTime;15-07-17 00:00:00;0,700451982021332;0;3;Prairies
74;459,000000000000000;0,001992187499629;ndvi;StdTime;15-07-17 00:00:00;0,854847719466764;0;4;Foret feuillus
76;35,000000000000000;0,000151909722194;ndvi;StdTime;15-07-17 00:00:00;0,838144557816642;0;6;Foret mixte
78;9,000000000000000;0,000039062499993;ndvi;StdTime;15-07-17 00:00:00;0,329223697384198;0;8;Zones humides et eau
81;27327,000000000000000;0,118606770811273;ndvi;StdTime;15-07-17 00:00:00;0,604835962727678;0;1;Artificialise
82;30867,000000000000000;0,133971354141749;ndvi;StdTime;15-07-17 00:00:00;0,736560116946322;0;2;Cultures
83;12409,000000000000000;0,053858506934427;ndvi;StdTime;15-07-17 00:00:00;0,750363037197911;0;3;Prairies
84;2241,000000000000000;0,009726562498191;ndvi;StdTime;15-07-17 00:00:00;0,805715198032244;0;4;Foret feuillus
85;5418,000000000000000;0,023515624995626;ndvi;StdTime;15-07-17 00:00:00;0,780240276481183;0;5;Foret resineux
86;3278,000000000000000;0,014227430552909;ndvi;StdTime;15-07-17 00:00:00;0,808971542667296;0;6;Foret mixte
87;1122,000000000000000;0,004869791665761;ndvi;StdTime;15-07-17 00:00:00;0,677081675333454;0;7;Milieux semi-naturels
88;2191,000000000000000;0,009509548609342;ndvi;StdTime;15-07-17 00:00:00;0,456997766242682;0;8;Zones humides et eau
91;21524,000000000000000;0,093420138871514;ndvi;StdTime;15-07-17 00:00:00;0,678000155476691;0;1;Artificialise
92;33863,000000000000000;0,146974826361553;ndvi;StdTime;15-07-17 00:00:00;0,700112047073067;0;2;Cultures
93;20854,000000000000000;0,090512152760943;ndvi;StdTime;15-07-17 00:00:00;0,792432121534502;0;3;Prairies
94;4447,000000000000000;0,019301215274188;ndvi;StdTime;15-07-17 00:00:00;0,832886697597550;0;4;Foret feuillus
95;10528,000000000000000;0,045694444435946;ndvi;StdTime;15-07-17 00:00:00;0,820041371067832;0;5;Foret resineux
96;16812,000000000000000;0,072968749986428;ndvi;StdTime;15-07-17 00:00:00;0,834839568323830;0;6;Foret mixte
97;2449,000000000000000;0,010629340275801;ndvi;StdTime;15-07-17 00:00:00;0,786360729332114;0;7;Milieux semi-naturels
98;2008,000000000000000;0,008715277776157;ndvi;StdTime;15-07-17 00:00:00;0,721058928493069;0;8;Zones humides et eau
101;7501,000000000000000;0,032556423605056;ndvi;StdTime;15-07-17 00:00:00;0,718664503376844;0;1;Artificialise
102;32049,000000000000000;0,139101562474128;ndvi;StdTime;15-07-17 00:00:00;0,777206983771678;0;2;Cultures
103;23798,000000000000000;0,103289930536344;ndvi;StdTime;15-07-17 00:00:00;0,792763362612901;0;3;Prairies
104;18168,000000000000000;0,078854166652000;ndvi;StdTime;15-07-17 00:00:00;0,876578141464794;0;4;Foret feuillus
105;13765,000000000000000;0,059743923599999;ndvi;StdTime;15-07-17 00:00:00;0,828809685694968;0;5;Foret resineux
106;30877,000000000000000;0,134014756919519;ndvi;StdTime;15-07-17 00:00:00;0,839806279919480;0;6;Foret mixte
107;2266,000000000000000;0,009835069442615;ndvi;StdTime;15-07-17 00:00:00;0,795715761547686;0;7;Milieux semi-naturels
108;332,000000000000000;0,001440972221954;ndvi;StdTime;15-07-17 00:00:00;0,778470499149288;0;8;Zones humides et eau
111;13192,000000000000000;0,057256944433795;ndvi;StdTime;15-07-17 00:00:00;0,676747050821970;0;1;Artificialise
112;48169,000000000000000;0,209066840238893;ndvi;StdTime;15-07-17 00:00:00;0,691205321030512;0;2;Cultures
113;9056,000000000000000;0,039305555548245;ndvi;StdTime;15-07-17 00:00:00;0,734481258015067;0;3;Prairies
114;15928,000000000000000;0,069131944431586;ndvi;StdTime;15-07-17 00:00:00;0,853364680119567;0;4;Foret feuillus
115;2083,000000000000000;0,009040798609430;ndvi;StdTime;15-07-17 00:00:00;0,841543851909418;0;5;Foret resineux
116;17702,000000000000000;0,076831597207932;ndvi;StdTime;15-07-17 00:00:00;0,841616738650329;0;6;Foret mixte
117;299,000000000000000;0,001297743055314;ndvi;StdTime;15-07-17 00:00:00;0,794287608818067;0;7;Milieux semi-naturels
118;319,000000000000000;0,001384548610854;ndvi;StdTime;15-07-17 00:00:00;0,679964697566526;0;8;Zones humides et eau
11;19297,000000000000000;0,083754340262200;ndvi;StdTime;15-07-18 00:00:00;0,554308012855289;0;1;Artificialise
12;32515,000000000000000;0,141124131918197;ndvi;StdTime;15-07-18 00:00:00;0,654538174717127;0;2;Cultures
13;4653,000000000000000;0,020195312496244;ndvi;StdTime;15-07-18 00:00:00;0,657701593821929;0;3;Prairies
14;2157,000000000000000;0,009361979164925;ndvi;StdTime;15-07-18 00:00:00;0,762987732624753;0;4;Foret feuillus
15;5373,000000000000000;0,023320312495663;ndvi;StdTime;15-07-18 00:00:00;0,735558612257235;0;5;Foret resineux
16;3663,000000000000000;0,015898437497043;ndvi;StdTime;15-07-18 00:00:00;0,755141019829302;0;6;Foret mixte
17;2665,000000000000000;0,011566840275626;ndvi;StdTime;15-07-18 00:00:00;0,638344672537544;0;7;Milieux semi-naturels
18;1213,000000000000000;0,005264756943465;ndvi;StdTime;15-07-18 00:00:00;0,577403496597684;0;8;Zones humides et eau
21;23651,000000000000000;0,102651909703130;ndvi;StdTime;15-07-18 00:00:00;0,530299257582039;0;1;Artificialise
22;53262,000000000000000;0,231171874957004;ndvi;StdTime;15-07-18 00:00:00;0,635952496074782;0;2;Cultures
23;7495,000000000000000;0,032530381938394;ndvi;StdTime;15-07-18 00:00:00;0,646207264194972;0;3;Prairies
24;1297,000000000000000;0,005629340276731;ndvi;StdTime;15-07-18 00:00:00;0,763883141802198;0;4;Foret feuillus
25;405,000000000000000;0,001757812499673;ndvi;StdTime;15-07-18 00:00:00;0,748857549458375;0;5;Foret resineux
26;881,000000000000000;0,003823784721511;ndvi;StdTime;15-07-18 00:00:00;0,749644703917822;0;6;Foret mixte
27;471,000000000000000;0,002044270832953;ndvi;StdTime;15-07-18 00:00:00;0,502509955894162;0;7;Milieux semi-naturels
28;1293,000000000000000;0,005611979165623;ndvi;StdTime;15-07-18 00:00:00;0,368856502018008;0;8;Zones humides et eau
31;20501,000000000000000;0,088980034705673;ndvi;StdTime;15-07-18 00:00:00;0,579402234722730;0;1;Artificialise
32;33836,000000000000000;0,146857638861575;ndvi;StdTime;15-07-18 00:00:00;0,629379802432478;0;2;Cultures
33;2765,000000000000000;0,012000868053323;ndvi;StdTime;15-07-18 00:00:00;0,658304212214072;0;3;Prairies
34;3126,000000000000000;0,013567708330810;ndvi;StdTime;15-07-18 00:00:00;0,795476919420240;0;4;Foret feuillus
35;335,000000000000000;0,001453993055285;ndvi;StdTime;15-07-18 00:00:00;0,754536807003306;0;5;Foret resineux
36;1500,000000000000000;0,006510416665456;ndvi;StdTime;15-07-18 00:00:00;0,779563499470552;0;6;Foret mixte
37;107,000000000000000;0,000464409722136;ndvi;StdTime;15-07-18 00:00:00;0,700993972125454;0;7;Milieux semi-naturels
38;185,000000000000000;0,000802951388740;ndvi;StdTime;15-07-18 00:00:00;0,656050395321202;0;8;Zones humides et eau
41;18544,000000000000000;0,080486111096141;ndvi;StdTime;15-07-18 00:00:00;0,505841577219285;0;1;Artificialise
42;63126,000000000000000;0,273984374949041;ndvi;StdTime;15-07-18 00:00:00;0,612552512768177;0;2;Cultures
43;8940,000000000000000;0,038802083326116;ndvi;StdTime;15-07-18 00:00:00;0,648387442555870;0;3;Prairies
44;659,000000000000000;0,002860243055024;ndvi;StdTime;15-07-18 00:00:00;0,767920079831831;0;4;Foret feuillus
45;284,000000000000000;0,001232638888660;ndvi;StdTime;15-07-18 00:00:00;0,752512173333638;0;5;Foret resineux
46;586,000000000000000;0,002543402777305;ndvi;StdTime;15-07-18 00:00:00;0,764665814186526;0;6;Foret mixte
47;695,000000000000000;0,003016493054995;ndvi;StdTime;15-07-18 00:00:00;0,544174962549758;0;7;Milieux semi-naturels
48;548,000000000000000;0,002378472221780;ndvi;StdTime;15-07-18 00:00:00;0,387824854116724;0;8;Zones humides et eau
51;8563,000000000000000;0,037165798604199;ndvi;StdTime;15-07-18 00:00:00;0,616853253915254;0;1;Artificialise
52;20512,000000000000000;0,089027777761219;ndvi;StdTime;15-07-18 00:00:00;0,608775958741400;0;2;Cultures
53;880,000000000000000;0,003819444443734;ndvi;StdTime;15-07-18 00:00:00;0,631378293274479;0;3;Prairies
54;685,000000000000000;0,002973090277225;ndvi;StdTime;15-07-18 00:00:00;0,777333164650158;0;4;Foret feuillus
55;219,000000000000000;0,000950520833157;ndvi;StdTime;15-07-18 00:00:00;0,775611499400988;0;5;Foret resineux
56;1277,000000000000000;0,005542534721191;ndvi;StdTime;15-07-18 00:00:00;0,772893478465249;0;6;Foret mixte
57;15,000000000000000;0,000065104166655;ndvi;StdTime;15-07-18 00:00:00;0,571248432000478;0;7;Milieux semi-naturels
58;2,000000000000000;0,000008680555554;ndvi;StdTime;15-07-18 00:00:00;0,691529959440231;0;8;Zones humides et eau
61;23915,000000000000000;0,103797743036250;ndvi;StdTime;15-07-18 00:00:00;0,576024723680429;0;1;Artificialise
62;60865,000000000000000;0,264171006895311;ndvi;StdTime;15-07-18 00:00:00;0,621025785415747;0;2;Cultures
63;12006,000000000000000;0,052109374990308;ndvi;StdTime;15-07-18 00:00:00;0,638109995745709;0;3;Prairies
64;11171,000000000000000;0,048485243046538;ndvi;StdTime;15-07-18 00:00:00;0,812632150153702;0;4;Foret feuillus
65;495,000000000000000;0,002148437499600;ndvi;StdTime;15-07-18 00:00:00;0,807922501756688;0;5;Foret resineux
66;1468,000000000000000;0,006371527776593;ndvi;StdTime;15-07-18 00:00:00;0,806256930412324;0;6;Foret mixte
67;777,000000000000000;0,003372395832706;ndvi;StdTime;15-07-18 00:00:00;0,692110265965934;0;7;Milieux semi-naturels
68;450,000000000000000;0,001953124999637;ndvi;StdTime;15-07-18 00:00:00;0,594082801904943;0;8;Zones humides et eau
71;4130,000000000000000;0,017925347218888;ndvi;StdTime;15-07-18 00:00:00;0,468260753540813;0;1;Artificialise
72;100,000000000000000;0,000434027777697;ndvi;StdTime;15-07-18 00:00:00;0,618122971057892;0;2;Cultures
73;15,000000000000000;0,000065104166655;ndvi;StdTime;15-07-18 00:00:00;0,650233968098958;0;3;Prairies
74;459,000000000000000;0,001992187499629;ndvi;StdTime;15-07-18 00:00:00;0,845357321576096;0;4;Foret feuillus
76;35,000000000000000;0,000151909722194;ndvi;StdTime;15-07-18 00:00:00;0,820692827020373;0;6;Foret mixte
78;9,000000000000000;0,000039062499993;ndvi;StdTime;15-07-18 00:00:00;0,275015547871590;0;8;Zones humides et eau
81;27252,000000000000000;0,118281249978001;ndvi;StdTime;15-07-18 00:00:00;0,548875289151030;0;1;Artificialise
82;30867,000000000000000;0,133971354141749;ndvi;StdTime;15-07-18 00:00:00;0,665012267150064;0;2;Cultures
83;12409,000000000000000;0,053858506934427;ndvi;StdTime;15-07-18 00:00:00;0,669603658429527;0;3;Prairies
84;2241,000000000000000;0,009726562498191;ndvi;StdTime;15-07-18 00:00:00;0,772642815448195;0;4;Foret feuillus
85;5418,000000000000000;0,023515624995626;ndvi;StdTime;15-07-18 00:00:00;0,739315021275681;0;5;Foret resineux
86;3278,000000000000000;0,014227430552909;ndvi;StdTime;15-07-18 00:00:00;0,773713691204404;0;6;Foret mixte
87;1117,000000000000000;0,004848090276876;ndvi;StdTime;15-07-18 00:00:00;0,654804350733224;0;7;Milieux semi-naturels
88;2202,000000000000000;0,009557291664889;ndvi;StdTime;15-07-18 00:00:00;0,412973530068648;0;8;Zones humides et eau
91;21524,000000000000000;0,093420138871514;ndvi;StdTime;15-07-18 00:00:00;0,626330985793076;0;1;Artificialise
92;33863,000000000000000;0,146974826361553;ndvi;StdTime;15-07-18 00:00:00;0,657722286834910;0;2;Cultures
93;20854,000000000000000;0,090512152760943;ndvi;StdTime;15-07-18 00:00:00;0,735153781722616;0;3;Prairies
94;4447,000000000000000;0,019301215274188;ndvi;StdTime;15-07-18 00:00:00;0,803847153588364;0;4;Foret feuillus
95;10528,000000000000000;0,045694444435946;ndvi;StdTime;15-07-18 00:00:00;0,811257843437710;0;5;Foret resineux
96;16812,000000000000000;0,072968749986428;ndvi;StdTime;15-07-18 00:00:00;0,811304093596695;0;6;Foret mixte
97;2449,000000000000000;0,010629340275801;ndvi;StdTime;15-07-18 00:00:00;0,791656662464726;0;7;Milieux semi-naturels
98;2008,000000000000000;0,008715277776157;ndvi;StdTime;15-07-18 00:00:00;0,734605718604418;0;8;Zones humides et eau
101;7501,000000000000000;0,032556423605056;ndvi;StdTime;15-07-18 00:00:00;0,664042440875661;0;1;Artificialise
102;32049,000000000000000;0,139101562474128;ndvi;StdTime;15-07-18 00:00:00;0,716039151516812;0;2;Cultures
103;23798,000000000000000;0,103289930536344;ndvi;StdTime;15-07-18 00:00:00;0,721570998509145;0;3;Prairies
104;18168,000000000000000;0,078854166652000;ndvi;StdTime;15-07-18 00:00:00;0,851710327145144;0;4;Foret feuillus
105;13765,000000000000000;0,059743923599999;ndvi;StdTime;15-07-18 00:00:00;0,801113259541178;0;5;Foret resineux
106;30877,000000000000000;0,134014756919519;ndvi;StdTime;15-07-18 00:00:00;0,811818785402495;0;6;Foret mixte
107;2266,000000000000000;0,009835069442615;ndvi;StdTime;15-07-18 00:00:00;0,781409644780702;0;7;Milieux semi-naturels
108;332,000000000000000;0,001440972221954;ndvi;StdTime;15-07-18 00:00:00;0,778423384011510;0;8;Zones humides et eau
111;13192,000000000000000;0,057256944433795;ndvi;StdTime;15-07-18 00:00:00;0,620431080939481;0;1;Artificialise
112;48169,000000000000000;0,209066840238893;ndvi;StdTime;15-07-18 00:00:00;0,635226957592939;0;2;Cultures
113;9056,000000000000000;0,039305555548245;ndvi;StdTime;15-07-18 00:00:00;0,666283911021667;0;3;Prairies
114;15928,000000000000000;0,069131944431586;ndvi;StdTime;15-07-18 00:00:00;0,823954462962031;0;4;Foret feuillus
115;2083,000000000000000;0,009040798609430;ndvi;StdTime;15-07-18 00:00:00;0,818574097542252;0;5;Foret resineux
116;17702,000000000000000;0,076831597207932;ndvi;StdTime;15-07-18 00:00:00;0,808667825869334;0;6;Foret mixte
117;299,000000000000000;0,001297743055314;ndvi;StdTime;15-07-18 00:00:00;0,764412120632503;0;7;Milieux semi-naturels
118;319,000000000000000;0,001384548610854;ndvi;StdTime;15-07-18 00:00:00;0,628357933045928;0;8;Zones humides et eau
11;19297,000000000000000;0,083754340262200;ndvi;StdTime;15-07-19 00:00:00;0,580908058015936;0;1;Artificialise
12;32515,000000000000000;0,141124131918197;ndvi;StdTime;15-07-19 00:00:00;0,689361960677007;0;2;Cultures
13;4653,000000000000000;0,020195312496244;ndvi;StdTime;15-07-19 00:00:00;0,700922180664507;0;3;Prairies
14;2157,000000000000000;0,009361979164925;ndvi;StdTime;15-07-19 00:00:00;0,782606169104742;0;4;Foret feuillus
15;5373,000000000000000;0,023320312495663;ndvi;StdTime;15-07-19 00:00:00;0,750483546774192;0;5;Foret resineux
16;3663,000000000000000;0,015898437497043;ndvi;StdTime;15-07-19 00:00:00;0,773322423583916;0;6;Foret mixte
17;2665,000000000000000;0,011566840275626;ndvi;StdTime;15-07-19 00:00:00;0,634408797600479;0;7;Milieux semi-naturels
18;1213,000000000000000;0,005264756943465;ndvi;StdTime;15-07-19 00:00:00;0,593593723455833;0;8;Zones humides et eau
21;23624,000000000000000;0,102534722203152;ndvi;StdTime;15-07-19 00:00:00;0,566898385099102;0;1;Artificialise
22;53262,000000000000000;0,231171874957004;ndvi;StdTime;15-07-19 00:00:00;0,678490894687813;0;2;Cultures
23;7495,000000000000000;0,032530381938394;ndvi;StdTime;15-07-19 00:00:00;0,690594082716866;0;3;Prairies
24;1297,000000000000000;0,005629340276731;ndvi;StdTime;15-07-19 00:00:00;0,778883379679417;0;4;Foret feuillus
25;405,000000000000000;0,001757812499673;ndvi;StdTime;15-07-19 00:00:00;0,759620130282861;0;5;Foret resineux
26;881,000000000000000;0,003823784721511;ndvi;StdTime;15-07-19 00:00:00;0,765707117846821;0;6;Foret mixte
27;466,000000000000000;0,002022569444068;ndvi;StdTime;15-07-19 00:00:00;0,530596499982821;0;7;Milieux semi-naturels
28;1253,000000000000000;0,005438368054544;ndvi;StdTime;15-07-19 00:00:00;0,392399544086224;0;8;Zones humides et eau
31;20501,000000000000000;0,088980034705673;ndvi;StdTime;15-07-19 00:00:00;0,616154945782438;0;1;Artificialise
32;33836,000000000000000;0,146857638861575;ndvi;StdTime;15-07-19 00:00:00;0,670673943549582;0;2;Cultures
33;2765,000000000000000;0,012000868053323;ndvi;StdTime;15-07-19 00:00:00;0,708050813661994;0;3;Prairies
34;3126,000000000000000;0,013567708330810;ndvi;StdTime;15-07-19 00:00:00;0,808881753017639;0;4;Foret feuillus
35;335,000000000000000;0,001453993055285;ndvi;StdTime;15-07-19 00:00:00;0,764879919343920;0;5;Foret resineux
36;1500,000000000000000;0,006510416665456;ndvi;StdTime;15-07-19 00:00:00;0,793863044480483;0;6;Foret mixte
37;107,000000000000000;0,000464409722136;ndvi;StdTime;15-07-19 00:00:00;0,727853285653569;0;7;Milieux semi-naturels
38;185,000000000000000;0,000802951388740;ndvi;StdTime;15-07-19 00:00:00;0,671439367371636;0;8;Zones humides et eau
41;18530,000000000000000;0,080425347207264;ndvi;StdTime;15-07-19 00:00:00;0,535290016271114;0;1;Artificialise
42;63126,000000000000000;0,273984374949041;ndvi;StdTime;15-07-19 00:00:00;0,648798730100442;0;2;Cultures
43;8940,000000000000000;0,038802083326116;ndvi;StdTime;15-07-19 00:00:00;0,682972760268506;0;3;Prairies
44;659,000000000000000;0,002860243055024;ndvi;StdTime;15-07-19 00:00:00;0,789201696743914;0;4;Foret feuillus
45;284,000000000000000;0,001232638888660;ndvi;StdTime;15-07-19 00:00:00;0,765178265286165;0;5;Foret resineux
46;586,000000000000000;0,002543402777305;ndvi;StdTime;15-07-19 00:00:00;0,781822512225079;0;6;Foret mixte
47;693,000000000000000;0,003007812499441;ndvi;StdTime;15-07-19 00:00:00;0,560869039512074;0;7;Milieux semi-naturels
48;549,000000000000000;0,002382812499557;ndvi;StdTime;15-07-19 00:00:00;0,414600345568192;0;8;Zones humides et eau
51;8563,000000000000000;0,037165798604199;ndvi;StdTime;15-07-19 00:00:00;0,661481625944617;0;1;Artificialise
52;20512,000000000000000;0,089027777761219;ndvi;StdTime;15-07-19 00:00:00;0,653414258986195;0;2;Cultures
53;880,000000000000000;0,003819444443734;ndvi;StdTime;15-07-19 00:00:00;0,668717917427421;0;3;Prairies
54;685,000000000000000;0,002973090277225;ndvi;StdTime;15-07-19 00:00:00;0,788358880612102;0;4;Foret feuillus
55;219,000000000000000;0,000950520833157;ndvi;StdTime;15-07-19 00:00:00;0,794144834013291;0;5;Foret resineux
56;1277,000000000000000;0,005542534721191;ndvi;StdTime;15-07-19 00:00:00;0,789997767403244;0;6;Foret mixte
57;15,000000000000000;0,000065104166655;ndvi;StdTime;15-07-19 00:00:00;0,592210199435552;0;7;Milieux semi-naturels
58;2,000000000000000;0,000008680555554;ndvi;StdTime;15-07-19 00:00:00;0,741445004940033;0;8;Zones humides et eau
61;23918,000000000000000;0,103810763869581;ndvi;StdTime;15-07-19 00:00:00;0,606486118997239;0;1;Artificialise
62;60865,000000000000000;0,264171006895311;ndvi;StdTime;15-07-19 00:00:00;0,652599214909408;0;2;Cultures
63;12006,000000000000000;0,052109374990308;ndvi;StdTime;15-07-19 00:00:00;0,677822446996384;0;3;Prairies
64;11171,000000000000000;0,048485243046538;ndvi;StdTime;15-07-19 00:00:00;0,816038758720476;0;4;Foret feuillus
65;495,000000000000000;0,002148437499600;ndvi;StdTime;15-07-19 00:00:00;0,819528095409124;0;5;Foret resineux
66;1468,000000000000000;0,006371527776593;ndvi;StdTime;15-07-19 00:00:00;0,816979664608795;0;6;Foret mixte
67;777,000000000000000;0,003372395832706;ndvi;StdTime;15-07-19 00:00:00;0,700462651528907;0;7;Milieux semi-naturels
68;453,000000000000000;0,001966145832968;ndvi;StdTime;15-07-19 00:00:00;0,622339144645148;0;8;Zones humides et eau
71;4130,000000000000000;0,017925347218888;ndvi;StdTime;15-07-19 00:00:00;0,497078696528300;0;1;Artificialise
72;100,000000000000000;0,000434027777697;ndvi;StdTime;15-07-19 00:00:00;0,661521624326706;0;2;Cultures
73;15,000000000000000;0,000065104166655;ndvi;StdTime;15-07-19 00:00:00;0,703024649620056;0;3;Prairies
74;459,000000000000000;0,001992187499629;ndvi;StdTime;15-07-19 00:00:00;0,852055317306311;0;4;Foret feuillus
76;35,000000000000000;0,000151909722194;ndvi;StdTime;15-07-19 00:00:00;0,830448261329106;0;6;Foret mixte
78;9,000000000000000;0,000039062499993;ndvi;StdTime;15-07-19 00:00:00;0,327352590031094;0;8;Zones humides et eau
81;27258,000000000000000;0,118307291644662;ndvi;StdTime;15-07-19 00:00:00;0,571484786735200;0;1;Artificialise
82;30867,000000000000000;0,133971354141749;ndvi;StdTime;15-07-19 00:00:00;0,703978207883808;0;2;Cultures
83;12409,000000000000000;0,053858506934427;ndvi;StdTime;15-07-19 00:00:00;0,714418972507136;0;3;Prairies
84;2241,000000000000000;0,009726562498191;ndvi;StdTime;15-07-19 00:00:00;0,784434306321002;0;4;Foret feuillus
85;5418,000000000000000;0,023515624995626;ndvi;StdTime;15-07-19 00:00:00;0,750140439461807;0;5;Foret resineux
86;3278,000000000000000;0,014227430552909;ndvi;StdTime;15-07-19 00:00:00;0,782791523525379;0;6;Foret mixte
87;1118,000000000000000;0,004852430554653;ndvi;StdTime;15-07-19 00:00:00;0,652581654928878;0;7;Milieux semi-naturels
88;2178,000000000000000;0,009453124998242;ndvi;StdTime;15-07-19 00:00:00;0,429494605811879;0;8;Zones humides et eau
91;21524,000000000000000;0,093420138871514;ndvi;StdTime;15-07-19 00:00:00;0,659395306806783;0;1;Artificialise
92;33863,000000000000000;0,146974826361553;ndvi;StdTime;15-07-19 00:00:00;0,687374792615289;0;2;Cultures
93;20854,000000000000000;0,090512152760943;ndvi;StdTime;15-07-19 00:00:00;0,775122247458395;0;3;Prairies
94;4447,000000000000000;0,019301215274188;ndvi;StdTime;15-07-19 00:00:00;0,821604008242497;0;4;Foret feuillus
95;10528,000000000000000;0,045694444435946;ndvi;StdTime;15-07-19 00:00:00;0,816816518468200;0;5;Foret resineux
96;16812,000000000000000;0,072968749986428;ndvi;StdTime;15-07-19 00:00:00;0,824591692406779;0;6;Foret mixte
97;2449,000000000000000;0,010629340275801;ndvi;StdTime;15-07-19 00:00:00;0,787793763696831;0;7;Milieux semi-naturels
98;2008,000000000000000;0,008715277776157;ndvi;StdTime;15-07-19 00:00:00;0,726907430921654;0;8;Zones humides et eau
101;7501,000000000000000;0,032556423605056;ndvi;StdTime;15-07-19 00:00:00;0,696459297743850;0;1;Artificialise
102;32049,000000000000000;0,139101562474128;ndvi;StdTime;15-07-19 00:00:00;0,750166079584879;0;2;Cultures
103;23798,000000000000000;0,103289930536344;ndvi;StdTime;15-07-19 00:00:00;0,760552083025090;0;3;Prairies
104;18168,000000000000000;0,078854166652000;ndvi;StdTime;15-07-19 00:00:00;0,862899630720503;0;4;Foret feuillus
105;13765,000000000000000;0,059743923599999;ndvi;StdTime;15-07-19 00:00:00;0,816560970091448;0;5;Foret resineux
106;30877,000000000000000;0,134014756919519;ndvi;StdTime;15-07-19 00:00:00;0,826425582727403;0;6;Foret mixte
107;2266,000000000000000;0,009835069442615;ndvi;StdTime;15-07-19 00:00:00;0,800023578613707;0;7;Milieux semi-naturels
108;332,000000000000000;0,001440972221954;ndvi;StdTime;15-07-19 00:00:00;0,788139724049223;0;8;Zones humides et eau
111;13192,000000000000000;0,057256944433795;ndvi;StdTime;15-07-19 00:00:00;0,658614800728997;0;1;Artificialise
112;48169,000000000000000;0,209066840238893;ndvi;StdTime;15-07-19 00:00:00;0,670106502501921;0;2;Cultures
113;9056,000000000000000;0,039305555548245;ndvi;StdTime;15-07-19 00:00:00;0,699274694925513;0;3;Prairies
114;15928,000000000000000;0,069131944431586;ndvi;StdTime;15-07-19 00:00:00;0,830703183046872;0;4;Foret feuillus
115;2083,000000000000000;0,009040798609430;ndvi;StdTime;15-07-19 00:00:00;0,824768028205483;0;5;Foret resineux
116;17702,000000000000000;0,076831597207932;ndvi;StdTime;15-07-19 00:00:00;0,816722076688831;0;6;Foret mixte
117;299,000000000000000;0,001297743055314;ndvi;StdTime;15-07-19 00:00:00;0,783435097705560;0;7;Milieux semi-naturels
118;319,000000000000000;0,001384548610854;ndvi;StdTime;15-07-19 00:00:00;0,663935116092239;0;8;Zones humides et eau
11;19297,000000000000000;0,083754340262200;ndvi;StdTime;15-07-20 00:00:00;0,568957404404511;0;1;Artificialise
12;32515,000000000000000;0,141124131918197;ndvi;StdTime;15-07-20 00:00:00;0,664982495908461;0;2;Cultures
13;4653,000000000000000;0,020195312496244;ndvi;StdTime;15-07-20 00:00:00;0,693571570705860;0;3;Prairies
14;2157,000000000000000;0,009361979164925;ndvi;StdTime;15-07-20 00:00:00;0,775943427559508;0;4;Foret feuillus
15;5373,000000000000000;0,023320312495663;ndvi;StdTime;15-07-20 00:00:00;0,750772838824491;0;5;Foret resineux
16;3663,000000000000000;0,015898437497043;ndvi;StdTime;15-07-20 00:00:00;0,775091509658913;0;6;Foret mixte
17;2665,000000000000000;0,011566840275626;ndvi;StdTime;15-07-20 00:00:00;0,627109077634327;0;7;Milieux semi-naturels
18;1213,000000000000000;0,005264756943465;ndvi;StdTime;15-07-20 00:00:00;0,599900952212494;0;8;Zones humides et eau
21;23642,000000000000000;0,102612847203137;ndvi;StdTime;15-07-20 00:00:00;0,555292718118597;0;1;Artificialise
22;53262,000000000000000;0,231171874957004;ndvi;StdTime;15-07-20 00:00:00;0,667291659685684;0;2;Cultures
23;7495,000000000000000;0,032530381938394;ndvi;StdTime;15-07-20 00:00:00;0,683405463118167;0;3;Prairies
24;1297,000000000000000;0,005629340276731;ndvi;StdTime;15-07-20 00:00:00;0,787230589133368;0;4;Foret feuillus
25;405,000000000000000;0,001757812499673;ndvi;StdTime;15-07-20 00:00:00;0,760227101967659;0;5;Foret resineux
26;881,000000000000000;0,003823784721511;ndvi;StdTime;15-07-20 00:00:00;0,769544671565531;0;6;Foret mixte
27;466,000000000000000;0,002022569444068;ndvi;StdTime;15-07-20 00:00:00;0,508816875205595;0;7;Milieux semi-naturels
28;1255,000000000000000;0,005447048610098;ndvi;StdTime;15-07-20 00:00:00;0,393589919294923;0;8;Zones humides et eau
31;20501,000000000000000;0,088980034705673;ndvi;StdTime;15-07-20 00:00:00;0,593848287100516;0;1;Artificialise
32;33836,000000000000000;0,146857638861575;ndvi;StdTime;15-07-20 00:00:00;0,651552283098191;0;2;Cultures
33;2765,000000000000000;0,012000868053323;ndvi;StdTime;15-07-20 00:00:00;0,699380072902815;0;3;Prairies
34;3126,000000000000000;0,013567708330810;ndvi;StdTime;15-07-20 00:00:00;0,809250411206305;0;4;Foret feuillus
35;335,000000000000000;0,001453993055285;ndvi;StdTime;15-07-20 00:00:00;0,763588405545078;0;5;Foret resineux
36;1500,000000000000000;0,006510416665456;ndvi;StdTime;15-07-20 00:00:00;0,792158606708050;0;6;Foret mixte
37;107,000000000000000;0,000464409722136;ndvi;StdTime;15-07-20 00:00:00;0,722720853079145;0;7;Milieux semi-naturels
38;185,000000000000000;0,000802951388740;ndvi;StdTime;15-07-20 00:00:00;0,671463059573560;0;8;Zones humides et eau
41;18555,000000000000000;0,080533854151688;ndvi;StdTime;15-07-20 00:00:00;0,511188119358392;0;1;Artificialise
42;63126,000000000000000;0,273984374949041;ndvi;StdTime;15-07-20 00:00:00;0,620875725184431;0;2;Cultures
43;8940,000000000000000;0,038802083326116;ndvi;StdTime;15-07-20 00:00:00;0,667348831653662;0;3;Prairies
44;659,000000000000000;0,002860243055024;ndvi;StdTime;15-07-20 00:00:00;0,783542110634140;0;4;Foret feuillus
45;284,000000000000000;0,001232638888660;ndvi;StdTime;15-07-20 00:00:00;0,769966124963592;0;5;Foret resineux
46;586,000000000000000;0,002543402777305;ndvi;StdTime;15-07-20 00:00:00;0,779526707611393;0;6;Foret mixte
47;695,000000000000000;0,003016493054995;ndvi;StdTime;15-07-20 00:00:00;0,543168999113665;0;7;Milieux semi-naturels
48;544,000000000000000;0,002361111110672;ndvi;StdTime;15-07-20 00:00:00;0,402280107396484;0;8;Zones humides et eau
51;8563,000000000000000;0,037165798604199;ndvi;StdTime;15-07-20 00:00:00;0,631786436209695;0;1;Artificialise
52;20512,000000000000000;0,089027777761219;ndvi;StdTime;15-07-20 00:00:00;0,614682360723699;0;2;Cultures
53;880,000000000000000;0,003819444443734;ndvi;StdTime;15-07-20 00:00:00;0,649771393869412;0;3;Prairies
54;685,000000000000000;0,002973090277225;ndvi;StdTime;15-07-20 00:00:00;0,790541791306795;0;4;Foret feuillus
55;219,000000000000000;0,000950520833157;ndvi;StdTime;15-07-20 00:00:00;0,789258167896097;0;5;Foret resineux
56;1277,000000000000000;0,005542534721191;ndvi;StdTime;15-07-20 00:00:00;0,787049935213177;0;6;Foret mixte
57;15,000000000000000;0,000065104166655;ndvi;StdTime;15-07-20 00:00:00;0,604857754707336;0;7;Milieux semi-naturels
58;2,000000000000000;0,000008680555554;ndvi;StdTime;15-07-20 00:00:00;0,809933304786682;0;8;Zones humides et eau
61;23911,000000000000000;0,103780381925142;ndvi;StdTime;15-07-20 00:00:00;0,576366717035484;0;1;Artificialise
62;60862,000000000000000;0,264157986061980;ndvi;StdTime;15-07-20 00:00:00;0,624233780463718;0;2;Cultures
63;12006,000000000000000;0,052109374990308;ndvi;StdTime;15-07-20 00:00:00;0,645701699238131;0;3;Prairies
64;11171,000000000000000;0,048485243046538;ndvi;StdTime;15-07-20 00:00:00;0,823191960334306;0;4;Foret feuillus
65;495,000000000000000;0,002148437499600;ndvi;StdTime;15-07-20 00:00:00;0,810234857568837;0;5;Foret resineux
66;1468,000000000000000;0,006371527776593;ndvi;StdTime;15-07-20 00:00:00;0,816103333551487;0;6;Foret mixte
67;777,000000000000000;0,003372395832706;ndvi;StdTime;15-07-20 00:00:00;0,692015351284118;0;7;Milieux semi-naturels
68;438,000000000000000;0,001901041666313;ndvi;StdTime;15-07-20 00:00:00;0,608476036419607;0;8;Zones humides et eau
71;4130,000000000000000;0,017925347218888;ndvi;StdTime;15-07-20 00:00:00;0,485214626482411;0;1;Artificialise
72;100,000000000000000;0,000434027777697;ndvi;StdTime;15-07-20 00:00:00;0,646662614047527;0;2;Cultures
73;15,000000000000000;0,000065104166655;ndvi;StdTime;15-07-20 00:00:00;0,707952201366425;0;3;Prairies
74;459,000000000000000;0,001992187499629;ndvi;StdTime;15-07-20 00:00:00;0,863442861436499;0;4;Foret feuillus
76;35,000000000000000;0,000151909722194;ndvi;StdTime;15-07-20 00:00:00;0,844904259272984;0;6;Foret mixte
78;9,000000000000000;0,000039062499993;ndvi;StdTime;15-07-20 00:00:00;0,343946278095245;0;8;Zones humides et eau
81;27300,000000000000000;0,118489583311295;ndvi;StdTime;15-07-20 00:00:00;0,566977218385231;0;1;Artificialise
82;30867,000000000000000;0,133971354141749;ndvi;StdTime;15-07-20 00:00:00;0,699953737424633;0;2;Cultures
83;12409,000000000000000;0,053858506934427;ndvi;StdTime;15-07-20 00:00:00;0,710722053266664;0;3;Prairies
84;2241,000000000000000;0,009726562498191;ndvi;StdTime;15-07-20 00:00:00;0,789337636370150;0;4;Foret feuillus
85;5418,000000000000000;0,023515624995626;ndvi;StdTime;15-07-20 00:00:00;0,756436263994565;0;5;Foret resineux
86;3278,000000000000000;0,014227430552909;ndvi;StdTime;15-07-20 00:00:00;0,789489597736733;0;6;Foret mixte
87;1120,000000000000000;0,004861111110207;ndvi;StdTime;15-07-20 00:00:00;0,649585025557982;0;7;Milieux semi-naturels
88;2185,000000000000000;0,009483506942681;ndvi;StdTime;15-07-20 00:00:00;0,431262655365888;0;8;Zones humides et eau
91;21524,000000000000000;0,093420138871514;ndvi;StdTime;15-07-20 00:00:00;0,622899844655427;0;1;Artificialise
92;33863,000000000000000;0,146974826361553;ndvi;StdTime;15-07-20 00:00:00;0,649377661311266;0;2;Cultures
93;20854,000000000000000;0,090512152760943;ndvi;StdTime;15-07-20 00:00:00;0,738960774696328;0;3;Prairies
94;4447,000000000000000;0,019301215274188;ndvi;StdTime;15-07-20 00:00:00;0,815729648437771;0;4;Foret feuillus
95;10528,000000000000000;0,045694444435946;ndvi;StdTime;15-07-20 00:00:00;0,805610129813518;0;5;Foret resineux
96;16812,000000000000000;0,072968749986428;ndvi;StdTime;15-07-20 00:00:00;0,815448439163081;0;6;Foret mixte
97;2449,000000000000000;0,010629340275801;ndvi;StdTime;15-07-20 00:00:00;0,776220308390867;0;7;Milieux semi-naturels
98;2008,000000000000000;0,008715277776157;ndvi;StdTime;15-07-20 00:00:00;0,709143991340918;0;8;Zones humides et eau
101;7501,000000000000000;0,032556423605056;ndvi;StdTime;15-07-20 00:00:00;0,666500479590812;0;1;Artificialise
102;32049,000000000000000;0,139101562474128;ndvi;StdTime;15-07-20 00:00:00;0,718478092912312;0;2;Cultures
103;23798,000000000000000;0,103289930536344;ndvi;StdTime;15-07-20 00:00:00;0,725519750037156;0;3;Prairies
104;18168,000000000000000;0,078854166652000;ndvi;StdTime;15-07-20 00:00:00;0,865261785945194;0;4;Foret feuillus
105;13765,000000000000000;0,059743923599999;ndvi;StdTime;15-07-20 00:00:00;0,811629377474927;0;5;Foret resineux
106;30877,000000000000000;0,134014756919519;ndvi;StdTime;15-07-20 00:00:00;0,822787569116407;0;6;Foret mixte
107;2266,000000000000000;0,009835069442615;ndvi;StdTime;15-07-20 00:00:00;0,793519008085987;0;7;Milieux semi-naturels
108;332,000000000000000;0,001440972221954;ndvi;StdTime;15-07-20 00:00:00;0,788012026124690;0;8;Zones humides et eau
111;13192,000000000000000;0,057256944433795;ndvi;StdTime;15-07-20 00:00:00;0,629639065992190;0;1;Artificialise
112;48169,000000000000000;0,209066840238893;ndvi;StdTime;15-07-20 00:00:00;0,643792789405687;0;2;Cultures
113;9056,000000000000000;0,039305555548245;ndvi;StdTime;15-07-20 00:00:00;0,667034099971079;0;3;Prairies
114;15928,000000000000000;0,069131944431586;ndvi;StdTime;15-07-20 00:00:00;0,837024102822915;0;4;Foret feuillus
115;2083,000000000000000;0,009040798609430;ndvi;StdTime;15-07-20 00:00:00;0,827166031486302;0;5;Foret resineux
116;17702,000000000000000;0,076831597207932;ndvi;StdTime;15-07-20 00:00:00;0,818773818539971;0;6;Foret mixte
117;299,000000000000000;0,001297743055314;ndvi;StdTime;15-07-20 00:00:00;0,772761671439461;0;7;Milieux semi-naturels
118;319,000000000000000;0,001384548610854;ndvi;StdTime;15-07-20 00:00:00;0,656339720125109;0;8;Zones humides et eau
11;19297,000000000000000;0,083754340262200;ndvi;StdTime;15-07-21 00:00:00;0,618506156430501;0;1;Artificialise
12;32515,000000000000000;0,141124131918197;ndvi;StdTime;15-07-21 00:00:00;0,707327950739519;0;2;Cultures
13;4653,000000000000000;0,020195312496244;ndvi;StdTime;15-07-21 00:00:00;0,728195217721263;0;3;Prairies
14;2157,000000000000000;0,009361979164925;ndvi;StdTime;15-07-21 00:00:00;0,800583583768674;0;4;Foret feuillus
15;5373,000000000000000;0,023320312495663;ndvi;StdTime;15-07-21 00:00:00;0,774359707642749;0;5;Foret resineux
16;3663,000000000000000;0,015898437497043;ndvi;StdTime;15-07-21 00:00:00;0,800401991649694;0;6;Foret mixte
17;2665,000000000000000;0,011566840275626;ndvi;StdTime;15-07-21 00:00:00;0,690104648387006;0;7;Milieux semi-naturels
18;1213,000000000000000;0,005264756943465;ndvi;StdTime;15-07-21 00:00:00;0,610583796688745;0;8;Zones humides et eau
21;23584,000000000000000;0,102361111092073;ndvi;StdTime;15-07-21 00:00:00;0,606569329114573;0;1;Artificialise
22;53262,000000000000000;0,231171874957004;ndvi;StdTime;15-07-21 00:00:00;0,704418926825960;0;2;Cultures
23;7495,000000000000000;0,032530381938394;ndvi;StdTime;15-07-21 00:00:00;0,723712794412127;0;3;Prairies
24;1297,000000000000000;0,005629340276731;ndvi;StdTime;15-07-21 00:00:00;0,816311394010219;0;4;Foret feuillus
25;405,000000000000000;0,001757812499673;ndvi;StdTime;15-07-21 00:00:00;0,790441831688822;0;5;Foret resineux
26;881,000000000000000;0,003823784721511;ndvi;StdTime;15-07-21 00:00:00;0,803215037308270;0;6;Foret mixte
27;462,000000000000000;0,002005208332960;ndvi;StdTime;15-07-21 00:00:00;0,544791309429066;0;7;Milieux semi-naturels
28;1255,000000000000000;0,005447048610098;ndvi;StdTime;15-07-21 00:00:00;0,417925925565715;0;8;Zones humides et eau
31;20501,000000000000000;0,088980034705673;ndvi;StdTime;15-07-21 00:00:00;0,649650687259057;0;1;Artificialise
32;33836,000000000000000;0,146857638861575;ndvi;StdTime;15-07-21 00:00:00;0,696396422713472;0;2;Cultures
33;2765,000000000000000;0,012000868053323;ndvi;StdTime;15-07-21 00:00:00;0,731742816894007;0;3;Prairies
34;3126,000000000000000;0,013567708330810;ndvi;StdTime;15-07-21 00:00:00;0,828879878411137;0;4;Foret feuillus
35;335,000000000000000;0,001453993055285;ndvi;StdTime;15-07-21 00:00:00;0,787509184630949;0;5;Foret resineux
36;1500,000000000000000;0,006510416665456;ndvi;StdTime;15-07-21 00:00:00;0,813575880448023;0;6;Foret mixte
37;107,000000000000000;0,000464409722136;ndvi;StdTime;15-07-21 00:00:00;0,756063916972864;0;7;Milieux semi-naturels
38;185,000000000000000;0,000802951388740;ndvi;StdTime;15-07-21 00:00:00;0,684389142249082;0;8;Zones humides et eau
41;18535,000000000000000;0,080447048596149;ndvi;StdTime;15-07-21 00:00:00;0,570937620518738;0;1;Artificialise
42;63126,000000000000000;0,273984374949041;ndvi;StdTime;15-07-21 00:00:00;0,678014257852958;0;2;Cultures
43;8940,000000000000000;0,038802083326116;ndvi;StdTime;15-07-21 00:00:00;0,718049761402927;0;3;Prairies
44;659,000000000000000;0,002860243055024;ndvi;StdTime;15-07-21 00:00:00;0,805327265595449;0;4;Foret feuillus
45;284,000000000000000;0,001232638888660;ndvi;StdTime;15-07-21 00:00:00;0,797658104397042;0;5;Foret resineux
46;586,000000000000000;0,002543402777305;ndvi;StdTime;15-07-21 00:00:00;0,811594907283376;0;6;Foret mixte
47;694,000000000000000;0,003012152777218;ndvi;StdTime;15-07-21 00:00:00;0,594003241719385;0;7;Milieux semi-naturels
48;555,000000000000000;0,002408854166219;ndvi;StdTime;15-07-21 00:00:00;0,442917927349121;0;8;Zones humides et eau
51;8563,000000000000000;0,037165798604199;ndvi;StdTime;15-07-21 00:00:00;0,698490233946791;0;1;Artificialise
52;20512,000000000000000;0,089027777761219;ndvi;StdTime;15-07-21 00:00:00;0,675957430592867;0;2;Cultures
53;880,000000000000000;0,003819444443734;ndvi;StdTime;15-07-21 00:00:00;0,725082525035196;0;3;Prairies
54;685,000000000000000;0,002973090277225;ndvi;StdTime;15-07-21 00:00:00;0,818455235061855;0;4;Foret feuillus
55;219,000000000000000;0,000950520833157;ndvi;StdTime;15-07-21 00:00:00;0,828364495273051;0;5;Foret resineux
56;1277,000000000000000;0,005542534721191;ndvi;StdTime;15-07-21 00:00:00;0,815648206996096;0;6;Foret mixte
57;15,000000000000000;0,000065104166655;ndvi;StdTime;15-07-21 00:00:00;0,666789976755778;0;7;Milieux semi-naturels
58;2,000000000000000;0,000008680555554;ndvi;StdTime;15-07-21 00:00:00;0,747274935245514;0;8;Zones humides et eau
61;23918,000000000000000;0,103810763869581;ndvi;StdTime;15-07-21 00:00:00;0,656409253286932;0;1;Artificialise
62;60865,000000000000000;0,264171006895311;ndvi;StdTime;15-07-21 00:00:00;0,700615167035113;0;2;Cultures
63;12006,000000000000000;0,052109374990308;ndvi;StdTime;15-07-21 00:00:00;0,734315270158661;0;3;Prairies
64;11171,000000000000000;0,048485243046538;ndvi;StdTime;15-07-21 00:00:00;0,849170336022436;0;4;Foret feuillus
65;495,000000000000000;0,002148437499600;ndvi;StdTime;15-07-21 00:00:00;0,832243195447055;0;5;Foret resineux
66;1468,000000000000000;0,006371527776593;ndvi;StdTime;15-07-21 00:00:00;0,844061525523339;0;6;Foret mixte
67;777,000000000000000;0,003372395832706;ndvi;StdTime;15-07-21 00:00:00;0,745785950080154;0;7;Milieux semi-naturels
68;453,000000000000000;0,001966145832968;ndvi;StdTime;15-07-21 00:00:00;0,659550715986203;0;8;Zones humides et eau
71;4130,000000000000000;0,017925347218888;ndvi;StdTime;15-07-21 00:00:00;0,517609363296419;0;1;Artificialise
72;100,000000000000000;0,000434027777697;ndvi;StdTime;15-07-21 00:00:00;0,698141197860241;0;2;Cultures
73;15,000000000000000;0,000065104166655;ndvi;StdTime;15-07-21 00:00:00;0,747768425941467;0;3;Prairies
74;459,000000000000000;0,001992187499629;ndvi;StdTime;15-07-21 00:00:00;0,875347019800174;0;4;Foret feuillus
76;35,000000000000000;0,000151909722194;ndvi;StdTime;15-07-21 00:00:00;0,859150344984872;0;6;Foret mixte
78;9,000000000000000;0,000039062499993;ndvi;StdTime;15-07-21 00:00:00;0,312301668855879;0;8;Zones humides et eau
81;27256,000000000000000;0,118298611089109;ndvi;StdTime;15-07-21 00:00:00;0,603229660760718;0;1;Artificialise
82;30867,000000000000000;0,133971354141749;ndvi;StdTime;15-07-21 00:00:00;0,719788013469464;0;2;Cultures
83;12409,000000000000000;0,053858506934427;ndvi;StdTime;15-07-21 00:00:00;0,730660618329012;0;3;Prairies
84;2241,000000000000000;0,009726562498191;ndvi;StdTime;15-07-21 00:00:00;0,797283546552762;0;4;Foret feuillus
85;5418,000000000000000;0,023515624995626;ndvi;StdTime;15-07-21 00:00:00;0,770589783309174;0;5;Foret resineux
86;3278,000000000000000;0,014227430552909;ndvi;StdTime;15-07-21 00:00:00;0,802616336328944;0;6;Foret mixte
87;1124,000000000000000;0,004878472221315;ndvi;StdTime;15-07-21 00:00:00;0,684220637158355;0;7;Milieux semi-naturels
88;2158,000000000000000;0,009366319442702;ndvi;StdTime;15-07-21 00:00:00;0,456014706148244;0;8;Zones humides et eau
91;21524,000000000000000;0,093420138871514;ndvi;StdTime;15-07-21 00:00:00;0,677394284772769;0;1;Artificialise
92;33863,000000000000000;0,146974826361553;ndvi;StdTime;15-07-21 00:00:00;0,699637509829430;0;2;Cultures
93;20854,000000000000000;0,090512152760943;ndvi;StdTime;15-07-21 00:00:00;0,787247840569840;0;3;Prairies
94;4447,000000000000000;0,019301215274188;ndvi;StdTime;15-07-21 00:00:00;0,827901911294565;0;4;Foret feuillus
95;10528,000000000000000;0,045694444435946;ndvi;StdTime;15-07-21 00:00:00;0,812596234659974;0;5;Foret resineux
96;16812,000000000000000;0,072968749986428;ndvi;StdTime;15-07-21 00:00:00;0,827922420232760;0;6;Foret mixte
97;2449,000000000000000;0,010629340275801;ndvi;StdTime;15-07-21 00:00:00;0,786931265417824;0;7;Milieux semi-naturels
98;2008,000000000000000;0,008715277776157;ndvi;StdTime;15-07-21 00:00:00;0,690861583512974;0;8;Zones humides et eau
101;7501,000000000000000;0,032556423605056;ndvi;StdTime;15-07-21 00:00:00;0,719215335142389;0;1;Artificialise
102;32049,000000000000000;0,139101562474128;ndvi;StdTime;15-07-21 00:00:00;0,773677768831956;0;2;Cultures
103;23798,000000000000000;0,103289930536344;ndvi;StdTime;15-07-21 00:00:00;0,787522379817687;0;3;Prairies
104;18168,000000000000000;0,078854166652000;ndvi;StdTime;15-07-21 00:00:00;0,865175939146601;0;4;Foret feuillus
105;13765,000000000000000;0,059743923599999;ndvi;StdTime;15-07-21 00:00:00;0,817182895719809;0;5;Foret resineux
106;30877,000000000000000;0,134014756919519;ndvi;StdTime;15-07-21 00:00:00;0,830363626912820;0;6;Foret mixte
107;2266,000000000000000;0,009835069442615;ndvi;StdTime;15-07-21 00:00:00;0,801310158391391;0;7;Milieux semi-naturels
108;332,000000000000000;0,001440972221954;ndvi;StdTime;15-07-21 00:00:00;0,768533939877188;0;8;Zones humides et eau
111;13192,000000000000000;0,057256944433795;ndvi;StdTime;15-07-21 00:00:00;0,698881042255976;0;1;Artificialise
112;48169,000000000000000;0,209066840238893;ndvi;StdTime;15-07-21 00:00:00;0,713103001695553;0;2;Cultures
113;9056,000000000000000;0,039305555548245;ndvi;StdTime;15-07-21 00:00:00;0,755808711094722;0;3;Prairies
114;15928,000000000000000;0,069131944431586;ndvi;StdTime;15-07-21 00:00:00;0,849038418103623;0;4;Foret feuillus
115;2083,000000000000000;0,009040798609430;ndvi;StdTime;15-07-21 00:00:00;0,831205386369778;0;5;Foret resineux
116;17702,000000000000000;0,076831597207932;ndvi;StdTime;15-07-21 00:00:00;0,835571543656693;0;6;Foret mixte
117;299,000000000000000;0,001297743055314;ndvi;StdTime;15-07-21 00:00:00;0,802978557089101;0;7;Milieux semi-naturels
118;319,000000000000000;0,001384548610854;ndvi;StdTime;15-07-21 00:00:00;0,680415319237963;0;8;Zones humides et eau
11;19297,000000000000000;0,083754340262200;ndvi;StdTime;15-07-22 00:00:00;0,566175834389635;0;1;Artificialise
12;32515,000000000000000;0,141124131918197;ndvi;StdTime;15-07-22 00:00:00;0,670619316792993;0;2;Cultures
13;4653,000000000000000;0,020195312496244;ndvi;StdTime;15-07-22 00:00:00;0,689173533868820;0;3;Prairies
14;2157,000000000000000;0,009361979164925;ndvi;StdTime;15-07-22 00:00:00;0,779594924074664;0;4;Foret feuillus
15;5373,000000000000000;0,023320312495663;ndvi;StdTime;15-07-22 00:00:00;0,749882219463627;0;5;Foret resineux
16;3663,000000000000000;0,015898437497043;ndvi;StdTime;15-07-22 00:00:00;0,773262419890679;0;6;Foret mixte
17;2665,000000000000000;0,011566840275626;ndvi;StdTime;15-07-22 00:00:00;0,647866480787744;0;7;Milieux semi-naturels
18;1213,000000000000000;0,005264756943465;ndvi;StdTime;15-07-22 00:00:00;0,578525686162076;0;8;Zones humides et eau
21;23574,000000000000000;0,102317708314303;ndvi;StdTime;15-07-22 00:00:00;0,547920362784387;0;1;Artificialise
22;53262,000000000000000;0,231171874957004;ndvi;StdTime;15-07-22 00:00:00;0,656283790296356;0;2;Cultures
23;7495,000000000000000;0,032530381938394;ndvi;StdTime;15-07-22 00:00:00;0,670763229456959;0;3;Prairies
24;1297,000000000000000;0,005629340276731;ndvi;StdTime;15-07-22 00:00:00;0,786761867168231;0;4;Foret feuillus
25;405,000000000000000;0,001757812499673;ndvi;StdTime;15-07-22 00:00:00;0,761686419999158;0;5;Foret resineux
26;881,000000000000000;0,003823784721511;ndvi;StdTime;15-07-22 00:00:00;0,771163475364615;0;6;Foret mixte
27;468,000000000000000;0,002031249999622;ndvi;StdTime;15-07-22 00:00:00;0,485354116409380;0;7;Milieux semi-naturels
28;1265,000000000000000;0,005490451387868;ndvi;StdTime;15-07-22 00:00:00;0,369380513150954;0;8;Zones humides et eau
31;20501,000000000000000;0,088980034705673;ndvi;StdTime;15-07-22 00:00:00;0,593909953633965;0;1;Artificialise
32;33836,000000000000000;0,146857638861575;ndvi;StdTime;15-07-22 00:00:00;0,649692140351384;0;2;Cultures
33;2765,000000000000000;0,012000868053323;ndvi;StdTime;15-07-22 00:00:00;0,690681039780431;0;3;Prairies
34;3126,000000000000000;0,013567708330810;ndvi;StdTime;15-07-22 00:00:00;0,814944434083964;0;4;Foret feuillus
35;335,000000000000000;0,001453993055285;ndvi;StdTime;15-07-22 00:00:00;0,769381582203196;0;5;Foret resineux
36;1500,000000000000000;0,006510416665456;ndvi;StdTime;15-07-22 00:00:00;0,798784410754839;0;6;Foret mixte
37;107,000000000000000;0,000464409722136;ndvi;StdTime;15-07-22 00:00:00;0,712905556520569;0;7;Milieux semi-naturels
38;185,000000000000000;0,000802951388740;ndvi;StdTime;15-07-22 00:00:00;0,666162092540715;0;8;Zones humides et eau
41;18504,000000000000000;0,080312499985063;ndvi;StdTime;15-07-22 00:00:00;0,497454360801832;0;1;Artificialise
42;63126,000000000000000;0,273984374949041;ndvi;StdTime;15-07-22 00:00:00;0,597633251927130;0;2;Cultures
43;8940,000000000000000;0,038802083326116;ndvi;StdTime;15-07-22 00:00:00;0,634914032204839;0;3;Prairies
44;659,000000000000000;0,002860243055024;ndvi;StdTime;15-07-22 00:00:00;0,780260596316935;0;4;Foret feuillus
45;284,000000000000000;0,001232638888660;ndvi;StdTime;15-07-22 00:00:00;0,764237006470352;0;5;Foret resineux
46;586,000000000000000;0,002543402777305;ndvi;StdTime;15-07-22 00:00:00;0,776691081529998;0;6;Foret mixte
47;695,000000000000000;0,003016493054995;ndvi;StdTime;15-07-22 00:00:00;0,525587264359292;0;7;Milieux semi-naturels
48;536,000000000000000;0,002326388888456;ndvi;StdTime;15-07-22 00:00:00;0,383279883012470;0;8;Zones humides et eau
51;8563,000000000000000;0,037165798604199;ndvi;StdTime;15-07-22 00:00:00;0,642956319164898;0;1;Artificialise
52;20512,000000000000000;0,089027777761219;ndvi;StdTime;15-07-22 00:00:00;0,620725557930889;0;2;Cultures
53;880,000000000000000;0,003819444443734;ndvi;StdTime;15-07-22 00:00:00;0,642509983683174;0;3;Prairies
54;685,000000000000000;0,002973090277225;ndvi;StdTime;15-07-22 00:00:00;0,799367469766714;0;4;Foret feuillus
55;219,000000000000000;0,000950520833157;ndvi;StdTime;15-07-22 00:00:00;0,809445942373581;0;5;Foret resineux
56;1277,000000000000000;0,005542534721191;ndvi;StdTime;15-07-22 00:00:00;0,800244125380773;0;6;Foret mixte
57;15,000000000000000;0,000065104166655;ndvi;StdTime;15-07-22 00:00:00;0,629985533157984;0;7;Milieux semi-naturels
58;2,000000000000000;0,000008680555554;ndvi;StdTime;15-07-22 00:00:00;0,773716658353806;0;8;Zones humides et eau
61;23909,000000000000000;0,103771701369588;ndvi;StdTime;15-07-22 00:00:00;0,576210381793410;0;1;Artificialise
62;60865,000000000000000;0,264171006895311;ndvi;StdTime;15-07-22 00:00:00;0,616545734473678;0;2;Cultures
63;12006,000000000000000;0,052109374990308;ndvi;StdTime;15-07-22 00:00:00;0,645066289217218;0;3;Prairies
64;11171,000000000000000;0,048485243046538;ndvi;StdTime;15-07-22 00:00:00;0,833748648050019;0;4;Foret feuillus
65;495,000000000000000;0,002148437499600;ndvi;StdTime;15-07-22 00:00:00;0,805091972062082;0;5;Foret resineux
66;1468,000000000000000;0,006371527776593;ndvi;StdTime;15-07-22 00:00:00;0,826761515694353;0;6;Foret mixte
67;777,000000000000000;0,003372395832706;ndvi;StdTime;15-07-22 00:00:00;0,700090215703235;0;7;Milieux semi-naturels
68;443,000000000000000;0,001922743055198;ndvi;StdTime;15-07-22 00:00:00;0,590332754477691;0;8;Zones humides et eau
71;4130,000000000000000;0,017925347218888;ndvi;StdTime;15-07-22 00:00:00;0,484600711413648;0;1;Artificialise
72;100,000000000000000;0,000434027777697;ndvi;StdTime;15-07-22 00:00:00;0,646502317488193;0;2;Cultures
73;15,000000000000000;0,000065104166655;ndvi;StdTime;15-07-22 00:00:00;0,670218177636465;0;3;Prairies
74;459,000000000000000;0,001992187499629;ndvi;StdTime;15-07-22 00:00:00;0,874297581726689;0;4;Foret feuillus
76;35,000000000000000;0,000151909722194;ndvi;StdTime;15-07-22 00:00:00;0,855169514247349;0;6;Foret mixte
78;9,000000000000000;0,000039062499993;ndvi;StdTime;15-07-22 00:00:00;0,306692587004768;0;8;Zones humides et eau
81;27252,000000000000000;0,118281249978001;ndvi;StdTime;15-07-22 00:00:00;0,565561476377384;0;1;Artificialise
82;30867,000000000000000;0,133971354141749;ndvi;StdTime;15-07-22 00:00:00;0,690470969291349;0;2;Cultures
83;12409,000000000000000;0,053858506934427;ndvi;StdTime;15-07-22 00:00:00;0,701449161606329;0;3;Prairies
84;2241,000000000000000;0,009726562498191;ndvi;StdTime;15-07-22 00:00:00;0,774787624703621;0;4;Foret feuillus
85;5418,000000000000000;0,023515624995626;ndvi;StdTime;15-07-22 00:00:00;0,750126189452203;0;5;Foret resineux
86;3278,000000000000000;0,014227430552909;ndvi;StdTime;15-07-22 00:00:00;0,783063220715946;0;6;Foret mixte
87;1116,000000000000000;0,004843749999099;ndvi;StdTime;15-07-22 00:00:00;0,650427214547618;0;7;Milieux semi-naturels
88;2185,000000000000000;0,009483506942681;ndvi;StdTime;15-07-22 00:00:00;0,427420966439343;0;8;Zones humides et eau
91;21524,000000000000000;0,093420138871514;ndvi;StdTime;15-07-22 00:00:00;0,612065860466114;0;1;Artificialise
92;33863,000000000000000;0,146974826361553;ndvi;StdTime;15-07-22 00:00:00;0,638947361901836;0;2;Cultures
93;20854,000000000000000;0,090512152760943;ndvi;StdTime;15-07-22 00:00:00;0,710596058580934;0;3;Prairies
94;4447,000000000000000;0,019301215274188;ndvi;StdTime;15-07-22 00:00:00;0,813298614615667;0;4;Foret feuillus
95;10528,000000000000000;0,045694444435946;ndvi;StdTime;15-07-22 00:00:00;0,811025180409473;0;5;Foret resineux
96;16812,000000000000000;0,072968749986428;ndvi;StdTime;15-07-22 00:00:00;0,816026226252446;0;6;Foret mixte
97;2449,000000000000000;0,010629340275801;ndvi;StdTime;15-07-22 00:00:00;0,793013838686813;0;7;Milieux semi-naturels
98;2008,000000000000000;0,008715277776157;ndvi;StdTime;15-07-22 00:00:00;0,718635262914031;0;8;Zones humides et eau
101;7501,000000000000000;0,032556423605056;ndvi;StdTime;15-07-22 00:00:00;0,653560415794333;0;1;Artificialise
102;32049,000000000000000;0,139101562474128;ndvi;StdTime;15-07-22 00:00:00;0,701595624386493;0;2;Cultures
103;23798,000000000000000;0,103289930536344;ndvi;StdTime;15-07-22 00:00:00;0,709031391816535;0;3;Prairies
104;18168,000000000000000;0,078854166652000;ndvi;StdTime;15-07-22 00:00:00;0,868107732114734;0;4;Foret feuillus
105;13765,000000000000000;0,059743923599999;ndvi;StdTime;15-07-22 00:00:00;0,807380330844053;0;5;Foret resineux
106;30877,000000000000000;0,134014756919519;ndvi;StdTime;15-07-22 00:00:00;0,819737007866622;0;6;Foret mixte
107;2266,000000000000000;0,009835069442615;ndvi;StdTime;15-07-22 00:00:00;0,793555595105660;0;7;Milieux semi-naturels
108;332,000000000000000;0,001440972221954;ndvi;StdTime;15-07-22 00:00:00;0,792326560939651;0;8;Zones humides et eau
111;13192,000000000000000;0,057256944433795;ndvi;StdTime;15-07-22 00:00:00;0,627763920712689;0;1;Artificialise
112;48169,000000000000000;0,209066840238893;ndvi;StdTime;15-07-22 00:00:00;0,633591149763553;0;2;Cultures
113;9056,000000000000000;0,039305555548245;ndvi;StdTime;15-07-22 00:00:00;0,664109749395345;0;3;Prairies
114;15928,000000000000000;0,069131944431586;ndvi;StdTime;15-07-22 00:00:00;0,842459946971841;0;4;Foret feuillus
115;2083,000000000000000;0,009040798609430;ndvi;StdTime;15-07-22 00:00:00;0,827949197473746;0;5;Foret resineux
116;17702,000000000000000;0,076831597207932;ndvi;StdTime;15-07-22 00:00:00;0,822934508345559;0;6;Foret mixte
117;299,000000000000000;0,001297743055314;ndvi;StdTime;15-07-22 00:00:00;0,776918955072512;0;7;Milieux semi-naturels
118;319,000000000000000;0,001384548610854;ndvi;StdTime;15-07-22 00:00:00;0,648865190045587;0;8;Zones humides et eau
11;19297,000000000000000;0,083754340262200;ndvi;StdTime;15-07-23 00:00:00;0,605793614273200;0;1;Artificialise
12;32515,000000000000000;0,141124131918197;ndvi;StdTime;15-07-23 00:00:00;0,709053597305625;0;2;Cultures
13;4653,000000000000000;0,020195312496244;ndvi;StdTime;15-07-23 00:00:00;0,738840755098435;0;3;Prairies
14;2157,000000000000000;0,009361979164925;ndvi;StdTime;15-07-23 00:00:00;0,796217551082718;0;4;Foret feuillus
15;5373,000000000000000;0,023320312495663;ndvi;StdTime;15-07-23 00:00:00;0,772453232104832;0;5;Foret resineux
16;3663,000000000000000;0,015898437497043;ndvi;StdTime;15-07-23 00:00:00;0,788279283398198;0;6;Foret mixte
17;2665,000000000000000;0,011566840275626;ndvi;StdTime;15-07-23 00:00:00;0,676784962007519;0;7;Milieux semi-naturels
18;1213,000000000000000;0,005264756943465;ndvi;StdTime;15-07-23 00:00:00;0,610212390021608;0;8;Zones humides et eau
21;23645,000000000000000;0,102625868036468;ndvi;StdTime;15-07-23 00:00:00;0,593129971873770;0;1;Artificialise
22;53262,000000000000000;0,231171874957004;ndvi;StdTime;15-07-23 00:00:00;0,693947942901533;0;2;Cultures
23;7495,000000000000000;0,032530381938394;ndvi;StdTime;15-07-23 00:00:00;0,715418330381675;0;3;Prairies
24;1297,000000000000000;0,005629340276731;ndvi;StdTime;15-07-23 00:00:00;0,805607170785677;0;4;Foret feuillus
25;405,000000000000000;0,001757812499673;ndvi;StdTime;15-07-23 00:00:00;0,790084630177345;0;5;Foret resineux
26;881,000000000000000;0,003823784721511;ndvi;StdTime;15-07-23 00:00:00;0,796808432470521;0;6;Foret mixte
27;467,000000000000000;0,002026909721845;ndvi;StdTime;15-07-23 00:00:00;0,537275494469182;0;7;Milieux semi-naturels
28;1253,000000000000000;0,005438368054544;ndvi;StdTime;15-07-23 00:00:00;0,410570055429570;0;8;Zones humides et eau
31;20501,000000000000000;0,088980034705673;ndvi;StdTime;15-07-23 00:00:00;0,638955795942567;0;1;Artificialise
32;33836,000000000000000;0,146857638861575;ndvi;StdTime;15-07-23 00:00:00;0,687556349030832;0;2;Cultures
33;2765,000000000000000;0,012000868053323;ndvi;StdTime;15-07-23 00:00:00;0,730613425196188;0;3;Prairies
34;3126,000000000000000;0,013567708330810;ndvi;StdTime;15-07-23 00:00:00;0,825938738648968;0;4;Foret feuillus
35;335,000000000000000;0,001453993055285;ndvi;StdTime;15-07-23 00:00:00;0,782567635934745;0;5;Foret resineux
36;1500,000000000000000;0,006510416665456;ndvi;StdTime;15-07-23 00:00:00;0,811436524788538;0;6;Foret mixte
37;107,000000000000000;0,000464409722136;ndvi;StdTime;15-07-23 00:00:00;0,740748424674863;0;7;Milieux semi-naturels
38;185,000000000000000;0,000802951388740;ndvi;StdTime;15-07-23 00:00:00;0,687517423082042;0;8;Zones humides et eau
41;18538,000000000000000;0,080460069429480;ndvi;StdTime;15-07-23 00:00:00;0,536750689688464;0;1;Artificialise
42;63126,000000000000000;0,273984374949041;ndvi;StdTime;15-07-23 00:00:00;0,626013098533579;0;2;Cultures
43;8940,000000000000000;0,038802083326116;ndvi;StdTime;15-07-23 00:00:00;0,676379857317313;0;3;Prairies
44;659,000000000000000;0,002860243055024;ndvi;StdTime;15-07-23 00:00:00;0,792749832269816;0;4;Foret feuillus
45;284,000000000000000;0,001232638888660;ndvi;StdTime;15-07-23 00:00:00;0,777140432575219;0;5;Foret resineux
46;586,000000000000000;0,002543402777305;ndvi;StdTime;15-07-23 00:00:00;0,798846843706463;0;6;Foret mixte
47;695,000000000000000;0,003016493054995;ndvi;StdTime;15-07-23 00:00:00;0,556782684657428;0;7;Milieux semi-naturels
48;552,000000000000000;0,002395833332888;ndvi;StdTime;15-07-23 00:00:00;0,416772838175783;0;8;Zones humides et eau
51;8563,000000000000000;0,037165798604199;ndvi;StdTime;15-07-23 00:00:00;0,684263002001679;0;1;Artificialise
52;20512,000000000000000;0,089027777761219;ndvi;StdTime;15-07-23 00:00:00;0,651830796033216;0;2;Cultures
53;880,000000000000000;0,003819444443734;ndvi;StdTime;15-07-23 00:00:00;0,689625555073673;0;3;Prairies
54;685,000000000000000;0,002973090277225;ndvi;StdTime;15-07-23 00:00:00;0,809584961581405;0;4;Foret feuillus
55;219,000000000000000;0,000950520833157;ndvi;StdTime;15-07-23 00:00:00;0,823188412407218;0;5;Foret resineux
56;1277,000000000000000;0,005542534721191;ndvi;StdTime;15-07-23 00:00:00;0,813281379739289;0;6;Foret mixte
57;15,000000000000000;0,000065104166655;ndvi;StdTime;15-07-23 00:00:00;0,636247769991557;0;7;Milieux semi-naturels
58;2,000000000000000;0,000008680555554;ndvi;StdTime;15-07-23 00:00:00;0,795099973678589;0;8;Zones humides et eau
61;23912,000000000000000;0,103784722202919;ndvi;StdTime;15-07-23 00:00:00;0,619715979484192;0;1;Artificialise
62;60862,000000000000000;0,264157986061980;ndvi;StdTime;15-07-23 00:00:00;0,648442755152722;0;2;Cultures
63;12006,000000000000000;0,052109374990308;ndvi;StdTime;15-07-23 00:00:00;0,689215238151321;0;3;Prairies
64;11171,000000000000000;0,048485243046538;ndvi;StdTime;15-07-23 00:00:00;0,829445635274127;0;4;Foret feuillus
65;495,000000000000000;0,002148437499600;ndvi;StdTime;15-07-23 00:00:00;0,814964952613368;0;5;Foret resineux
66;1468,000000000000000;0,006371527776593;ndvi;StdTime;15-07-23 00:00:00;0,828685564448301;0;6;Foret mixte
67;777,000000000000000;0,003372395832706;ndvi;StdTime;15-07-23 00:00:00;0,716236303403417;0;7;Milieux semi-naturels
68;444,000000000000000;0,001927083332975;ndvi;StdTime;15-07-23 00:00:00;0,615879512182227;0;8;Zones humides et eau
71;4130,000000000000000;0,017925347218888;ndvi;StdTime;15-07-23 00:00:00;0,521364193465607;0;1;Artificialise
72;100,000000000000000;0,000434027777697;ndvi;StdTime;15-07-23 00:00:00;0,674220381677151;0;2;Cultures
73;15,000000000000000;0,000065104166655;ndvi;StdTime;15-07-23 00:00:00;0,739696657657623;0;3;Prairies
74;459,000000000000000;0,001992187499629;ndvi;StdTime;15-07-23 00:00:00;0,876464172905566;0;4;Foret feuillus
76;35,000000000000000;0,000151909722194;ndvi;StdTime;15-07-23 00:00:00;0,860491902487619;0;6;Foret mixte
78;9,000000000000000;0,000039062499993;ndvi;StdTime;15-07-23 00:00:00;0,355044432812267;0;8;Zones humides et eau
81;27067,000000000000000;0,117478298589261;ndvi;StdTime;15-07-23 00:00:00;0,599008616721483;0;1;Artificialise
82;30867,000000000000000;0,133971354141749;ndvi;StdTime;15-07-23 00:00:00;0,724595140350893;0;2;Cultures
83;12409,000000000000000;0,053858506934427;ndvi;StdTime;15-07-23 00:00:00;0,736343211867923;0;3;Prairies
84;2241,000000000000000;0,009726562498191;ndvi;StdTime;15-07-23 00:00:00;0,794952538304966;0;4;Foret feuillus
85;5418,000000000000000;0,023515624995626;ndvi;StdTime;15-07-23 00:00:00;0,769654635267092;0;5;Foret resineux
86;3278,000000000000000;0,014227430552909;ndvi;StdTime;15-07-23 00:00:00;0,801591082152760;0;6;Foret mixte
87;1125,000000000000000;0,004882812499092;ndvi;StdTime;15-07-23 00:00:00;0,667555627458626;0;7;Milieux semi-naturels
88;2119,000000000000000;0,009197048609401;ndvi;StdTime;15-07-23 00:00:00;0,458833597595460;0;8;Zones humides et eau
91;21524,000000000000000;0,093420138871514;ndvi;StdTime;15-07-23 00:00:00;0,664737820101928;0;1;Artificialise
92;33863,000000000000000;0,146974826361553;ndvi;StdTime;15-07-23 00:00:00;0,687456707373389;0;2;Cultures
93;20854,000000000000000;0,090512152760943;ndvi;StdTime;15-07-23 00:00:00;0,776963816246317;0;3;Prairies
94;4447,000000000000000;0,019301215274188;ndvi;StdTime;15-07-23 00:00:00;0,828727947853375;0;4;Foret feuillus
95;10528,000000000000000;0,045694444435946;ndvi;StdTime;15-07-23 00:00:00;0,819292326256814;0;5;Foret resineux
96;16812,000000000000000;0,072968749986428;ndvi;StdTime;15-07-23 00:00:00;0,831955698246320;0;6;Foret mixte
97;2449,000000000000000;0,010629340275801;ndvi;StdTime;15-07-23 00:00:00;0,790169317170326;0;7;Milieux semi-naturels
98;2008,000000000000000;0,008715277776157;ndvi;StdTime;15-07-23 00:00:00;0,710777556011640;0;8;Zones humides et eau
101;7501,000000000000000;0,032556423605056;ndvi;StdTime;15-07-23 00:00:00;0,701134657934497;0;1;Artificialise
102;32049,000000000000000;0,139101562474128;ndvi;StdTime;15-07-23 00:00:00;0,755666916998224;0;2;Cultures
103;23798,000000000000000;0,103289930536344;ndvi;StdTime;15-07-23 00:00:00;0,766589265533061;0;3;Prairies
104;18168,000000000000000;0,078854166652000;ndvi;StdTime;15-07-23 00:00:00;0,870100248419651;0;4;Foret feuillus
105;13765,000000000000000;0,059743923599999;ndvi;StdTime;15-07-23 00:00:00;0,823663661512860;0;5;Foret resineux
106;30877,000000000000000;0,134014756919519;ndvi;StdTime;15-07-23 00:00:00;0,835378632909310;0;6;Foret mixte
107;2266,000000000000000;0,009835069442615;ndvi;StdTime;15-07-23 00:00:00;0,811698835609450;0;7;Milieux semi-naturels
108;332,000000000000000;0,001440972221954;ndvi;StdTime;15-07-23 00:00:00;0,799719113542373;0;8;Zones humides et eau
111;13192,000000000000000;0,057256944433795;ndvi;StdTime;15-07-23 00:00:00;0,669285367464950;0;1;Artificialise
112;48169,000000000000000;0,209066840238893;ndvi;StdTime;15-07-23 00:00:00;0,672928108284802;0;2;Cultures
113;9056,000000000000000;0,039305555548245;ndvi;StdTime;15-07-23 00:00:00;0,720754289348004;0;3;Prairies
114;15928,000000000000000;0,069131944431586;ndvi;StdTime;15-07-23 00:00:00;0,835825395507953;0;4;Foret feuillus
115;2083,000000000000000;0,009040798609430;ndvi;StdTime;15-07-23 00:00:00;0,828820852036094;0;5;Foret resineux
116;17702,000000000000000;0,076831597207932;ndvi;StdTime;15-07-23 00:00:00;0,827246636598413;0;6;Foret mixte
117;299,000000000000000;0,001297743055314;ndvi;StdTime;15-07-23 00:00:00;0,796483453799251;0;7;Milieux semi-naturels
118;319,000000000000000;0,001384548610854;ndvi;StdTime;15-07-23 00:00:00;0,663801943620544;0;8;Zones humides et eau
11;19297,000000000000000;0,083754340262200;ndvi;StdTime;15-07-24 00:00:00;0,618218446798492;0;1;Artificialise
12;32515,000000000000000;0,141124131918197;ndvi;StdTime;15-07-24 00:00:00;0,685417856985692;0;2;Cultures
13;4653,000000000000000;0,020195312496244;ndvi;StdTime;15-07-24 00:00:00;0,713080359394259;0;3;Prairies
14;2157,000000000000000;0,009361979164925;ndvi;StdTime;15-07-24 00:00:00;0,783158878278113;0;4;Foret feuillus
15;5373,000000000000000;0,023320312495663;ndvi;StdTime;15-07-24 00:00:00;0,771397361342920;0;5;Foret resineux
16;3663,000000000000000;0,015898437497043;ndvi;StdTime;15-07-24 00:00:00;0,785729867698324;0;6;Foret mixte
17;2665,000000000000000;0,011566840275626;ndvi;StdTime;15-07-24 00:00:00;0,717145628022208;0;7;Milieux semi-naturels
18;1213,000000000000000;0,005264756943465;ndvi;StdTime;15-07-24 00:00:00;0,624587589363519;0;8;Zones humides et eau
21;23648,000000000000000;0,102638888869799;ndvi;StdTime;15-07-24 00:00:00;0,595825164513909;0;1;Artificialise
22;53262,000000000000000;0,231171874957004;ndvi;StdTime;15-07-24 00:00:00;0,672205263523337;0;2;Cultures
23;7495,000000000000000;0,032530381938394;ndvi;StdTime;15-07-24 00:00:00;0,696813311904490;0;3;Prairies
24;1297,000000000000000;0,005629340276731;ndvi;StdTime;15-07-24 00:00:00;0,797231707604187;0;4;Foret feuillus
25;405,000000000000000;0,001757812499673;ndvi;StdTime;15-07-24 00:00:00;0,786477521319448;0;5;Foret resineux
26;881,000000000000000;0,003823784721511;ndvi;StdTime;15-07-24 00:00:00;0,794335095721395;0;6;Foret mixte
27;468,000000000000000;0,002031249999622;ndvi;StdTime;15-07-24 00:00:00;0,545121892176282;0;7;Milieux semi-naturels
28;1242,000000000000000;0,005390624998997;ndvi;StdTime;15-07-24 00:00:00;0,409679761268918;0;8;Zones humides et eau
31;20501,000000000000000;0,088980034705673;ndvi;StdTime;15-07-24 00:00:00;0,642873624962881;0;1;Artificialise
32;33836,000000000000000;0,146857638861575;ndvi;StdTime;15-07-24 00:00:00;0,666993052877139;0;2;Cultures
33;2765,000000000000000;0,012000868053323;ndvi;StdTime;15-07-24 00:00:00;0,710420857329480;0;3;Prairies
34;3126,000000000000000;0,013567708330810;ndvi;StdTime;15-07-24 00:00:00;0,815575102945969;0;4;Foret feuillus
35;335,000000000000000;0,001453993055285;ndvi;StdTime;15-07-24 00:00:00;0,780876576900482;0;5;Foret resineux
36;1500,000000000000000;0,006510416665456;ndvi;StdTime;15-07-24 00:00:00;0,810688991347948;0;6;Foret mixte
37;107,000000000000000;0,000464409722136;ndvi;StdTime;15-07-24 00:00:00;0,744947859059984;0;7;Milieux semi-naturels
38;185,000000000000000;0,000802951388740;ndvi;StdTime;15-07-24 00:00:00;0,674161567236926;0;8;Zones humides et eau
41;18549,000000000000000;0,080507812485026;ndvi;StdTime;15-07-24 00:00:00;0,559519826158657;0;1;Artificialise
42;63126,000000000000000;0,273984374949041;ndvi;StdTime;15-07-24 00:00:00;0,628869405548312;0;2;Cultures
43;8940,000000000000000;0,038802083326116;ndvi;StdTime;15-07-24 00:00:00;0,688333689923122;0;3;Prairies
44;659,000000000000000;0,002860243055024;ndvi;StdTime;15-07-24 00:00:00;0,803825084374417;0;4;Foret feuillus
45;284,000000000000000;0,001232638888660;ndvi;StdTime;15-07-24 00:00:00;0,800658862460667;0;5;Foret resineux
46;586,000000000000000;0,002543402777305;ndvi;StdTime;15-07-24 00:00:00;0,805106487646444;0;6;Foret mixte
47;691,000000000000000;0,002999131943887;ndvi;StdTime;15-07-24 00:00:00;0,599256900287410;0;7;Milieux semi-naturels
48;532,000000000000000;0,002309027777348;ndvi;StdTime;15-07-24 00:00:00;0,443844414301238;0;8;Zones humides et eau
51;8563,000000000000000;0,037165798604199;ndvi;StdTime;15-07-24 00:00:00;0,686684036089912;0;1;Artificialise
52;20512,000000000000000;0,089027777761219;ndvi;StdTime;15-07-24 00:00:00;0,628870617390528;0;2;Cultures
53;880,000000000000000;0,003819444443734;ndvi;StdTime;15-07-24 00:00:00;0,685787254944444;0;3;Prairies
54;685,000000000000000;0,002973090277225;ndvi;StdTime;15-07-24 00:00:00;0,796809337260949;0;4;Foret feuillus
55;219,000000000000000;0,000950520833157;ndvi;StdTime;15-07-24 00:00:00;0,803091380694141;0;5;Foret resineux
56;1277,000000000000000;0,005542534721191;ndvi;StdTime;15-07-24 00:00:00;0,799681791404121;0;6;Foret mixte
57;15,000000000000000;0,000065104166655;ndvi;StdTime;15-07-24 00:00:00;0,648896654446920;0;7;Milieux semi-naturels
58;2,000000000000000;0,000008680555554;ndvi;StdTime;15-07-24 00:00:00;0,763575017452240;0;8;Zones humides et eau
61;23909,000000000000000;0,103771701369588;ndvi;StdTime;15-07-24 00:00:00;0,637467196293565;0;1;Artificialise
62;60865,000000000000000;0,264171006895311;ndvi;StdTime;15-07-24 00:00:00;0,648101354834189;0;2;Cultures
63;12006,000000000000000;0,052109374990308;ndvi;StdTime;15-07-24 00:00:00;0,692619824881616;0;3;Prairies
64;11171,000000000000000;0,048485243046538;ndvi;StdTime;15-07-24 00:00:00;0,828369565586216;0;4;Foret feuillus
65;495,000000000000000;0,002148437499600;ndvi;StdTime;15-07-24 00:00:00;0,816892961781434;0;5;Foret resineux
66;1468,000000000000000;0,006371527776593;ndvi;StdTime;15-07-24 00:00:00;0,828417373653654;0;6;Foret mixte
67;777,000000000000000;0,003372395832706;ndvi;StdTime;15-07-24 00:00:00;0,723155185024096;0;7;Milieux semi-naturels
68;443,000000000000000;0,001922743055198;ndvi;StdTime;15-07-24 00:00:00;0,638335237384649;0;8;Zones humides et eau
71;4130,000000000000000;0,017925347218888;ndvi;StdTime;15-07-24 00:00:00;0,527374970166071;0;1;Artificialise
72;100,000000000000000;0,000434027777697;ndvi;StdTime;15-07-24 00:00:00;0,678480349779129;0;2;Cultures
73;15,000000000000000;0,000065104166655;ndvi;StdTime;15-07-24 00:00:00;0,735059535503387;0;3;Prairies
74;459,000000000000000;0,001992187499629;ndvi;StdTime;15-07-24 00:00:00;0,868357322184869;0;4;Foret feuillus
76;35,000000000000000;0,000151909722194;ndvi;StdTime;15-07-24 00:00:00;0,851189036028726;0;6;Foret mixte
78;9,000000000000000;0,000039062499993;ndvi;StdTime;15-07-24 00:00:00;0,333655928572019;0;8;Zones humides et eau
81;27104,000000000000000;0,117638888867009;ndvi;StdTime;15-07-24 00:00:00;0,601125302279083;0;1;Artificialise
82;30867,000000000000000;0,133971354141749;ndvi;StdTime;15-07-24 00:00:00;0,692508988130443;0;2;Cultures
83;12409,000000000000000;0,053858506934427;ndvi;StdTime;15-07-24 00:00:00;0,700220071000881;0;3;Prairies
84;2241,000000000000000;0,009726562498191;ndvi;StdTime;15-07-24 00:00:00;0,779060716377150;0;4;Foret feuillus
85;5418,000000000000000;0,023515624995626;ndvi;StdTime;15-07-24 00:00:00;0,761097866253862;0;5;Foret resineux
86;3278,000000000000000;0,014227430552909;ndvi;StdTime;15-07-24 00:00:00;0,785463820604234;0;6;Foret mixte
87;1109,000000000000000;0,004813368054660;ndvi;StdTime;15-07-24 00:00:00;0,687829876283303;0;7;Milieux semi-naturels
88;2102,000000000000000;0,009123263887192;ndvi;StdTime;15-07-24 00:00:00;0,461978063336794;0;8;Zones humides et eau
91;21524,000000000000000;0,093420138871514;ndvi;StdTime;15-07-24 00:00:00;0,678734258364191;0;1;Artificialise
92;33863,000000000000000;0,146974826361553;ndvi;StdTime;15-07-24 00:00:00;0,678605086891339;0;2;Cultures
93;20854,000000000000000;0,090512152760943;ndvi;StdTime;15-07-24 00:00:00;0,786558179482582;0;3;Prairies
94;4447,000000000000000;0,019301215274188;ndvi;StdTime;15-07-24 00:00:00;0,820399488408513;0;4;Foret feuillus
95;10528,000000000000000;0,045694444435946;ndvi;StdTime;15-07-24 00:00:00;0,816584967246626;0;5;Foret resineux
96;16812,000000000000000;0,072968749986428;ndvi;StdTime;15-07-24 00:00:00;0,827532187877111;0;6;Foret mixte
97;2449,000000000000000;0,010629340275801;ndvi;StdTime;15-07-24 00:00:00;0,813017747155400;0;7;Milieux semi-naturels
98;2008,000000000000000;0,008715277776157;ndvi;StdTime;15-07-24 00:00:00;0,740524934278246;0;8;Zones humides et eau
101;7501,000000000000000;0,032556423605056;ndvi;StdTime;15-07-24 00:00:00;0,718699099421262;0;1;Artificialise
102;32049,000000000000000;0,139101562474128;ndvi;StdTime;15-07-24 00:00:00;0,765650879634131;0;2;Cultures
103;23798,000000000000000;0,103289930536344;ndvi;StdTime;15-07-24 00:00:00;0,777170971390361;0;3;Prairies
104;18168,000000000000000;0,078854166652000;ndvi;StdTime;15-07-24 00:00:00;0,865470814601880;0;4;Foret feuillus
105;13765,000000000000000;0,059743923599999;ndvi;StdTime;15-07-24 00:00:00;0,817816587023592;0;5;Foret resineux
106;30877,000000000000000;0,134014756919519;ndvi;StdTime;15-07-24 00:00:00;0,831428658164228;0;6;Foret mixte
107;2266,000000000000000;0,009835069442615;ndvi;StdTime;15-07-24 00:00:00;0,818552058456435;0;7;Milieux semi-naturels
108;332,000000000000000;0,001440972221954;ndvi;StdTime;15-07-24 00:00:00;0,808111735316645;0;8;Zones humides et eau
111;13192,000000000000000;0,057256944433795;ndvi;StdTime;15-07-24 00:00:00;0,688858178139789;0;1;Artificialise
112;48169,000000000000000;0,209066840238893;ndvi;StdTime;15-07-24 00:00:00;0,678854816671168;0;2;Cultures
113;9056,000000000000000;0,039305555548245;ndvi;StdTime;15-07-24 00:00:00;0,738663764426964;0;3;Prairies
114;15928,000000000000000;0,069131944431586;ndvi;StdTime;15-07-24 00:00:00;0,833898810526644;0;4;Foret feuillus
115;2083,000000000000000;0,009040798609430;ndvi;StdTime;15-07-24 00:00:00;0,832033778204119;0;5;Foret resineux
116;17702,000000000000000;0,076831597207932;ndvi;StdTime;15-07-24 00:00:00;0,828562291252547;0;6;Foret mixte
117;299,000000000000000;0,001297743055314;ndvi;StdTime;15-07-24 00:00:00;0,812461533674029;0;7;Milieux semi-naturels
118;319,000000000000000;0,001384548610854;ndvi;StdTime;15-07-24 00:00:00;0,677574412482659;0;8;Zones humides et eau
