Value;COUNT;AREA;Variable;Dimensions;StdTime;MEAN;NUTS_ID;CLC_CODE;CLASSE
11;19297,000000000000000;0,083754340262200;ndvi;StdTime;15-10-01 00:00:00;0,593846440447486;0;1;Artificialise
12;32515,000000000000000;0,141124131918197;ndvi;StdTime;15-10-01 00:00:00;0,663958333360037;0;2;Cultures
13;4653,000000000000000;0,020195312496244;ndvi;StdTime;15-10-01 00:00:00;0,703884693574783;0;3;Prairies
14;2157,000000000000000;0,009361979164925;ndvi;StdTime;15-10-01 00:00:00;0,703777506180698;0;4;Foret feuillus
15;5373,000000000000000;0,023320312495663;ndvi;StdTime;15-10-01 00:00:00;0,700114143797744;0;5;Foret resineux
16;3663,000000000000000;0,015898437497043;ndvi;StdTime;15-10-01 00:00:00;0,700884779806903;0;6;Foret mixte
17;2665,000000000000000;0,011566840275626;ndvi;StdTime;15-10-01 00:00:00;0,605974148760427;0;7;Milieux semi-naturels
18;1213,000000000000000;0,005264756943465;ndvi;StdTime;15-10-01 00:00:00;0,501156972278208;0;8;Zones humides et eau
21;23640,000000000000000;0,102604166647583;ndvi;StdTime;15-10-01 00:00:00;0,575535250060432;0;1;Artificialise
22;53262,000000000000000;0,231171874957004;ndvi;StdTime;15-10-01 00:00:00;0,658179318464575;0;2;Cultures
23;7495,000000000000000;0,032530381938394;ndvi;StdTime;15-10-01 00:00:00;0,698249112140186;0;3;Prairies
24;1297,000000000000000;0,005629340276731;ndvi;StdTime;15-10-01 00:00:00;0,715479805180910;0;4;Foret feuillus
25;405,000000000000000;0,001757812499673;ndvi;StdTime;15-10-01 00:00:00;0,718752652185934;0;5;Foret resineux
26;881,000000000000000;0,003823784721511;ndvi;StdTime;15-10-01 00:00:00;0,718854154245537;0;6;Foret mixte
27;468,000000000000000;0,002031249999622;ndvi;StdTime;15-10-01 00:00:00;0,515398147619433;0;7;Milieux semi-naturels
28;1236,000000000000000;0,005364583332336;ndvi;StdTime;15-10-01 00:00:00;0,351421772806963;0;8;Zones humides et eau
31;20501,000000000000000;0,088980034705673;ndvi;StdTime;15-10-01 00:00:00;0,617855405927132;0;1;Artificialise
32;33836,000000000000000;0,146857638861575;ndvi;StdTime;15-10-01 00:00:00;0,666355919738949;0;2;Cultures
33;2765,000000000000000;0,012000868053323;ndvi;StdTime;15-10-01 00:00:00;0,719467117644133;0;3;Prairies
34;3126,000000000000000;0,013567708330810;ndvi;StdTime;15-10-01 00:00:00;0,743460408022825;0;4;Foret feuillus
35;335,000000000000000;0,001453993055285;ndvi;StdTime;15-10-01 00:00:00;0,737390137430447;0;5;Foret resineux
36;1500,000000000000000;0,006510416665456;ndvi;StdTime;15-10-01 00:00:00;0,739634547829628;0;6;Foret mixte
37;107,000000000000000;0,000464409722136;ndvi;StdTime;15-10-01 00:00:00;0,666732696450759;0;7;Milieux semi-naturels
38;185,000000000000000;0,000802951388740;ndvi;StdTime;15-10-01 00:00:00;0,615764339227934;0;8;Zones humides et eau
41;18519,000000000000000;0,080377604151717;ndvi;StdTime;15-10-01 00:00:00;0,545189888823015;0;1;Artificialise
42;63126,000000000000000;0,273984374949041;ndvi;StdTime;15-10-01 00:00:00;0,633359962716764;0;2;Cultures
43;8940,000000000000000;0,038802083326116;ndvi;StdTime;15-10-01 00:00:00;0,687418970455658;0;3;Prairies
44;659,000000000000000;0,002860243055024;ndvi;StdTime;15-10-01 00:00:00;0,722497013161505;0;4;Foret feuillus
45;284,000000000000000;0,001232638888660;ndvi;StdTime;15-10-01 00:00:00;0,719404668822675;0;5;Foret resineux
46;586,000000000000000;0,002543402777305;ndvi;StdTime;15-10-01 00:00:00;0,736383575551949;0;6;Foret mixte
47;683,000000000000000;0,002964409721671;ndvi;StdTime;15-10-01 00:00:00;0,492888805723380;0;7;Milieux semi-naturels
48;505,000000000000000;0,002191840277370;ndvi;StdTime;15-10-01 00:00:00;0,396815338735653;0;8;Zones humides et eau
51;8563,000000000000000;0,037165798604199;ndvi;StdTime;15-10-01 00:00:00;0,660632897166223;0;1;Artificialise
52;20512,000000000000000;0,089027777761219;ndvi;StdTime;15-10-01 00:00:00;0,625855419343096;0;2;Cultures
53;880,000000000000000;0,003819444443734;ndvi;StdTime;15-10-01 00:00:00;0,701890286396850;0;3;Prairies
54;685,000000000000000;0,002973090277225;ndvi;StdTime;15-10-01 00:00:00;0,752116668833433;0;4;Foret feuillus
55;219,000000000000000;0,000950520833157;ndvi;StdTime;15-10-01 00:00:00;0,722613212588715;0;5;Foret resineux
56;1277,000000000000000;0,005542534721191;ndvi;StdTime;15-10-01 00:00:00;0,745498520607302;0;6;Foret mixte
57;15,000000000000000;0,000065104166655;ndvi;StdTime;15-10-01 00:00:00;0,570173096656799;0;7;Milieux semi-naturels
58;2,000000000000000;0,000008680555554;ndvi;StdTime;15-10-01 00:00:00;0,656799972057343;0;8;Zones humides et eau
61;23918,000000000000000;0,103810763869581;ndvi;StdTime;15-10-01 00:00:00;0,615906580042825;0;1;Artificialise
62;60865,000000000000000;0,264171006895311;ndvi;StdTime;15-10-01 00:00:00;0,639761590280456;0;2;Cultures
63;12006,000000000000000;0,052109374990308;ndvi;StdTime;15-10-01 00:00:00;0,706271551846068;0;3;Prairies
64;11171,000000000000000;0,048485243046538;ndvi;StdTime;15-10-01 00:00:00;0,768137578859228;0;4;Foret feuillus
65;495,000000000000000;0,002148437499600;ndvi;StdTime;15-10-01 00:00:00;0,803001969872099;0;5;Foret resineux
66;1468,000000000000000;0,006371527776593;ndvi;StdTime;15-10-01 00:00:00;0,782026719860225;0;6;Foret mixte
67;777,000000000000000;0,003372395832706;ndvi;StdTime;15-10-01 00:00:00;0,679988554008833;0;7;Milieux semi-naturels
68;453,000000000000000;0,001966145832968;ndvi;StdTime;15-10-01 00:00:00;0,552632913782897;0;8;Zones humides et eau
71;4130,000000000000000;0,017925347218888;ndvi;StdTime;15-10-01 00:00:00;0,437471431942960;0;1;Artificialise
72;100,000000000000000;0,000434027777697;ndvi;StdTime;15-10-01 00:00:00;0,644999372661114;0;2;Cultures
73;15,000000000000000;0,000065104166655;ndvi;StdTime;15-10-01 00:00:00;0,705705090363820;0;3;Prairies
74;459,000000000000000;0,001992187499629;ndvi;StdTime;15-10-01 00:00:00;0,724389306080887;0;4;Foret feuillus
76;35,000000000000000;0,000151909722194;ndvi;StdTime;15-10-01 00:00:00;0,709174503598894;0;6;Foret mixte
78;9,000000000000000;0,000039062499993;ndvi;StdTime;15-10-01 00:00:00;0,258636660046048;0;8;Zones humides et eau
81;27209,000000000000000;0,118094618033591;ndvi;StdTime;15-10-01 00:00:00;0,562835767662255;0;1;Artificialise
82;30867,000000000000000;0,133971354141749;ndvi;StdTime;15-10-01 00:00:00;0,673721834562928;0;2;Cultures
83;12409,000000000000000;0,053858506934427;ndvi;StdTime;15-10-01 00:00:00;0,699879125830570;0;3;Prairies
84;2241,000000000000000;0,009726562498191;ndvi;StdTime;15-10-01 00:00:00;0,693543052258422;0;4;Foret feuillus
85;5418,000000000000000;0,023515624995626;ndvi;StdTime;15-10-01 00:00:00;0,703027602082999;0;5;Foret resineux
86;3278,000000000000000;0,014227430552909;ndvi;StdTime;15-10-01 00:00:00;0,703177243716620;0;6;Foret mixte
87;1124,000000000000000;0,004878472221315;ndvi;StdTime;15-10-01 00:00:00;0,596297273074286;0;7;Milieux semi-naturels
88;2099,000000000000000;0,009110243053861;ndvi;StdTime;15-10-01 00:00:00;0,358306836629858;0;8;Zones humides et eau
91;21524,000000000000000;0,093420138871514;ndvi;StdTime;15-10-01 00:00:00;0,662492219550280;0;1;Artificialise
92;33863,000000000000000;0,146974826361553;ndvi;StdTime;15-10-01 00:00:00;0,666862713021716;0;2;Cultures
93;20854,000000000000000;0,090512152760943;ndvi;StdTime;15-10-01 00:00:00;0,789296160491278;0;3;Prairies
94;4447,000000000000000;0,019301215274188;ndvi;StdTime;15-10-01 00:00:00;0,777019738889634;0;4;Foret feuillus
95;10528,000000000000000;0,045694444435946;ndvi;StdTime;15-10-01 00:00:00;0,772819764388434;0;5;Foret resineux
96;16812,000000000000000;0,072968749986428;ndvi;StdTime;15-10-01 00:00:00;0,788619887325740;0;6;Foret mixte
97;2449,000000000000000;0,010629340275801;ndvi;StdTime;15-10-01 00:00:00;0,694464912447164;0;7;Milieux semi-naturels
98;2008,000000000000000;0,008715277776157;ndvi;StdTime;15-10-01 00:00:00;0,567283553464628;0;8;Zones humides et eau
101;7501,000000000000000;0,032556423605056;ndvi;StdTime;15-10-01 00:00:00;0,702839436119531;0;1;Artificialise
102;32049,000000000000000;0,139101562474128;ndvi;StdTime;15-10-01 00:00:00;0,751010524409769;0;2;Cultures
103;23798,000000000000000;0,103289930536344;ndvi;StdTime;15-10-01 00:00:00;0,772655771294654;0;3;Prairies
104;18168,000000000000000;0,078854166652000;ndvi;StdTime;15-10-01 00:00:00;0,771477828974347;0;4;Foret feuillus
105;13765,000000000000000;0,059743923599999;ndvi;StdTime;15-10-01 00:00:00;0,782069658315098;0;5;Foret resineux
106;30877,000000000000000;0,134014756919519;ndvi;StdTime;15-10-01 00:00:00;0,780672237408780;0;6;Foret mixte
107;2266,000000000000000;0,009835069442615;ndvi;StdTime;15-10-01 00:00:00;0,758370610866416;0;7;Milieux semi-naturels
108;332,000000000000000;0,001440972221954;ndvi;StdTime;15-10-01 00:00:00;0,688130566693214;0;8;Zones humides et eau
111;13192,000000000000000;0,057256944433795;ndvi;StdTime;15-10-01 00:00:00;0,666482703955679;0;1;Artificialise
112;48169,000000000000000;0,209066840238893;ndvi;StdTime;15-10-01 00:00:00;0,662373539780607;0;2;Cultures
113;9056,000000000000000;0,039305555548245;ndvi;StdTime;15-10-01 00:00:00;0,746409271149354;0;3;Prairies
114;15928,000000000000000;0,069131944431586;ndvi;StdTime;15-10-01 00:00:00;0,777622524263462;0;4;Foret feuillus
115;2083,000000000000000;0,009040798609430;ndvi;StdTime;15-10-01 00:00:00;0,803246479307981;0;5;Foret resineux
116;17702,000000000000000;0,076831597207932;ndvi;StdTime;15-10-01 00:00:00;0,784258602147267;0;6;Foret mixte
117;299,000000000000000;0,001297743055314;ndvi;StdTime;15-10-01 00:00:00;0,755497330805929;0;7;Milieux semi-naturels
118;319,000000000000000;0,001384548610854;ndvi;StdTime;15-10-01 00:00:00;0,570671306228189;0;8;Zones humides et eau
11;19297,000000000000000;0,083754340262200;ndvi;StdTime;15-10-02 00:00:00;0,595909206459311;0;1;Artificialise
12;32515,000000000000000;0,141124131918197;ndvi;StdTime;15-10-02 00:00:00;0,659390528228546;0;2;Cultures
13;4653,000000000000000;0,020195312496244;ndvi;StdTime;15-10-02 00:00:00;0,707184204651977;0;3;Prairies
14;2157,000000000000000;0,009361979164925;ndvi;StdTime;15-10-02 00:00:00;0,702589602231648;0;4;Foret feuillus
15;5373,000000000000000;0,023320312495663;ndvi;StdTime;15-10-02 00:00:00;0,736015723777976;0;5;Foret resineux
16;3663,000000000000000;0,015898437497043;ndvi;StdTime;15-10-02 00:00:00;0,720649219481893;0;6;Foret mixte
17;2665,000000000000000;0,011566840275626;ndvi;StdTime;15-10-02 00:00:00;0,629424402534292;0;7;Milieux semi-naturels
18;1207,000000000000000;0,005238715276803;ndvi;StdTime;15-10-02 00:00:00;0,505899649728672;0;8;Zones humides et eau
21;23645,000000000000000;0,102625868036468;ndvi;StdTime;15-10-02 00:00:00;0,579877443145442;0;1;Artificialise
22;53262,000000000000000;0,231171874957004;ndvi;StdTime;15-10-02 00:00:00;0,658110203445044;0;2;Cultures
23;7495,000000000000000;0,032530381938394;ndvi;StdTime;15-10-02 00:00:00;0,699828370039745;0;3;Prairies
24;1297,000000000000000;0,005629340276731;ndvi;StdTime;15-10-02 00:00:00;0,703391471502867;0;4;Foret feuillus
25;405,000000000000000;0,001757812499673;ndvi;StdTime;15-10-02 00:00:00;0,732545835000498;0;5;Foret resineux
26;881,000000000000000;0,003823784721511;ndvi;StdTime;15-10-02 00:00:00;0,718885719556273;0;6;Foret mixte
27;471,000000000000000;0,002044270832953;ndvi;StdTime;15-10-02 00:00:00;0,549915492281539;0;7;Milieux semi-naturels
28;1246,000000000000000;0,005407986110105;ndvi;StdTime;15-10-02 00:00:00;0,379976535345844;0;8;Zones humides et eau
31;20501,000000000000000;0,088980034705673;ndvi;StdTime;15-10-02 00:00:00;0,602273004978035;0;1;Artificialise
32;33836,000000000000000;0,146857638861575;ndvi;StdTime;15-10-02 00:00:00;0,636448772698339;0;2;Cultures
33;2765,000000000000000;0,012000868053323;ndvi;StdTime;15-10-02 00:00:00;0,695285099755576;0;3;Prairies
34;3126,000000000000000;0,013567708330810;ndvi;StdTime;15-10-02 00:00:00;0,719074807102986;0;4;Foret feuillus
35;335,000000000000000;0,001453993055285;ndvi;StdTime;15-10-02 00:00:00;0,735462938671681;0;5;Foret resineux
36;1500,000000000000000;0,006510416665456;ndvi;StdTime;15-10-02 00:00:00;0,730102059364319;0;6;Foret mixte
37;107,000000000000000;0,000464409722136;ndvi;StdTime;15-10-02 00:00:00;0,620457273916663;0;7;Milieux semi-naturels
38;185,000000000000000;0,000802951388740;ndvi;StdTime;15-10-02 00:00:00;0,585384976380580;0;8;Zones humides et eau
41;18541,000000000000000;0,080473090262810;ndvi;StdTime;15-10-02 00:00:00;0,540886217610881;0;1;Artificialise
42;63126,000000000000000;0,273984374949041;ndvi;StdTime;15-10-02 00:00:00;0,621892650316187;0;2;Cultures
43;8940,000000000000000;0,038802083326116;ndvi;StdTime;15-10-02 00:00:00;0,682367139591333;0;3;Prairies
44;659,000000000000000;0,002860243055024;ndvi;StdTime;15-10-02 00:00:00;0,715054242808106;0;4;Foret feuillus
45;284,000000000000000;0,001232638888660;ndvi;StdTime;15-10-02 00:00:00;0,725394735558772;0;5;Foret resineux
46;586,000000000000000;0,002543402777305;ndvi;StdTime;15-10-02 00:00:00;0,731124066757261;0;6;Foret mixte
47;693,000000000000000;0,003007812499441;ndvi;StdTime;15-10-02 00:00:00;0,486380268788720;0;7;Milieux semi-naturels
48;518,000000000000000;0,002248263888471;ndvi;StdTime;15-10-02 00:00:00;0,392626187685000;0;8;Zones humides et eau
51;8563,000000000000000;0,037165798604199;ndvi;StdTime;15-10-02 00:00:00;0,634629870749141;0;1;Artificialise
52;20512,000000000000000;0,089027777761219;ndvi;StdTime;15-10-02 00:00:00;0,579285975368386;0;2;Cultures
53;880,000000000000000;0,003819444443734;ndvi;StdTime;15-10-02 00:00:00;0,665877425738356;0;3;Prairies
54;685,000000000000000;0,002973090277225;ndvi;StdTime;15-10-02 00:00:00;0,711298133726538;0;4;Foret feuillus
55;219,000000000000000;0,000950520833157;ndvi;StdTime;15-10-02 00:00:00;0,745278829853284;0;5;Foret resineux
56;1277,000000000000000;0,005542534721191;ndvi;StdTime;15-10-02 00:00:00;0,715564574734159;0;6;Foret mixte
57;15,000000000000000;0,000065104166655;ndvi;StdTime;15-10-02 00:00:00;0,520007640123367;0;7;Milieux semi-naturels
58;2,000000000000000;0,000008680555554;ndvi;StdTime;15-10-02 00:00:00;0,637244999408722;0;8;Zones humides et eau
61;23918,000000000000000;0,103810763869581;ndvi;StdTime;15-10-02 00:00:00;0,591547309429646;0;1;Artificialise
62;60865,000000000000000;0,264171006895311;ndvi;StdTime;15-10-02 00:00:00;0,605821499904677;0;2;Cultures
63;12006,000000000000000;0,052109374990308;ndvi;StdTime;15-10-02 00:00:00;0,684032648009955;0;3;Prairies
64;11171,000000000000000;0,048485243046538;ndvi;StdTime;15-10-02 00:00:00;0,729691447113379;0;4;Foret feuillus
65;495,000000000000000;0,002148437499600;ndvi;StdTime;15-10-02 00:00:00;0,804313769725838;0;5;Foret resineux
66;1468,000000000000000;0,006371527776593;ndvi;StdTime;15-10-02 00:00:00;0,753132294670599;0;6;Foret mixte
67;777,000000000000000;0,003372395832706;ndvi;StdTime;15-10-02 00:00:00;0,642740509454808;0;7;Milieux semi-naturels
68;453,000000000000000;0,001966145832968;ndvi;StdTime;15-10-02 00:00:00;0,531010186188663;0;8;Zones humides et eau
71;4130,000000000000000;0,017925347218888;ndvi;StdTime;15-10-02 00:00:00;0,431291036582022;0;1;Artificialise
72;100,000000000000000;0,000434027777697;ndvi;StdTime;15-10-02 00:00:00;0,622508904635906;0;2;Cultures
73;15,000000000000000;0,000065104166655;ndvi;StdTime;15-10-02 00:00:00;0,687245313326518;0;3;Prairies
74;459,000000000000000;0,001992187499629;ndvi;StdTime;15-10-02 00:00:00;0,727766782889439;0;4;Foret feuillus
76;35,000000000000000;0,000151909722194;ndvi;StdTime;15-10-02 00:00:00;0,733612832001277;0;6;Foret mixte
78;9,000000000000000;0,000039062499993;ndvi;StdTime;15-10-02 00:00:00;0,282799245582687;0;8;Zones humides et eau
81;27343,000000000000000;0,118676215255705;ndvi;StdTime;15-10-02 00:00:00;0,574821703212076;0;1;Artificialise
82;30867,000000000000000;0,133971354141749;ndvi;StdTime;15-10-02 00:00:00;0,684724374140906;0;2;Cultures
83;12409,000000000000000;0,053858506934427;ndvi;StdTime;15-10-02 00:00:00;0,713455076206698;0;3;Prairies
84;2241,000000000000000;0,009726562498191;ndvi;StdTime;15-10-02 00:00:00;0,709907449738674;0;4;Foret feuillus
85;5418,000000000000000;0,023515624995626;ndvi;StdTime;15-10-02 00:00:00;0,730969294988171;0;5;Foret resineux
86;3278,000000000000000;0,014227430552909;ndvi;StdTime;15-10-02 00:00:00;0,722236798713671;0;6;Foret mixte
87;1125,000000000000000;0,004882812499092;ndvi;StdTime;15-10-02 00:00:00;0,612945207953453;0;7;Milieux semi-naturels
88;2172,000000000000000;0,009427083331580;ndvi;StdTime;15-10-02 00:00:00;0,372003159289722;0;8;Zones humides et eau
91;21524,000000000000000;0,093420138871514;ndvi;StdTime;15-10-02 00:00:00;0,642709771778015;0;1;Artificialise
92;33863,000000000000000;0,146974826361553;ndvi;StdTime;15-10-02 00:00:00;0,637496645087624;0;2;Cultures
93;20854,000000000000000;0,090512152760943;ndvi;StdTime;15-10-02 00:00:00;0,779844178744838;0;3;Prairies
94;4447,000000000000000;0,019301215274188;ndvi;StdTime;15-10-02 00:00:00;0,730826950941779;0;4;Foret feuillus
95;10528,000000000000000;0,045694444435946;ndvi;StdTime;15-10-02 00:00:00;0,791613535893269;0;5;Foret resineux
96;16812,000000000000000;0,072968749986428;ndvi;StdTime;15-10-02 00:00:00;0,779086971014220;0;6;Foret mixte
97;2449,000000000000000;0,010629340275801;ndvi;StdTime;15-10-02 00:00:00;0,705159739043188;0;7;Milieux semi-naturels
98;2008,000000000000000;0,008715277776157;ndvi;StdTime;15-10-02 00:00:00;0,605484808364742;0;8;Zones humides et eau
101;7501,000000000000000;0,032556423605056;ndvi;StdTime;15-10-02 00:00:00;0,696425161331022;0;1;Artificialise
102;32049,000000000000000;0,139101562474128;ndvi;StdTime;15-10-02 00:00:00;0,744463698311215;0;2;Cultures
103;23798,000000000000000;0,103289930536344;ndvi;StdTime;15-10-02 00:00:00;0,762254949176657;0;3;Prairies
104;18168,000000000000000;0,078854166652000;ndvi;StdTime;15-10-02 00:00:00;0,772831971248185;0;4;Foret feuillus
105;13765,000000000000000;0,059743923599999;ndvi;StdTime;15-10-02 00:00:00;0,793022182703969;0;5;Foret resineux
106;30877,000000000000000;0,134014756919519;ndvi;StdTime;15-10-02 00:00:00;0,784229899549607;0;6;Foret mixte
107;2266,000000000000000;0,009835069442615;ndvi;StdTime;15-10-02 00:00:00;0,769903214350803;0;7;Milieux semi-naturels
108;332,000000000000000;0,001440972221954;ndvi;StdTime;15-10-02 00:00:00;0,728932057877621;0;8;Zones humides et eau
111;13192,000000000000000;0,057256944433795;ndvi;StdTime;15-10-02 00:00:00;0,651516547697676;0;1;Artificialise
112;48169,000000000000000;0,209066840238893;ndvi;StdTime;15-10-02 00:00:00;0,639451891954443;0;2;Cultures
113;9056,000000000000000;0,039305555548245;ndvi;StdTime;15-10-02 00:00:00;0,745930589672982;0;3;Prairies
114;15928,000000000000000;0,069131944431586;ndvi;StdTime;15-10-02 00:00:00;0,760948712280319;0;4;Foret feuillus
115;2083,000000000000000;0,009040798609430;ndvi;StdTime;15-10-02 00:00:00;0,799960368021830;0;5;Foret resineux
116;17702,000000000000000;0,076831597207932;ndvi;StdTime;15-10-02 00:00:00;0,775781721622510;0;6;Foret mixte
117;299,000000000000000;0,001297743055314;ndvi;StdTime;15-10-02 00:00:00;0,748660201512053;0;7;Milieux semi-naturels
118;319,000000000000000;0,001384548610854;ndvi;StdTime;15-10-02 00:00:00;0,559953717088625;0;8;Zones humides et eau
11;19297,000000000000000;0,083754340262200;ndvi;StdTime;15-10-03 00:00:00;0,546756314795203;0;1;Artificialise
12;32515,000000000000000;0,141124131918197;ndvi;StdTime;15-10-03 00:00:00;0,603813364089007;0;2;Cultures
13;4653,000000000000000;0,020195312496244;ndvi;StdTime;15-10-03 00:00:00;0,642470273853963;0;3;Prairies
14;2157,000000000000000;0,009361979164925;ndvi;StdTime;15-10-03 00:00:00;0,687126116270150;0;4;Foret feuillus
15;5373,000000000000000;0,023320312495663;ndvi;StdTime;15-10-03 00:00:00;0,710301776666026;0;5;Foret resineux
16;3663,000000000000000;0,015898437497043;ndvi;StdTime;15-10-03 00:00:00;0,702194523931754;0;6;Foret mixte
17;2665,000000000000000;0,011566840275626;ndvi;StdTime;15-10-03 00:00:00;0,583098573918415;0;7;Milieux semi-naturels
18;1209,000000000000000;0,005247395832357;ndvi;StdTime;15-10-03 00:00:00;0,463581349280525;0;8;Zones humides et eau
21;23651,000000000000000;0,102651909703130;ndvi;StdTime;15-10-03 00:00:00;0,528987268592675;0;1;Artificialise
22;53262,000000000000000;0,231171874957004;ndvi;StdTime;15-10-03 00:00:00;0,601319174691942;0;2;Cultures
23;7495,000000000000000;0,032530381938394;ndvi;StdTime;15-10-03 00:00:00;0,646787158018593;0;3;Prairies
24;1297,000000000000000;0,005629340276731;ndvi;StdTime;15-10-03 00:00:00;0,688992660598931;0;4;Foret feuillus
25;405,000000000000000;0,001757812499673;ndvi;StdTime;15-10-03 00:00:00;0,696759872451240;0;5;Foret resineux
26;881,000000000000000;0,003823784721511;ndvi;StdTime;15-10-03 00:00:00;0,690992503055920;0;6;Foret mixte
27;471,000000000000000;0,002044270832953;ndvi;StdTime;15-10-03 00:00:00;0,493051611219242;0;7;Milieux semi-naturels
28;1233,000000000000000;0,005351562499005;ndvi;StdTime;15-10-03 00:00:00;0,336490411426953;0;8;Zones humides et eau
31;20501,000000000000000;0,088980034705673;ndvi;StdTime;15-10-03 00:00:00;0,552681896839381;0;1;Artificialise
32;33836,000000000000000;0,146857638861575;ndvi;StdTime;15-10-03 00:00:00;0,586614848037590;0;2;Cultures
33;2765,000000000000000;0,012000868053323;ndvi;StdTime;15-10-03 00:00:00;0,648310547463501;0;3;Prairies
34;3126,000000000000000;0,013567708330810;ndvi;StdTime;15-10-03 00:00:00;0,692217560805575;0;4;Foret feuillus
35;335,000000000000000;0,001453993055285;ndvi;StdTime;15-10-03 00:00:00;0,694575983997601;0;5;Foret resineux
36;1500,000000000000000;0,006510416665456;ndvi;StdTime;15-10-03 00:00:00;0,701050445020199;0;6;Foret mixte
37;107,000000000000000;0,000464409722136;ndvi;StdTime;15-10-03 00:00:00;0,586895689786038;0;7;Milieux semi-naturels
38;185,000000000000000;0,000802951388740;ndvi;StdTime;15-10-03 00:00:00;0,543141516398739;0;8;Zones humides et eau
41;18526,000000000000000;0,080407986096156;ndvi;StdTime;15-10-03 00:00:00;0,505164487724972;0;1;Artificialise
42;63126,000000000000000;0,273984374949041;ndvi;StdTime;15-10-03 00:00:00;0,576849140009671;0;2;Cultures
43;8940,000000000000000;0,038802083326116;ndvi;StdTime;15-10-03 00:00:00;0,645550952186719;0;3;Prairies
44;659,000000000000000;0,002860243055024;ndvi;StdTime;15-10-03 00:00:00;0,697028163034746;0;4;Foret feuillus
45;284,000000000000000;0,001232638888660;ndvi;StdTime;15-10-03 00:00:00;0,698321303536355;0;5;Foret resineux
46;586,000000000000000;0,002543402777305;ndvi;StdTime;15-10-03 00:00:00;0,707739892418882;0;6;Foret mixte
47;694,000000000000000;0,003012152777218;ndvi;StdTime;15-10-03 00:00:00;0,454588086693212;0;7;Milieux semi-naturels
48;503,000000000000000;0,002183159721816;ndvi;StdTime;15-10-03 00:00:00;0,386909828915689;0;8;Zones humides et eau
51;8563,000000000000000;0,037165798604199;ndvi;StdTime;15-10-03 00:00:00;0,600411194817674;0;1;Artificialise
52;20512,000000000000000;0,089027777761219;ndvi;StdTime;15-10-03 00:00:00;0,546133527322999;0;2;Cultures
53;880,000000000000000;0,003819444443734;ndvi;StdTime;15-10-03 00:00:00;0,626612712544473;0;3;Prairies
54;685,000000000000000;0,002973090277225;ndvi;StdTime;15-10-03 00:00:00;0,702513495848997;0;4;Foret feuillus
55;219,000000000000000;0,000950520833157;ndvi;StdTime;15-10-03 00:00:00;0,720181016481087;0;5;Foret resineux
56;1277,000000000000000;0,005542534721191;ndvi;StdTime;15-10-03 00:00:00;0,711915267171949;0;6;Foret mixte
57;15,000000000000000;0,000065104166655;ndvi;StdTime;15-10-03 00:00:00;0,495498879750570;0;7;Milieux semi-naturels
58;2,000000000000000;0,000008680555554;ndvi;StdTime;15-10-03 00:00:00;0,554158300161362;0;8;Zones humides et eau
61;23918,000000000000000;0,103810763869581;ndvi;StdTime;15-10-03 00:00:00;0,541442982202035;0;1;Artificialise
62;60865,000000000000000;0,264171006895311;ndvi;StdTime;15-10-03 00:00:00;0,555740201576061;0;2;Cultures
63;12006,000000000000000;0,052109374990308;ndvi;StdTime;15-10-03 00:00:00;0,622798694273778;0;3;Prairies
64;11171,000000000000000;0,048485243046538;ndvi;StdTime;15-10-03 00:00:00;0,720664980040222;0;4;Foret feuillus
65;495,000000000000000;0,002148437499600;ndvi;StdTime;15-10-03 00:00:00;0,782862316117142;0;5;Foret resineux
66;1468,000000000000000;0,006371527776593;ndvi;StdTime;15-10-03 00:00:00;0,735749560111388;0;6;Foret mixte
67;777,000000000000000;0,003372395832706;ndvi;StdTime;15-10-03 00:00:00;0,604181035681888;0;7;Milieux semi-naturels
68;453,000000000000000;0,001966145832968;ndvi;StdTime;15-10-03 00:00:00;0,469239962937939;0;8;Zones humides et eau
71;4130,000000000000000;0,017925347218888;ndvi;StdTime;15-10-03 00:00:00;0,394238440801567;0;1;Artificialise
72;100,000000000000000;0,000434027777697;ndvi;StdTime;15-10-03 00:00:00;0,585254583954811;0;2;Cultures
73;15,000000000000000;0,000065104166655;ndvi;StdTime;15-10-03 00:00:00;0,613437763849894;0;3;Prairies
74;459,000000000000000;0,001992187499629;ndvi;StdTime;15-10-03 00:00:00;0,681871517226587;0;4;Foret feuillus
76;35,000000000000000;0,000151909722194;ndvi;StdTime;15-10-03 00:00:00;0,689846651894706;0;6;Foret mixte
78;9,000000000000000;0,000039062499993;ndvi;StdTime;15-10-03 00:00:00;0,227799998389350;0;8;Zones humides et eau
81;27293,000000000000000;0,118459201366856;ndvi;StdTime;15-10-03 00:00:00;0,537954674823295;0;1;Artificialise
82;30867,000000000000000;0,133971354141749;ndvi;StdTime;15-10-03 00:00:00;0,632013726536448;0;2;Cultures
83;12409,000000000000000;0,053858506934427;ndvi;StdTime;15-10-03 00:00:00;0,660552614321590;0;3;Prairies
84;2241,000000000000000;0,009726562498191;ndvi;StdTime;15-10-03 00:00:00;0,692045388863800;0;4;Foret feuillus
85;5418,000000000000000;0,023515624995626;ndvi;StdTime;15-10-03 00:00:00;0,705937868991474;0;5;Foret resineux
86;3278,000000000000000;0,014227430552909;ndvi;StdTime;15-10-03 00:00:00;0,705040414288614;0;6;Foret mixte
87;1122,000000000000000;0,004869791665761;ndvi;StdTime;15-10-03 00:00:00;0,586601336996292;0;7;Milieux semi-naturels
88;2134,000000000000000;0,009262152776055;ndvi;StdTime;15-10-03 00:00:00;0,349742596486790;0;8;Zones humides et eau
91;21524,000000000000000;0,093420138871514;ndvi;StdTime;15-10-03 00:00:00;0,595351347929606;0;1;Artificialise
92;33863,000000000000000;0,146974826361553;ndvi;StdTime;15-10-03 00:00:00;0,590738916660767;0;2;Cultures
93;20854,000000000000000;0,090512152760943;ndvi;StdTime;15-10-03 00:00:00;0,726093300019171;0;3;Prairies
94;4447,000000000000000;0,019301215274188;ndvi;StdTime;15-10-03 00:00:00;0,730205608715709;0;4;Foret feuillus
95;10528,000000000000000;0,045694444435946;ndvi;StdTime;15-10-03 00:00:00;0,770731155134985;0;5;Foret resineux
96;16812,000000000000000;0,072968749986428;ndvi;StdTime;15-10-03 00:00:00;0,761706130343791;0;6;Foret mixte
97;2449,000000000000000;0,010629340275801;ndvi;StdTime;15-10-03 00:00:00;0,658757160772545;0;7;Milieux semi-naturels
98;2008,000000000000000;0,008715277776157;ndvi;StdTime;15-10-03 00:00:00;0,559683097563535;0;8;Zones humides et eau
101;7501,000000000000000;0,032556423605056;ndvi;StdTime;15-10-03 00:00:00;0,653618977480992;0;1;Artificialise
102;32049,000000000000000;0,139101562474128;ndvi;StdTime;15-10-03 00:00:00;0,699369299795452;0;2;Cultures
103;23798,000000000000000;0,103289930536344;ndvi;StdTime;15-10-03 00:00:00;0,720545790193511;0;3;Prairies
104;18168,000000000000000;0,078854166652000;ndvi;StdTime;15-10-03 00:00:00;0,763248006081208;0;4;Foret feuillus
105;13765,000000000000000;0,059743923599999;ndvi;StdTime;15-10-03 00:00:00;0,768841276058837;0;5;Foret resineux
106;30877,000000000000000;0,134014756919519;ndvi;StdTime;15-10-03 00:00:00;0,764520606273205;0;6;Foret mixte
107;2266,000000000000000;0,009835069442615;ndvi;StdTime;15-10-03 00:00:00;0,733257374164812;0;7;Milieux semi-naturels
108;332,000000000000000;0,001440972221954;ndvi;StdTime;15-10-03 00:00:00;0,691186557692218;0;8;Zones humides et eau
111;13192,000000000000000;0,057256944433795;ndvi;StdTime;15-10-03 00:00:00;0,607319259175689;0;1;Artificialise
112;48169,000000000000000;0,209066840238893;ndvi;StdTime;15-10-03 00:00:00;0,590804031982658;0;2;Cultures
113;9056,000000000000000;0,039305555548245;ndvi;StdTime;15-10-03 00:00:00;0,683798814268106;0;3;Prairies
114;15928,000000000000000;0,069131944431586;ndvi;StdTime;15-10-03 00:00:00;0,746391693658712;0;4;Foret feuillus
115;2083,000000000000000;0,009040798609430;ndvi;StdTime;15-10-03 00:00:00;0,784698772104210;0;5;Foret resineux
116;17702,000000000000000;0,076831597207932;ndvi;StdTime;15-10-03 00:00:00;0,757312388928402;0;6;Foret mixte
117;299,000000000000000;0,001297743055314;ndvi;StdTime;15-10-03 00:00:00;0,717201620041327;0;7;Milieux semi-naturels
118;319,000000000000000;0,001384548610854;ndvi;StdTime;15-10-03 00:00:00;0,558661852604170;0;8;Zones humides et eau
11;19297,000000000000000;0,083754340262200;ndvi;StdTime;15-10-04 00:00:00;0,601832428360944;0;1;Artificialise
12;32515,000000000000000;0,141124131918197;ndvi;StdTime;15-10-04 00:00:00;0,670581637041287;0;2;Cultures
13;4653,000000000000000;0,020195312496244;ndvi;StdTime;15-10-04 00:00:00;0,714964595605500;0;3;Prairies
14;2157,000000000000000;0,009361979164925;ndvi;StdTime;15-10-04 00:00:00;0,716009410542915;0;4;Foret feuillus
15;5373,000000000000000;0,023320312495663;ndvi;StdTime;15-10-04 00:00:00;0,739022040037652;0;5;Foret resineux
16;3663,000000000000000;0,015898437497043;ndvi;StdTime;15-10-04 00:00:00;0,729840784410684;0;6;Foret mixte
17;2665,000000000000000;0,011566840275626;ndvi;StdTime;15-10-04 00:00:00;0,623460430306632;0;7;Milieux semi-naturels
18;1208,000000000000000;0,005243055554580;ndvi;StdTime;15-10-04 00:00:00;0,508284012145604;0;8;Zones humides et eau
21;23645,000000000000000;0,102625868036468;ndvi;StdTime;15-10-04 00:00:00;0,567585016288324;0;1;Artificialise
22;53262,000000000000000;0,231171874957004;ndvi;StdTime;15-10-04 00:00:00;0,652065108571735;0;2;Cultures
23;7495,000000000000000;0,032530381938394;ndvi;StdTime;15-10-04 00:00:00;0,697936750325146;0;3;Prairies
24;1297,000000000000000;0,005629340276731;ndvi;StdTime;15-10-04 00:00:00;0,699633387850170;0;4;Foret feuillus
25;405,000000000000000;0,001757812499673;ndvi;StdTime;15-10-04 00:00:00;0,718982199239141;0;5;Foret resineux
26;881,000000000000000;0,003823784721511;ndvi;StdTime;15-10-04 00:00:00;0,710174775438195;0;6;Foret mixte
27;471,000000000000000;0,002044270832953;ndvi;StdTime;15-10-04 00:00:00;0,533299539926325;0;7;Milieux semi-naturels
28;1242,000000000000000;0,005390624998997;ndvi;StdTime;15-10-04 00:00:00;0,351418975607899;0;8;Zones humides et eau
31;20501,000000000000000;0,088980034705673;ndvi;StdTime;15-10-04 00:00:00;0,597474628587982;0;1;Artificialise
32;33836,000000000000000;0,146857638861575;ndvi;StdTime;15-10-04 00:00:00;0,635309265914367;0;2;Cultures
33;2765,000000000000000;0,012000868053323;ndvi;StdTime;15-10-04 00:00:00;0,702415346032241;0;3;Prairies
34;3126,000000000000000;0,013567708330810;ndvi;StdTime;15-10-04 00:00:00;0,707786458114822;0;4;Foret feuillus
35;335,000000000000000;0,001453993055285;ndvi;StdTime;15-10-04 00:00:00;0,735345328387929;0;5;Foret resineux
36;1500,000000000000000;0,006510416665456;ndvi;StdTime;15-10-04 00:00:00;0,719710749844710;0;6;Foret mixte
37;107,000000000000000;0,000464409722136;ndvi;StdTime;15-10-04 00:00:00;0,632561599818345;0;7;Milieux semi-naturels
38;185,000000000000000;0,000802951388740;ndvi;StdTime;15-10-04 00:00:00;0,591443979095768;0;8;Zones humides et eau
41;18512,000000000000000;0,080347222207278;ndvi;StdTime;15-10-04 00:00:00;0,537398240583224;0;1;Artificialise
42;63125,000000000000000;0,273980034671264;ndvi;StdTime;15-10-04 00:00:00;0,616003314943593;0;2;Cultures
43;8940,000000000000000;0,038802083326116;ndvi;StdTime;15-10-04 00:00:00;0,682831954219331;0;3;Prairies
44;659,000000000000000;0,002860243055024;ndvi;StdTime;15-10-04 00:00:00;0,713209736283885;0;4;Foret feuillus
45;284,000000000000000;0,001232638888660;ndvi;StdTime;15-10-04 00:00:00;0,712031625945804;0;5;Foret resineux
46;586,000000000000000;0,002543402777305;ndvi;StdTime;15-10-04 00:00:00;0,722882560953345;0;6;Foret mixte
47;693,000000000000000;0,003007812499441;ndvi;StdTime;15-10-04 00:00:00;0,487863594553236;0;7;Milieux semi-naturels
48;499,000000000000000;0,002165798610708;ndvi;StdTime;15-10-04 00:00:00;0,410485162914830;0;8;Zones humides et eau
51;8563,000000000000000;0,037165798604199;ndvi;StdTime;15-10-04 00:00:00;0,631102904031781;0;1;Artificialise
52;20512,000000000000000;0,089027777761219;ndvi;StdTime;15-10-04 00:00:00;0,569638335606588;0;2;Cultures
53;880,000000000000000;0,003819444443734;ndvi;StdTime;15-10-04 00:00:00;0,660787387971174;0;3;Prairies
54;685,000000000000000;0,002973090277225;ndvi;StdTime;15-10-04 00:00:00;0,703438360238597;0;4;Foret feuillus
55;219,000000000000000;0,000950520833157;ndvi;StdTime;15-10-04 00:00:00;0,732202690077699;0;5;Foret resineux
56;1277,000000000000000;0,005542534721191;ndvi;StdTime;15-10-04 00:00:00;0,712983256615785;0;6;Foret mixte
57;15,000000000000000;0,000065104166655;ndvi;StdTime;15-10-04 00:00:00;0,548161544402440;0;7;Milieux semi-naturels
58;2,000000000000000;0,000008680555554;ndvi;StdTime;15-10-04 00:00:00;0,646517515182495;0;8;Zones humides et eau
61;23918,000000000000000;0,103810763869581;ndvi;StdTime;15-10-04 00:00:00;0,586597189944863;0;1;Artificialise
62;60865,000000000000000;0,264171006895311;ndvi;StdTime;15-10-04 00:00:00;0,597741541701497;0;2;Cultures
63;12006,000000000000000;0,052109374990308;ndvi;StdTime;15-10-04 00:00:00;0,680836138494377;0;3;Prairies
64;11171,000000000000000;0,048485243046538;ndvi;StdTime;15-10-04 00:00:00;0,725834013808331;0;4;Foret feuillus
65;495,000000000000000;0,002148437499600;ndvi;StdTime;15-10-04 00:00:00;0,785387675810341;0;5;Foret resineux
66;1468,000000000000000;0,006371527776593;ndvi;StdTime;15-10-04 00:00:00;0,747561250582378;0;6;Foret mixte
67;777,000000000000000;0,003372395832706;ndvi;StdTime;15-10-04 00:00:00;0,639953937501367;0;7;Milieux semi-naturels
68;453,000000000000000;0,001966145832968;ndvi;StdTime;15-10-04 00:00:00;0,528402966247752;0;8;Zones humides et eau
71;4130,000000000000000;0,017925347218888;ndvi;StdTime;15-10-04 00:00:00;0,419375684011286;0;1;Artificialise
72;100,000000000000000;0,000434027777697;ndvi;StdTime;15-10-04 00:00:00;0,611565065979957;0;2;Cultures
73;15,000000000000000;0,000065104166655;ndvi;StdTime;15-10-04 00:00:00;0,680591110388438;0;3;Prairies
74;459,000000000000000;0,001992187499629;ndvi;StdTime;15-10-04 00:00:00;0,691148254476601;0;4;Foret feuillus
76;35,000000000000000;0,000151909722194;ndvi;StdTime;15-10-04 00:00:00;0,695327029909406;0;6;Foret mixte
78;9,000000000000000;0,000039062499993;ndvi;StdTime;15-10-04 00:00:00;0,254211475451787;0;8;Zones humides et eau
81;27231,000000000000000;0,118190104144684;ndvi;StdTime;15-10-04 00:00:00;0,563533503430778;0;1;Artificialise
82;30865,000000000000000;0,133962673586195;ndvi;StdTime;15-10-04 00:00:00;0,679391771429424;0;2;Cultures
83;12409,000000000000000;0,053858506934427;ndvi;StdTime;15-10-04 00:00:00;0,710457570401136;0;3;Prairies
84;2241,000000000000000;0,009726562498191;ndvi;StdTime;15-10-04 00:00:00;0,703997109416126;0;4;Foret feuillus
85;5418,000000000000000;0,023515624995626;ndvi;StdTime;15-10-04 00:00:00;0,725920867049726;0;5;Foret resineux
86;3278,000000000000000;0,014227430552909;ndvi;StdTime;15-10-04 00:00:00;0,717905627064693;0;6;Foret mixte
87;1121,000000000000000;0,004865451387984;ndvi;StdTime;15-10-04 00:00:00;0,608577142048371;0;7;Milieux semi-naturels
88;2101,000000000000000;0,009118923609415;ndvi;StdTime;15-10-04 00:00:00;0,374200246726386;0;8;Zones humides et eau
91;21524,000000000000000;0,093420138871514;ndvi;StdTime;15-10-04 00:00:00;0,644264600586365;0;1;Artificialise
92;33863,000000000000000;0,146974826361553;ndvi;StdTime;15-10-04 00:00:00;0,639146636049728;0;2;Cultures
93;20854,000000000000000;0,090512152760943;ndvi;StdTime;15-10-04 00:00:00;0,776688261989943;0;3;Prairies
94;4447,000000000000000;0,019301215274188;ndvi;StdTime;15-10-04 00:00:00;0,735323589170329;0;4;Foret feuillus
95;10528,000000000000000;0,045694444435946;ndvi;StdTime;15-10-04 00:00:00;0,779159178804481;0;5;Foret resineux
96;16812,000000000000000;0,072968749986428;ndvi;StdTime;15-10-04 00:00:00;0,772917933802846;0;6;Foret mixte
97;2449,000000000000000;0,010629340275801;ndvi;StdTime;15-10-04 00:00:00;0,695559273001222;0;7;Milieux semi-naturels
98;2008,000000000000000;0,008715277776157;ndvi;StdTime;15-10-04 00:00:00;0,591792245440008;0;8;Zones humides et eau
101;7501,000000000000000;0,032556423605056;ndvi;StdTime;15-10-04 00:00:00;0,695711148057743;0;1;Artificialise
102;32049,000000000000000;0,139101562474128;ndvi;StdTime;15-10-04 00:00:00;0,749023248234007;0;2;Cultures
103;23798,000000000000000;0,103289930536344;ndvi;StdTime;15-10-04 00:00:00;0,771260648333421;0;3;Prairies
104;18168,000000000000000;0,078854166652000;ndvi;StdTime;15-10-04 00:00:00;0,747512602424869;0;4;Foret feuillus
105;13765,000000000000000;0,059743923599999;ndvi;StdTime;15-10-04 00:00:00;0,780335763331720;0;5;Foret resineux
106;30877,000000000000000;0,134014756919519;ndvi;StdTime;15-10-04 00:00:00;0,772002421570677;0;6;Foret mixte
107;2266,000000000000000;0,009835069442615;ndvi;StdTime;15-10-04 00:00:00;0,751782230802689;0;7;Milieux semi-naturels
108;332,000000000000000;0,001440972221954;ndvi;StdTime;15-10-04 00:00:00;0,707543110452503;0;8;Zones humides et eau
111;13192,000000000000000;0,057256944433795;ndvi;StdTime;15-10-04 00:00:00;0,654818949543207;0;1;Artificialise
112;48169,000000000000000;0,209066840238893;ndvi;StdTime;15-10-04 00:00:00;0,642780352779746;0;2;Cultures
113;9056,000000000000000;0,039305555548245;ndvi;StdTime;15-10-04 00:00:00;0,745215845912985;0;3;Prairies
114;15928,000000000000000;0,069131944431586;ndvi;StdTime;15-10-04 00:00:00;0,744017576172924;0;4;Foret feuillus
115;2083,000000000000000;0,009040798609430;ndvi;StdTime;15-10-04 00:00:00;0,784239686857436;0;5;Foret resineux
116;17702,000000000000000;0,076831597207932;ndvi;StdTime;15-10-04 00:00:00;0,759787563901680;0;6;Foret mixte
117;299,000000000000000;0,001297743055314;ndvi;StdTime;15-10-04 00:00:00;0,727301690590421;0;7;Milieux semi-naturels
118;319,000000000000000;0,001384548610854;ndvi;StdTime;15-10-04 00:00:00;0,570651134260022;0;8;Zones humides et eau
11;19297,000000000000000;0,083754340262200;ndvi;StdTime;15-10-05 00:00:00;0,603604535328795;0;1;Artificialise
12;32515,000000000000000;0,141124131918197;ndvi;StdTime;15-10-05 00:00:00;0,684547921395131;0;2;Cultures
13;4653,000000000000000;0,020195312496244;ndvi;StdTime;15-10-05 00:00:00;0,718611496713836;0;3;Prairies
14;2157,000000000000000;0,009361979164925;ndvi;StdTime;15-10-05 00:00:00;0,733509241954342;0;4;Foret feuillus
15;5373,000000000000000;0,023320312495663;ndvi;StdTime;15-10-05 00:00:00;0,739603847098842;0;5;Foret resineux
16;3663,000000000000000;0,015898437497043;ndvi;StdTime;15-10-05 00:00:00;0,737576423025249;0;6;Foret mixte
17;2665,000000000000000;0,011566840275626;ndvi;StdTime;15-10-05 00:00:00;0,630318390400503;0;7;Milieux semi-naturels
18;1211,000000000000000;0,005256076387911;ndvi;StdTime;15-10-05 00:00:00;0,523347429673916;0;8;Zones humides et eau
21;23651,000000000000000;0,102651909703130;ndvi;StdTime;15-10-05 00:00:00;0,595161315509634;0;1;Artificialise
22;53262,000000000000000;0,231171874957004;ndvi;StdTime;15-10-05 00:00:00;0,690937826081280;0;2;Cultures
23;7495,000000000000000;0,032530381938394;ndvi;StdTime;15-10-05 00:00:00;0,730070216314566;0;3;Prairies
24;1297,000000000000000;0,005629340276731;ndvi;StdTime;15-10-05 00:00:00;0,754078880101787;0;4;Foret feuillus
25;405,000000000000000;0,001757812499673;ndvi;StdTime;15-10-05 00:00:00;0,756896096688730;0;5;Foret resineux
26;881,000000000000000;0,003823784721511;ndvi;StdTime;15-10-05 00:00:00;0,758687537793540;0;6;Foret mixte
27;471,000000000000000;0,002044270832953;ndvi;StdTime;15-10-05 00:00:00;0,558857216122075;0;7;Milieux semi-naturels
28;1233,000000000000000;0,005351562499005;ndvi;StdTime;15-10-05 00:00:00;0,374451431790397;0;8;Zones humides et eau
31;20501,000000000000000;0,088980034705673;ndvi;StdTime;15-10-05 00:00:00;0,622717332479958;0;1;Artificialise
32;33836,000000000000000;0,146857638861575;ndvi;StdTime;15-10-05 00:00:00;0,674397967276644;0;2;Cultures
33;2765,000000000000000;0,012000868053323;ndvi;StdTime;15-10-05 00:00:00;0,724364281530621;0;3;Prairies
34;3126,000000000000000;0,013567708330810;ndvi;StdTime;15-10-05 00:00:00;0,750858052602122;0;4;Foret feuillus
35;335,000000000000000;0,001453993055285;ndvi;StdTime;15-10-05 00:00:00;0,743208607275094;0;5;Foret resineux
36;1500,000000000000000;0,006510416665456;ndvi;StdTime;15-10-05 00:00:00;0,753713980575403;0;6;Foret mixte
37;107,000000000000000;0,000464409722136;ndvi;StdTime;15-10-05 00:00:00;0,647473224412615;0;7;Milieux semi-naturels
38;185,000000000000000;0,000802951388740;ndvi;StdTime;15-10-05 00:00:00;0,611775551937722;0;8;Zones humides et eau
41;18524,000000000000000;0,080399305540602;ndvi;StdTime;15-10-05 00:00:00;0,566860756238139;0;1;Artificialise
42;63126,000000000000000;0,273984374949041;ndvi;StdTime;15-10-05 00:00:00;0,663798261116466;0;2;Cultures
43;8940,000000000000000;0,038802083326116;ndvi;StdTime;15-10-05 00:00:00;0,719336689148574;0;3;Prairies
44;659,000000000000000;0,002860243055024;ndvi;StdTime;15-10-05 00:00:00;0,771780738293311;0;4;Foret feuillus
45;284,000000000000000;0,001232638888660;ndvi;StdTime;15-10-05 00:00:00;0,755282679808811;0;5;Foret resineux
46;586,000000000000000;0,002543402777305;ndvi;StdTime;15-10-05 00:00:00;0,776090448779458;0;6;Foret mixte
47;691,000000000000000;0,002999131943887;ndvi;StdTime;15-10-05 00:00:00;0,525159969161011;0;7;Milieux semi-naturels
48;512,000000000000000;0,002222222221809;ndvi;StdTime;15-10-05 00:00:00;0,413267068862069;0;8;Zones humides et eau
51;8563,000000000000000;0,037165798604199;ndvi;StdTime;15-10-05 00:00:00;0,660232627366933;0;1;Artificialise
52;20512,000000000000000;0,089027777761219;ndvi;StdTime;15-10-05 00:00:00;0,628100492806986;0;2;Cultures
53;880,000000000000000;0,003819444443734;ndvi;StdTime;15-10-05 00:00:00;0,699668036604470;0;3;Prairies
54;685,000000000000000;0,002973090277225;ndvi;StdTime;15-10-05 00:00:00;0,749456760961644;0;4;Foret feuillus
55;219,000000000000000;0,000950520833157;ndvi;StdTime;15-10-05 00:00:00;0,758518850150174;0;5;Foret resineux
56;1277,000000000000000;0,005542534721191;ndvi;StdTime;15-10-05 00:00:00;0,751929224984388;0;6;Foret mixte
57;15,000000000000000;0,000065104166655;ndvi;StdTime;15-10-05 00:00:00;0,581765542427699;0;7;Milieux semi-naturels
58;2,000000000000000;0,000008680555554;ndvi;StdTime;15-10-05 00:00:00;0,692308306694031;0;8;Zones humides et eau
61;23918,000000000000000;0,103810763869581;ndvi;StdTime;15-10-05 00:00:00;0,611076055445823;0;1;Artificialise
62;60865,000000000000000;0,264171006895311;ndvi;StdTime;15-10-05 00:00:00;0,639695618195806;0;2;Cultures
63;12006,000000000000000;0,052109374990308;ndvi;StdTime;15-10-05 00:00:00;0,708220453388328;0;3;Prairies
64;11171,000000000000000;0,048485243046538;ndvi;StdTime;15-10-05 00:00:00;0,764954027304366;0;4;Foret feuillus
65;495,000000000000000;0,002148437499600;ndvi;StdTime;15-10-05 00:00:00;0,792195509058056;0;5;Foret resineux
66;1468,000000000000000;0,006371527776593;ndvi;StdTime;15-10-05 00:00:00;0,772008774472192;0;6;Foret mixte
67;777,000000000000000;0,003372395832706;ndvi;StdTime;15-10-05 00:00:00;0,660224511739984;0;7;Milieux semi-naturels
68;453,000000000000000;0,001966145832968;ndvi;StdTime;15-10-05 00:00:00;0,552653000745552;0;8;Zones humides et eau
71;4130,000000000000000;0,017925347218888;ndvi;StdTime;15-10-05 00:00:00;0,448649852661546;0;1;Artificialise
72;100,000000000000000;0,000434027777697;ndvi;StdTime;15-10-05 00:00:00;0,659500013291836;0;2;Cultures
73;15,000000000000000;0,000065104166655;ndvi;StdTime;15-10-05 00:00:00;0,708595784505208;0;3;Prairies
74;459,000000000000000;0,001992187499629;ndvi;StdTime;15-10-05 00:00:00;0,756889303395431;0;4;Foret feuillus
76;35,000000000000000;0,000151909722194;ndvi;StdTime;15-10-05 00:00:00;0,745571890899113;0;6;Foret mixte
78;9,000000000000000;0,000039062499993;ndvi;StdTime;15-10-05 00:00:00;0,270027031501134;0;8;Zones humides et eau
81;27394,000000000000000;0,118897569422330;ndvi;StdTime;15-10-05 00:00:00;0,581186820200144;0;1;Artificialise
82;30867,000000000000000;0,133971354141749;ndvi;StdTime;15-10-05 00:00:00;0,704305291623351;0;2;Cultures
83;12409,000000000000000;0,053858506934427;ndvi;StdTime;15-10-05 00:00:00;0,730343423729141;0;3;Prairies
84;2241,000000000000000;0,009726562498191;ndvi;StdTime;15-10-05 00:00:00;0,738779965467295;0;4;Foret feuillus
85;5418,000000000000000;0,023515624995626;ndvi;StdTime;15-10-05 00:00:00;0,743292741392230;0;5;Foret resineux
86;3278,000000000000000;0,014227430552909;ndvi;StdTime;15-10-05 00:00:00;0,745587177524630;0;6;Foret mixte
87;1125,000000000000000;0,004882812499092;ndvi;StdTime;15-10-05 00:00:00;0,633375018503931;0;7;Milieux semi-naturels
88;2204,000000000000000;0,009565972220443;ndvi;StdTime;15-10-05 00:00:00;0,379064561814803;0;8;Zones humides et eau
91;21524,000000000000000;0,093420138871514;ndvi;StdTime;15-10-05 00:00:00;0,652421160137236;0;1;Artificialise
92;33863,000000000000000;0,146974826361553;ndvi;StdTime;15-10-05 00:00:00;0,667285387015180;0;2;Cultures
93;20854,000000000000000;0,090512152760943;ndvi;StdTime;15-10-05 00:00:00;0,787915248867190;0;3;Prairies
94;4447,000000000000000;0,019301215274188;ndvi;StdTime;15-10-05 00:00:00;0,754222833797963;0;4;Foret feuillus
95;10528,000000000000000;0,045694444435946;ndvi;StdTime;15-10-05 00:00:00;0,797201753845920;0;5;Foret resineux
96;16812,000000000000000;0,072968749986428;ndvi;StdTime;15-10-05 00:00:00;0,790545112852921;0;6;Foret mixte
97;2449,000000000000000;0,010629340275801;ndvi;StdTime;15-10-05 00:00:00;0,700825489640674;0;7;Milieux semi-naturels
98;2008,000000000000000;0,008715277776157;ndvi;StdTime;15-10-05 00:00:00;0,598103859671485;0;8;Zones humides et eau
101;7501,000000000000000;0,032556423605056;ndvi;StdTime;15-10-05 00:00:00;0,695144677937723;0;1;Artificialise
102;32049,000000000000000;0,139101562474128;ndvi;StdTime;15-10-05 00:00:00;0,744580280322723;0;2;Cultures
103;23798,000000000000000;0,103289930536344;ndvi;StdTime;15-10-05 00:00:00;0,765735032867961;0;3;Prairies
104;18168,000000000000000;0,078854166652000;ndvi;StdTime;15-10-05 00:00:00;0,756446369161289;0;4;Foret feuillus
105;13765,000000000000000;0,059743923599999;ndvi;StdTime;15-10-05 00:00:00;0,787909461895076;0;5;Foret resineux
106;30877,000000000000000;0,134014756919519;ndvi;StdTime;15-10-05 00:00:00;0,778217445037935;0;6;Foret mixte
107;2266,000000000000000;0,009835069442615;ndvi;StdTime;15-10-05 00:00:00;0,745141377608438;0;7;Milieux semi-naturels
108;332,000000000000000;0,001440972221954;ndvi;StdTime;15-10-05 00:00:00;0,711027522941670;0;8;Zones humides et eau
111;13192,000000000000000;0,057256944433795;ndvi;StdTime;15-10-05 00:00:00;0,664672107518785;0;1;Artificialise
112;48169,000000000000000;0,209066840238893;ndvi;StdTime;15-10-05 00:00:00;0,669303107349888;0;2;Cultures
113;9056,000000000000000;0,039305555548245;ndvi;StdTime;15-10-05 00:00:00;0,749197130723340;0;3;Prairies
114;15928,000000000000000;0,069131944431586;ndvi;StdTime;15-10-05 00:00:00;0,760240559913835;0;4;Foret feuillus
115;2083,000000000000000;0,009040798609430;ndvi;StdTime;15-10-05 00:00:00;0,791439935815374;0;5;Foret resineux
116;17702,000000000000000;0,076831597207932;ndvi;StdTime;15-10-05 00:00:00;0,770197365386257;0;6;Foret mixte
117;299,000000000000000;0,001297743055314;ndvi;StdTime;15-10-05 00:00:00;0,732341988429576;0;7;Milieux semi-naturels
118;319,000000000000000;0,001384548610854;ndvi;StdTime;15-10-05 00:00:00;0,598455157306127;0;8;Zones humides et eau
11;19297,000000000000000;0,083754340262200;ndvi;StdTime;15-10-06 00:00:00;0,613099548482102;0;1;Artificialise
12;32515,000000000000000;0,141124131918197;ndvi;StdTime;15-10-06 00:00:00;0,685553346782600;0;2;Cultures
13;4653,000000000000000;0,020195312496244;ndvi;StdTime;15-10-06 00:00:00;0,724421590758786;0;3;Prairies
14;2157,000000000000000;0,009361979164925;ndvi;StdTime;15-10-06 00:00:00;0,739751418873730;0;4;Foret feuillus
15;5373,000000000000000;0,023320312495663;ndvi;StdTime;15-10-06 00:00:00;0,742313448674581;0;5;Foret resineux
16;3663,000000000000000;0,015898437497043;ndvi;StdTime;15-10-06 00:00:00;0,741606270444384;0;6;Foret mixte
17;2665,000000000000000;0,011566840275626;ndvi;StdTime;15-10-06 00:00:00;0,634269222116715;0;7;Milieux semi-naturels
18;1209,000000000000000;0,005247395832357;ndvi;StdTime;15-10-06 00:00:00;0,540798684784324;0;8;Zones humides et eau
21;23651,000000000000000;0,102651909703130;ndvi;StdTime;15-10-06 00:00:00;0,586489126455851;0;1;Artificialise
22;53262,000000000000000;0,231171874957004;ndvi;StdTime;15-10-06 00:00:00;0,675075929826649;0;2;Cultures
23;7495,000000000000000;0,032530381938394;ndvi;StdTime;15-10-06 00:00:00;0,716956495797340;0;3;Prairies
24;1297,000000000000000;0,005629340276731;ndvi;StdTime;15-10-06 00:00:00;0,733049072824999;0;4;Foret feuillus
25;405,000000000000000;0,001757812499673;ndvi;StdTime;15-10-06 00:00:00;0,742169776006981;0;5;Foret resineux
26;881,000000000000000;0,003823784721511;ndvi;StdTime;15-10-06 00:00:00;0,735602095029682;0;6;Foret mixte
27;471,000000000000000;0,002044270832953;ndvi;StdTime;15-10-06 00:00:00;0,542374243243991;0;7;Milieux semi-naturels
28;1244,000000000000000;0,005399305554551;ndvi;StdTime;15-10-06 00:00:00;0,363839250692231;0;8;Zones humides et eau
31;20501,000000000000000;0,088980034705673;ndvi;StdTime;15-10-06 00:00:00;0,621409211973019;0;1;Artificialise
32;33836,000000000000000;0,146857638861575;ndvi;StdTime;15-10-06 00:00:00;0,662131085682701;0;2;Cultures
33;2765,000000000000000;0,012000868053323;ndvi;StdTime;15-10-06 00:00:00;0,719329275425262;0;3;Prairies
34;3126,000000000000000;0,013567708330810;ndvi;StdTime;15-10-06 00:00:00;0,743320487835281;0;4;Foret feuillus
35;335,000000000000000;0,001453993055285;ndvi;StdTime;15-10-06 00:00:00;0,746792969418995;0;5;Foret resineux
36;1500,000000000000000;0,006510416665456;ndvi;StdTime;15-10-06 00:00:00;0,748612105786800;0;6;Foret mixte
37;107,000000000000000;0,000464409722136;ndvi;StdTime;15-10-06 00:00:00;0,657634688314991;0;7;Milieux semi-naturels
38;185,000000000000000;0,000802951388740;ndvi;StdTime;15-10-06 00:00:00;0,623045373607326;0;8;Zones humides et eau
41;18510,000000000000000;0,080338541651724;ndvi;StdTime;15-10-06 00:00:00;0,553417732324481;0;1;Artificialise
42;63126,000000000000000;0,273984374949041;ndvi;StdTime;15-10-06 00:00:00;0,639059839314907;0;2;Cultures
43;8940,000000000000000;0,038802083326116;ndvi;StdTime;15-10-06 00:00:00;0,703808001270497;0;3;Prairies
44;659,000000000000000;0,002860243055024;ndvi;StdTime;15-10-06 00:00:00;0,741625519596572;0;4;Foret feuillus
45;284,000000000000000;0,001232638888660;ndvi;StdTime;15-10-06 00:00:00;0,740958486749253;0;5;Foret resineux
46;586,000000000000000;0,002543402777305;ndvi;StdTime;15-10-06 00:00:00;0,751211085518879;0;6;Foret mixte
47;693,000000000000000;0,003007812499441;ndvi;StdTime;15-10-06 00:00:00;0,528604041875043;0;7;Milieux semi-naturels
48;504,000000000000000;0,002187499999593;ndvi;StdTime;15-10-06 00:00:00;0,412240960456926;0;8;Zones humides et eau
51;8563,000000000000000;0,037165798604199;ndvi;StdTime;15-10-06 00:00:00;0,662104163305386;0;1;Artificialise
52;20512,000000000000000;0,089027777761219;ndvi;StdTime;15-10-06 00:00:00;0,620375310181232;0;2;Cultures
53;880,000000000000000;0,003819444443734;ndvi;StdTime;15-10-06 00:00:00;0,703194702145729;0;3;Prairies
54;685,000000000000000;0,002973090277225;ndvi;StdTime;15-10-06 00:00:00;0,743575874340795;0;4;Foret feuillus
55;219,000000000000000;0,000950520833157;ndvi;StdTime;15-10-06 00:00:00;0,764552816136242;0;5;Foret resineux
56;1277,000000000000000;0,005542534721191;ndvi;StdTime;15-10-06 00:00:00;0,746727548452122;0;6;Foret mixte
57;15,000000000000000;0,000065104166655;ndvi;StdTime;15-10-06 00:00:00;0,587793316443761;0;7;Milieux semi-naturels
58;2,000000000000000;0,000008680555554;ndvi;StdTime;15-10-06 00:00:00;0,692258328199387;0;8;Zones humides et eau
61;23918,000000000000000;0,103810763869581;ndvi;StdTime;15-10-06 00:00:00;0,609129398464048;0;1;Artificialise
62;60865,000000000000000;0,264171006895311;ndvi;StdTime;15-10-06 00:00:00;0,635337958461322;0;2;Cultures
63;12006,000000000000000;0,052109374990308;ndvi;StdTime;15-10-06 00:00:00;0,702980473213110;0;3;Prairies
64;11171,000000000000000;0,048485243046538;ndvi;StdTime;15-10-06 00:00:00;0,752989963893550;0;4;Foret feuillus
65;495,000000000000000;0,002148437499600;ndvi;StdTime;15-10-06 00:00:00;0,797525569766458;0;5;Foret resineux
66;1468,000000000000000;0,006371527776593;ndvi;StdTime;15-10-06 00:00:00;0,771852763415358;0;6;Foret mixte
67;777,000000000000000;0,003372395832706;ndvi;StdTime;15-10-06 00:00:00;0,665404382781479;0;7;Milieux semi-naturels
68;453,000000000000000;0,001966145832968;ndvi;StdTime;15-10-06 00:00:00;0,557209440809212;0;8;Zones humides et eau
71;4130,000000000000000;0,017925347218888;ndvi;StdTime;15-10-06 00:00:00;0,444539184408312;0;1;Artificialise
72;100,000000000000000;0,000434027777697;ndvi;StdTime;15-10-06 00:00:00;0,650115318298340;0;2;Cultures
73;15,000000000000000;0,000065104166655;ndvi;StdTime;15-10-06 00:00:00;0,704084424177806;0;3;Prairies
74;459,000000000000000;0,001992187499629;ndvi;StdTime;15-10-06 00:00:00;0,751527687822811;0;4;Foret feuillus
76;35,000000000000000;0,000151909722194;ndvi;StdTime;15-10-06 00:00:00;0,739424271242959;0;6;Foret mixte
78;9,000000000000000;0,000039062499993;ndvi;StdTime;15-10-06 00:00:00;0,288048143188159;0;8;Zones humides et eau
81;27304,000000000000000;0,118506944422403;ndvi;StdTime;15-10-06 00:00:00;0,582870857034199;0;1;Artificialise
82;30867,000000000000000;0,133971354141749;ndvi;StdTime;15-10-06 00:00:00;0,698204982373224;0;2;Cultures
83;12409,000000000000000;0,053858506934427;ndvi;StdTime;15-10-06 00:00:00;0,722767273966065;0;3;Prairies
84;2241,000000000000000;0,009726562498191;ndvi;StdTime;15-10-06 00:00:00;0,731370645487537;0;4;Foret feuillus
85;5418,000000000000000;0,023515624995626;ndvi;StdTime;15-10-06 00:00:00;0,739672631888911;0;5;Foret resineux
86;3278,000000000000000;0,014227430552909;ndvi;StdTime;15-10-06 00:00:00;0,742189386492461;0;6;Foret mixte
87;1116,000000000000000;0,004843749999099;ndvi;StdTime;15-10-06 00:00:00;0,638450075047738;0;7;Milieux semi-naturels
88;2179,000000000000000;0,009457465276019;ndvi;StdTime;15-10-06 00:00:00;0,388716814988654;0;8;Zones humides et eau
91;21524,000000000000000;0,093420138871514;ndvi;StdTime;15-10-06 00:00:00;0,664245380509606;0;1;Artificialise
92;33863,000000000000000;0,146974826361553;ndvi;StdTime;15-10-06 00:00:00;0,663741460406371;0;2;Cultures
93;20854,000000000000000;0,090512152760943;ndvi;StdTime;15-10-06 00:00:00;0,795876414819922;0;3;Prairies
94;4447,000000000000000;0,019301215274188;ndvi;StdTime;15-10-06 00:00:00;0,760477393899094;0;4;Foret feuillus
95;10528,000000000000000;0,045694444435946;ndvi;StdTime;15-10-06 00:00:00;0,781475717898198;0;5;Foret resineux
96;16812,000000000000000;0,072968749986428;ndvi;StdTime;15-10-06 00:00:00;0,784312547215771;0;6;Foret mixte
97;2449,000000000000000;0,010629340275801;ndvi;StdTime;15-10-06 00:00:00;0,710815699587748;0;7;Milieux semi-naturels
98;2008,000000000000000;0,008715277776157;ndvi;StdTime;15-10-06 00:00:00;0,615466260436581;0;8;Zones humides et eau
101;7501,000000000000000;0,032556423605056;ndvi;StdTime;15-10-06 00:00:00;0,711591763826407;0;1;Artificialise
102;32049,000000000000000;0,139101562474128;ndvi;StdTime;15-10-06 00:00:00;0,767321044684404;0;2;Cultures
103;23798,000000000000000;0,103289930536344;ndvi;StdTime;15-10-06 00:00:00;0,789768922920286;0;3;Prairies
104;18168,000000000000000;0,078854166652000;ndvi;StdTime;15-10-06 00:00:00;0,761561780856311;0;4;Foret feuillus
105;13765,000000000000000;0,059743923599999;ndvi;StdTime;15-10-06 00:00:00;0,779527054931135;0;5;Foret resineux
106;30877,000000000000000;0,134014756919519;ndvi;StdTime;15-10-06 00:00:00;0,776937060732063;0;6;Foret mixte
107;2266,000000000000000;0,009835069442615;ndvi;StdTime;15-10-06 00:00:00;0,736411458487965;0;7;Milieux semi-naturels
108;332,000000000000000;0,001440972221954;ndvi;StdTime;15-10-06 00:00:00;0,702234048530998;0;8;Zones humides et eau
111;13192,000000000000000;0,057256944433795;ndvi;StdTime;15-10-06 00:00:00;0,671016552532402;0;1;Artificialise
112;48169,000000000000000;0,209066840238893;ndvi;StdTime;15-10-06 00:00:00;0,667828782053106;0;2;Cultures
113;9056,000000000000000;0,039305555548245;ndvi;StdTime;15-10-06 00:00:00;0,761251396914226;0;3;Prairies
114;15928,000000000000000;0,069131944431586;ndvi;StdTime;15-10-06 00:00:00;0,777479268979079;0;4;Foret feuillus
115;2083,000000000000000;0,009040798609430;ndvi;StdTime;15-10-06 00:00:00;0,795713297604256;0;5;Foret resineux
116;17702,000000000000000;0,076831597207932;ndvi;StdTime;15-10-06 00:00:00;0,779911742870278;0;6;Foret mixte
117;299,000000000000000;0,001297743055314;ndvi;StdTime;15-10-06 00:00:00;0,744122559808967;0;7;Milieux semi-naturels
118;319,000000000000000;0,001384548610854;ndvi;StdTime;15-10-06 00:00:00;0,608296248606380;0;8;Zones humides et eau
11;19297,000000000000000;0,083754340262200;ndvi;StdTime;15-10-07 00:00:00;0,598919913336043;0;1;Artificialise
12;32515,000000000000000;0,141124131918197;ndvi;StdTime;15-10-07 00:00:00;0,670483508265222;0;2;Cultures
13;4653,000000000000000;0,020195312496244;ndvi;StdTime;15-10-07 00:00:00;0,706923013691131;0;3;Prairies
14;2157,000000000000000;0,009361979164925;ndvi;StdTime;15-10-07 00:00:00;0,702201118292939;0;4;Foret feuillus
15;5373,000000000000000;0,023320312495663;ndvi;StdTime;15-10-07 00:00:00;0,730155242880519;0;5;Foret resineux
16;3663,000000000000000;0,015898437497043;ndvi;StdTime;15-10-07 00:00:00;0,714445481185148;0;6;Foret mixte
17;2665,000000000000000;0,011566840275626;ndvi;StdTime;15-10-07 00:00:00;0,622225463893578;0;7;Milieux semi-naturels
18;1199,000000000000000;0,005203993054588;ndvi;StdTime;15-10-07 00:00:00;0,517120804263278;0;8;Zones humides et eau
21;23651,000000000000000;0,102651909703130;ndvi;StdTime;15-10-07 00:00:00;0,576433817773754;0;1;Artificialise
22;53262,000000000000000;0,231171874957004;ndvi;StdTime;15-10-07 00:00:00;0,660448440763565;0;2;Cultures
23;7495,000000000000000;0,032530381938394;ndvi;StdTime;15-10-07 00:00:00;0,700155686538882;0;3;Prairies
24;1297,000000000000000;0,005629340276731;ndvi;StdTime;15-10-07 00:00:00;0,703511599907989;0;4;Foret feuillus
25;405,000000000000000;0,001757812499673;ndvi;StdTime;15-10-07 00:00:00;0,726670221929197;0;5;Foret resineux
26;881,000000000000000;0,003823784721511;ndvi;StdTime;15-10-07 00:00:00;0,717072073196851;0;6;Foret mixte
27;470,000000000000000;0,002039930555176;ndvi;StdTime;15-10-07 00:00:00;0,485388300805650;0;7;Milieux semi-naturels
28;1237,000000000000000;0,005368923610113;ndvi;StdTime;15-10-07 00:00:00;0,361573972833625;0;8;Zones humides et eau
31;20501,000000000000000;0,088980034705673;ndvi;StdTime;15-10-07 00:00:00;0,608919354765030;0;1;Artificialise
32;33836,000000000000000;0,146857638861575;ndvi;StdTime;15-10-07 00:00:00;0,654561831292065;0;2;Cultures
33;2765,000000000000000;0,012000868053323;ndvi;StdTime;15-10-07 00:00:00;0,706195291515714;0;3;Prairies
34;3126,000000000000000;0,013567708330810;ndvi;StdTime;15-10-07 00:00:00;0,712362576440519;0;4;Foret feuillus
35;335,000000000000000;0,001453993055285;ndvi;StdTime;15-10-07 00:00:00;0,734866045837972;0;5;Foret resineux
36;1500,000000000000000;0,006510416665456;ndvi;StdTime;15-10-07 00:00:00;0,716317646960417;0;6;Foret mixte
37;107,000000000000000;0,000464409722136;ndvi;StdTime;15-10-07 00:00:00;0,631534072283272;0;7;Milieux semi-naturels
38;185,000000000000000;0,000802951388740;ndvi;StdTime;15-10-07 00:00:00;0,588732894610714;0;8;Zones humides et eau
41;18526,000000000000000;0,080407986096156;ndvi;StdTime;15-10-07 00:00:00;0,550498657778772;0;1;Artificialise
42;63126,000000000000000;0,273984374949041;ndvi;StdTime;15-10-07 00:00:00;0,637969912167570;0;2;Cultures
43;8940,000000000000000;0,038802083326116;ndvi;StdTime;15-10-07 00:00:00;0,693281934728692;0;3;Prairies
44;659,000000000000000;0,002860243055024;ndvi;StdTime;15-10-07 00:00:00;0,726867994426415;0;4;Foret feuillus
45;284,000000000000000;0,001232638888660;ndvi;StdTime;15-10-07 00:00:00;0,715282795504785;0;5;Foret resineux
46;586,000000000000000;0,002543402777305;ndvi;StdTime;15-10-07 00:00:00;0,732173069116403;0;6;Foret mixte
47;693,000000000000000;0,003007812499441;ndvi;StdTime;15-10-07 00:00:00;0,509063504184737;0;7;Milieux semi-naturels
48;520,000000000000000;0,002256944444025;ndvi;StdTime;15-10-07 00:00:00;0,402667205300755;0;8;Zones humides et eau
51;8563,000000000000000;0,037165798604199;ndvi;StdTime;15-10-07 00:00:00;0,638513355902541;0;1;Artificialise
52;20512,000000000000000;0,089027777761219;ndvi;StdTime;15-10-07 00:00:00;0,598088980491119;0;2;Cultures
53;880,000000000000000;0,003819444443734;ndvi;StdTime;15-10-07 00:00:00;0,677666632255370;0;3;Prairies
54;685,000000000000000;0,002973090277225;ndvi;StdTime;15-10-07 00:00:00;0,704784523266075;0;4;Foret feuillus
55;219,000000000000000;0,000950520833157;ndvi;StdTime;15-10-07 00:00:00;0,731201156905797;0;5;Foret resineux
56;1277,000000000000000;0,005542534721191;ndvi;StdTime;15-10-07 00:00:00;0,708552678348314;0;6;Foret mixte
57;15,000000000000000;0,000065104166655;ndvi;StdTime;15-10-07 00:00:00;0,559856206178665;0;7;Milieux semi-naturels
58;2,000000000000000;0,000008680555554;ndvi;StdTime;15-10-07 00:00:00;0,671961635351181;0;8;Zones humides et eau
61;23918,000000000000000;0,103810763869581;ndvi;StdTime;15-10-07 00:00:00;0,593419308549810;0;1;Artificialise
62;60865,000000000000000;0,264171006895311;ndvi;StdTime;15-10-07 00:00:00;0,615870853174463;0;2;Cultures
63;12006,000000000000000;0,052109374990308;ndvi;StdTime;15-10-07 00:00:00;0,684938587969429;0;3;Prairies
64;11171,000000000000000;0,048485243046538;ndvi;StdTime;15-10-07 00:00:00;0,719518046863140;0;4;Foret feuillus
65;495,000000000000000;0,002148437499600;ndvi;StdTime;15-10-07 00:00:00;0,779253249457388;0;5;Foret resineux
66;1468,000000000000000;0,006371527776593;ndvi;StdTime;15-10-07 00:00:00;0,739827910443255;0;6;Foret mixte
67;777,000000000000000;0,003372395832706;ndvi;StdTime;15-10-07 00:00:00;0,637430162311674;0;7;Milieux semi-naturels
68;453,000000000000000;0,001966145832968;ndvi;StdTime;15-10-07 00:00:00;0,525847702527678;0;8;Zones humides et eau
71;4130,000000000000000;0,017925347218888;ndvi;StdTime;15-10-07 00:00:00;0,433773656759510;0;1;Artificialise
72;100,000000000000000;0,000434027777697;ndvi;StdTime;15-10-07 00:00:00;0,633942933678627;0;2;Cultures
73;15,000000000000000;0,000065104166655;ndvi;StdTime;15-10-07 00:00:00;0,712751984596252;0;3;Prairies
74;459,000000000000000;0,001992187499629;ndvi;StdTime;15-10-07 00:00:00;0,718573435978692;0;4;Foret feuillus
76;35,000000000000000;0,000151909722194;ndvi;StdTime;15-10-07 00:00:00;0,690977319649288;0;6;Foret mixte
78;9,000000000000000;0,000039062499993;ndvi;StdTime;15-10-07 00:00:00;0,263884807626406;0;8;Zones humides et eau
81;27336,000000000000000;0,118645833311266;ndvi;StdTime;15-10-07 00:00:00;0,567519423330227;0;1;Artificialise
82;30867,000000000000000;0,133971354141749;ndvi;StdTime;15-10-07 00:00:00;0,678174088295303;0;2;Cultures
83;12409,000000000000000;0,053858506934427;ndvi;StdTime;15-10-07 00:00:00;0,703442187548567;0;3;Prairies
84;2241,000000000000000;0,009726562498191;ndvi;StdTime;15-10-07 00:00:00;0,695243198363072;0;4;Foret feuillus
85;5418,000000000000000;0,023515624995626;ndvi;StdTime;15-10-07 00:00:00;0,722137132746876;0;5;Foret resineux
86;3278,000000000000000;0,014227430552909;ndvi;StdTime;15-10-07 00:00:00;0,713131285681094;0;6;Foret mixte
87;1122,000000000000000;0,004869791665761;ndvi;StdTime;15-10-07 00:00:00;0,604036122427693;0;7;Milieux semi-naturels
88;2183,000000000000000;0,009474826387127;ndvi;StdTime;15-10-07 00:00:00;0,370588221874999;0;8;Zones humides et eau
91;21524,000000000000000;0,093420138871514;ndvi;StdTime;15-10-07 00:00:00;0,640300531153529;0;1;Artificialise
92;33863,000000000000000;0,146974826361553;ndvi;StdTime;15-10-07 00:00:00;0,644366737464261;0;2;Cultures
93;20854,000000000000000;0,090512152760943;ndvi;StdTime;15-10-07 00:00:00;0,775176984814001;0;3;Prairies
94;4447,000000000000000;0,019301215274188;ndvi;StdTime;15-10-07 00:00:00;0,714570903345149;0;4;Foret feuillus
95;10528,000000000000000;0,045694444435946;ndvi;StdTime;15-10-07 00:00:00;0,776254513111295;0;5;Foret resineux
96;16812,000000000000000;0,072968749986428;ndvi;StdTime;15-10-07 00:00:00;0,762435040139542;0;6;Foret mixte
97;2449,000000000000000;0,010629340275801;ndvi;StdTime;15-10-07 00:00:00;0,688274645912447;0;7;Milieux semi-naturels
98;2008,000000000000000;0,008715277776157;ndvi;StdTime;15-10-07 00:00:00;0,583866156671063;0;8;Zones humides et eau
101;7501,000000000000000;0,032556423605056;ndvi;StdTime;15-10-07 00:00:00;0,678784409376752;0;1;Artificialise
102;32049,000000000000000;0,139101562474128;ndvi;StdTime;15-10-07 00:00:00;0,733769307440911;0;2;Cultures
103;23798,000000000000000;0,103289930536344;ndvi;StdTime;15-10-07 00:00:00;0,752545377188083;0;3;Prairies
104;18168,000000000000000;0,078854166652000;ndvi;StdTime;15-10-07 00:00:00;0,729380753947700;0;4;Foret feuillus
105;13765,000000000000000;0,059743923599999;ndvi;StdTime;15-10-07 00:00:00;0,764880161505375;0;5;Foret resineux
106;30877,000000000000000;0,134014756919519;ndvi;StdTime;15-10-07 00:00:00;0,752757058270982;0;6;Foret mixte
107;2266,000000000000000;0,009835069442615;ndvi;StdTime;15-10-07 00:00:00;0,711623210259380;0;7;Milieux semi-naturels
108;332,000000000000000;0,001440972221954;ndvi;StdTime;15-10-07 00:00:00;0,666736689138125;0;8;Zones humides et eau
111;13192,000000000000000;0,057256944433795;ndvi;StdTime;15-10-07 00:00:00;0,642371665172419;0;1;Artificialise
112;48169,000000000000000;0,209066840238893;ndvi;StdTime;15-10-07 00:00:00;0,633616156216090;0;2;Cultures
113;9056,000000000000000;0,039305555548245;ndvi;StdTime;15-10-07 00:00:00;0,726599018882579;0;3;Prairies
114;15928,000000000000000;0,069131944431586;ndvi;StdTime;15-10-07 00:00:00;0,722276706052055;0;4;Foret feuillus
115;2083,000000000000000;0,009040798609430;ndvi;StdTime;15-10-07 00:00:00;0,765259854348874;0;5;Foret resineux
116;17702,000000000000000;0,076831597207932;ndvi;StdTime;15-10-07 00:00:00;0,735569762701759;0;6;Foret mixte
117;299,000000000000000;0,001297743055314;ndvi;StdTime;15-10-07 00:00:00;0,703356267217808;0;7;Milieux semi-naturels
118;319,000000000000000;0,001384548610854;ndvi;StdTime;15-10-07 00:00:00;0,564640332165183;0;8;Zones humides et eau
11;19297,000000000000000;0,083754340262200;ndvi;StdTime;15-10-08 00:00:00;0,586798069450651;0;1;Artificialise
12;32515,000000000000000;0,141124131918197;ndvi;StdTime;15-10-08 00:00:00;0,656654051601354;0;2;Cultures
13;4653,000000000000000;0,020195312496244;ndvi;StdTime;15-10-08 00:00:00;0,683224803685835;0;3;Prairies
14;2157,000000000000000;0,009361979164925;ndvi;StdTime;15-10-08 00:00:00;0,690859460283552;0;4;Foret feuillus
15;5373,000000000000000;0,023320312495663;ndvi;StdTime;15-10-08 00:00:00;0,708202812040670;0;5;Foret resineux
16;3663,000000000000000;0,015898437497043;ndvi;StdTime;15-10-08 00:00:00;0,699339986880751;0;6;Foret mixte
17;2665,000000000000000;0,011566840275626;ndvi;StdTime;15-10-08 00:00:00;0,612949250018536;0;7;Milieux semi-naturels
18;1213,000000000000000;0,005264756943465;ndvi;StdTime;15-10-08 00:00:00;0,511284092106447;0;8;Zones humides et eau
21;23651,000000000000000;0,102651909703130;ndvi;StdTime;15-10-08 00:00:00;0,564898398768934;0;1;Artificialise
22;53262,000000000000000;0,231171874957004;ndvi;StdTime;15-10-08 00:00:00;0,654258799379014;0;2;Cultures
23;7495,000000000000000;0,032530381938394;ndvi;StdTime;15-10-08 00:00:00;0,693613478137781;0;3;Prairies
24;1297,000000000000000;0,005629340276731;ndvi;StdTime;15-10-08 00:00:00;0,697209079654380;0;4;Foret feuillus
25;405,000000000000000;0,001757812499673;ndvi;StdTime;15-10-08 00:00:00;0,704220204294464;0;5;Foret resineux
26;881,000000000000000;0,003823784721511;ndvi;StdTime;15-10-08 00:00:00;0,697302143297726;0;6;Foret mixte
27;469,000000000000000;0,002035590277399;ndvi;StdTime;15-10-08 00:00:00;0,471279575531162;0;7;Milieux semi-naturels
28;1239,000000000000000;0,005377604165666;ndvi;StdTime;15-10-08 00:00:00;0,338704282258163;0;8;Zones humides et eau
31;20501,000000000000000;0,088980034705673;ndvi;StdTime;15-10-08 00:00:00;0,595825010680493;0;1;Artificialise
32;33836,000000000000000;0,146857638861575;ndvi;StdTime;15-10-08 00:00:00;0,639396051469216;0;2;Cultures
33;2765,000000000000000;0,012000868053323;ndvi;StdTime;15-10-08 00:00:00;0,687399711962419;0;3;Prairies
34;3126,000000000000000;0,013567708330810;ndvi;StdTime;15-10-08 00:00:00;0,708700584349005;0;4;Foret feuillus
35;335,000000000000000;0,001453993055285;ndvi;StdTime;15-10-08 00:00:00;0,708123481095727;0;5;Foret resineux
36;1500,000000000000000;0,006510416665456;ndvi;StdTime;15-10-08 00:00:00;0,712098294715087;0;6;Foret mixte
37;107,000000000000000;0,000464409722136;ndvi;StdTime;15-10-08 00:00:00;0,604425550064194;0;7;Milieux semi-naturels
38;185,000000000000000;0,000802951388740;ndvi;StdTime;15-10-08 00:00:00;0,579214385071317;0;8;Zones humides et eau
41;18522,000000000000000;0,080390624985048;ndvi;StdTime;15-10-08 00:00:00;0,539597283303532;0;1;Artificialise
42;63125,000000000000000;0,273980034671264;ndvi;StdTime;15-10-08 00:00:00;0,627705668829927;0;2;Cultures
43;8940,000000000000000;0,038802083326116;ndvi;StdTime;15-10-08 00:00:00;0,684360075328640;0;3;Prairies
44;659,000000000000000;0,002860243055024;ndvi;StdTime;15-10-08 00:00:00;0,722198690467249;0;4;Foret feuillus
45;284,000000000000000;0,001232638888660;ndvi;StdTime;15-10-08 00:00:00;0,714151903672118;0;5;Foret resineux
46;586,000000000000000;0,002543402777305;ndvi;StdTime;15-10-08 00:00:00;0,730584800599379;0;6;Foret mixte
47;687,000000000000000;0,002981770832779;ndvi;StdTime;15-10-08 00:00:00;0,509360302826647;0;7;Milieux semi-naturels
48;525,000000000000000;0,002278645832910;ndvi;StdTime;15-10-08 00:00:00;0,390013770546897;0;8;Zones humides et eau
51;8563,000000000000000;0,037165798604199;ndvi;StdTime;15-10-08 00:00:00;0,627045303198564;0;1;Artificialise
52;20512,000000000000000;0,089027777761219;ndvi;StdTime;15-10-08 00:00:00;0,581842740128825;0;2;Cultures
53;880,000000000000000;0,003819444443734;ndvi;StdTime;15-10-08 00:00:00;0,653900941935453;0;3;Prairies
54;685,000000000000000;0,002973090277225;ndvi;StdTime;15-10-08 00:00:00;0,715220026291200;0;4;Foret feuillus
55;219,000000000000000;0,000950520833157;ndvi;StdTime;15-10-08 00:00:00;0,720051519538714;0;5;Foret resineux
56;1277,000000000000000;0,005542534721191;ndvi;StdTime;15-10-08 00:00:00;0,712777177523894;0;6;Foret mixte
57;15,000000000000000;0,000065104166655;ndvi;StdTime;15-10-08 00:00:00;0,555461309353510;0;7;Milieux semi-naturels
58;2,000000000000000;0,000008680555554;ndvi;StdTime;15-10-08 00:00:00;0,613033324480057;0;8;Zones humides et eau
61;23918,000000000000000;0,103810763869581;ndvi;StdTime;15-10-08 00:00:00;0,590397889316156;0;1;Artificialise
62;60865,000000000000000;0,264171006895311;ndvi;StdTime;15-10-08 00:00:00;0,604900145516012;0;2;Cultures
63;12006,000000000000000;0,052109374990308;ndvi;StdTime;15-10-08 00:00:00;0,678474218117463;0;3;Prairies
64;11171,000000000000000;0,048485243046538;ndvi;StdTime;15-10-08 00:00:00;0,753144466946881;0;4;Foret feuillus
65;495,000000000000000;0,002148437499600;ndvi;StdTime;15-10-08 00:00:00;0,786599230525470;0;5;Foret resineux
66;1468,000000000000000;0,006371527776593;ndvi;StdTime;15-10-08 00:00:00;0,762965661811081;0;6;Foret mixte
67;777,000000000000000;0,003372395832706;ndvi;StdTime;15-10-08 00:00:00;0,640513231855562;0;7;Milieux semi-naturels
68;453,000000000000000;0,001966145832968;ndvi;StdTime;15-10-08 00:00:00;0,540880147655542;0;8;Zones humides et eau
71;4130,000000000000000;0,017925347218888;ndvi;StdTime;15-10-08 00:00:00;0,432960349178848;0;1;Artificialise
72;100,000000000000000;0,000434027777697;ndvi;StdTime;15-10-08 00:00:00;0,629224384725094;0;2;Cultures
73;15,000000000000000;0,000065104166655;ndvi;StdTime;15-10-08 00:00:00;0,665515971183777;0;3;Prairies
74;459,000000000000000;0,001992187499629;ndvi;StdTime;15-10-08 00:00:00;0,734975525626430;0;4;Foret feuillus
76;35,000000000000000;0,000151909722194;ndvi;StdTime;15-10-08 00:00:00;0,723097121715546;0;6;Foret mixte
78;9,000000000000000;0,000039062499993;ndvi;StdTime;15-10-08 00:00:00;0,255443883438905;0;8;Zones humides et eau
81;27290,000000000000000;0,118446180533526;ndvi;StdTime;15-10-08 00:00:00;0,541308848845561;0;1;Artificialise
82;30867,000000000000000;0,133971354141749;ndvi;StdTime;15-10-08 00:00:00;0,646583547453557;0;2;Cultures
83;12409,000000000000000;0,053858506934427;ndvi;StdTime;15-10-08 00:00:00;0,670462944897821;0;3;Prairies
84;2241,000000000000000;0,009726562498191;ndvi;StdTime;15-10-08 00:00:00;0,660743496464279;0;4;Foret feuillus
85;5418,000000000000000;0,023515624995626;ndvi;StdTime;15-10-08 00:00:00;0,680514248178072;0;5;Foret resineux
86;3278,000000000000000;0,014227430552909;ndvi;StdTime;15-10-08 00:00:00;0,672530467941893;0;6;Foret mixte
87;1122,000000000000000;0,004869791665761;ndvi;StdTime;15-10-08 00:00:00;0,584995772948558;0;7;Milieux semi-naturels
88;2157,000000000000000;0,009361979164925;ndvi;StdTime;15-10-08 00:00:00;0,353161352263074;0;8;Zones humides et eau
91;21520,000000000000000;0,093402777760406;ndvi;StdTime;15-10-08 00:00:00;0,628797552778582;0;1;Artificialise
92;33860,000000000000000;0,146961805528222;ndvi;StdTime;15-10-08 00:00:00;0,627347817956715;0;2;Cultures
93;20854,000000000000000;0,090512152760943;ndvi;StdTime;15-10-08 00:00:00;0,749533212642503;0;3;Prairies
94;4447,000000000000000;0,019301215274188;ndvi;StdTime;15-10-08 00:00:00;0,728329126141112;0;4;Foret feuillus
95;10528,000000000000000;0,045694444435946;ndvi;StdTime;15-10-08 00:00:00;0,747376751961430;0;5;Foret resineux
96;16812,000000000000000;0,072968749986428;ndvi;StdTime;15-10-08 00:00:00;0,752601539128922;0;6;Foret mixte
97;2449,000000000000000;0,010629340275801;ndvi;StdTime;15-10-08 00:00:00;0,676056912525569;0;7;Milieux semi-naturels
98;2008,000000000000000;0,008715277776157;ndvi;StdTime;15-10-08 00:00:00;0,582515142197569;0;8;Zones humides et eau
101;7501,000000000000000;0,032556423605056;ndvi;StdTime;15-10-08 00:00:00;0,687494763778442;0;1;Artificialise
102;32049,000000000000000;0,139101562474128;ndvi;StdTime;15-10-08 00:00:00;0,734438012887053;0;2;Cultures
103;23798,000000000000000;0,103289930536344;ndvi;StdTime;15-10-08 00:00:00;0,755109219295515;0;3;Prairies
104;18168,000000000000000;0,078854166652000;ndvi;StdTime;15-10-08 00:00:00;0,749619539125031;0;4;Foret feuillus
105;13765,000000000000000;0,059743923599999;ndvi;StdTime;15-10-08 00:00:00;0,774732954461834;0;5;Foret resineux
106;30877,000000000000000;0,134014756919519;ndvi;StdTime;15-10-08 00:00:00;0,766917813260326;0;6;Foret mixte
107;2266,000000000000000;0,009835069442615;ndvi;StdTime;15-10-08 00:00:00;0,725907947989765;0;7;Milieux semi-naturels
108;332,000000000000000;0,001440972221954;ndvi;StdTime;15-10-08 00:00:00;0,677062505519534;0;8;Zones humides et eau
111;13192,000000000000000;0,057256944433795;ndvi;StdTime;15-10-08 00:00:00;0,637481357188406;0;1;Artificialise
112;48169,000000000000000;0,209066840238893;ndvi;StdTime;15-10-08 00:00:00;0,623421174924689;0;2;Cultures
113;9056,000000000000000;0,039305555548245;ndvi;StdTime;15-10-08 00:00:00;0,716567030495734;0;3;Prairies
114;15928,000000000000000;0,069131944431586;ndvi;StdTime;15-10-08 00:00:00;0,754791318279438;0;4;Foret feuillus
115;2083,000000000000000;0,009040798609430;ndvi;StdTime;15-10-08 00:00:00;0,773469171413023;0;5;Foret resineux
116;17702,000000000000000;0,076831597207932;ndvi;StdTime;15-10-08 00:00:00;0,755986943733230;0;6;Foret mixte
117;299,000000000000000;0,001297743055314;ndvi;StdTime;15-10-08 00:00:00;0,708467489002540;0;7;Milieux semi-naturels
118;319,000000000000000;0,001384548610854;ndvi;StdTime;15-10-08 00:00:00;0,587960918495274;0;8;Zones humides et eau
11;19297,000000000000000;0,083754340262200;ndvi;StdTime;15-10-09 00:00:00;0,563167814348174;0;1;Artificialise
12;32515,000000000000000;0,141124131918197;ndvi;StdTime;15-10-09 00:00:00;0,631803050487844;0;2;Cultures
13;4653,000000000000000;0,020195312496244;ndvi;StdTime;15-10-09 00:00:00;0,653272973550870;0;3;Prairies
14;2157,000000000000000;0,009361979164925;ndvi;StdTime;15-10-09 00:00:00;0,697981182587716;0;4;Foret feuillus
15;5373,000000000000000;0,023320312495663;ndvi;StdTime;15-10-09 00:00:00;0,716942150333663;0;5;Foret resineux
16;3663,000000000000000;0,015898437497043;ndvi;StdTime;15-10-09 00:00:00;0,709910236565492;0;6;Foret mixte
17;2665,000000000000000;0,011566840275626;ndvi;StdTime;15-10-09 00:00:00;0,590831620590047;0;7;Milieux semi-naturels
18;1213,000000000000000;0,005264756943465;ndvi;StdTime;15-10-09 00:00:00;0,504664731351697;0;8;Zones humides et eau
21;23635,000000000000000;0,102582465258698;ndvi;StdTime;15-10-09 00:00:00;0,527098365018387;0;1;Artificialise
22;53262,000000000000000;0,231171874957004;ndvi;StdTime;15-10-09 00:00:00;0,600814244063044;0;2;Cultures
23;7495,000000000000000;0,032530381938394;ndvi;StdTime;15-10-09 00:00:00;0,635008593180961;0;3;Prairies
24;1297,000000000000000;0,005629340276731;ndvi;StdTime;15-10-09 00:00:00;0,698077002050515;0;4;Foret feuillus
25;405,000000000000000;0,001757812499673;ndvi;StdTime;15-10-09 00:00:00;0,690504501557645;0;5;Foret resineux
26;881,000000000000000;0,003823784721511;ndvi;StdTime;15-10-09 00:00:00;0,695520302460494;0;6;Foret mixte
27;471,000000000000000;0,002044270832953;ndvi;StdTime;15-10-09 00:00:00;0,436671977067829;0;7;Milieux semi-naturels
28;1233,000000000000000;0,005351562499005;ndvi;StdTime;15-10-09 00:00:00;0,327924627230812;0;8;Zones humides et eau
31;20501,000000000000000;0,088980034705673;ndvi;StdTime;15-10-09 00:00:00;0,564663454117606;0;1;Artificialise
32;33836,000000000000000;0,146857638861575;ndvi;StdTime;15-10-09 00:00:00;0,602170633492327;0;2;Cultures
33;2765,000000000000000;0,012000868053323;ndvi;StdTime;15-10-09 00:00:00;0,652616542405288;0;3;Prairies
34;3126,000000000000000;0,013567708330810;ndvi;StdTime;15-10-09 00:00:00;0,690434425115891;0;4;Foret feuillus
35;335,000000000000000;0,001453993055285;ndvi;StdTime;15-10-09 00:00:00;0,710674171305415;0;5;Foret resineux
36;1500,000000000000000;0,006510416665456;ndvi;StdTime;15-10-09 00:00:00;0,700970745563506;0;6;Foret mixte
37;107,000000000000000;0,000464409722136;ndvi;StdTime;15-10-09 00:00:00;0,596536210764234;0;7;Milieux semi-naturels
38;185,000000000000000;0,000802951388740;ndvi;StdTime;15-10-09 00:00:00;0,559329659874375;0;8;Zones humides et eau
41;18485,000000000000000;0,080230034707300;ndvi;StdTime;15-10-09 00:00:00;0,485783011218508;0;1;Artificialise
42;63126,000000000000000;0,273984374949041;ndvi;StdTime;15-10-09 00:00:00;0,552792388736320;0;2;Cultures
43;8940,000000000000000;0,038802083326116;ndvi;StdTime;15-10-09 00:00:00;0,607018530745500;0;3;Prairies
44;659,000000000000000;0,002860243055024;ndvi;StdTime;15-10-09 00:00:00;0,674172405724460;0;4;Foret feuillus
45;284,000000000000000;0,001232638888660;ndvi;StdTime;15-10-09 00:00:00;0,682529620144149;0;5;Foret resineux
46;586,000000000000000;0,002543402777305;ndvi;StdTime;15-10-09 00:00:00;0,679352670653688;0;6;Foret mixte
47;693,000000000000000;0,003007812499441;ndvi;StdTime;15-10-09 00:00:00;0,443539802001152;0;7;Milieux semi-naturels
48;486,000000000000000;0,002109374999608;ndvi;StdTime;15-10-09 00:00:00;0,368096841091995;0;8;Zones humides et eau
51;8563,000000000000000;0,037165798604199;ndvi;StdTime;15-10-09 00:00:00;0,610235109935711;0;1;Artificialise
52;20512,000000000000000;0,089027777761219;ndvi;StdTime;15-10-09 00:00:00;0,577331798114810;0;2;Cultures
53;880,000000000000000;0,003819444443734;ndvi;StdTime;15-10-09 00:00:00;0,639861194653945;0;3;Prairies
54;685,000000000000000;0,002973090277225;ndvi;StdTime;15-10-09 00:00:00;0,703975419188938;0;4;Foret feuillus
55;219,000000000000000;0,000950520833157;ndvi;StdTime;15-10-09 00:00:00;0,725011914288072;0;5;Foret resineux
56;1277,000000000000000;0,005542534721191;ndvi;StdTime;15-10-09 00:00:00;0,709365562082924;0;6;Foret mixte
57;15,000000000000000;0,000065104166655;ndvi;StdTime;15-10-09 00:00:00;0,509708867470423;0;7;Milieux semi-naturels
58;2,000000000000000;0,000008680555554;ndvi;StdTime;15-10-09 00:00:00;0,667389988899231;0;8;Zones humides et eau
61;23918,000000000000000;0,103810763869581;ndvi;StdTime;15-10-09 00:00:00;0,566213523919370;0;1;Artificialise
62;60865,000000000000000;0,264171006895311;ndvi;StdTime;15-10-09 00:00:00;0,594267213424386;0;2;Cultures
63;12006,000000000000000;0,052109374990308;ndvi;StdTime;15-10-09 00:00:00;0,651327571185473;0;3;Prairies
64;11171,000000000000000;0,048485243046538;ndvi;StdTime;15-10-09 00:00:00;0,732501666573718;0;4;Foret feuillus
65;495,000000000000000;0,002148437499600;ndvi;StdTime;15-10-09 00:00:00;0,791260882459505;0;5;Foret resineux
66;1468,000000000000000;0,006371527776593;ndvi;StdTime;15-10-09 00:00:00;0,751509507199399;0;6;Foret mixte
67;777,000000000000000;0,003372395832706;ndvi;StdTime;15-10-09 00:00:00;0,625145725416861;0;7;Milieux semi-naturels
68;453,000000000000000;0,001966145832968;ndvi;StdTime;15-10-09 00:00:00;0,509609344137820;0;8;Zones humides et eau
71;4130,000000000000000;0,017925347218888;ndvi;StdTime;15-10-09 00:00:00;0,421661324086474;0;1;Artificialise
72;100,000000000000000;0,000434027777697;ndvi;StdTime;15-10-09 00:00:00;0,609482506513596;0;2;Cultures
73;15,000000000000000;0,000065104166655;ndvi;StdTime;15-10-09 00:00:00;0,637685525417328;0;3;Prairies
74;459,000000000000000;0,001992187499629;ndvi;StdTime;15-10-09 00:00:00;0,696891370941610;0;4;Foret feuillus
76;35,000000000000000;0,000151909722194;ndvi;StdTime;15-10-09 00:00:00;0,690071410792214;0;6;Foret mixte
78;9,000000000000000;0,000039062499993;ndvi;StdTime;15-10-09 00:00:00;0,234338699943489;0;8;Zones humides et eau
81;27306,000000000000000;0,118515624977957;ndvi;StdTime;15-10-09 00:00:00;0,537288143766096;0;1;Artificialise
82;30867,000000000000000;0,133971354141749;ndvi;StdTime;15-10-09 00:00:00;0,638269910116792;0;2;Cultures
83;12409,000000000000000;0,053858506934427;ndvi;StdTime;15-10-09 00:00:00;0,662833964383250;0;3;Prairies
84;2241,000000000000000;0,009726562498191;ndvi;StdTime;15-10-09 00:00:00;0,690703895789129;0;4;Foret feuillus
85;5418,000000000000000;0,023515624995626;ndvi;StdTime;15-10-09 00:00:00;0,705079246322006;0;5;Foret resineux
86;3278,000000000000000;0,014227430552909;ndvi;StdTime;15-10-09 00:00:00;0,704966037856359;0;6;Foret mixte
87;1125,000000000000000;0,004882812499092;ndvi;StdTime;15-10-09 00:00:00;0,578703920157006;0;7;Milieux semi-naturels
88;2116,000000000000000;0,009184027776070;ndvi;StdTime;15-10-09 00:00:00;0,358745573413785;0;8;Zones humides et eau
91;21524,000000000000000;0,093420138871514;ndvi;StdTime;15-10-09 00:00:00;0,612272997933152;0;1;Artificialise
92;33863,000000000000000;0,146974826361553;ndvi;StdTime;15-10-09 00:00:00;0,615049139759586;0;2;Cultures
93;20854,000000000000000;0,090512152760943;ndvi;StdTime;15-10-09 00:00:00;0,758657721524455;0;3;Prairies
94;4447,000000000000000;0,019301215274188;ndvi;StdTime;15-10-09 00:00:00;0,729060897525306;0;4;Foret feuillus
95;10528,000000000000000;0,045694444435946;ndvi;StdTime;15-10-09 00:00:00;0,773130854767234;0;5;Foret resineux
96;16812,000000000000000;0,072968749986428;ndvi;StdTime;15-10-09 00:00:00;0,772918347270182;0;6;Foret mixte
97;2449,000000000000000;0,010629340275801;ndvi;StdTime;15-10-09 00:00:00;0,682407027363727;0;7;Milieux semi-naturels
98;2008,000000000000000;0,008715277776157;ndvi;StdTime;15-10-09 00:00:00;0,577623672519933;0;8;Zones humides et eau
101;7501,000000000000000;0,032556423605056;ndvi;StdTime;15-10-09 00:00:00;0,677111124781002;0;1;Artificialise
102;32049,000000000000000;0,139101562474128;ndvi;StdTime;15-10-09 00:00:00;0,730320888515559;0;2;Cultures
103;23798,000000000000000;0,103289930536344;ndvi;StdTime;15-10-09 00:00:00;0,749974901229955;0;3;Prairies
104;18168,000000000000000;0,078854166652000;ndvi;StdTime;15-10-09 00:00:00;0,766729871956906;0;4;Foret feuillus
105;13765,000000000000000;0,059743923599999;ndvi;StdTime;15-10-09 00:00:00;0,788971698816760;0;5;Foret resineux
106;30877,000000000000000;0,134014756919519;ndvi;StdTime;15-10-09 00:00:00;0,776920608179357;0;6;Foret mixte
107;2266,000000000000000;0,009835069442615;ndvi;StdTime;15-10-09 00:00:00;0,729999429103241;0;7;Milieux semi-naturels
108;332,000000000000000;0,001440972221954;ndvi;StdTime;15-10-09 00:00:00;0,675156547003481;0;8;Zones humides et eau
111;13192,000000000000000;0,057256944433795;ndvi;StdTime;15-10-09 00:00:00;0,607171925971948;0;1;Artificialise
112;48169,000000000000000;0,209066840238893;ndvi;StdTime;15-10-09 00:00:00;0,605245006359391;0;2;Cultures
113;9056,000000000000000;0,039305555548245;ndvi;StdTime;15-10-09 00:00:00;0,683483407075777;0;3;Prairies
114;15928,000000000000000;0,069131944431586;ndvi;StdTime;15-10-09 00:00:00;0,744933517532831;0;4;Foret feuillus
115;2083,000000000000000;0,009040798609430;ndvi;StdTime;15-10-09 00:00:00;0,786249332255145;0;5;Foret resineux
116;17702,000000000000000;0,076831597207932;ndvi;StdTime;15-10-09 00:00:00;0,754536060140559;0;6;Foret mixte
117;299,000000000000000;0,001297743055314;ndvi;StdTime;15-10-09 00:00:00;0,710873954870230;0;7;Milieux semi-naturels
118;319,000000000000000;0,001384548610854;ndvi;StdTime;15-10-09 00:00:00;0,559395159673541;0;8;Zones humides et eau
11;19297,000000000000000;0,083754340262200;ndvi;StdTime;15-10-10 00:00:00;0,608929029025397;0;1;Artificialise
12;32515,000000000000000;0,141124131918197;ndvi;StdTime;15-10-10 00:00:00;0,691054351680762;0;2;Cultures
13;4653,000000000000000;0,020195312496244;ndvi;StdTime;15-10-10 00:00:00;0,723320911904445;0;3;Prairies
14;2157,000000000000000;0,009361979164925;ndvi;StdTime;15-10-10 00:00:00;0,733824465498086;0;4;Foret feuillus
15;5373,000000000000000;0,023320312495663;ndvi;StdTime;15-10-10 00:00:00;0,734270001343014;0;5;Foret resineux
16;3663,000000000000000;0,015898437497043;ndvi;StdTime;15-10-10 00:00:00;0,735390321124033;0;6;Foret mixte
17;2665,000000000000000;0,011566840275626;ndvi;StdTime;15-10-10 00:00:00;0,615433633495226;0;7;Milieux semi-naturels
18;1213,000000000000000;0,005264756943465;ndvi;StdTime;15-10-10 00:00:00;0,547473493493596;0;8;Zones humides et eau
21;23621,000000000000000;0,102521701369821;ndvi;StdTime;15-10-10 00:00:00;0,582245896993208;0;1;Artificialise
22;53256,000000000000000;0,231145833290342;ndvi;StdTime;15-10-10 00:00:00;0,669944014015794;0;2;Cultures
23;7495,000000000000000;0,032530381938394;ndvi;StdTime;15-10-10 00:00:00;0,707375124556133;0;3;Prairies
24;1297,000000000000000;0,005629340276731;ndvi;StdTime;15-10-10 00:00:00;0,729524947972875;0;4;Foret feuillus
25;405,000000000000000;0,001757812499673;ndvi;StdTime;15-10-10 00:00:00;0,740445639984108;0;5;Foret resineux
26;881,000000000000000;0,003823784721511;ndvi;StdTime;15-10-10 00:00:00;0,734327215341921;0;6;Foret mixte
27;471,000000000000000;0,002044270832953;ndvi;StdTime;15-10-10 00:00:00;0,498948355310156;0;7;Milieux semi-naturels
28;1223,000000000000000;0,005308159721235;ndvi;StdTime;15-10-10 00:00:00;0,374392061215579;0;8;Zones humides et eau
31;20501,000000000000000;0,088980034705673;ndvi;StdTime;15-10-10 00:00:00;0,619431137168232;0;1;Artificialise
32;33836,000000000000000;0,146857638861575;ndvi;StdTime;15-10-10 00:00:00;0,665675925971918;0;2;Cultures
33;2765,000000000000000;0,012000868053323;ndvi;StdTime;15-10-10 00:00:00;0,715622875250701;0;3;Prairies
34;3126,000000000000000;0,013567708330810;ndvi;StdTime;15-10-10 00:00:00;0,742979615936278;0;4;Foret feuillus
35;335,000000000000000;0,001453993055285;ndvi;StdTime;15-10-10 00:00:00;0,733477117410346;0;5;Foret resineux
36;1500,000000000000000;0,006510416665456;ndvi;StdTime;15-10-10 00:00:00;0,743216635008652;0;6;Foret mixte
37;107,000000000000000;0,000464409722136;ndvi;StdTime;15-10-10 00:00:00;0,671282799722992;0;7;Milieux semi-naturels
38;185,000000000000000;0,000802951388740;ndvi;StdTime;15-10-10 00:00:00;0,621671220901850;0;8;Zones humides et eau
41;18498,000000000000000;0,080286458318401;ndvi;StdTime;15-10-10 00:00:00;0,546168153626696;0;1;Artificialise
42;63126,000000000000000;0,273984374949041;ndvi;StdTime;15-10-10 00:00:00;0,637997281774952;0;2;Cultures
43;8940,000000000000000;0,038802083326116;ndvi;StdTime;15-10-10 00:00:00;0,695243333206749;0;3;Prairies
44;659,000000000000000;0,002860243055024;ndvi;StdTime;15-10-10 00:00:00;0,741990102305217;0;4;Foret feuillus
45;284,000000000000000;0,001232638888660;ndvi;StdTime;15-10-10 00:00:00;0,713787982371492;0;5;Foret resineux
46;585,000000000000000;0,002539062499528;ndvi;StdTime;15-10-10 00:00:00;0,738964439304466;0;6;Foret mixte
47;685,000000000000000;0,002973090277225;ndvi;StdTime;15-10-10 00:00:00;0,524073270251499;0;7;Milieux semi-naturels
48;491,000000000000000;0,002131076388493;ndvi;StdTime;15-10-10 00:00:00;0,417451129684959;0;8;Zones humides et eau
51;8563,000000000000000;0,037165798604199;ndvi;StdTime;15-10-10 00:00:00;0,638829217546107;0;1;Artificialise
52;20512,000000000000000;0,089027777761219;ndvi;StdTime;15-10-10 00:00:00;0,584510472892274;0;2;Cultures
53;880,000000000000000;0,003819444443734;ndvi;StdTime;15-10-10 00:00:00;0,665357638590716;0;3;Prairies
54;685,000000000000000;0,002973090277225;ndvi;StdTime;15-10-10 00:00:00;0,722261876563955;0;4;Foret feuillus
55;219,000000000000000;0,000950520833157;ndvi;StdTime;15-10-10 00:00:00;0,727673222757366;0;5;Foret resineux
56;1277,000000000000000;0,005542534721191;ndvi;StdTime;15-10-10 00:00:00;0,723063710899025;0;6;Foret mixte
57;15,000000000000000;0,000065104166655;ndvi;StdTime;15-10-10 00:00:00;0,572092314561208;0;7;Milieux semi-naturels
58;2,000000000000000;0,000008680555554;ndvi;StdTime;15-10-10 00:00:00;0,626259982585907;0;8;Zones humides et eau
61;23918,000000000000000;0,103810763869581;ndvi;StdTime;15-10-10 00:00:00;0,601894661584807;0;1;Artificialise
62;60865,000000000000000;0,264171006895311;ndvi;StdTime;15-10-10 00:00:00;0,617335389799446;0;2;Cultures
63;12006,000000000000000;0,052109374990308;ndvi;StdTime;15-10-10 00:00:00;0,689544040509286;0;3;Prairies
64;11171,000000000000000;0,048485243046538;ndvi;StdTime;15-10-10 00:00:00;0,763657958126467;0;4;Foret feuillus
65;495,000000000000000;0,002148437499600;ndvi;StdTime;15-10-10 00:00:00;0,790283666596268;0;5;Foret resineux
66;1468,000000000000000;0,006371527776593;ndvi;StdTime;15-10-10 00:00:00;0,773774242287436;0;6;Foret mixte
67;777,000000000000000;0,003372395832706;ndvi;StdTime;15-10-10 00:00:00;0,653091593522056;0;7;Milieux semi-naturels
68;453,000000000000000;0,001966145832968;ndvi;StdTime;15-10-10 00:00:00;0,555072958106237;0;8;Zones humides et eau
71;4130,000000000000000;0,017925347218888;ndvi;StdTime;15-10-10 00:00:00;0,440813035646015;0;1;Artificialise
72;100,000000000000000;0,000434027777697;ndvi;StdTime;15-10-10 00:00:00;0,650586732923985;0;2;Cultures
73;15,000000000000000;0,000065104166655;ndvi;StdTime;15-10-10 00:00:00;0,702154994010925;0;3;Prairies
74;459,000000000000000;0,001992187499629;ndvi;StdTime;15-10-10 00:00:00;0,726678644909578;0;4;Foret feuillus
76;35,000000000000000;0,000151909722194;ndvi;StdTime;15-10-10 00:00:00;0,716239409787314;0;6;Foret mixte
78;9,000000000000000;0,000039062499993;ndvi;StdTime;15-10-10 00:00:00;0,263883320821656;0;8;Zones humides et eau
81;27224,000000000000000;0,118159722200245;ndvi;StdTime;15-10-10 00:00:00;0,575685201011542;0;1;Artificialise
82;30867,000000000000000;0,133971354141749;ndvi;StdTime;15-10-10 00:00:00;0,700279362670369;0;2;Cultures
83;12409,000000000000000;0,053858506934427;ndvi;StdTime;15-10-10 00:00:00;0,723199656230341;0;3;Prairies
84;2241,000000000000000;0,009726562498191;ndvi;StdTime;15-10-10 00:00:00;0,726450622301184;0;4;Foret feuillus
85;5418,000000000000000;0,023515624995626;ndvi;StdTime;15-10-10 00:00:00;0,732354867404438;0;5;Foret resineux
86;3278,000000000000000;0,014227430552909;ndvi;StdTime;15-10-10 00:00:00;0,732256161013777;0;6;Foret mixte
87;1122,000000000000000;0,004869791665761;ndvi;StdTime;15-10-10 00:00:00;0,604713321588735;0;7;Milieux semi-naturels
88;2090,000000000000000;0,009071180553868;ndvi;StdTime;15-10-10 00:00:00;0,391376065601245;0;8;Zones humides et eau
91;21524,000000000000000;0,093420138871514;ndvi;StdTime;15-10-10 00:00:00;0,663087587247337;0;1;Artificialise
92;33863,000000000000000;0,146974826361553;ndvi;StdTime;15-10-10 00:00:00;0,658991053242363;0;2;Cultures
93;20854,000000000000000;0,090512152760943;ndvi;StdTime;15-10-10 00:00:00;0,792662286059310;0;3;Prairies
94;4447,000000000000000;0,019301215274188;ndvi;StdTime;15-10-10 00:00:00;0,758141565281324;0;4;Foret feuillus
95;10528,000000000000000;0,045694444435946;ndvi;StdTime;15-10-10 00:00:00;0,785279551090666;0;5;Foret resineux
96;16812,000000000000000;0,072968749986428;ndvi;StdTime;15-10-10 00:00:00;0,789937355127711;0;6;Foret mixte
97;2449,000000000000000;0,010629340275801;ndvi;StdTime;15-10-10 00:00:00;0,713420722181819;0;7;Milieux semi-naturels
98;2008,000000000000000;0,008715277776157;ndvi;StdTime;15-10-10 00:00:00;0,615212434297985;0;8;Zones humides et eau
101;7501,000000000000000;0,032556423605056;ndvi;StdTime;15-10-10 00:00:00;0,718783778049933;0;1;Artificialise
102;32049,000000000000000;0,139101562474128;ndvi;StdTime;15-10-10 00:00:00;0,769848075028222;0;2;Cultures
103;23798,000000000000000;0,103289930536344;ndvi;StdTime;15-10-10 00:00:00;0,790039920926607;0;3;Prairies
104;18168,000000000000000;0,078854166652000;ndvi;StdTime;15-10-10 00:00:00;0,792932935551183;0;4;Foret feuillus
105;13765,000000000000000;0,059743923599999;ndvi;StdTime;15-10-10 00:00:00;0,793396269876742;0;5;Foret resineux
106;30877,000000000000000;0,134014756919519;ndvi;StdTime;15-10-10 00:00:00;0,795220900306576;0;6;Foret mixte
107;2266,000000000000000;0,009835069442615;ndvi;StdTime;15-10-10 00:00:00;0,742951459807837;0;7;Milieux semi-naturels
108;332,000000000000000;0,001440972221954;ndvi;StdTime;15-10-10 00:00:00;0,699411484491394;0;8;Zones humides et eau
111;13192,000000000000000;0,057256944433795;ndvi;StdTime;15-10-10 00:00:00;0,674667753381998;0;1;Artificialise
112;48169,000000000000000;0,209066840238893;ndvi;StdTime;15-10-10 00:00:00;0,666186267185043;0;2;Cultures
113;9056,000000000000000;0,039305555548245;ndvi;StdTime;15-10-10 00:00:00;0,766420536220418;0;3;Prairies
114;15928,000000000000000;0,069131944431586;ndvi;StdTime;15-10-10 00:00:00;0,794007404261592;0;4;Foret feuillus
115;2083,000000000000000;0,009040798609430;ndvi;StdTime;15-10-10 00:00:00;0,796472231041510;0;5;Foret resineux
116;17702,000000000000000;0,076831597207932;ndvi;StdTime;15-10-10 00:00:00;0,796829288621469;0;6;Foret mixte
117;299,000000000000000;0,001297743055314;ndvi;StdTime;15-10-10 00:00:00;0,752774587243696;0;7;Milieux semi-naturels
118;319,000000000000000;0,001384548610854;ndvi;StdTime;15-10-10 00:00:00;0,626867143338003;0;8;Zones humides et eau
11;19297,000000000000000;0,083754340262200;ndvi;StdTime;15-10-11 00:00:00;0,587861589612894;0;1;Artificialise
12;32515,000000000000000;0,141124131918197;ndvi;StdTime;15-10-11 00:00:00;0,663551246444391;0;2;Cultures
13;4653,000000000000000;0,020195312496244;ndvi;StdTime;15-10-11 00:00:00;0,701589550987100;0;3;Prairies
14;2157,000000000000000;0,009361979164925;ndvi;StdTime;15-10-11 00:00:00;0,710661547986457;0;4;Foret feuillus
15;5373,000000000000000;0,023320312495663;ndvi;StdTime;15-10-11 00:00:00;0,723463387783736;0;5;Foret resineux
16;3663,000000000000000;0,015898437497043;ndvi;StdTime;15-10-11 00:00:00;0,719106618116666;0;6;Foret mixte
17;2665,000000000000000;0,011566840275626;ndvi;StdTime;15-10-11 00:00:00;0,617126897307320;0;7;Milieux semi-naturels
18;1213,000000000000000;0,005264756943465;ndvi;StdTime;15-10-11 00:00:00;0,536174082876738;0;8;Zones humides et eau
21;23623,000000000000000;0,102530381925375;ndvi;StdTime;15-10-11 00:00:00;0,579416325103001;0;1;Artificialise
22;53262,000000000000000;0,231171874957004;ndvi;StdTime;15-10-11 00:00:00;0,670458762729077;0;2;Cultures
23;7495,000000000000000;0,032530381938394;ndvi;StdTime;15-10-11 00:00:00;0,710955960457129;0;3;Prairies
24;1297,000000000000000;0,005629340276731;ndvi;StdTime;15-10-11 00:00:00;0,727202604045846;0;4;Foret feuillus
25;405,000000000000000;0,001757812499673;ndvi;StdTime;15-10-11 00:00:00;0,728700587852502;0;5;Foret resineux
26;881,000000000000000;0,003823784721511;ndvi;StdTime;15-10-11 00:00:00;0,732755130387327;0;6;Foret mixte
27;471,000000000000000;0,002044270832953;ndvi;StdTime;15-10-11 00:00:00;0,513165791244137;0;7;Milieux semi-naturels
28;1230,000000000000000;0,005338541665674;ndvi;StdTime;15-10-11 00:00:00;0,349222759528528;0;8;Zones humides et eau
31;20501,000000000000000;0,088980034705673;ndvi;StdTime;15-10-11 00:00:00;0,614972010955542;0;1;Artificialise
32;33836,000000000000000;0,146857638861575;ndvi;StdTime;15-10-11 00:00:00;0,654661783741771;0;2;Cultures
33;2765,000000000000000;0,012000868053323;ndvi;StdTime;15-10-11 00:00:00;0,705751847606455;0;3;Prairies
34;3126,000000000000000;0,013567708330810;ndvi;StdTime;15-10-11 00:00:00;0,730752915553915;0;4;Foret feuillus
35;335,000000000000000;0,001453993055285;ndvi;StdTime;15-10-11 00:00:00;0,725319481785618;0;5;Foret resineux
36;1500,000000000000000;0,006510416665456;ndvi;StdTime;15-10-11 00:00:00;0,735667571763197;0;6;Foret mixte
37;107,000000000000000;0,000464409722136;ndvi;StdTime;15-10-11 00:00:00;0,657636900371480;0;7;Milieux semi-naturels
38;185,000000000000000;0,000802951388740;ndvi;StdTime;15-10-11 00:00:00;0,597166635861268;0;8;Zones humides et eau
41;18496,000000000000000;0,080277777762847;ndvi;StdTime;15-10-11 00:00:00;0,549856802152056;0;1;Artificialise
42;63126,000000000000000;0,273984374949041;ndvi;StdTime;15-10-11 00:00:00;0,647268810802030;0;2;Cultures
43;8940,000000000000000;0,038802083326116;ndvi;StdTime;15-10-11 00:00:00;0,707530649653085;0;3;Prairies
44;659,000000000000000;0,002860243055024;ndvi;StdTime;15-10-11 00:00:00;0,749958540130639;0;4;Foret feuillus
45;284,000000000000000;0,001232638888660;ndvi;StdTime;15-10-11 00:00:00;0,734493533962629;0;5;Foret resineux
46;586,000000000000000;0,002543402777305;ndvi;StdTime;15-10-11 00:00:00;0,752409223912112;0;6;Foret mixte
47;695,000000000000000;0,003016493054995;ndvi;StdTime;15-10-11 00:00:00;0,511464318863565;0;7;Milieux semi-naturels
48;483,000000000000000;0,002096354166277;ndvi;StdTime;15-10-11 00:00:00;0,429172292110456;0;8;Zones humides et eau
51;8563,000000000000000;0,037165798604199;ndvi;StdTime;15-10-11 00:00:00;0,643438231479716;0;1;Artificialise
52;20512,000000000000000;0,089027777761219;ndvi;StdTime;15-10-11 00:00:00;0,590554058493675;0;2;Cultures
53;880,000000000000000;0,003819444443734;ndvi;StdTime;15-10-11 00:00:00;0,689344773441553;0;3;Prairies
54;685,000000000000000;0,002973090277225;ndvi;StdTime;15-10-11 00:00:00;0,721709694348982;0;4;Foret feuillus
55;219,000000000000000;0,000950520833157;ndvi;StdTime;15-10-11 00:00:00;0,741842142795319;0;5;Foret resineux
56;1277,000000000000000;0,005542534721191;ndvi;StdTime;15-10-11 00:00:00;0,728651157630639;0;6;Foret mixte
57;15,000000000000000;0,000065104166655;ndvi;StdTime;15-10-11 00:00:00;0,574499976634979;0;7;Milieux semi-naturels
58;2,000000000000000;0,000008680555554;ndvi;StdTime;15-10-11 00:00:00;0,687108337879181;0;8;Zones humides et eau
61;23918,000000000000000;0,103810763869581;ndvi;StdTime;15-10-11 00:00:00;0,611576179159740;0;1;Artificialise
62;60865,000000000000000;0,264171006895311;ndvi;StdTime;15-10-11 00:00:00;0,636336423787056;0;2;Cultures
63;12006,000000000000000;0,052109374990308;ndvi;StdTime;15-10-11 00:00:00;0,704729691981850;0;3;Prairies
64;11171,000000000000000;0,048485243046538;ndvi;StdTime;15-10-11 00:00:00;0,755260378034291;0;4;Foret feuillus
65;495,000000000000000;0,002148437499600;ndvi;StdTime;15-10-11 00:00:00;0,787557724509576;0;5;Foret resineux
66;1468,000000000000000;0,006371527776593;ndvi;StdTime;15-10-11 00:00:00;0,767317804921551;0;6;Foret mixte
67;777,000000000000000;0,003372395832706;ndvi;StdTime;15-10-11 00:00:00;0,664507891067053;0;7;Milieux semi-naturels
68;453,000000000000000;0,001966145832968;ndvi;StdTime;15-10-11 00:00:00;0,564229793928843;0;8;Zones humides et eau
71;4130,000000000000000;0,017925347218888;ndvi;StdTime;15-10-11 00:00:00;0,443813722346150;0;1;Artificialise
72;100,000000000000000;0,000434027777697;ndvi;StdTime;15-10-11 00:00:00;0,633999019861221;0;2;Cultures
73;15,000000000000000;0,000065104166655;ndvi;StdTime;15-10-11 00:00:00;0,695655556519826;0;3;Prairies
74;459,000000000000000;0,001992187499629;ndvi;StdTime;15-10-11 00:00:00;0,734166465943157;0;4;Foret feuillus
76;35,000000000000000;0,000151909722194;ndvi;StdTime;15-10-11 00:00:00;0,724418539660318;0;6;Foret mixte
78;9,000000000000000;0,000039062499993;ndvi;StdTime;15-10-11 00:00:00;0,242729615006182;0;8;Zones humides et eau
81;27282,000000000000000;0,118411458311310;ndvi;StdTime;15-10-11 00:00:00;0,568264768584482;0;1;Artificialise
82;30867,000000000000000;0,133971354141749;ndvi;StdTime;15-10-11 00:00:00;0,687067889260533;0;2;Cultures
83;12409,000000000000000;0,053858506934427;ndvi;StdTime;15-10-11 00:00:00;0,709833700543388;0;3;Prairies
84;2241,000000000000000;0,009726562498191;ndvi;StdTime;15-10-11 00:00:00;0,720707276871779;0;4;Foret feuillus
85;5418,000000000000000;0,023515624995626;ndvi;StdTime;15-10-11 00:00:00;0,732470666654835;0;5;Foret resineux
86;3278,000000000000000;0,014227430552909;ndvi;StdTime;15-10-11 00:00:00;0,730000000662960;0;6;Foret mixte
87;1122,000000000000000;0,004869791665761;ndvi;StdTime;15-10-11 00:00:00;0,614859184919261;0;7;Milieux semi-naturels
88;2149,000000000000000;0,009327256942710;ndvi;StdTime;15-10-11 00:00:00;0,367872567431703;0;8;Zones humides et eau
91;21524,000000000000000;0,093420138871514;ndvi;StdTime;15-10-11 00:00:00;0,636652378982934;0;1;Artificialise
92;33863,000000000000000;0,146974826361553;ndvi;StdTime;15-10-11 00:00:00;0,640721040152425;0;2;Cultures
93;20854,000000000000000;0,090512152760943;ndvi;StdTime;15-10-11 00:00:00;0,765587987967921;0;3;Prairies
94;4447,000000000000000;0,019301215274188;ndvi;StdTime;15-10-11 00:00:00;0,728519010341432;0;4;Foret feuillus
95;10528,000000000000000;0,045694444435946;ndvi;StdTime;15-10-11 00:00:00;0,769537415536614;0;5;Foret resineux
96;16812,000000000000000;0,072968749986428;ndvi;StdTime;15-10-11 00:00:00;0,761557676571694;0;6;Foret mixte
97;2449,000000000000000;0,010629340275801;ndvi;StdTime;15-10-11 00:00:00;0,705860779182235;0;7;Milieux semi-naturels
98;2008,000000000000000;0,008715277776157;ndvi;StdTime;15-10-11 00:00:00;0,604958497054608;0;8;Zones humides et eau
101;7501,000000000000000;0,032556423605056;ndvi;StdTime;15-10-11 00:00:00;0,683352237295396;0;1;Artificialise
102;32049,000000000000000;0,139101562474128;ndvi;StdTime;15-10-11 00:00:00;0,736524706722967;0;2;Cultures
103;23798,000000000000000;0,103289930536344;ndvi;StdTime;15-10-11 00:00:00;0,757826546978645;0;3;Prairies
104;18168,000000000000000;0,078854166652000;ndvi;StdTime;15-10-11 00:00:00;0,749877097102343;0;4;Foret feuillus
105;13765,000000000000000;0,059743923599999;ndvi;StdTime;15-10-11 00:00:00;0,770111712411757;0;5;Foret resineux
106;30877,000000000000000;0,134014756919519;ndvi;StdTime;15-10-11 00:00:00;0,759860577491468;0;6;Foret mixte
107;2266,000000000000000;0,009835069442615;ndvi;StdTime;15-10-11 00:00:00;0,723131220843660;0;7;Milieux semi-naturels
108;332,000000000000000;0,001440972221954;ndvi;StdTime;15-10-11 00:00:00;0,681053343846137;0;8;Zones humides et eau
111;13192,000000000000000;0,057256944433795;ndvi;StdTime;15-10-11 00:00:00;0,648130638872795;0;1;Artificialise
112;48169,000000000000000;0,209066840238893;ndvi;StdTime;15-10-11 00:00:00;0,645913709583264;0;2;Cultures
113;9056,000000000000000;0,039305555548245;ndvi;StdTime;15-10-11 00:00:00;0,736509580168434;0;3;Prairies
114;15928,000000000000000;0,069131944431586;ndvi;StdTime;15-10-11 00:00:00;0,751471320590979;0;4;Foret feuillus
115;2083,000000000000000;0,009040798609430;ndvi;StdTime;15-10-11 00:00:00;0,771939835351531;0;5;Foret resineux
116;17702,000000000000000;0,076831597207932;ndvi;StdTime;15-10-11 00:00:00;0,756915155630263;0;6;Foret mixte
117;299,000000000000000;0,001297743055314;ndvi;StdTime;15-10-11 00:00:00;0,719100203601812;0;7;Milieux semi-naturels
118;319,000000000000000;0,001384548610854;ndvi;StdTime;15-10-11 00:00:00;0,602608136155389;0;8;Zones humides et eau
11;19297,000000000000000;0,083754340262200;ndvi;StdTime;15-10-12 00:00:00;0,586318399318731;0;1;Artificialise
12;32515,000000000000000;0,141124131918197;ndvi;StdTime;15-10-12 00:00:00;0,663124529730259;0;2;Cultures
13;4653,000000000000000;0,020195312496244;ndvi;StdTime;15-10-12 00:00:00;0,693610990903159;0;3;Prairies
14;2157,000000000000000;0,009361979164925;ndvi;StdTime;15-10-12 00:00:00;0,715872534624559;0;4;Foret feuillus
15;5373,000000000000000;0,023320312495663;ndvi;StdTime;15-10-12 00:00:00;0,737388229655215;0;5;Foret resineux
16;3663,000000000000000;0,015898437497043;ndvi;StdTime;15-10-12 00:00:00;0,722799428980955;0;6;Foret mixte
17;2665,000000000000000;0,011566840275626;ndvi;StdTime;15-10-12 00:00:00;0,601653257845489;0;7;Milieux semi-naturels
18;1213,000000000000000;0,005264756943465;ndvi;StdTime;15-10-12 00:00:00;0,528703883425421;0;8;Zones humides et eau
21;23651,000000000000000;0,102651909703130;ndvi;StdTime;15-10-12 00:00:00;0,571208203421230;0;1;Artificialise
22;53262,000000000000000;0,231171874957004;ndvi;StdTime;15-10-12 00:00:00;0,663951317167687;0;2;Cultures
23;7495,000000000000000;0,032530381938394;ndvi;StdTime;15-10-12 00:00:00;0,696878515681956;0;3;Prairies
24;1297,000000000000000;0,005629340276731;ndvi;StdTime;15-10-12 00:00:00;0,714954428265622;0;4;Foret feuillus
25;405,000000000000000;0,001757812499673;ndvi;StdTime;15-10-12 00:00:00;0,718473741301784;0;5;Foret resineux
26;881,000000000000000;0,003823784721511;ndvi;StdTime;15-10-12 00:00:00;0,718804636519830;0;6;Foret mixte
27;471,000000000000000;0,002044270832953;ndvi;StdTime;15-10-12 00:00:00;0,529412776231765;0;7;Milieux semi-naturels
28;1233,000000000000000;0,005351562499005;ndvi;StdTime;15-10-12 00:00:00;0,355160695681385;0;8;Zones humides et eau
31;20501,000000000000000;0,088980034705673;ndvi;StdTime;15-10-12 00:00:00;0,613464496774659;0;1;Artificialise
32;33836,000000000000000;0,146857638861575;ndvi;StdTime;15-10-12 00:00:00;0,654535628911600;0;2;Cultures
33;2765,000000000000000;0,012000868053323;ndvi;StdTime;15-10-12 00:00:00;0,699093367814155;0;3;Prairies
34;3126,000000000000000;0,013567708330810;ndvi;StdTime;15-10-12 00:00:00;0,738180738569298;0;4;Foret feuillus
35;335,000000000000000;0,001453993055285;ndvi;StdTime;15-10-12 00:00:00;0,750865951758712;0;5;Foret resineux
36;1500,000000000000000;0,006510416665456;ndvi;StdTime;15-10-12 00:00:00;0,746908923308054;0;6;Foret mixte
37;107,000000000000000;0,000464409722136;ndvi;StdTime;15-10-12 00:00:00;0,657449823673640;0;7;Milieux semi-naturels
38;185,000000000000000;0,000802951388740;ndvi;StdTime;15-10-12 00:00:00;0,609261482954025;0;8;Zones humides et eau
41;18484,000000000000000;0,080225694429523;ndvi;StdTime;15-10-12 00:00:00;0,540734382173967;0;1;Artificialise
42;63126,000000000000000;0,273984374949041;ndvi;StdTime;15-10-12 00:00:00;0,631968398325913;0;2;Cultures
43;8940,000000000000000;0,038802083326116;ndvi;StdTime;15-10-12 00:00:00;0,679405860049478;0;3;Prairies
44;659,000000000000000;0,002860243055024;ndvi;StdTime;15-10-12 00:00:00;0,728433102324085;0;4;Foret feuillus
45;284,000000000000000;0,001232638888660;ndvi;StdTime;15-10-12 00:00:00;0,730083897709847;0;5;Foret resineux
46;586,000000000000000;0,002543402777305;ndvi;StdTime;15-10-12 00:00:00;0,741011999725482;0;6;Foret mixte
47;681,000000000000000;0,002955729166117;ndvi;StdTime;15-10-12 00:00:00;0,490508977881744;0;7;Milieux semi-naturels
48;493,000000000000000;0,002139756944046;ndvi;StdTime;15-10-12 00:00:00;0,411318547158496;0;8;Zones humides et eau
51;8563,000000000000000;0,037165798604199;ndvi;StdTime;15-10-12 00:00:00;0,650593016366664;0;1;Artificialise
52;20512,000000000000000;0,089027777761219;ndvi;StdTime;15-10-12 00:00:00;0,611067613905699;0;2;Cultures
53;880,000000000000000;0,003819444443734;ndvi;StdTime;15-10-12 00:00:00;0,674443811042742;0;3;Prairies
54;685,000000000000000;0,002973090277225;ndvi;StdTime;15-10-12 00:00:00;0,737086741115056;0;4;Foret feuillus
55;219,000000000000000;0,000950520833157;ndvi;StdTime;15-10-12 00:00:00;0,753673187129574;0;5;Foret resineux
56;1277,000000000000000;0,005542534721191;ndvi;StdTime;15-10-12 00:00:00;0,741326700268823;0;6;Foret mixte
57;15,000000000000000;0,000065104166655;ndvi;StdTime;15-10-12 00:00:00;0,584575543800990;0;7;Milieux semi-naturels
58;2,000000000000000;0,000008680555554;ndvi;StdTime;15-10-12 00:00:00;0,625041663646698;0;8;Zones humides et eau
61;23918,000000000000000;0,103810763869581;ndvi;StdTime;15-10-12 00:00:00;0,606499743194086;0;1;Artificialise
62;60865,000000000000000;0,264171006895311;ndvi;StdTime;15-10-12 00:00:00;0,628731317417022;0;2;Cultures
63;12006,000000000000000;0,052109374990308;ndvi;StdTime;15-10-12 00:00:00;0,688234142277731;0;3;Prairies
64;11171,000000000000000;0,048485243046538;ndvi;StdTime;15-10-12 00:00:00;0,759228937919453;0;4;Foret feuillus
65;495,000000000000000;0,002148437499600;ndvi;StdTime;15-10-12 00:00:00;0,802644231463924;0;5;Foret resineux
66;1468,000000000000000;0,006371527776593;ndvi;StdTime;15-10-12 00:00:00;0,775738728955916;0;6;Foret mixte
67;777,000000000000000;0,003372395832706;ndvi;StdTime;15-10-12 00:00:00;0,669987357951500;0;7;Milieux semi-naturels
68;453,000000000000000;0,001966145832968;ndvi;StdTime;15-10-12 00:00:00;0,565416648457645;0;8;Zones humides et eau
71;4130,000000000000000;0,017925347218888;ndvi;StdTime;15-10-12 00:00:00;0,456038906874438;0;1;Artificialise
72;100,000000000000000;0,000434027777697;ndvi;StdTime;15-10-12 00:00:00;0,636197052597999;0;2;Cultures
73;15,000000000000000;0,000065104166655;ndvi;StdTime;15-10-12 00:00:00;0,692018886407216;0;3;Prairies
74;459,000000000000000;0,001992187499629;ndvi;StdTime;15-10-12 00:00:00;0,764014215770630;0;4;Foret feuillus
76;35,000000000000000;0,000151909722194;ndvi;StdTime;15-10-12 00:00:00;0,753422367572784;0;6;Foret mixte
78;9,000000000000000;0,000039062499993;ndvi;StdTime;15-10-12 00:00:00;0,269380738337835;0;8;Zones humides et eau
81;27325,000000000000000;0,118598090255720;ndvi;StdTime;15-10-12 00:00:00;0,568141306797607;0;1;Artificialise
82;30867,000000000000000;0,133971354141749;ndvi;StdTime;15-10-12 00:00:00;0,683413990730923;0;2;Cultures
83;12409,000000000000000;0,053858506934427;ndvi;StdTime;15-10-12 00:00:00;0,704378450170939;0;3;Prairies
84;2241,000000000000000;0,009726562498191;ndvi;StdTime;15-10-12 00:00:00;0,720930005725023;0;4;Foret feuillus
85;5418,000000000000000;0,023515624995626;ndvi;StdTime;15-10-12 00:00:00;0,733219545132430;0;5;Foret resineux
86;3278,000000000000000;0,014227430552909;ndvi;StdTime;15-10-12 00:00:00;0,726872339253748;0;6;Foret mixte
87;1122,000000000000000;0,004869791665761;ndvi;StdTime;15-10-12 00:00:00;0,609777711956046;0;7;Milieux semi-naturels
88;2175,000000000000000;0,009440104164911;ndvi;StdTime;15-10-12 00:00:00;0,389077968729858;0;8;Zones humides et eau
91;21524,000000000000000;0,093420138871514;ndvi;StdTime;15-10-12 00:00:00;0,625914605847394;0;1;Artificialise
92;33863,000000000000000;0,146974826361553;ndvi;StdTime;15-10-12 00:00:00;0,631108777299691;0;2;Cultures
93;20854,000000000000000;0,090512152760943;ndvi;StdTime;15-10-12 00:00:00;0,751046702271457;0;3;Prairies
94;4447,000000000000000;0,019301215274188;ndvi;StdTime;15-10-12 00:00:00;0,717239047573849;0;4;Foret feuillus
95;10528,000000000000000;0,045694444435946;ndvi;StdTime;15-10-12 00:00:00;0,760100689909129;0;5;Foret resineux
96;16812,000000000000000;0,072968749986428;ndvi;StdTime;15-10-12 00:00:00;0,753038456106422;0;6;Foret mixte
97;2449,000000000000000;0,010629340275801;ndvi;StdTime;15-10-12 00:00:00;0,672710163525631;0;7;Milieux semi-naturels
98;2008,000000000000000;0,008715277776157;ndvi;StdTime;15-10-12 00:00:00;0,577374954077144;0;8;Zones humides et eau
101;7501,000000000000000;0,032556423605056;ndvi;StdTime;15-10-12 00:00:00;0,679259104158795;0;1;Artificialise
102;32049,000000000000000;0,139101562474128;ndvi;StdTime;15-10-12 00:00:00;0,727128070264069;0;2;Cultures
103;23798,000000000000000;0,103289930536344;ndvi;StdTime;15-10-12 00:00:00;0,744890827331504;0;3;Prairies
104;18168,000000000000000;0,078854166652000;ndvi;StdTime;15-10-12 00:00:00;0,751559276753838;0;4;Foret feuillus
105;13765,000000000000000;0,059743923599999;ndvi;StdTime;15-10-12 00:00:00;0,767670292049766;0;5;Foret resineux
106;30877,000000000000000;0,134014756919519;ndvi;StdTime;15-10-12 00:00:00;0,762482623710615;0;6;Foret mixte
107;2266,000000000000000;0,009835069442615;ndvi;StdTime;15-10-12 00:00:00;0,724691937231218;0;7;Milieux semi-naturels
108;332,000000000000000;0,001440972221954;ndvi;StdTime;15-10-12 00:00:00;0,675249021994063;0;8;Zones humides et eau
111;13192,000000000000000;0,057256944433795;ndvi;StdTime;15-10-12 00:00:00;0,643121436701409;0;1;Artificialise
112;48169,000000000000000;0,209066840238893;ndvi;StdTime;15-10-12 00:00:00;0,631290729728321;0;2;Cultures
113;9056,000000000000000;0,039305555548245;ndvi;StdTime;15-10-12 00:00:00;0,709709002744973;0;3;Prairies
114;15928,000000000000000;0,069131944431586;ndvi;StdTime;15-10-12 00:00:00;0,735851828661890;0;4;Foret feuillus
115;2083,000000000000000;0,009040798609430;ndvi;StdTime;15-10-12 00:00:00;0,778188740011025;0;5;Foret resineux
116;17702,000000000000000;0,076831597207932;ndvi;StdTime;15-10-12 00:00:00;0,744480302471274;0;6;Foret mixte
117;299,000000000000000;0,001297743055314;ndvi;StdTime;15-10-12 00:00:00;0,708165484327935;0;7;Milieux semi-naturels
118;319,000000000000000;0,001384548610854;ndvi;StdTime;15-10-12 00:00:00;0,581960936605369;0;8;Zones humides et eau
11;19297,000000000000000;0,083754340262200;ndvi;StdTime;15-10-13 00:00:00;0,592319201267803;0;1;Artificialise
12;32515,000000000000000;0,141124131918197;ndvi;StdTime;15-10-13 00:00:00;0,676204258268580;0;2;Cultures
13;4653,000000000000000;0,020195312496244;ndvi;StdTime;15-10-13 00:00:00;0,705065810741878;0;3;Prairies
14;2157,000000000000000;0,009361979164925;ndvi;StdTime;15-10-13 00:00:00;0,728405976010850;0;4;Foret feuillus
15;5373,000000000000000;0,023320312495663;ndvi;StdTime;15-10-13 00:00:00;0,740122429595277;0;5;Foret resineux
16;3663,000000000000000;0,015898437497043;ndvi;StdTime;15-10-13 00:00:00;0,734575647694995;0;6;Foret mixte
17;2665,000000000000000;0,011566840275626;ndvi;StdTime;15-10-13 00:00:00;0,614065563902399;0;7;Milieux semi-naturels
18;1212,000000000000000;0,005260416665688;ndvi;StdTime;15-10-13 00:00:00;0,537532174622636;0;8;Zones humides et eau
21;23650,000000000000000;0,102647569425353;ndvi;StdTime;15-10-13 00:00:00;0,578693431519488;0;1;Artificialise
22;53261,000000000000000;0,231167534679227;ndvi;StdTime;15-10-13 00:00:00;0,681265570852130;0;2;Cultures
23;7495,000000000000000;0,032530381938394;ndvi;StdTime;15-10-13 00:00:00;0,712233056526650;0;3;Prairies
24;1297,000000000000000;0,005629340276731;ndvi;StdTime;15-10-13 00:00:00;0,740988538255118;0;4;Foret feuillus
25;405,000000000000000;0,001757812499673;ndvi;StdTime;15-10-13 00:00:00;0,742897346799756;0;5;Foret resineux
26;881,000000000000000;0,003823784721511;ndvi;StdTime;15-10-13 00:00:00;0,740251699215167;0;6;Foret mixte
27;471,000000000000000;0,002044270832953;ndvi;StdTime;15-10-13 00:00:00;0,529906682685935;0;7;Milieux semi-naturels
28;1250,000000000000000;0,005425347221213;ndvi;StdTime;15-10-13 00:00:00;0,360226441118866;0;8;Zones humides et eau
31;20501,000000000000000;0,088980034705673;ndvi;StdTime;15-10-13 00:00:00;0,611528090461394;0;1;Artificialise
32;33836,000000000000000;0,146857638861575;ndvi;StdTime;15-10-13 00:00:00;0,659434212121344;0;2;Cultures
33;2765,000000000000000;0,012000868053323;ndvi;StdTime;15-10-13 00:00:00;0,708498959515452;0;3;Prairies
34;3126,000000000000000;0,013567708330810;ndvi;StdTime;15-10-13 00:00:00;0,739866487820106;0;4;Foret feuillus
35;335,000000000000000;0,001453993055285;ndvi;StdTime;15-10-13 00:00:00;0,743604959480798;0;5;Foret resineux
36;1500,000000000000000;0,006510416665456;ndvi;StdTime;15-10-13 00:00:00;0,740848220646381;0;6;Foret mixte
37;107,000000000000000;0,000464409722136;ndvi;StdTime;15-10-13 00:00:00;0,663744686919952;0;7;Milieux semi-naturels
38;185,000000000000000;0,000802951388740;ndvi;StdTime;15-10-13 00:00:00;0,602959381245278;0;8;Zones humides et eau
41;18527,000000000000000;0,080412326373933;ndvi;StdTime;15-10-13 00:00:00;0,550917736134641;0;1;Artificialise
42;63126,000000000000000;0,273984374949041;ndvi;StdTime;15-10-13 00:00:00;0,658969032017748;0;2;Cultures
43;8940,000000000000000;0,038802083326116;ndvi;StdTime;15-10-13 00:00:00;0,702847081549482;0;3;Prairies
44;659,000000000000000;0,002860243055024;ndvi;StdTime;15-10-13 00:00:00;0,755517674234098;0;4;Foret feuillus
45;284,000000000000000;0,001232638888660;ndvi;StdTime;15-10-13 00:00:00;0,735082979353381;0;5;Foret resineux
46;586,000000000000000;0,002543402777305;ndvi;StdTime;15-10-13 00:00:00;0,758808520161658;0;6;Foret mixte
47;690,000000000000000;0,002994791666110;ndvi;StdTime;15-10-13 00:00:00;0,518079700806866;0;7;Milieux semi-naturels
48;518,000000000000000;0,002248263888471;ndvi;StdTime;15-10-13 00:00:00;0,392361250953456;0;8;Zones humides et eau
51;8563,000000000000000;0,037165798604199;ndvi;StdTime;15-10-13 00:00:00;0,654943107089944;0;1;Artificialise
52;20512,000000000000000;0,089027777761219;ndvi;StdTime;15-10-13 00:00:00;0,607029612071511;0;2;Cultures
53;880,000000000000000;0,003819444443734;ndvi;StdTime;15-10-13 00:00:00;0,681666658818722;0;3;Prairies
54;685,000000000000000;0,002973090277225;ndvi;StdTime;15-10-13 00:00:00;0,743053083654738;0;4;Foret feuillus
55;219,000000000000000;0,000950520833157;ndvi;StdTime;15-10-13 00:00:00;0,756102556507337;0;5;Foret resineux
56;1277,000000000000000;0,005542534721191;ndvi;StdTime;15-10-13 00:00:00;0,747666571508092;0;6;Foret mixte
57;15,000000000000000;0,000065104166655;ndvi;StdTime;15-10-13 00:00:00;0,606602658828100;0;7;Milieux semi-naturels
58;2,000000000000000;0,000008680555554;ndvi;StdTime;15-10-13 00:00:00;0,673858314752579;0;8;Zones humides et eau
61;23918,000000000000000;0,103810763869581;ndvi;StdTime;15-10-13 00:00:00;0,615288452906388;0;1;Artificialise
62;60865,000000000000000;0,264171006895311;ndvi;StdTime;15-10-13 00:00:00;0,630943410342026;0;2;Cultures
63;12006,000000000000000;0,052109374990308;ndvi;StdTime;15-10-13 00:00:00;0,696181278615602;0;3;Prairies
64;11171,000000000000000;0,048485243046538;ndvi;StdTime;15-10-13 00:00:00;0,765349002634547;0;4;Foret feuillus
65;495,000000000000000;0,002148437499600;ndvi;StdTime;15-10-13 00:00:00;0,810482993752065;0;5;Foret resineux
66;1468,000000000000000;0,006371527776593;ndvi;StdTime;15-10-13 00:00:00;0,776505055459221;0;6;Foret mixte
67;777,000000000000000;0,003372395832706;ndvi;StdTime;15-10-13 00:00:00;0,681238515458358;0;7;Milieux semi-naturels
68;453,000000000000000;0,001966145832968;ndvi;StdTime;15-10-13 00:00:00;0,586071568954465;0;8;Zones humides et eau
71;4130,000000000000000;0,017925347218888;ndvi;StdTime;15-10-13 00:00:00;0,440171373262099;0;1;Artificialise
72;100,000000000000000;0,000434027777697;ndvi;StdTime;15-10-13 00:00:00;0,624414036571980;0;2;Cultures
73;15,000000000000000;0,000065104166655;ndvi;StdTime;15-10-13 00:00:00;0,720825974146525;0;3;Prairies
74;459,000000000000000;0,001992187499629;ndvi;StdTime;15-10-13 00:00:00;0,749238989841445;0;4;Foret feuillus
76;35,000000000000000;0,000151909722194;ndvi;StdTime;15-10-13 00:00:00;0,747649686677115;0;6;Foret mixte
78;9,000000000000000;0,000039062499993;ndvi;StdTime;15-10-13 00:00:00;0,244829989969730;0;8;Zones humides et eau
81;27348,000000000000000;0,118697916644590;ndvi;StdTime;15-10-13 00:00:00;0,570789637369463;0;1;Artificialise
82;30867,000000000000000;0,133971354141749;ndvi;StdTime;15-10-13 00:00:00;0,694250258539107;0;2;Cultures
83;12409,000000000000000;0,053858506934427;ndvi;StdTime;15-10-13 00:00:00;0,715128225031437;0;3;Prairies
84;2241,000000000000000;0,009726562498191;ndvi;StdTime;15-10-13 00:00:00;0,725241964467663;0;4;Foret feuillus
85;5418,000000000000000;0,023515624995626;ndvi;StdTime;15-10-13 00:00:00;0,742395476337375;0;5;Foret resineux
86;3278,000000000000000;0,014227430552909;ndvi;StdTime;15-10-13 00:00:00;0,740812017404503;0;6;Foret mixte
87;1121,000000000000000;0,004865451387984;ndvi;StdTime;15-10-13 00:00:00;0,609693452130993;0;7;Milieux semi-naturels
88;2220,000000000000000;0,009635416664875;ndvi;StdTime;15-10-13 00:00:00;0,378376795654920;0;8;Zones humides et eau
91;21524,000000000000000;0,093420138871514;ndvi;StdTime;15-10-13 00:00:00;0,650400270881158;0;1;Artificialise
92;33863,000000000000000;0,146974826361553;ndvi;StdTime;15-10-13 00:00:00;0,644214294613866;0;2;Cultures
93;20854,000000000000000;0,090512152760943;ndvi;StdTime;15-10-13 00:00:00;0,787585119701727;0;3;Prairies
94;4447,000000000000000;0,019301215274188;ndvi;StdTime;15-10-13 00:00:00;0,765752220752938;0;4;Foret feuillus
95;10528,000000000000000;0,045694444435946;ndvi;StdTime;15-10-13 00:00:00;0,814561395603020;0;5;Foret resineux
96;16812,000000000000000;0,072968749986428;ndvi;StdTime;15-10-13 00:00:00;0,801322419477336;0;6;Foret mixte
97;2449,000000000000000;0,010629340275801;ndvi;StdTime;15-10-13 00:00:00;0,710909158770237;0;7;Milieux semi-naturels
98;2008,000000000000000;0,008715277776157;ndvi;StdTime;15-10-13 00:00:00;0,603647044963718;0;8;Zones humides et eau
101;7501,000000000000000;0,032556423605056;ndvi;StdTime;15-10-13 00:00:00;0,694959177978910;0;1;Artificialise
102;32049,000000000000000;0,139101562474128;ndvi;StdTime;15-10-13 00:00:00;0,744098305498563;0;2;Cultures
103;23798,000000000000000;0,103289930536344;ndvi;StdTime;15-10-13 00:00:00;0,765105952524480;0;3;Prairies
104;18168,000000000000000;0,078854166652000;ndvi;StdTime;15-10-13 00:00:00;0,773523285904615;0;4;Foret feuillus
105;13765,000000000000000;0,059743923599999;ndvi;StdTime;15-10-13 00:00:00;0,802043194161126;0;5;Foret resineux
106;30877,000000000000000;0,134014756919519;ndvi;StdTime;15-10-13 00:00:00;0,790487368212744;0;6;Foret mixte
107;2266,000000000000000;0,009835069442615;ndvi;StdTime;15-10-13 00:00:00;0,744127414456428;0;7;Milieux semi-naturels
108;332,000000000000000;0,001440972221954;ndvi;StdTime;15-10-13 00:00:00;0,702659975153854;0;8;Zones humides et eau
111;13192,000000000000000;0,057256944433795;ndvi;StdTime;15-10-13 00:00:00;0,659814721791173;0;1;Artificialise
112;48169,000000000000000;0,209066840238893;ndvi;StdTime;15-10-13 00:00:00;0,643083689572280;0;2;Cultures
113;9056,000000000000000;0,039305555548245;ndvi;StdTime;15-10-13 00:00:00;0,736977527823051;0;3;Prairies
114;15928,000000000000000;0,069131944431586;ndvi;StdTime;15-10-13 00:00:00;0,775640181946370;0;4;Foret feuillus
115;2083,000000000000000;0,009040798609430;ndvi;StdTime;15-10-13 00:00:00;0,809952499542565;0;5;Foret resineux
116;17702,000000000000000;0,076831597207932;ndvi;StdTime;15-10-13 00:00:00;0,785485784440591;0;6;Foret mixte
117;299,000000000000000;0,001297743055314;ndvi;StdTime;15-10-13 00:00:00;0,739325873229815;0;7;Milieux semi-naturels
118;319,000000000000000;0,001384548610854;ndvi;StdTime;15-10-13 00:00:00;0,616666642476025;0;8;Zones humides et eau
11;19297,000000000000000;0,083754340262200;ndvi;StdTime;15-10-14 00:00:00;0,610232043357881;0;1;Artificialise
12;32515,000000000000000;0,141124131918197;ndvi;StdTime;15-10-14 00:00:00;0,686165627936633;0;2;Cultures
13;4653,000000000000000;0,020195312496244;ndvi;StdTime;15-10-14 00:00:00;0,717925150619127;0;3;Prairies
14;2157,000000000000000;0,009361979164925;ndvi;StdTime;15-10-14 00:00:00;0,722420833124073;0;4;Foret feuillus
15;5373,000000000000000;0,023320312495663;ndvi;StdTime;15-10-14 00:00:00;0,743110016390486;0;5;Foret resineux
16;3663,000000000000000;0,015898437497043;ndvi;StdTime;15-10-14 00:00:00;0,728670606156240;0;6;Foret mixte
17;2665,000000000000000;0,011566840275626;ndvi;StdTime;15-10-14 00:00:00;0,644403200967004;0;7;Milieux semi-naturels
18;1213,000000000000000;0,005264756943465;ndvi;StdTime;15-10-14 00:00:00;0,566080920872726;0;8;Zones humides et eau
21;23638,000000000000000;0,102595486092029;ndvi;StdTime;15-10-14 00:00:00;0,582944712272423;0;1;Artificialise
22;53262,000000000000000;0,231171874957004;ndvi;StdTime;15-10-14 00:00:00;0,666802424151751;0;2;Cultures
23;7495,000000000000000;0,032530381938394;ndvi;StdTime;15-10-14 00:00:00;0,703473933702156;0;3;Prairies
24;1297,000000000000000;0,005629340276731;ndvi;StdTime;15-10-14 00:00:00;0,715568214310255;0;4;Foret feuillus
25;405,000000000000000;0,001757812499673;ndvi;StdTime;15-10-14 00:00:00;0,720554019933865;0;5;Foret resineux
26;881,000000000000000;0,003823784721511;ndvi;StdTime;15-10-14 00:00:00;0,721217891414915;0;6;Foret mixte
27;464,000000000000000;0,002013888888514;ndvi;StdTime;15-10-14 00:00:00;0,556499504387892;0;7;Milieux semi-naturels
28;1217,000000000000000;0,005282118054573;ndvi;StdTime;15-10-14 00:00:00;0,373491690829687;0;8;Zones humides et eau
31;20501,000000000000000;0,088980034705673;ndvi;StdTime;15-10-14 00:00:00;0,627647971741400;0;1;Artificialise
32;33836,000000000000000;0,146857638861575;ndvi;StdTime;15-10-14 00:00:00;0,668772062853741;0;2;Cultures
33;2765,000000000000000;0,012000868053323;ndvi;StdTime;15-10-14 00:00:00;0,716658624009672;0;3;Prairies
34;3126,000000000000000;0,013567708330810;ndvi;StdTime;15-10-14 00:00:00;0,737611967090683;0;4;Foret feuillus
35;335,000000000000000;0,001453993055285;ndvi;StdTime;15-10-14 00:00:00;0,750792216365017;0;5;Foret resineux
36;1500,000000000000000;0,006510416665456;ndvi;StdTime;15-10-14 00:00:00;0,750784585853418;0;6;Foret mixte
37;107,000000000000000;0,000464409722136;ndvi;StdTime;15-10-14 00:00:00;0,678393938274027;0;7;Milieux semi-naturels
38;185,000000000000000;0,000802951388740;ndvi;StdTime;15-10-14 00:00:00;0,629289513665276;0;8;Zones humides et eau
41;18498,000000000000000;0,080286458318401;ndvi;StdTime;15-10-14 00:00:00;0,553957832864903;0;1;Artificialise
42;63126,000000000000000;0,273984374949041;ndvi;StdTime;15-10-14 00:00:00;0,638961224567791;0;2;Cultures
43;8940,000000000000000;0,038802083326116;ndvi;StdTime;15-10-14 00:00:00;0,701013044202889;0;3;Prairies
44;659,000000000000000;0,002860243055024;ndvi;StdTime;15-10-14 00:00:00;0,734465482699853;0;4;Foret feuillus
45;284,000000000000000;0,001232638888660;ndvi;StdTime;15-10-14 00:00:00;0,720352798752802;0;5;Foret resineux
46;586,000000000000000;0,002543402777305;ndvi;StdTime;15-10-14 00:00:00;0,746789874884049;0;6;Foret mixte
47;690,000000000000000;0,002994791666110;ndvi;StdTime;15-10-14 00:00:00;0,531831593573282;0;7;Milieux semi-naturels
48;511,000000000000000;0,002217881944032;ndvi;StdTime;15-10-14 00:00:00;0,416604653901171;0;8;Zones humides et eau
51;8563,000000000000000;0,037165798604199;ndvi;StdTime;15-10-14 00:00:00;0,652540581820516;0;1;Artificialise
52;20512,000000000000000;0,089027777761219;ndvi;StdTime;15-10-14 00:00:00;0,607874729696739;0;2;Cultures
53;880,000000000000000;0,003819444443734;ndvi;StdTime;15-10-14 00:00:00;0,667347501590847;0;3;Prairies
54;685,000000000000000;0,002973090277225;ndvi;StdTime;15-10-14 00:00:00;0,716520376884154;0;4;Foret feuillus
55;219,000000000000000;0,000950520833157;ndvi;StdTime;15-10-14 00:00:00;0,735977909200268;0;5;Foret resineux
56;1277,000000000000000;0,005542534721191;ndvi;StdTime;15-10-14 00:00:00;0,724500709127987;0;6;Foret mixte
57;15,000000000000000;0,000065104166655;ndvi;StdTime;15-10-14 00:00:00;0,560798225800196;0;7;Milieux semi-naturels
58;2,000000000000000;0,000008680555554;ndvi;StdTime;15-10-14 00:00:00;0,685799986124039;0;8;Zones humides et eau
61;23918,000000000000000;0,103810763869581;ndvi;StdTime;15-10-14 00:00:00;0,605181538455737;0;1;Artificialise
62;60865,000000000000000;0,264171006895311;ndvi;StdTime;15-10-14 00:00:00;0,612995313846723;0;2;Cultures
63;12006,000000000000000;0,052109374990308;ndvi;StdTime;15-10-14 00:00:00;0,682019348971033;0;3;Prairies
64;11171,000000000000000;0,048485243046538;ndvi;StdTime;15-10-14 00:00:00;0,730536173041682;0;4;Foret feuillus
65;495,000000000000000;0,002148437499600;ndvi;StdTime;15-10-14 00:00:00;0,768764138342154;0;5;Foret resineux
66;1468,000000000000000;0,006371527776593;ndvi;StdTime;15-10-14 00:00:00;0,745961020322521;0;6;Foret mixte
67;777,000000000000000;0,003372395832706;ndvi;StdTime;15-10-14 00:00:00;0,653644422690073;0;7;Milieux semi-naturels
68;453,000000000000000;0,001966145832968;ndvi;StdTime;15-10-14 00:00:00;0,573935320670768;0;8;Zones humides et eau
71;4130,000000000000000;0,017925347218888;ndvi;StdTime;15-10-14 00:00:00;0,439526025474649;0;1;Artificialise
72;100,000000000000000;0,000434027777697;ndvi;StdTime;15-10-14 00:00:00;0,639327150881290;0;2;Cultures
73;15,000000000000000;0,000065104166655;ndvi;StdTime;15-10-14 00:00:00;0,696811111768087;0;3;Prairies
74;459,000000000000000;0,001992187499629;ndvi;StdTime;15-10-14 00:00:00;0,734987019323835;0;4;Foret feuillus
76;35,000000000000000;0,000151909722194;ndvi;StdTime;15-10-14 00:00:00;0,734659978321620;0;6;Foret mixte
78;9,000000000000000;0,000039062499993;ndvi;StdTime;15-10-14 00:00:00;0,266099999348323;0;8;Zones humides et eau
81;27198,000000000000000;0,118046874978044;ndvi;StdTime;15-10-14 00:00:00;0,580481051734357;0;1;Artificialise
82;30867,000000000000000;0,133971354141749;ndvi;StdTime;15-10-14 00:00:00;0,694061489426077;0;2;Cultures
83;12409,000000000000000;0,053858506934427;ndvi;StdTime;15-10-14 00:00:00;0,715479679686081;0;3;Prairies
84;2241,000000000000000;0,009726562498191;ndvi;StdTime;15-10-14 00:00:00;0,722056489785247;0;4;Foret feuillus
85;5418,000000000000000;0,023515624995626;ndvi;StdTime;15-10-14 00:00:00;0,734882797288163;0;5;Foret resineux
86;3278,000000000000000;0,014227430552909;ndvi;StdTime;15-10-14 00:00:00;0,732855250825964;0;6;Foret mixte
87;1119,000000000000000;0,004856770832430;ndvi;StdTime;15-10-14 00:00:00;0,620977665639755;0;7;Milieux semi-naturels
88;2061,000000000000000;0,008945312498336;ndvi;StdTime;15-10-14 00:00:00;0,402255813594289;0;8;Zones humides et eau
91;21524,000000000000000;0,093420138871514;ndvi;StdTime;15-10-14 00:00:00;0,658790628927177;0;1;Artificialise
92;33863,000000000000000;0,146974826361553;ndvi;StdTime;15-10-14 00:00:00;0,658849719647025;0;2;Cultures
93;20854,000000000000000;0,090512152760943;ndvi;StdTime;15-10-14 00:00:00;0,785651253171390;0;3;Prairies
94;4447,000000000000000;0,019301215274188;ndvi;StdTime;15-10-14 00:00:00;0,733842274493681;0;4;Foret feuillus
95;10528,000000000000000;0,045694444435946;ndvi;StdTime;15-10-14 00:00:00;0,785290537492619;0;5;Foret resineux
96;16812,000000000000000;0,072968749986428;ndvi;StdTime;15-10-14 00:00:00;0,777499331347069;0;6;Foret mixte
97;2449,000000000000000;0,010629340275801;ndvi;StdTime;15-10-14 00:00:00;0,704441872031020;0;7;Milieux semi-naturels
98;2008,000000000000000;0,008715277776157;ndvi;StdTime;15-10-14 00:00:00;0,596634716834442;0;8;Zones humides et eau
101;7501,000000000000000;0,032556423605056;ndvi;StdTime;15-10-14 00:00:00;0,715384244716194;0;1;Artificialise
102;32049,000000000000000;0,139101562474128;ndvi;StdTime;15-10-14 00:00:00;0,765746374547436;0;2;Cultures
103;23798,000000000000000;0,103289930536344;ndvi;StdTime;15-10-14 00:00:00;0,784757759821236;0;3;Prairies
104;18168,000000000000000;0,078854166652000;ndvi;StdTime;15-10-14 00:00:00;0,767200097451514;0;4;Foret feuillus
105;13765,000000000000000;0,059743923599999;ndvi;StdTime;15-10-14 00:00:00;0,789715730251938;0;5;Foret resineux
106;30877,000000000000000;0,134014756919519;ndvi;StdTime;15-10-14 00:00:00;0,783636666269475;0;6;Foret mixte
107;2266,000000000000000;0,009835069442615;ndvi;StdTime;15-10-14 00:00:00;0,751821114942235;0;7;Milieux semi-naturels
108;332,000000000000000;0,001440972221954;ndvi;StdTime;15-10-14 00:00:00;0,685713613428265;0;8;Zones humides et eau
111;13192,000000000000000;0,057256944433795;ndvi;StdTime;15-10-14 00:00:00;0,657266651412947;0;1;Artificialise
112;48169,000000000000000;0,209066840238893;ndvi;StdTime;15-10-14 00:00:00;0,641634399593954;0;2;Cultures
113;9056,000000000000000;0,039305555548245;ndvi;StdTime;15-10-14 00:00:00;0,735545748064805;0;3;Prairies
114;15928,000000000000000;0,069131944431586;ndvi;StdTime;15-10-14 00:00:00;0,740746790628331;0;4;Foret feuillus
115;2083,000000000000000;0,009040798609430;ndvi;StdTime;15-10-14 00:00:00;0,768090045686759;0;5;Foret resineux
116;17702,000000000000000;0,076831597207932;ndvi;StdTime;15-10-14 00:00:00;0,754786152679252;0;6;Foret mixte
117;299,000000000000000;0,001297743055314;ndvi;StdTime;15-10-14 00:00:00;0,723424708364799;0;7;Milieux semi-naturels
118;319,000000000000000;0,001384548610854;ndvi;StdTime;15-10-14 00:00:00;0,593753601409798;0;8;Zones humides et eau
11;19297,000000000000000;0,083754340262200;ndvi;StdTime;15-10-15 00:00:00;0,616262674337842;0;1;Artificialise
12;32515,000000000000000;0,141124131918197;ndvi;StdTime;15-10-15 00:00:00;0,701154171026397;0;2;Cultures
13;4653,000000000000000;0,020195312496244;ndvi;StdTime;15-10-15 00:00:00;0,729722571768813;0;3;Prairies
14;2157,000000000000000;0,009361979164925;ndvi;StdTime;15-10-15 00:00:00;0,738320943805758;0;4;Foret feuillus
15;5373,000000000000000;0,023320312495663;ndvi;StdTime;15-10-15 00:00:00;0,752009198288665;0;5;Foret resineux
16;3663,000000000000000;0,015898437497043;ndvi;StdTime;15-10-15 00:00:00;0,748085863922842;0;6;Foret mixte
17;2665,000000000000000;0,011566840275626;ndvi;StdTime;15-10-15 00:00:00;0,642035662540799;0;7;Milieux semi-naturels
18;1213,000000000000000;0,005264756943465;ndvi;StdTime;15-10-15 00:00:00;0,579281603254402;0;8;Zones humides et eau
21;23631,000000000000000;0,102565104147590;ndvi;StdTime;15-10-15 00:00:00;0,588641164617911;0;1;Artificialise
22;53262,000000000000000;0,231171874957004;ndvi;StdTime;15-10-15 00:00:00;0,687582435429439;0;2;Cultures
23;7495,000000000000000;0,032530381938394;ndvi;StdTime;15-10-15 00:00:00;0,717980029182961;0;3;Prairies
24;1297,000000000000000;0,005629340276731;ndvi;StdTime;15-10-15 00:00:00;0,732180098432160;0;4;Foret feuillus
25;405,000000000000000;0,001757812499673;ndvi;StdTime;15-10-15 00:00:00;0,745641394897743;0;5;Foret resineux
26;881,000000000000000;0,003823784721511;ndvi;StdTime;15-10-15 00:00:00;0,741600873251102;0;6;Foret mixte
27;465,000000000000000;0,002018229166291;ndvi;StdTime;15-10-15 00:00:00;0,554675156422841;0;7;Milieux semi-naturels
28;1245,000000000000000;0,005403645832328;ndvi;StdTime;15-10-15 00:00:00;0,374490774290853;0;8;Zones humides et eau
31;20501,000000000000000;0,088980034705673;ndvi;StdTime;15-10-15 00:00:00;0,623679836458308;0;1;Artificialise
32;33836,000000000000000;0,146857638861575;ndvi;StdTime;15-10-15 00:00:00;0,675770581030177;0;2;Cultures
33;2765,000000000000000;0,012000868053323;ndvi;StdTime;15-10-15 00:00:00;0,721918004082944;0;3;Prairies
34;3126,000000000000000;0,013567708330810;ndvi;StdTime;15-10-15 00:00:00;0,742589393536478;0;4;Foret feuillus
35;335,000000000000000;0,001453993055285;ndvi;StdTime;15-10-15 00:00:00;0,755522466239644;0;5;Foret resineux
36;1500,000000000000000;0,006510416665456;ndvi;StdTime;15-10-15 00:00:00;0,747791284680367;0;6;Foret mixte
37;107,000000000000000;0,000464409722136;ndvi;StdTime;15-10-15 00:00:00;0,680639075341626;0;7;Milieux semi-naturels
38;185,000000000000000;0,000802951388740;ndvi;StdTime;15-10-15 00:00:00;0,624683671142604;0;8;Zones humides et eau
41;18465,000000000000000;0,080143229151761;ndvi;StdTime;15-10-15 00:00:00;0,563813754284667;0;1;Artificialise
42;63119,000000000000000;0,273953993004602;ndvi;StdTime;15-10-15 00:00:00;0,670016280006768;0;2;Cultures
43;8938,000000000000000;0,038793402770563;ndvi;StdTime;15-10-15 00:00:00;0,724399658758171;0;3;Prairies
44;659,000000000000000;0,002860243055024;ndvi;StdTime;15-10-15 00:00:00;0,762362384741874;0;4;Foret feuillus
45;284,000000000000000;0,001232638888660;ndvi;StdTime;15-10-15 00:00:00;0,750324884928029;0;5;Foret resineux
46;586,000000000000000;0,002543402777305;ndvi;StdTime;15-10-15 00:00:00;0,763091162559115;0;6;Foret mixte
47;691,000000000000000;0,002999131943887;ndvi;StdTime;15-10-15 00:00:00;0,545354032428739;0;7;Milieux semi-naturels
48;485,000000000000000;0,002105034721831;ndvi;StdTime;15-10-15 00:00:00;0,447014767576019;0;8;Zones humides et eau
51;8563,000000000000000;0,037165798604199;ndvi;StdTime;15-10-15 00:00:00;0,659103627737668;0;1;Artificialise
52;20512,000000000000000;0,089027777761219;ndvi;StdTime;15-10-15 00:00:00;0,633604073863588;0;2;Cultures
53;880,000000000000000;0,003819444443734;ndvi;StdTime;15-10-15 00:00:00;0,693724708191373;0;3;Prairies
54;685,000000000000000;0,002973090277225;ndvi;StdTime;15-10-15 00:00:00;0,733206610435988;0;4;Foret feuillus
55;219,000000000000000;0,000950520833157;ndvi;StdTime;15-10-15 00:00:00;0,755038490306297;0;5;Foret resineux
56;1277,000000000000000;0,005542534721191;ndvi;StdTime;15-10-15 00:00:00;0,740463002127599;0;6;Foret mixte
57;15,000000000000000;0,000065104166655;ndvi;StdTime;15-10-15 00:00:00;0,579501100381215;0;7;Milieux semi-naturels
58;2,000000000000000;0,000008680555554;ndvi;StdTime;15-10-15 00:00:00;0,677758336067200;0;8;Zones humides et eau
61;23912,000000000000000;0,103784722202919;ndvi;StdTime;15-10-15 00:00:00;0,615496019069720;0;1;Artificialise
62;60865,000000000000000;0,264171006895311;ndvi;StdTime;15-10-15 00:00:00;0,643588889754715;0;2;Cultures
63;12006,000000000000000;0,052109374990308;ndvi;StdTime;15-10-15 00:00:00;0,701466963006649;0;3;Prairies
64;11171,000000000000000;0,048485243046538;ndvi;StdTime;15-10-15 00:00:00;0,742965598099874;0;4;Foret feuillus
65;495,000000000000000;0,002148437499600;ndvi;StdTime;15-10-15 00:00:00;0,784926275171415;0;5;Foret resineux
66;1468,000000000000000;0,006371527776593;ndvi;StdTime;15-10-15 00:00:00;0,760215443348365;0;6;Foret mixte
67;777,000000000000000;0,003372395832706;ndvi;StdTime;15-10-15 00:00:00;0,670782366161027;0;7;Milieux semi-naturels
68;446,000000000000000;0,001935763888529;ndvi;StdTime;15-10-15 00:00:00;0,587185106068983;0;8;Zones humides et eau
71;4130,000000000000000;0,017925347218888;ndvi;StdTime;15-10-15 00:00:00;0,438886627001060;0;1;Artificialise
72;100,000000000000000;0,000434027777697;ndvi;StdTime;15-10-15 00:00:00;0,631857354044914;0;2;Cultures
73;15,000000000000000;0,000065104166655;ndvi;StdTime;15-10-15 00:00:00;0,690526640415192;0;3;Prairies
74;459,000000000000000;0,001992187499629;ndvi;StdTime;15-10-15 00:00:00;0,738674987894777;0;4;Foret feuillus
76;35,000000000000000;0,000151909722194;ndvi;StdTime;15-10-15 00:00:00;0,738178546088083;0;6;Foret mixte
78;9,000000000000000;0,000039062499993;ndvi;StdTime;15-10-15 00:00:00;0,265949068797959;0;8;Zones humides et eau
81;27172,000000000000000;0,117934027755843;ndvi;StdTime;15-10-15 00:00:00;0,581067708250508;0;1;Artificialise
82;30867,000000000000000;0,133971354141749;ndvi;StdTime;15-10-15 00:00:00;0,703720899304399;0;2;Cultures
83;12409,000000000000000;0,053858506934427;ndvi;StdTime;15-10-15 00:00:00;0,724277599203817;0;3;Prairies
84;2241,000000000000000;0,009726562498191;ndvi;StdTime;15-10-15 00:00:00;0,734879666436521;0;4;Foret feuillus
85;5418,000000000000000;0,023515624995626;ndvi;StdTime;15-10-15 00:00:00;0,737632435614132;0;5;Foret resineux
86;3278,000000000000000;0,014227430552909;ndvi;StdTime;15-10-15 00:00:00;0,741663357700932;0;6;Foret mixte
87;1115,000000000000000;0,004839409721322;ndvi;StdTime;15-10-15 00:00:00;0,632379054288157;0;7;Milieux semi-naturels
88;2095,000000000000000;0,009092881942753;ndvi;StdTime;15-10-15 00:00:00;0,406225756782236;0;8;Zones humides et eau
91;21524,000000000000000;0,093420138871514;ndvi;StdTime;15-10-15 00:00:00;0,660167541318548;0;1;Artificialise
92;33863,000000000000000;0,146974826361553;ndvi;StdTime;15-10-15 00:00:00;0,671331736346150;0;2;Cultures
93;20854,000000000000000;0,090512152760943;ndvi;StdTime;15-10-15 00:00:00;0,784372282408911;0;3;Prairies
94;4447,000000000000000;0,019301215274188;ndvi;StdTime;15-10-15 00:00:00;0,747037473028098;0;4;Foret feuillus
95;10528,000000000000000;0,045694444435946;ndvi;StdTime;15-10-15 00:00:00;0,795740575911789;0;5;Foret resineux
96;16812,000000000000000;0,072968749986428;ndvi;StdTime;15-10-15 00:00:00;0,788879631022926;0;6;Foret mixte
97;2449,000000000000000;0,010629340275801;ndvi;StdTime;15-10-15 00:00:00;0,706393248295483;0;7;Milieux semi-naturels
98;2008,000000000000000;0,008715277776157;ndvi;StdTime;15-10-15 00:00:00;0,609589011820248;0;8;Zones humides et eau
101;7501,000000000000000;0,032556423605056;ndvi;StdTime;15-10-15 00:00:00;0,706314561168697;0;1;Artificialise
102;32049,000000000000000;0,139101562474128;ndvi;StdTime;15-10-15 00:00:00;0,754766486604898;0;2;Cultures
103;23798,000000000000000;0,103289930536344;ndvi;StdTime;15-10-15 00:00:00;0,775194326348189;0;3;Prairies
104;18168,000000000000000;0,078854166652000;ndvi;StdTime;15-10-15 00:00:00;0,778436843143431;0;4;Foret feuillus
105;13765,000000000000000;0,059743923599999;ndvi;StdTime;15-10-15 00:00:00;0,796787685465478;0;5;Foret resineux
106;30877,000000000000000;0,134014756919519;ndvi;StdTime;15-10-15 00:00:00;0,788253578764016;0;6;Foret mixte
107;2266,000000000000000;0,009835069442615;ndvi;StdTime;15-10-15 00:00:00;0,751566453439835;0;7;Milieux semi-naturels
108;332,000000000000000;0,001440972221954;ndvi;StdTime;15-10-15 00:00:00;0,668971772114915;0;8;Zones humides et eau
111;13192,000000000000000;0,057256944433795;ndvi;StdTime;15-10-15 00:00:00;0,667474189569882;0;1;Artificialise
112;48169,000000000000000;0,209066840238893;ndvi;StdTime;15-10-15 00:00:00;0,666206174905004;0;2;Cultures
113;9056,000000000000000;0,039305555548245;ndvi;StdTime;15-10-15 00:00:00;0,746723800996323;0;3;Prairies
114;15928,000000000000000;0,069131944431586;ndvi;StdTime;15-10-15 00:00:00;0,756141986727848;0;4;Foret feuillus
115;2083,000000000000000;0,009040798609430;ndvi;StdTime;15-10-15 00:00:00;0,789499513672568;0;5;Foret resineux
116;17702,000000000000000;0,076831597207932;ndvi;StdTime;15-10-15 00:00:00;0,771057438229512;0;6;Foret mixte
117;299,000000000000000;0,001297743055314;ndvi;StdTime;15-10-15 00:00:00;0,744792579408473;0;7;Milieux semi-naturels
118;319,000000000000000;0,001384548610854;ndvi;StdTime;15-10-15 00:00:00;0,626097456134599;0;8;Zones humides et eau
11;19297,000000000000000;0,083754340262200;ndvi;StdTime;15-10-16 00:00:00;0,578987924900332;0;1;Artificialise
12;32515,000000000000000;0,141124131918197;ndvi;StdTime;15-10-16 00:00:00;0,661357176756191;0;2;Cultures
13;4653,000000000000000;0,020195312496244;ndvi;StdTime;15-10-16 00:00:00;0,696393504466597;0;3;Prairies
14;2157,000000000000000;0,009361979164925;ndvi;StdTime;15-10-16 00:00:00;0,733148249324737;0;4;Foret feuillus
15;5373,000000000000000;0,023320312495663;ndvi;StdTime;15-10-16 00:00:00;0,742497295127353;0;5;Foret resineux
16;3663,000000000000000;0,015898437497043;ndvi;StdTime;15-10-16 00:00:00;0,741170472121453;0;6;Foret mixte
17;2665,000000000000000;0,011566840275626;ndvi;StdTime;15-10-16 00:00:00;0,629905626977362;0;7;Milieux semi-naturels
18;1213,000000000000000;0,005264756943465;ndvi;StdTime;15-10-16 00:00:00;0,547813148195920;0;8;Zones humides et eau
21;23651,000000000000000;0,102651909703130;ndvi;StdTime;15-10-16 00:00:00;0,553636479755707;0;1;Artificialise
22;53262,000000000000000;0,231171874957004;ndvi;StdTime;15-10-16 00:00:00;0,641120163202262;0;2;Cultures
23;7495,000000000000000;0,032530381938394;ndvi;StdTime;15-10-16 00:00:00;0,672591088804664;0;3;Prairies
24;1297,000000000000000;0,005629340276731;ndvi;StdTime;15-10-16 00:00:00;0,722550982498811;0;4;Foret feuillus
25;405,000000000000000;0,001757812499673;ndvi;StdTime;15-10-16 00:00:00;0,723301434958422;0;5;Foret resineux
26;881,000000000000000;0,003823784721511;ndvi;StdTime;15-10-16 00:00:00;0,727619866744343;0;6;Foret mixte
27;469,000000000000000;0,002035590277399;ndvi;StdTime;15-10-16 00:00:00;0,497811523196635;0;7;Milieux semi-naturels
28;1232,000000000000000;0,005347222221228;ndvi;StdTime;15-10-16 00:00:00;0,345015879535810;0;8;Zones humides et eau
31;20501,000000000000000;0,088980034705673;ndvi;StdTime;15-10-16 00:00:00;0,603352821226583;0;1;Artificialise
32;33836,000000000000000;0,146857638861575;ndvi;StdTime;15-10-16 00:00:00;0,644078431364517;0;2;Cultures
33;2765,000000000000000;0,012000868053323;ndvi;StdTime;15-10-16 00:00:00;0,691756045139289;0;3;Prairies
34;3126,000000000000000;0,013567708330810;ndvi;StdTime;15-10-16 00:00:00;0,744293801395922;0;4;Foret feuillus
35;335,000000000000000;0,001453993055285;ndvi;StdTime;15-10-16 00:00:00;0,746740433707166;0;5;Foret resineux
36;1500,000000000000000;0,006510416665456;ndvi;StdTime;15-10-16 00:00:00;0,751290921310584;0;6;Foret mixte
37;107,000000000000000;0,000464409722136;ndvi;StdTime;15-10-16 00:00:00;0,680854531649117;0;7;Milieux semi-naturels
38;185,000000000000000;0,000802951388740;ndvi;StdTime;15-10-16 00:00:00;0,628011770828350;0;8;Zones humides et eau
41;18559,000000000000000;0,080551215262796;ndvi;StdTime;15-10-16 00:00:00;0,518564240702818;0;1;Artificialise
42;63126,000000000000000;0,273984374949041;ndvi;StdTime;15-10-16 00:00:00;0,602327571223265;0;2;Cultures
43;8940,000000000000000;0,038802083326116;ndvi;StdTime;15-10-16 00:00:00;0,651249158435751;0;3;Prairies
44;659,000000000000000;0,002860243055024;ndvi;StdTime;15-10-16 00:00:00;0,738471108883031;0;4;Foret feuillus
45;284,000000000000000;0,001232638888660;ndvi;StdTime;15-10-16 00:00:00;0,730525360455815;0;5;Foret resineux
46;586,000000000000000;0,002543402777305;ndvi;StdTime;15-10-16 00:00:00;0,745242967235351;0;6;Foret mixte
47;695,000000000000000;0,003016493054995;ndvi;StdTime;15-10-16 00:00:00;0,516926941998544;0;7;Milieux semi-naturels
48;531,000000000000000;0,002304687499571;ndvi;StdTime;15-10-16 00:00:00;0,378704136271703;0;8;Zones humides et eau
51;8563,000000000000000;0,037165798604199;ndvi;StdTime;15-10-16 00:00:00;0,637641760771983;0;1;Artificialise
52;20512,000000000000000;0,089027777761219;ndvi;StdTime;15-10-16 00:00:00;0,598665220147165;0;2;Cultures
53;880,000000000000000;0,003819444443734;ndvi;StdTime;15-10-16 00:00:00;0,648432282527739;0;3;Prairies
54;685,000000000000000;0,002973090277225;ndvi;StdTime;15-10-16 00:00:00;0,735116710541022;0;4;Foret feuillus
55;219,000000000000000;0,000950520833157;ndvi;StdTime;15-10-16 00:00:00;0,763821388216324;0;5;Foret resineux
56;1277,000000000000000;0,005542534721191;ndvi;StdTime;15-10-16 00:00:00;0,745254326445477;0;6;Foret mixte
57;15,000000000000000;0,000065104166655;ndvi;StdTime;15-10-16 00:00:00;0,584924650192261;0;7;Milieux semi-naturels
58;2,000000000000000;0,000008680555554;ndvi;StdTime;15-10-16 00:00:00;0,683799982070923;0;8;Zones humides et eau
61;23918,000000000000000;0,103810763869581;ndvi;StdTime;15-10-16 00:00:00;0,581995641343398;0;1;Artificialise
62;60865,000000000000000;0,264171006895311;ndvi;StdTime;15-10-16 00:00:00;0,592523080201133;0;2;Cultures
63;12006,000000000000000;0,052109374990308;ndvi;StdTime;15-10-16 00:00:00;0,651656555629028;0;3;Prairies
64;11171,000000000000000;0,048485243046538;ndvi;StdTime;15-10-16 00:00:00;0,749629990759047;0;4;Foret feuillus
65;495,000000000000000;0,002148437499600;ndvi;StdTime;15-10-16 00:00:00;0,794730947475241;0;5;Foret resineux
66;1468,000000000000000;0,006371527776593;ndvi;StdTime;15-10-16 00:00:00;0,765509345043421;0;6;Foret mixte
67;777,000000000000000;0,003372395832706;ndvi;StdTime;15-10-16 00:00:00;0,656660245498942;0;7;Milieux semi-naturels
68;453,000000000000000;0,001966145832968;ndvi;StdTime;15-10-16 00:00:00;0,567148173848788;0;8;Zones humides et eau
71;4130,000000000000000;0,017925347218888;ndvi;StdTime;15-10-16 00:00:00;0,452206347153926;0;1;Artificialise
72;100,000000000000000;0,000434027777697;ndvi;StdTime;15-10-16 00:00:00;0,625601054728031;0;2;Cultures
73;15,000000000000000;0,000065104166655;ndvi;StdTime;15-10-16 00:00:00;0,698129542668660;0;3;Prairies
74;459,000000000000000;0,001992187499629;ndvi;StdTime;15-10-16 00:00:00;0,751243729477095;0;4;Foret feuillus
76;35,000000000000000;0,000151909722194;ndvi;StdTime;15-10-16 00:00:00;0,735102823802403;0;6;Foret mixte
78;9,000000000000000;0,000039062499993;ndvi;StdTime;15-10-16 00:00:00;0,238965547747082;0;8;Zones humides et eau
81;27327,000000000000000;0,118606770811273;ndvi;StdTime;15-10-16 00:00:00;0,562891352564543;0;1;Artificialise
82;30867,000000000000000;0,133971354141749;ndvi;StdTime;15-10-16 00:00:00;0,686387591875728;0;2;Cultures
83;12409,000000000000000;0,053858506934427;ndvi;StdTime;15-10-16 00:00:00;0,708299483772787;0;3;Prairies
84;2241,000000000000000;0,009726562498191;ndvi;StdTime;15-10-16 00:00:00;0,730900182675060;0;4;Foret feuillus
85;5418,000000000000000;0,023515624995626;ndvi;StdTime;15-10-16 00:00:00;0,739226120216418;0;5;Foret resineux
86;3278,000000000000000;0,014227430552909;ndvi;StdTime;15-10-16 00:00:00;0,745792614533597;0;6;Foret mixte
87;1120,000000000000000;0,004861111110207;ndvi;StdTime;15-10-16 00:00:00;0,619018065623407;0;7;Milieux semi-naturels
88;2165,000000000000000;0,009396701387141;ndvi;StdTime;15-10-16 00:00:00;0,388581958725430;0;8;Zones humides et eau
91;21524,000000000000000;0,093420138871514;ndvi;StdTime;15-10-16 00:00:00;0,628971094181119;0;1;Artificialise
92;33863,000000000000000;0,146974826361553;ndvi;StdTime;15-10-16 00:00:00;0,632223906674531;0;2;Cultures
93;20854,000000000000000;0,090512152760943;ndvi;StdTime;15-10-16 00:00:00;0,744276467503874;0;3;Prairies
94;4447,000000000000000;0,019301215274188;ndvi;StdTime;15-10-16 00:00:00;0,750206012671681;0;4;Foret feuillus
95;10528,000000000000000;0,045694444435946;ndvi;StdTime;15-10-16 00:00:00;0,789060122019252;0;5;Foret resineux
96;16812,000000000000000;0,072968749986428;ndvi;StdTime;15-10-16 00:00:00;0,780473982959156;0;6;Foret mixte
97;2449,000000000000000;0,010629340275801;ndvi;StdTime;15-10-16 00:00:00;0,702959983993326;0;7;Milieux semi-naturels
98;2008,000000000000000;0,008715277776157;ndvi;StdTime;15-10-16 00:00:00;0,610903162924772;0;8;Zones humides et eau
101;7501,000000000000000;0,032556423605056;ndvi;StdTime;15-10-16 00:00:00;0,655310013503682;0;1;Artificialise
102;32049,000000000000000;0,139101562474128;ndvi;StdTime;15-10-16 00:00:00;0,706887479643801;0;2;Cultures
103;23798,000000000000000;0,103289930536344;ndvi;StdTime;15-10-16 00:00:00;0,720156492607335;0;3;Prairies
104;18168,000000000000000;0,078854166652000;ndvi;StdTime;15-10-16 00:00:00;0,755707813409629;0;4;Foret feuillus
105;13765,000000000000000;0,059743923599999;ndvi;StdTime;15-10-16 00:00:00;0,778620233468217;0;5;Foret resineux
106;30877,000000000000000;0,134014756919519;ndvi;StdTime;15-10-16 00:00:00;0,768291470758513;0;6;Foret mixte
107;2266,000000000000000;0,009835069442615;ndvi;StdTime;15-10-16 00:00:00;0,729726251454766;0;7;Milieux semi-naturels
108;332,000000000000000;0,001440972221954;ndvi;StdTime;15-10-16 00:00:00;0,675505507961813;0;8;Zones humides et eau
111;13192,000000000000000;0,057256944433795;ndvi;StdTime;15-10-16 00:00:00;0,630335549926165;0;1;Artificialise
112;48169,000000000000000;0,209066840238893;ndvi;StdTime;15-10-16 00:00:00;0,623250936243752;0;2;Cultures
113;9056,000000000000000;0,039305555548245;ndvi;StdTime;15-10-16 00:00:00;0,695011270666896;0;3;Prairies
114;15928,000000000000000;0,069131944431586;ndvi;StdTime;15-10-16 00:00:00;0,755652983834294;0;4;Foret feuillus
115;2083,000000000000000;0,009040798609430;ndvi;StdTime;15-10-16 00:00:00;0,792149793083029;0;5;Foret resineux
116;17702,000000000000000;0,076831597207932;ndvi;StdTime;15-10-16 00:00:00;0,762641634431388;0;6;Foret mixte
117;299,000000000000000;0,001297743055314;ndvi;StdTime;15-10-16 00:00:00;0,721460276224143;0;7;Milieux semi-naturels
118;319,000000000000000;0,001384548610854;ndvi;StdTime;15-10-16 00:00:00;0,610022387441049;0;8;Zones humides et eau
11;19297,000000000000000;0,083754340262200;ndvi;StdTime;15-10-17 00:00:00;0,603317209129051;0;1;Artificialise
12;32515,000000000000000;0,141124131918197;ndvi;StdTime;15-10-17 00:00:00;0,684512152656508;0;2;Cultures
13;4653,000000000000000;0,020195312496244;ndvi;StdTime;15-10-17 00:00:00;0,708367064777765;0;3;Prairies
14;2157,000000000000000;0,009361979164925;ndvi;StdTime;15-10-17 00:00:00;0,725801860327295;0;4;Foret feuillus
15;5373,000000000000000;0,023320312495663;ndvi;StdTime;15-10-17 00:00:00;0,728584849382943;0;5;Foret resineux
16;3663,000000000000000;0,015898437497043;ndvi;StdTime;15-10-17 00:00:00;0,724866959401372;0;6;Foret mixte
17;2665,000000000000000;0,011566840275626;ndvi;StdTime;15-10-17 00:00:00;0,627248870040417;0;7;Milieux semi-naturels
18;1213,000000000000000;0,005264756943465;ndvi;StdTime;15-10-17 00:00:00;0,561319324994492;0;8;Zones humides et eau
21;23591,000000000000000;0,102391493036512;ndvi;StdTime;15-10-17 00:00:00;0,569123527613351;0;1;Artificialise
22;53262,000000000000000;0,231171874957004;ndvi;StdTime;15-10-17 00:00:00;0,662571639218711;0;2;Cultures
23;7495,000000000000000;0,032530381938394;ndvi;StdTime;15-10-17 00:00:00;0,694118869853385;0;3;Prairies
24;1297,000000000000000;0,005629340276731;ndvi;StdTime;15-10-17 00:00:00;0,709069556976706;0;4;Foret feuillus
25;405,000000000000000;0,001757812499673;ndvi;StdTime;15-10-17 00:00:00;0,721067051239956;0;5;Foret resineux
26;876,000000000000000;0,003802083332626;ndvi;StdTime;15-10-17 00:00:00;0,713017312154922;0;6;Foret mixte
27;454,000000000000000;0,001970486110745;ndvi;StdTime;15-10-17 00:00:00;0,533512568716699;0;7;Milieux semi-naturels
28;1160,000000000000000;0,005034722221286;ndvi;StdTime;15-10-17 00:00:00;0,382203724851294;0;8;Zones humides et eau
31;20501,000000000000000;0,088980034705673;ndvi;StdTime;15-10-17 00:00:00;0,615193767216616;0;1;Artificialise
32;33836,000000000000000;0,146857638861575;ndvi;StdTime;15-10-17 00:00:00;0,663609559532247;0;2;Cultures
33;2765,000000000000000;0,012000868053323;ndvi;StdTime;15-10-17 00:00:00;0,704076118775345;0;3;Prairies
34;3126,000000000000000;0,013567708330810;ndvi;StdTime;15-10-17 00:00:00;0,723983314457950;0;4;Foret feuillus
35;335,000000000000000;0,001453993055285;ndvi;StdTime;15-10-17 00:00:00;0,734314919051839;0;5;Foret resineux
36;1500,000000000000000;0,006510416665456;ndvi;StdTime;15-10-17 00:00:00;0,728721646745999;0;6;Foret mixte
37;107,000000000000000;0,000464409722136;ndvi;StdTime;15-10-17 00:00:00;0,665820141819036;0;7;Milieux semi-naturels
38;185,000000000000000;0,000802951388740;ndvi;StdTime;15-10-17 00:00:00;0,617751342863650;0;8;Zones humides et eau
41;18524,000000000000000;0,080399305540602;ndvi;StdTime;15-10-17 00:00:00;0,544600225947040;0;1;Artificialise
42;63126,000000000000000;0,273984374949041;ndvi;StdTime;15-10-17 00:00:00;0,650906239681831;0;2;Cultures
43;8940,000000000000000;0,038802083326116;ndvi;StdTime;15-10-17 00:00:00;0,706773031784651;0;3;Prairies
44;659,000000000000000;0,002860243055024;ndvi;StdTime;15-10-17 00:00:00;0,728476614483571;0;4;Foret feuillus
45;284,000000000000000;0,001232638888660;ndvi;StdTime;15-10-17 00:00:00;0,726108421951952;0;5;Foret resineux
46;586,000000000000000;0,002543402777305;ndvi;StdTime;15-10-17 00:00:00;0,731767678385403;0;6;Foret mixte
47;686,000000000000000;0,002977430555002;ndvi;StdTime;15-10-17 00:00:00;0,550277794211690;0;7;Milieux semi-naturels
48;522,000000000000000;0,002265624999579;ndvi;StdTime;15-10-17 00:00:00;0,409704746589265;0;8;Zones humides et eau
51;8563,000000000000000;0,037165798604199;ndvi;StdTime;15-10-17 00:00:00;0,649882111575270;0;1;Artificialise
52;20512,000000000000000;0,089027777761219;ndvi;StdTime;15-10-17 00:00:00;0,640503501262397;0;2;Cultures
53;880,000000000000000;0,003819444443734;ndvi;StdTime;15-10-17 00:00:00;0,686576799472625;0;3;Prairies
54;685,000000000000000;0,002973090277225;ndvi;StdTime;15-10-17 00:00:00;0,717382689027021;0;4;Foret feuillus
55;219,000000000000000;0,000950520833157;ndvi;StdTime;15-10-17 00:00:00;0,725228050255884;0;5;Foret resineux
56;1277,000000000000000;0,005542534721191;ndvi;StdTime;15-10-17 00:00:00;0,721123572336853;0;6;Foret mixte
57;15,000000000000000;0,000065104166655;ndvi;StdTime;15-10-17 00:00:00;0,558741100629171;0;7;Milieux semi-naturels
58;2,000000000000000;0,000008680555554;ndvi;StdTime;15-10-17 00:00:00;0,641516625881195;0;8;Zones humides et eau
61;23918,000000000000000;0,103810763869581;ndvi;StdTime;15-10-17 00:00:00;0,601994200387758;0;1;Artificialise
62;60865,000000000000000;0,264171006895311;ndvi;StdTime;15-10-17 00:00:00;0,643325874089438;0;2;Cultures
63;12006,000000000000000;0,052109374990308;ndvi;StdTime;15-10-17 00:00:00;0,690769937072478;0;3;Prairies
64;11171,000000000000000;0,048485243046538;ndvi;StdTime;15-10-17 00:00:00;0,728378306321648;0;4;Foret feuillus
65;495,000000000000000;0,002148437499600;ndvi;StdTime;15-10-17 00:00:00;0,768692314624786;0;5;Foret resineux
66;1468,000000000000000;0,006371527776593;ndvi;StdTime;15-10-17 00:00:00;0,741709893381563;0;6;Foret mixte
67;777,000000000000000;0,003372395832706;ndvi;StdTime;15-10-17 00:00:00;0,652409552185386;0;7;Milieux semi-naturels
68;453,000000000000000;0,001966145832968;ndvi;StdTime;15-10-17 00:00:00;0,561016356905565;0;8;Zones humides et eau
71;4130,000000000000000;0,017925347218888;ndvi;StdTime;15-10-17 00:00:00;0,434811149927231;0;1;Artificialise
72;100,000000000000000;0,000434027777697;ndvi;StdTime;15-10-17 00:00:00;0,616894251704216;0;2;Cultures
73;15,000000000000000;0,000065104166655;ndvi;StdTime;15-10-17 00:00:00;0,691359746456146;0;3;Prairies
74;459,000000000000000;0,001992187499629;ndvi;StdTime;15-10-17 00:00:00;0,717216982560999;0;4;Foret feuillus
76;35,000000000000000;0,000151909722194;ndvi;StdTime;15-10-17 00:00:00;0,713203220708030;0;6;Foret mixte
78;9,000000000000000;0,000039062499993;ndvi;StdTime;15-10-17 00:00:00;0,274087028370963;0;8;Zones humides et eau
81;27081,000000000000000;0,117539062478139;ndvi;StdTime;15-10-17 00:00:00;0,569783963600558;0;1;Artificialise
82;30867,000000000000000;0,133971354141749;ndvi;StdTime;15-10-17 00:00:00;0,680677430143576;0;2;Cultures
83;12409,000000000000000;0,053858506934427;ndvi;StdTime;15-10-17 00:00:00;0,702472476066667;0;3;Prairies
84;2241,000000000000000;0,009726562498191;ndvi;StdTime;15-10-17 00:00:00;0,714733195086773;0;4;Foret feuillus
85;5418,000000000000000;0,023515624995626;ndvi;StdTime;15-10-17 00:00:00;0,719127212279441;0;5;Foret resineux
86;3278,000000000000000;0,014227430552909;ndvi;StdTime;15-10-17 00:00:00;0,717295573034469;0;6;Foret mixte
87;1108,000000000000000;0,004809027776883;ndvi;StdTime;15-10-17 00:00:00;0,608432524578666;0;7;Milieux semi-naturels
88;2050,000000000000000;0,008897569442790;ndvi;StdTime;15-10-17 00:00:00;0,401792519246114;0;8;Zones humides et eau
91;21524,000000000000000;0,093420138871514;ndvi;StdTime;15-10-17 00:00:00;0,656495071547423;0;1;Artificialise
92;33863,000000000000000;0,146974826361553;ndvi;StdTime;15-10-17 00:00:00;0,686423362600428;0;2;Cultures
93;20854,000000000000000;0,090512152760943;ndvi;StdTime;15-10-17 00:00:00;0,774610039480891;0;3;Prairies
94;4447,000000000000000;0,019301215274188;ndvi;StdTime;15-10-17 00:00:00;0,735583540171969;0;4;Foret feuillus
95;10528,000000000000000;0,045694444435946;ndvi;StdTime;15-10-17 00:00:00;0,762549891999973;0;5;Foret resineux
96;16812,000000000000000;0,072968749986428;ndvi;StdTime;15-10-17 00:00:00;0,762286707103012;0;6;Foret mixte
97;2449,000000000000000;0,010629340275801;ndvi;StdTime;15-10-17 00:00:00;0,693541356876171;0;7;Milieux semi-naturels
98;2008,000000000000000;0,008715277776157;ndvi;StdTime;15-10-17 00:00:00;0,589717114329398;0;8;Zones humides et eau
101;7501,000000000000000;0,032556423605056;ndvi;StdTime;15-10-17 00:00:00;0,685893894648365;0;1;Artificialise
102;32049,000000000000000;0,139101562474128;ndvi;StdTime;15-10-17 00:00:00;0,737532045558418;0;2;Cultures
103;23798,000000000000000;0,103289930536344;ndvi;StdTime;15-10-17 00:00:00;0,756953540958070;0;3;Prairies
104;18168,000000000000000;0,078854166652000;ndvi;StdTime;15-10-17 00:00:00;0,731335425514028;0;4;Foret feuillus
105;13765,000000000000000;0,059743923599999;ndvi;StdTime;15-10-17 00:00:00;0,759228036155103;0;5;Foret resineux
106;30877,000000000000000;0,134014756919519;ndvi;StdTime;15-10-17 00:00:00;0,750872497031287;0;6;Foret mixte
107;2266,000000000000000;0,009835069442615;ndvi;StdTime;15-10-17 00:00:00;0,729287771963484;0;7;Milieux semi-naturels
108;332,000000000000000;0,001440972221954;ndvi;StdTime;15-10-17 00:00:00;0,655281569404774;0;8;Zones humides et eau
111;13192,000000000000000;0,057256944433795;ndvi;StdTime;15-10-17 00:00:00;0,653046847072025;0;1;Artificialise
112;48169,000000000000000;0,209066840238893;ndvi;StdTime;15-10-17 00:00:00;0,669397677164623;0;2;Cultures
113;9056,000000000000000;0,039305555548245;ndvi;StdTime;15-10-17 00:00:00;0,732133503440547;0;3;Prairies
114;15928,000000000000000;0,069131944431586;ndvi;StdTime;15-10-17 00:00:00;0,733084243462650;0;4;Foret feuillus
115;2083,000000000000000;0,009040798609430;ndvi;StdTime;15-10-17 00:00:00;0,753334655706779;0;5;Foret resineux
116;17702,000000000000000;0,076831597207932;ndvi;StdTime;15-10-17 00:00:00;0,740504097810921;0;6;Foret mixte
117;299,000000000000000;0,001297743055314;ndvi;StdTime;15-10-17 00:00:00;0,715630049290865;0;7;Milieux semi-naturels
118;319,000000000000000;0,001384548610854;ndvi;StdTime;15-10-17 00:00:00;0,598735550073994;0;8;Zones humides et eau
11;19297,000000000000000;0,083754340262200;ndvi;StdTime;15-10-18 00:00:00;0,558341439384996;0;1;Artificialise
12;32515,000000000000000;0,141124131918197;ndvi;StdTime;15-10-18 00:00:00;0,643652206281344;0;2;Cultures
13;4653,000000000000000;0,020195312496244;ndvi;StdTime;15-10-18 00:00:00;0,669713915313493;0;3;Prairies
14;2157,000000000000000;0,009361979164925;ndvi;StdTime;15-10-18 00:00:00;0,707398244833913;0;4;Foret feuillus
15;5373,000000000000000;0,023320312495663;ndvi;StdTime;15-10-18 00:00:00;0,719922908664128;0;5;Foret resineux
16;3663,000000000000000;0,015898437497043;ndvi;StdTime;15-10-18 00:00:00;0,720285307171563;0;6;Foret mixte
17;2665,000000000000000;0,011566840275626;ndvi;StdTime;15-10-18 00:00:00;0,569274828738164;0;7;Milieux semi-naturels
18;1213,000000000000000;0,005264756943465;ndvi;StdTime;15-10-18 00:00:00;0,528316651973858;0;8;Zones humides et eau
21;23651,000000000000000;0,102651909703130;ndvi;StdTime;15-10-18 00:00:00;0,538942263738436;0;1;Artificialise
22;53262,000000000000000;0,231171874957004;ndvi;StdTime;15-10-18 00:00:00;0,624448545096527;0;2;Cultures
23;7495,000000000000000;0,032530381938394;ndvi;StdTime;15-10-18 00:00:00;0,652949215556241;0;3;Prairies
24;1297,000000000000000;0,005629340276731;ndvi;StdTime;15-10-18 00:00:00;0,711474589296920;0;4;Foret feuillus
25;405,000000000000000;0,001757812499673;ndvi;StdTime;15-10-18 00:00:00;0,699039385348191;0;5;Foret resineux
26;881,000000000000000;0,003823784721511;ndvi;StdTime;15-10-18 00:00:00;0,707537786339523;0;6;Foret mixte
27;471,000000000000000;0,002044270832953;ndvi;StdTime;15-10-18 00:00:00;0,485374632724531;0;7;Milieux semi-naturels
28;1266,000000000000000;0,005494791665645;ndvi;StdTime;15-10-18 00:00:00;0,332954568053135;0;8;Zones humides et eau
31;20501,000000000000000;0,088980034705673;ndvi;StdTime;15-10-18 00:00:00;0,573221522371805;0;1;Artificialise
32;33836,000000000000000;0,146857638861575;ndvi;StdTime;15-10-18 00:00:00;0,613399930995027;0;2;Cultures
33;2765,000000000000000;0,012000868053323;ndvi;StdTime;15-10-18 00:00:00;0,654810139951828;0;3;Prairies
34;3126,000000000000000;0,013567708330810;ndvi;StdTime;15-10-18 00:00:00;0,707865338245799;0;4;Foret feuillus
35;335,000000000000000;0,001453993055285;ndvi;StdTime;15-10-18 00:00:00;0,710052986999056;0;5;Foret resineux
36;1500,000000000000000;0,006510416665456;ndvi;StdTime;15-10-18 00:00:00;0,718573718468348;0;6;Foret mixte
37;107,000000000000000;0,000464409722136;ndvi;StdTime;15-10-18 00:00:00;0,635276189195775;0;7;Milieux semi-naturels
38;185,000000000000000;0,000802951388740;ndvi;StdTime;15-10-18 00:00:00;0,578792435977910;0;8;Zones humides et eau
41;18536,000000000000000;0,080451388873926;ndvi;StdTime;15-10-18 00:00:00;0,519679215872026;0;1;Artificialise
42;63126,000000000000000;0,273984374949041;ndvi;StdTime;15-10-18 00:00:00;0,624077521424362;0;2;Cultures
43;8940,000000000000000;0,038802083326116;ndvi;StdTime;15-10-18 00:00:00;0,670198621199169;0;3;Prairies
44;659,000000000000000;0,002860243055024;ndvi;StdTime;15-10-18 00:00:00;0,732389782466367;0;4;Foret feuillus
45;284,000000000000000;0,001232638888660;ndvi;StdTime;15-10-18 00:00:00;0,709758947957569;0;5;Foret resineux
46;586,000000000000000;0,002543402777305;ndvi;StdTime;15-10-18 00:00:00;0,727259639129297;0;6;Foret mixte
47;695,000000000000000;0,003016493054995;ndvi;StdTime;15-10-18 00:00:00;0,519210626517268;0;7;Milieux semi-naturels
48;536,000000000000000;0,002326388888456;ndvi;StdTime;15-10-18 00:00:00;0,384325728354691;0;8;Zones humides et eau
51;8563,000000000000000;0,037165798604199;ndvi;StdTime;15-10-18 00:00:00;0,615655696212475;0;1;Artificialise
52;20512,000000000000000;0,089027777761219;ndvi;StdTime;15-10-18 00:00:00;0,584002963714764;0;2;Cultures
53;880,000000000000000;0,003819444443734;ndvi;StdTime;15-10-18 00:00:00;0,632045612890612;0;3;Prairies
54;685,000000000000000;0,002973090277225;ndvi;StdTime;15-10-18 00:00:00;0,704913377457292;0;4;Foret feuillus
55;219,000000000000000;0,000950520833157;ndvi;StdTime;15-10-18 00:00:00;0,734314093034562;0;5;Foret resineux
56;1277,000000000000000;0,005542534721191;ndvi;StdTime;15-10-18 00:00:00;0,716971157581057;0;6;Foret mixte
57;15,000000000000000;0,000065104166655;ndvi;StdTime;15-10-18 00:00:00;0,514450881878535;0;7;Milieux semi-naturels
58;2,000000000000000;0,000008680555554;ndvi;StdTime;15-10-18 00:00:00;0,663941651582718;0;8;Zones humides et eau
61;23918,000000000000000;0,103810763869581;ndvi;StdTime;15-10-18 00:00:00;0,569292299843810;0;1;Artificialise
62;60865,000000000000000;0,264171006895311;ndvi;StdTime;15-10-18 00:00:00;0,591868556452386;0;2;Cultures
63;12006,000000000000000;0,052109374990308;ndvi;StdTime;15-10-18 00:00:00;0,644159525579489;0;3;Prairies
64;11171,000000000000000;0,048485243046538;ndvi;StdTime;15-10-18 00:00:00;0,736155238291666;0;4;Foret feuillus
65;495,000000000000000;0,002148437499600;ndvi;StdTime;15-10-18 00:00:00;0,770640773243375;0;5;Foret resineux
66;1468,000000000000000;0,006371527776593;ndvi;StdTime;15-10-18 00:00:00;0,744283417305765;0;6;Foret mixte
67;777,000000000000000;0,003372395832706;ndvi;StdTime;15-10-18 00:00:00;0,640302853311197;0;7;Milieux semi-naturels
68;453,000000000000000;0,001966145832968;ndvi;StdTime;15-10-18 00:00:00;0,533609381508880;0;8;Zones humides et eau
71;4130,000000000000000;0,017925347218888;ndvi;StdTime;15-10-18 00:00:00;0,428972690298107;0;1;Artificialise
72;100,000000000000000;0,000434027777697;ndvi;StdTime;15-10-18 00:00:00;0,599744185507298;0;2;Cultures
73;15,000000000000000;0,000065104166655;ndvi;StdTime;15-10-18 00:00:00;0,677509323755900;0;3;Prairies
74;459,000000000000000;0,001992187499629;ndvi;StdTime;15-10-18 00:00:00;0,715979009087569;0;4;Foret feuillus
76;35,000000000000000;0,000151909722194;ndvi;StdTime;15-10-18 00:00:00;0,709306461470468;0;6;Foret mixte
78;9,000000000000000;0,000039062499993;ndvi;StdTime;15-10-18 00:00:00;0,271538512574302;0;8;Zones humides et eau
81;27366,000000000000000;0,118776041644575;ndvi;StdTime;15-10-18 00:00:00;0,533871666311604;0;1;Artificialise
82;30867,000000000000000;0,133971354141749;ndvi;StdTime;15-10-18 00:00:00;0,651726876703192;0;2;Cultures
83;12409,000000000000000;0,053858506934427;ndvi;StdTime;15-10-18 00:00:00;0,667987521176122;0;3;Prairies
84;2241,000000000000000;0,009726562498191;ndvi;StdTime;15-10-18 00:00:00;0,702819561197630;0;4;Foret feuillus
85;5418,000000000000000;0,023515624995626;ndvi;StdTime;15-10-18 00:00:00;0,707480993329508;0;5;Foret resineux
86;3278,000000000000000;0,014227430552909;ndvi;StdTime;15-10-18 00:00:00;0,708144415990475;0;6;Foret mixte
87;1125,000000000000000;0,004882812499092;ndvi;StdTime;15-10-18 00:00:00;0,588087667200300;0;7;Milieux semi-naturels
88;2230,000000000000000;0,009678819442644;ndvi;StdTime;15-10-18 00:00:00;0,358143551384881;0;8;Zones humides et eau
91;21524,000000000000000;0,093420138871514;ndvi;StdTime;15-10-18 00:00:00;0,615250602590227;0;1;Artificialise
92;33863,000000000000000;0,146974826361553;ndvi;StdTime;15-10-18 00:00:00;0,633452452281586;0;2;Cultures
93;20854,000000000000000;0,090512152760943;ndvi;StdTime;15-10-18 00:00:00;0,734685213847129;0;3;Prairies
94;4447,000000000000000;0,019301215274188;ndvi;StdTime;15-10-18 00:00:00;0,722861429299024;0;4;Foret feuillus
95;10528,000000000000000;0,045694444435946;ndvi;StdTime;15-10-18 00:00:00;0,771159584492465;0;5;Foret resineux
96;16812,000000000000000;0,072968749986428;ndvi;StdTime;15-10-18 00:00:00;0,758670340962009;0;6;Foret mixte
97;2449,000000000000000;0,010629340275801;ndvi;StdTime;15-10-18 00:00:00;0,655764157417213;0;7;Milieux semi-naturels
98;2008,000000000000000;0,008715277776157;ndvi;StdTime;15-10-18 00:00:00;0,557821203835783;0;8;Zones humides et eau
101;7501,000000000000000;0,032556423605056;ndvi;StdTime;15-10-18 00:00:00;0,632385958825934;0;1;Artificialise
102;32049,000000000000000;0,139101562474128;ndvi;StdTime;15-10-18 00:00:00;0,677559685006322;0;2;Cultures
103;23798,000000000000000;0,103289930536344;ndvi;StdTime;15-10-18 00:00:00;0,695695733608157;0;3;Prairies
104;18168,000000000000000;0,078854166652000;ndvi;StdTime;15-10-18 00:00:00;0,747167404793538;0;4;Foret feuillus
105;13765,000000000000000;0,059743923599999;ndvi;StdTime;15-10-18 00:00:00;0,756623418490064;0;5;Foret resineux
106;30877,000000000000000;0,134014756919519;ndvi;StdTime;15-10-18 00:00:00;0,748845510504484;0;6;Foret mixte
107;2266,000000000000000;0,009835069442615;ndvi;StdTime;15-10-18 00:00:00;0,710679363396877;0;7;Milieux semi-naturels
108;332,000000000000000;0,001440972221954;ndvi;StdTime;15-10-18 00:00:00;0,645961860845606;0;8;Zones humides et eau
111;13192,000000000000000;0,057256944433795;ndvi;StdTime;15-10-18 00:00:00;0,626815024148865;0;1;Artificialise
112;48169,000000000000000;0,209066840238893;ndvi;StdTime;15-10-18 00:00:00;0,628609426042266;0;2;Cultures
113;9056,000000000000000;0,039305555548245;ndvi;StdTime;15-10-18 00:00:00;0,695723837610109;0;3;Prairies
114;15928,000000000000000;0,069131944431586;ndvi;StdTime;15-10-18 00:00:00;0,735768558544499;0;4;Foret feuillus
115;2083,000000000000000;0,009040798609430;ndvi;StdTime;15-10-18 00:00:00;0,761282207985310;0;5;Foret resineux
116;17702,000000000000000;0,076831597207932;ndvi;StdTime;15-10-18 00:00:00;0,739919376429185;0;6;Foret mixte
117;299,000000000000000;0,001297743055314;ndvi;StdTime;15-10-18 00:00:00;0,698577592404790;0;7;Milieux semi-naturels
118;319,000000000000000;0,001384548610854;ndvi;StdTime;15-10-18 00:00:00;0,588375639672563;0;8;Zones humides et eau
11;19297,000000000000000;0,083754340262200;ndvi;StdTime;15-10-19 00:00:00;0,584363001264235;0;1;Artificialise
12;32515,000000000000000;0,141124131918197;ndvi;StdTime;15-10-19 00:00:00;0,669975862747043;0;2;Cultures
13;4653,000000000000000;0,020195312496244;ndvi;StdTime;15-10-19 00:00:00;0,693846700084151;0;3;Prairies
14;2157,000000000000000;0,009361979164925;ndvi;StdTime;15-10-19 00:00:00;0,722190096995098;0;4;Foret feuillus
15;5373,000000000000000;0,023320312495663;ndvi;StdTime;15-10-19 00:00:00;0,725723026424683;0;5;Foret resineux
16;3663,000000000000000;0,015898437497043;ndvi;StdTime;15-10-19 00:00:00;0,722548688927409;0;6;Foret mixte
17;2665,000000000000000;0,011566840275626;ndvi;StdTime;15-10-19 00:00:00;0,611026971975924;0;7;Milieux semi-naturels
18;1213,000000000000000;0,005264756943465;ndvi;StdTime;15-10-19 00:00:00;0,550604965685201;0;8;Zones humides et eau
21;23572,000000000000000;0,102309027758749;ndvi;StdTime;15-10-19 00:00:00;0,561664291312932;0;1;Artificialise
22;53262,000000000000000;0,231171874957004;ndvi;StdTime;15-10-19 00:00:00;0,650609020374980;0;2;Cultures
23;7495,000000000000000;0,032530381938394;ndvi;StdTime;15-10-19 00:00:00;0,678036048688278;0;3;Prairies
24;1297,000000000000000;0,005629340276731;ndvi;StdTime;15-10-19 00:00:00;0,725698764244225;0;4;Foret feuillus
25;405,000000000000000;0,001757812499673;ndvi;StdTime;15-10-19 00:00:00;0,726195906194640;0;5;Foret resineux
26;881,000000000000000;0,003823784721511;ndvi;StdTime;15-10-19 00:00:00;0,724386565970779;0;6;Foret mixte
27;462,000000000000000;0,002005208332960;ndvi;StdTime;15-10-19 00:00:00;0,508239507610664;0;7;Milieux semi-naturels
28;1215,000000000000000;0,005273437499019;ndvi;StdTime;15-10-19 00:00:00;0,355577226493010;0;8;Zones humides et eau
31;20501,000000000000000;0,088980034705673;ndvi;StdTime;15-10-19 00:00:00;0,607700888162518;0;1;Artificialise
32;33836,000000000000000;0,146857638861575;ndvi;StdTime;15-10-19 00:00:00;0,654713928004554;0;2;Cultures
33;2765,000000000000000;0,012000868053323;ndvi;StdTime;15-10-19 00:00:00;0,695681051319806;0;3;Prairies
34;3126,000000000000000;0,013567708330810;ndvi;StdTime;15-10-19 00:00:00;0,730377040236178;0;4;Foret feuillus
35;335,000000000000000;0,001453993055285;ndvi;StdTime;15-10-19 00:00:00;0,732067702777350;0;5;Foret resineux
36;1500,000000000000000;0,006510416665456;ndvi;StdTime;15-10-19 00:00:00;0,732510709901650;0;6;Foret mixte
37;107,000000000000000;0,000464409722136;ndvi;StdTime;15-10-19 00:00:00;0,677761129965292;0;7;Milieux semi-naturels
38;185,000000000000000;0,000802951388740;ndvi;StdTime;15-10-19 00:00:00;0,616957430098508;0;8;Zones humides et eau
41;18540,000000000000000;0,080468749985033;ndvi;StdTime;15-10-19 00:00:00;0,516847764267243;0;1;Artificialise
42;63126,000000000000000;0,273984374949041;ndvi;StdTime;15-10-19 00:00:00;0,604197853358059;0;2;Cultures
43;8940,000000000000000;0,038802083326116;ndvi;StdTime;15-10-19 00:00:00;0,654831189445535;0;3;Prairies
44;659,000000000000000;0,002860243055024;ndvi;StdTime;15-10-19 00:00:00;0,739648155087947;0;4;Foret feuillus
45;284,000000000000000;0,001232638888660;ndvi;StdTime;15-10-19 00:00:00;0,732015562834034;0;5;Foret resineux
46;586,000000000000000;0,002543402777305;ndvi;StdTime;15-10-19 00:00:00;0,733890509035807;0;6;Foret mixte
47;694,000000000000000;0,003012152777218;ndvi;StdTime;15-10-19 00:00:00;0,521322898908253;0;7;Milieux semi-naturels
48;514,000000000000000;0,002230902777363;ndvi;StdTime;15-10-19 00:00:00;0,379054918998475;0;8;Zones humides et eau
51;8563,000000000000000;0,037165798604199;ndvi;StdTime;15-10-19 00:00:00;0,634164328738991;0;1;Artificialise
52;20512,000000000000000;0,089027777761219;ndvi;StdTime;15-10-19 00:00:00;0,607941905860377;0;2;Cultures
53;880,000000000000000;0,003819444443734;ndvi;StdTime;15-10-19 00:00:00;0,646995379166171;0;3;Prairies
54;685,000000000000000;0,002973090277225;ndvi;StdTime;15-10-19 00:00:00;0,718445169925690;0;4;Foret feuillus
55;219,000000000000000;0,000950520833157;ndvi;StdTime;15-10-19 00:00:00;0,731671046720792;0;5;Foret resineux
56;1277,000000000000000;0,005542534721191;ndvi;StdTime;15-10-19 00:00:00;0,720409750845064;0;6;Foret mixte
57;15,000000000000000;0,000065104166655;ndvi;StdTime;15-10-19 00:00:00;0,577799103657405;0;7;Milieux semi-naturels
58;2,000000000000000;0,000008680555554;ndvi;StdTime;15-10-19 00:00:00;0,632389992475510;0;8;Zones humides et eau
61;23918,000000000000000;0,103810763869581;ndvi;StdTime;15-10-19 00:00:00;0,582578814199649;0;1;Artificialise
62;60865,000000000000000;0,264171006895311;ndvi;StdTime;15-10-19 00:00:00;0,603304602180174;0;2;Cultures
63;12006,000000000000000;0,052109374990308;ndvi;StdTime;15-10-19 00:00:00;0,655200220082236;0;3;Prairies
64;11171,000000000000000;0,048485243046538;ndvi;StdTime;15-10-19 00:00:00;0,729897439920018;0;4;Foret feuillus
65;495,000000000000000;0,002148437499600;ndvi;StdTime;15-10-19 00:00:00;0,768881735416374;0;5;Foret resineux
66;1468,000000000000000;0,006371527776593;ndvi;StdTime;15-10-19 00:00:00;0,744261740359201;0;6;Foret mixte
67;777,000000000000000;0,003372395832706;ndvi;StdTime;15-10-19 00:00:00;0,652635781614630;0;7;Milieux semi-naturels
68;453,000000000000000;0,001966145832968;ndvi;StdTime;15-10-19 00:00:00;0,563133307738809;0;8;Zones humides et eau
71;4130,000000000000000;0,017925347218888;ndvi;StdTime;15-10-19 00:00:00;0,456801043818850;0;1;Artificialise
72;100,000000000000000;0,000434027777697;ndvi;StdTime;15-10-19 00:00:00;0,636861814856529;0;2;Cultures
73;15,000000000000000;0,000065104166655;ndvi;StdTime;15-10-19 00:00:00;0,695091772079468;0;3;Prairies
74;459,000000000000000;0,001992187499629;ndvi;StdTime;15-10-19 00:00:00;0,723086207910301;0;4;Foret feuillus
76;35,000000000000000;0,000151909722194;ndvi;StdTime;15-10-19 00:00:00;0,713728552205222;0;6;Foret mixte
78;9,000000000000000;0,000039062499993;ndvi;StdTime;15-10-19 00:00:00;0,280131669508086;0;8;Zones humides et eau
81;27319,000000000000000;0,118572048589058;ndvi;StdTime;15-10-19 00:00:00;0,562867393384428;0;1;Artificialise
82;30867,000000000000000;0,133971354141749;ndvi;StdTime;15-10-19 00:00:00;0,678708460690173;0;2;Cultures
83;12409,000000000000000;0,053858506934427;ndvi;StdTime;15-10-19 00:00:00;0,694440557384328;0;3;Prairies
84;2241,000000000000000;0,009726562498191;ndvi;StdTime;15-10-19 00:00:00;0,722314948418053;0;4;Foret feuillus
85;5418,000000000000000;0,023515624995626;ndvi;StdTime;15-10-19 00:00:00;0,726925827232772;0;5;Foret resineux
86;3278,000000000000000;0,014227430552909;ndvi;StdTime;15-10-19 00:00:00;0,729634273826823;0;6;Foret mixte
87;1120,000000000000000;0,004861111110207;ndvi;StdTime;15-10-19 00:00:00;0,609588276854316;0;7;Milieux semi-naturels
88;2165,000000000000000;0,009396701387141;ndvi;StdTime;15-10-19 00:00:00;0,381693001308179;0;8;Zones humides et eau
91;21524,000000000000000;0,093420138871514;ndvi;StdTime;15-10-19 00:00:00;0,641545573926187;0;1;Artificialise
92;33863,000000000000000;0,146974826361553;ndvi;StdTime;15-10-19 00:00:00;0,658309481387859;0;2;Cultures
93;20854,000000000000000;0,090512152760943;ndvi;StdTime;15-10-19 00:00:00;0,764131460413498;0;3;Prairies
94;4447,000000000000000;0,019301215274188;ndvi;StdTime;15-10-19 00:00:00;0,732067308172312;0;4;Foret feuillus
95;10528,000000000000000;0,045694444435946;ndvi;StdTime;15-10-19 00:00:00;0,777990436611702;0;5;Foret resineux
96;16812,000000000000000;0,072968749986428;ndvi;StdTime;15-10-19 00:00:00;0,766526811604852;0;6;Foret mixte
97;2449,000000000000000;0,010629340275801;ndvi;StdTime;15-10-19 00:00:00;0,700042060853608;0;7;Milieux semi-naturels
98;2008,000000000000000;0,008715277776157;ndvi;StdTime;15-10-19 00:00:00;0,598307806902019;0;8;Zones humides et eau
101;7501,000000000000000;0,032556423605056;ndvi;StdTime;15-10-19 00:00:00;0,671270752686959;0;1;Artificialise
102;32049,000000000000000;0,139101562474128;ndvi;StdTime;15-10-19 00:00:00;0,719028514558920;0;2;Cultures
103;23798,000000000000000;0,103289930536344;ndvi;StdTime;15-10-19 00:00:00;0,736788568784534;0;3;Prairies
104;18168,000000000000000;0,078854166652000;ndvi;StdTime;15-10-19 00:00:00;0,759719150310660;0;4;Foret feuillus
105;13765,000000000000000;0,059743923599999;ndvi;StdTime;15-10-19 00:00:00;0,769929849510404;0;5;Foret resineux
106;30877,000000000000000;0,134014756919519;ndvi;StdTime;15-10-19 00:00:00;0,765275124613317;0;6;Foret mixte
107;2266,000000000000000;0,009835069442615;ndvi;StdTime;15-10-19 00:00:00;0,739066325003135;0;7;Milieux semi-naturels
108;332,000000000000000;0,001440972221954;ndvi;StdTime;15-10-19 00:00:00;0,671066334269133;0;8;Zones humides et eau
111;13192,000000000000000;0,057256944433795;ndvi;StdTime;15-10-19 00:00:00;0,636940442347586;0;1;Artificialise
112;48169,000000000000000;0,209066840238893;ndvi;StdTime;15-10-19 00:00:00;0,633718162716885;0;2;Cultures
113;9056,000000000000000;0,039305555548245;ndvi;StdTime;15-10-19 00:00:00;0,700185723418483;0;3;Prairies
114;15928,000000000000000;0,069131944431586;ndvi;StdTime;15-10-19 00:00:00;0,733383320608761;0;4;Foret feuillus
115;2083,000000000000000;0,009040798609430;ndvi;StdTime;15-10-19 00:00:00;0,764528559825766;0;5;Foret resineux
116;17702,000000000000000;0,076831597207932;ndvi;StdTime;15-10-19 00:00:00;0,741250817564742;0;6;Foret mixte
117;299,000000000000000;0,001297743055314;ndvi;StdTime;15-10-19 00:00:00;0,725595561158298;0;7;Milieux semi-naturels
118;319,000000000000000;0,001384548610854;ndvi;StdTime;15-10-19 00:00:00;0,590484034678779;0;8;Zones humides et eau
11;19297,000000000000000;0,083754340262200;ndvi;StdTime;15-10-20 00:00:00;0,578647016789367;0;1;Artificialise
12;32515,000000000000000;0,141124131918197;ndvi;StdTime;15-10-20 00:00:00;0,659048021704019;0;2;Cultures
13;4653,000000000000000;0,020195312496244;ndvi;StdTime;15-10-20 00:00:00;0,683817201235359;0;3;Prairies
14;2157,000000000000000;0,009361979164925;ndvi;StdTime;15-10-20 00:00:00;0,720018063809621;0;4;Foret feuillus
15;5373,000000000000000;0,023320312495663;ndvi;StdTime;15-10-20 00:00:00;0,737307940501419;0;5;Foret resineux
16;3663,000000000000000;0,015898437497043;ndvi;StdTime;15-10-20 00:00:00;0,731392660265962;0;6;Foret mixte
17;2665,000000000000000;0,011566840275626;ndvi;StdTime;15-10-20 00:00:00;0,623406909928984;0;7;Milieux semi-naturels
18;1213,000000000000000;0,005264756943465;ndvi;StdTime;15-10-20 00:00:00;0,558853885958928;0;8;Zones humides et eau
21;23629,000000000000000;0,102556423592036;ndvi;StdTime;15-10-20 00:00:00;0,550001235082883;0;1;Artificialise
22;53262,000000000000000;0,231171874957004;ndvi;StdTime;15-10-20 00:00:00;0,628930706999003;0;2;Cultures
23;7495,000000000000000;0,032530381938394;ndvi;StdTime;15-10-20 00:00:00;0,654570551420390;0;3;Prairies
24;1297,000000000000000;0,005629340276731;ndvi;StdTime;15-10-20 00:00:00;0,721438296868788;0;4;Foret feuillus
25;405,000000000000000;0,001757812499673;ndvi;StdTime;15-10-20 00:00:00;0,715074383182290;0;5;Foret resineux
26;881,000000000000000;0,003823784721511;ndvi;StdTime;15-10-20 00:00:00;0,716340729651738;0;6;Foret mixte
27;467,000000000000000;0,002026909721845;ndvi;StdTime;15-10-20 00:00:00;0,501977856109433;0;7;Milieux semi-naturels
28;1249,000000000000000;0,005421006943436;ndvi;StdTime;15-10-20 00:00:00;0,353797071104275;0;8;Zones humides et eau
31;20501,000000000000000;0,088980034705673;ndvi;StdTime;15-10-20 00:00:00;0,599131421676793;0;1;Artificialise
32;33836,000000000000000;0,146857638861575;ndvi;StdTime;15-10-20 00:00:00;0,641173133444478;0;2;Cultures
33;2765,000000000000000;0,012000868053323;ndvi;StdTime;15-10-20 00:00:00;0,685249127919161;0;3;Prairies
34;3126,000000000000000;0,013567708330810;ndvi;StdTime;15-10-20 00:00:00;0,740656937171617;0;4;Foret feuillus
35;335,000000000000000;0,001453993055285;ndvi;StdTime;15-10-20 00:00:00;0,742961293547900;0;5;Foret resineux
36;1500,000000000000000;0,006510416665456;ndvi;StdTime;15-10-20 00:00:00;0,739149257361889;0;6;Foret mixte
37;107,000000000000000;0,000464409722136;ndvi;StdTime;15-10-20 00:00:00;0,667242663485982;0;7;Milieux semi-naturels
38;185,000000000000000;0,000802951388740;ndvi;StdTime;15-10-20 00:00:00;0,621162144880037;0;8;Zones humides et eau
41;18539,000000000000000;0,080464409707257;ndvi;StdTime;15-10-20 00:00:00;0,528168320855337;0;1;Artificialise
42;63125,000000000000000;0,273980034671264;ndvi;StdTime;15-10-20 00:00:00;0,625343727496118;0;2;Cultures
43;8940,000000000000000;0,038802083326116;ndvi;StdTime;15-10-20 00:00:00;0,676833468865629;0;3;Prairies
44;659,000000000000000;0,002860243055024;ndvi;StdTime;15-10-20 00:00:00;0,741258849413876;0;4;Foret feuillus
45;284,000000000000000;0,001232638888660;ndvi;StdTime;15-10-20 00:00:00;0,718921658753509;0;5;Foret resineux
46;585,000000000000000;0,002539062499528;ndvi;StdTime;15-10-20 00:00:00;0,730346488443195;0;6;Foret mixte
47;692,000000000000000;0,003003472221664;ndvi;StdTime;15-10-20 00:00:00;0,530498958184690;0;7;Milieux semi-naturels
48;529,000000000000000;0,002296006944017;ndvi;StdTime;15-10-20 00:00:00;0,390330356858241;0;8;Zones humides et eau
51;8563,000000000000000;0,037165798604199;ndvi;StdTime;15-10-20 00:00:00;0,640306220873349;0;1;Artificialise
52;20512,000000000000000;0,089027777761219;ndvi;StdTime;15-10-20 00:00:00;0,599005948403465;0;2;Cultures
53;880,000000000000000;0,003819444443734;ndvi;StdTime;15-10-20 00:00:00;0,660029766674746;0;3;Prairies
54;685,000000000000000;0,002973090277225;ndvi;StdTime;15-10-20 00:00:00;0,723590598619767;0;4;Foret feuillus
55;219,000000000000000;0,000950520833157;ndvi;StdTime;15-10-20 00:00:00;0,759355940230905;0;5;Foret resineux
56;1277,000000000000000;0,005542534721191;ndvi;StdTime;15-10-20 00:00:00;0,740812199883100;0;6;Foret mixte
57;15,000000000000000;0,000065104166655;ndvi;StdTime;15-10-20 00:00:00;0,531890426079432;0;7;Milieux semi-naturels
58;2,000000000000000;0,000008680555554;ndvi;StdTime;15-10-20 00:00:00;0,753301650285721;0;8;Zones humides et eau
61;23915,000000000000000;0,103797743036250;ndvi;StdTime;15-10-20 00:00:00;0,570210957764870;0;1;Artificialise
62;60865,000000000000000;0,264171006895311;ndvi;StdTime;15-10-20 00:00:00;0,580048672165595;0;2;Cultures
63;12006,000000000000000;0,052109374990308;ndvi;StdTime;15-10-20 00:00:00;0,635836880889294;0;3;Prairies
64;11171,000000000000000;0,048485243046538;ndvi;StdTime;15-10-20 00:00:00;0,727165550286977;0;4;Foret feuillus
65;495,000000000000000;0,002148437499600;ndvi;StdTime;15-10-20 00:00:00;0,769884861960555;0;5;Foret resineux
66;1468,000000000000000;0,006371527776593;ndvi;StdTime;15-10-20 00:00:00;0,743600549120506;0;6;Foret mixte
67;777,000000000000000;0,003372395832706;ndvi;StdTime;15-10-20 00:00:00;0,647511146051696;0;7;Milieux semi-naturels
68;450,000000000000000;0,001953124999637;ndvi;StdTime;15-10-20 00:00:00;0,558144811160035;0;8;Zones humides et eau
71;4130,000000000000000;0,017925347218888;ndvi;StdTime;15-10-20 00:00:00;0,459425853979357;0;1;Artificialise
72;100,000000000000000;0,000434027777697;ndvi;StdTime;15-10-20 00:00:00;0,623978184461593;0;2;Cultures
73;15,000000000000000;0,000065104166655;ndvi;StdTime;15-10-20 00:00:00;0,702482191721598;0;3;Prairies
74;459,000000000000000;0,001992187499629;ndvi;StdTime;15-10-20 00:00:00;0,755924394577416;0;4;Foret feuillus
76;35,000000000000000;0,000151909722194;ndvi;StdTime;15-10-20 00:00:00;0,744365222113473;0;6;Foret mixte
78;9,000000000000000;0,000039062499993;ndvi;StdTime;15-10-20 00:00:00;0,257468319601483;0;8;Zones humides et eau
81;27119,000000000000000;0,117703993033664;ndvi;StdTime;15-10-20 00:00:00;0,555703108286926;0;1;Artificialise
82;30866,000000000000000;0,133967013863972;ndvi;StdTime;15-10-20 00:00:00;0,666343313551749;0;2;Cultures
83;12409,000000000000000;0,053858506934427;ndvi;StdTime;15-10-20 00:00:00;0,683621736946906;0;3;Prairies
84;2241,000000000000000;0,009726562498191;ndvi;StdTime;15-10-20 00:00:00;0,721184490741443;0;4;Foret feuillus
85;5418,000000000000000;0,023515624995626;ndvi;StdTime;15-10-20 00:00:00;0,723990109913813;0;5;Foret resineux
86;3278,000000000000000;0,014227430552909;ndvi;StdTime;15-10-20 00:00:00;0,730814119422487;0;6;Foret mixte
87;1109,000000000000000;0,004813368054660;ndvi;StdTime;15-10-20 00:00:00;0,621176127488813;0;7;Milieux semi-naturels
88;2118,000000000000000;0,009192708331624;ndvi;StdTime;15-10-20 00:00:00;0,399652568883407;0;8;Zones humides et eau
91;21524,000000000000000;0,093420138871514;ndvi;StdTime;15-10-20 00:00:00;0,620697430243081;0;1;Artificialise
92;33863,000000000000000;0,146974826361553;ndvi;StdTime;15-10-20 00:00:00;0,640336326589203;0;2;Cultures
93;20854,000000000000000;0,090512152760943;ndvi;StdTime;15-10-20 00:00:00;0,746946538378985;0;3;Prairies
94;4447,000000000000000;0,019301215274188;ndvi;StdTime;15-10-20 00:00:00;0,722222759934364;0;4;Foret feuillus
95;10528,000000000000000;0,045694444435946;ndvi;StdTime;15-10-20 00:00:00;0,772819189564254;0;5;Foret resineux
96;16812,000000000000000;0,072968749986428;ndvi;StdTime;15-10-20 00:00:00;0,757005456373248;0;6;Foret mixte
97;2449,000000000000000;0,010629340275801;ndvi;StdTime;15-10-20 00:00:00;0,697248244404842;0;7;Milieux semi-naturels
98;2008,000000000000000;0,008715277776157;ndvi;StdTime;15-10-20 00:00:00;0,611390084740650;0;8;Zones humides et eau
101;7501,000000000000000;0,032556423605056;ndvi;StdTime;15-10-20 00:00:00;0,637806920041928;0;1;Artificialise
102;32049,000000000000000;0,139101562474128;ndvi;StdTime;15-10-20 00:00:00;0,688992670446871;0;2;Cultures
103;23798,000000000000000;0,103289930536344;ndvi;StdTime;15-10-20 00:00:00;0,702609901602692;0;3;Prairies
104;18168,000000000000000;0,078854166652000;ndvi;StdTime;15-10-20 00:00:00;0,735741113924811;0;4;Foret feuillus
105;13765,000000000000000;0,059743923599999;ndvi;StdTime;15-10-20 00:00:00;0,764196404694559;0;5;Foret resineux
106;30877,000000000000000;0,134014756919519;ndvi;StdTime;15-10-20 00:00:00;0,755168585790875;0;6;Foret mixte
107;2266,000000000000000;0,009835069442615;ndvi;StdTime;15-10-20 00:00:00;0,737122185521702;0;7;Milieux semi-naturels
108;332,000000000000000;0,001440972221954;ndvi;StdTime;15-10-20 00:00:00;0,686777398169759;0;8;Zones humides et eau
111;13192,000000000000000;0,057256944433795;ndvi;StdTime;15-10-20 00:00:00;0,607482277848654;0;1;Artificialise
112;48169,000000000000000;0,209066840238893;ndvi;StdTime;15-10-20 00:00:00;0,604101288192790;0;2;Cultures
113;9056,000000000000000;0,039305555548245;ndvi;StdTime;15-10-20 00:00:00;0,658489396249341;0;3;Prairies
114;15928,000000000000000;0,069131944431586;ndvi;StdTime;15-10-20 00:00:00;0,718012435817352;0;4;Foret feuillus
115;2083,000000000000000;0,009040798609430;ndvi;StdTime;15-10-20 00:00:00;0,763506518180590;0;5;Foret resineux
116;17702,000000000000000;0,076831597207932;ndvi;StdTime;15-10-20 00:00:00;0,725502105319708;0;6;Foret mixte
117;299,000000000000000;0,001297743055314;ndvi;StdTime;15-10-20 00:00:00;0,706173793129299;0;7;Milieux semi-naturels
118;319,000000000000000;0,001384548610854;ndvi;StdTime;15-10-20 00:00:00;0,587793558368862;0;8;Zones humides et eau
11;19297,000000000000000;0,083754340262200;ndvi;StdTime;15-10-21 00:00:00;0,598953953852110;0;1;Artificialise
12;32515,000000000000000;0,141124131918197;ndvi;StdTime;15-10-21 00:00:00;0,684216479840015;0;2;Cultures
13;4653,000000000000000;0,020195312496244;ndvi;StdTime;15-10-21 00:00:00;0,713090364885105;0;3;Prairies
14;2157,000000000000000;0,009361979164925;ndvi;StdTime;15-10-21 00:00:00;0,727350083611109;0;4;Foret feuillus
15;5373,000000000000000;0,023320312495663;ndvi;StdTime;15-10-21 00:00:00;0,742067958564037;0;5;Foret resineux
16;3663,000000000000000;0,015898437497043;ndvi;StdTime;15-10-21 00:00:00;0,740146570853480;0;6;Foret mixte
17;2665,000000000000000;0,011566840275626;ndvi;StdTime;15-10-21 00:00:00;0,637280354485280;0;7;Milieux semi-naturels
18;1213,000000000000000;0,005264756943465;ndvi;StdTime;15-10-21 00:00:00;0,559816332839534;0;8;Zones humides et eau
21;23599,000000000000000;0,102426215258727;ndvi;StdTime;15-10-21 00:00:00;0,581248980898143;0;1;Artificialise
22;53262,000000000000000;0,231171874957004;ndvi;StdTime;15-10-21 00:00:00;0,677386490095926;0;2;Cultures
23;7495,000000000000000;0,032530381938394;ndvi;StdTime;15-10-21 00:00:00;0,707393063564075;0;3;Prairies
24;1297,000000000000000;0,005629340276731;ndvi;StdTime;15-10-21 00:00:00;0,737576264207328;0;4;Foret feuillus
25;405,000000000000000;0,001757812499673;ndvi;StdTime;15-10-21 00:00:00;0,742706463660723;0;5;Foret resineux
26;881,000000000000000;0,003823784721511;ndvi;StdTime;15-10-21 00:00:00;0,743629464801405;0;6;Foret mixte
27;459,000000000000000;0,001992187499629;ndvi;StdTime;15-10-21 00:00:00;0,520922533218182;0;7;Milieux semi-naturels
28;1219,000000000000000;0,005290798610127;ndvi;StdTime;15-10-21 00:00:00;0,355567829778733;0;8;Zones humides et eau
31;20501,000000000000000;0,088980034705673;ndvi;StdTime;15-10-21 00:00:00;0,622312441309785;0;1;Artificialise
32;33836,000000000000000;0,146857638861575;ndvi;StdTime;15-10-21 00:00:00;0,663015410686327;0;2;Cultures
33;2765,000000000000000;0,012000868053323;ndvi;StdTime;15-10-21 00:00:00;0,704724150066135;0;3;Prairies
34;3126,000000000000000;0,013567708330810;ndvi;StdTime;15-10-21 00:00:00;0,742024977296418;0;4;Foret feuillus
35;335,000000000000000;0,001453993055285;ndvi;StdTime;15-10-21 00:00:00;0,751272791535107;0;5;Foret resineux
36;1500,000000000000000;0,006510416665456;ndvi;StdTime;15-10-21 00:00:00;0,750816056092580;0;6;Foret mixte
37;107,000000000000000;0,000464409722136;ndvi;StdTime;15-10-21 00:00:00;0,681603011683883;0;7;Milieux semi-naturels
38;185,000000000000000;0,000802951388740;ndvi;StdTime;15-10-21 00:00:00;0,630012891179807;0;8;Zones humides et eau
41;18529,000000000000000;0,080421006929487;ndvi;StdTime;15-10-21 00:00:00;0,545317058725022;0;1;Artificialise
42;63126,000000000000000;0,273984374949041;ndvi;StdTime;15-10-21 00:00:00;0,642260347575172;0;2;Cultures
43;8940,000000000000000;0,038802083326116;ndvi;StdTime;15-10-21 00:00:00;0,694492018947864;0;3;Prairies
44;659,000000000000000;0,002860243055024;ndvi;StdTime;15-10-21 00:00:00;0,757587156093175;0;4;Foret feuillus
45;283,000000000000000;0,001228298610883;ndvi;StdTime;15-10-21 00:00:00;0,753190950349026;0;5;Foret resineux
46;586,000000000000000;0,002543402777305;ndvi;StdTime;15-10-21 00:00:00;0,767782232612880;0;6;Foret mixte
47;692,000000000000000;0,003003472221664;ndvi;StdTime;15-10-21 00:00:00;0,537188341584046;0;7;Milieux semi-naturels
48;529,000000000000000;0,002296006944017;ndvi;StdTime;15-10-21 00:00:00;0,382943147309375;0;8;Zones humides et eau
51;8563,000000000000000;0,037165798604199;ndvi;StdTime;15-10-21 00:00:00;0,651314764332649;0;1;Artificialise
52;20512,000000000000000;0,089027777761219;ndvi;StdTime;15-10-21 00:00:00;0,598801933167220;0;2;Cultures
53;880,000000000000000;0,003819444443734;ndvi;StdTime;15-10-21 00:00:00;0,663202724030073;0;3;Prairies
54;685,000000000000000;0,002973090277225;ndvi;StdTime;15-10-21 00:00:00;0,730430526106897;0;4;Foret feuillus
55;219,000000000000000;0,000950520833157;ndvi;StdTime;15-10-21 00:00:00;0,751491193902003;0;5;Foret resineux
56;1277,000000000000000;0,005542534721191;ndvi;StdTime;15-10-21 00:00:00;0,737174158462250;0;6;Foret mixte
57;15,000000000000000;0,000065104166655;ndvi;StdTime;15-10-21 00:00:00;0,579348415136337;0;7;Milieux semi-naturels
58;2,000000000000000;0,000008680555554;ndvi;StdTime;15-10-21 00:00:00;0,669091641902924;0;8;Zones humides et eau
61;23918,000000000000000;0,103810763869581;ndvi;StdTime;15-10-21 00:00:00;0,607385541622264;0;1;Artificialise
62;60865,000000000000000;0,264171006895311;ndvi;StdTime;15-10-21 00:00:00;0,619329442338576;0;2;Cultures
63;12006,000000000000000;0,052109374990308;ndvi;StdTime;15-10-21 00:00:00;0,681280142204894;0;3;Prairies
64;11171,000000000000000;0,048485243046538;ndvi;StdTime;15-10-21 00:00:00;0,752991548184048;0;4;Foret feuillus
65;495,000000000000000;0,002148437499600;ndvi;StdTime;15-10-21 00:00:00;0,792084061858631;0;5;Foret resineux
66;1468,000000000000000;0,006371527776593;ndvi;StdTime;15-10-21 00:00:00;0,763268678811981;0;6;Foret mixte
67;777,000000000000000;0,003372395832706;ndvi;StdTime;15-10-21 00:00:00;0,667002970647628;0;7;Milieux semi-naturels
68;453,000000000000000;0,001966145832968;ndvi;StdTime;15-10-21 00:00:00;0,591243376334508;0;8;Zones humides et eau
71;4130,000000000000000;0,017925347218888;ndvi;StdTime;15-10-21 00:00:00;0,463252799133557;0;1;Artificialise
72;100,000000000000000;0,000434027777697;ndvi;StdTime;15-10-21 00:00:00;0,644088213741779;0;2;Cultures
73;15,000000000000000;0,000065104166655;ndvi;StdTime;15-10-21 00:00:00;0,706835552056630;0;3;Prairies
74;459,000000000000000;0,001992187499629;ndvi;StdTime;15-10-21 00:00:00;0,752967881221397;0;4;Foret feuillus
76;35,000000000000000;0,000151909722194;ndvi;StdTime;15-10-21 00:00:00;0,743726641791208;0;6;Foret mixte
78;9,000000000000000;0,000039062499993;ndvi;StdTime;15-10-21 00:00:00;0,274756289190716;0;8;Zones humides et eau
81;27192,000000000000000;0,118020833311382;ndvi;StdTime;15-10-21 00:00:00;0,575499005870568;0;1;Artificialise
82;30867,000000000000000;0,133971354141749;ndvi;StdTime;15-10-21 00:00:00;0,695138997655954;0;2;Cultures
83;12409,000000000000000;0,053858506934427;ndvi;StdTime;15-10-21 00:00:00;0,710865181579780;0;3;Prairies
84;2241,000000000000000;0,009726562498191;ndvi;StdTime;15-10-21 00:00:00;0,722318496689741;0;4;Foret feuillus
85;5418,000000000000000;0,023515624995626;ndvi;StdTime;15-10-21 00:00:00;0,734207202000738;0;5;Foret resineux
86;3278,000000000000000;0,014227430552909;ndvi;StdTime;15-10-21 00:00:00;0,734225041896123;0;6;Foret mixte
87;1119,000000000000000;0,004856770832430;ndvi;StdTime;15-10-21 00:00:00;0,633258224465785;0;7;Milieux semi-naturels
88;2088,000000000000000;0,009062499998314;ndvi;StdTime;15-10-21 00:00:00;0,392436233517746;0;8;Zones humides et eau
91;21524,000000000000000;0,093420138871514;ndvi;StdTime;15-10-21 00:00:00;0,658340211024471;0;1;Artificialise
92;33863,000000000000000;0,146974826361553;ndvi;StdTime;15-10-21 00:00:00;0,655189650833855;0;2;Cultures
93;20854,000000000000000;0,090512152760943;ndvi;StdTime;15-10-21 00:00:00;0,786303965871260;0;3;Prairies
94;4447,000000000000000;0,019301215274188;ndvi;StdTime;15-10-21 00:00:00;0,750507229589360;0;4;Foret feuillus
95;10528,000000000000000;0,045694444435946;ndvi;StdTime;15-10-21 00:00:00;0,802887980234569;0;5;Foret resineux
96;16812,000000000000000;0,072968749986428;ndvi;StdTime;15-10-21 00:00:00;0,794252788395846;0;6;Foret mixte
97;2449,000000000000000;0,010629340275801;ndvi;StdTime;15-10-21 00:00:00;0,736143014330239;0;7;Milieux semi-naturels
98;2008,000000000000000;0,008715277776157;ndvi;StdTime;15-10-21 00:00:00;0,625399426968983;0;8;Zones humides et eau
101;7501,000000000000000;0,032556423605056;ndvi;StdTime;15-10-21 00:00:00;0,696517459300259;0;1;Artificialise
102;32049,000000000000000;0,139101562474128;ndvi;StdTime;15-10-21 00:00:00;0,752688593833044;0;2;Cultures
103;23798,000000000000000;0,103289930536344;ndvi;StdTime;15-10-21 00:00:00;0,767751852567782;0;3;Prairies
104;18168,000000000000000;0,078854166652000;ndvi;StdTime;15-10-21 00:00:00;0,771134773399705;0;4;Foret feuillus
105;13765,000000000000000;0,059743923599999;ndvi;StdTime;15-10-21 00:00:00;0,798147830606330;0;5;Foret resineux
106;30877,000000000000000;0,134014756919519;ndvi;StdTime;15-10-21 00:00:00;0,789370798754230;0;6;Foret mixte
107;2266,000000000000000;0,009835069442615;ndvi;StdTime;15-10-21 00:00:00;0,770157900592024;0;7;Milieux semi-naturels
108;332,000000000000000;0,001440972221954;ndvi;StdTime;15-10-21 00:00:00;0,691440383712929;0;8;Zones humides et eau
111;13192,000000000000000;0,057256944433795;ndvi;StdTime;15-10-21 00:00:00;0,661828261525063;0;1;Artificialise
112;48169,000000000000000;0,209066840238893;ndvi;StdTime;15-10-21 00:00:00;0,645953477660205;0;2;Cultures
113;9056,000000000000000;0,039305555548245;ndvi;StdTime;15-10-21 00:00:00;0,729403831140391;0;3;Prairies
114;15928,000000000000000;0,069131944431586;ndvi;StdTime;15-10-21 00:00:00;0,760279860499068;0;4;Foret feuillus
115;2083,000000000000000;0,009040798609430;ndvi;StdTime;15-10-21 00:00:00;0,794676851965861;0;5;Foret resineux
116;17702,000000000000000;0,076831597207932;ndvi;StdTime;15-10-21 00:00:00;0,772964856455507;0;6;Foret mixte
117;299,000000000000000;0,001297743055314;ndvi;StdTime;15-10-21 00:00:00;0,757237653469162;0;7;Milieux semi-naturels
118;319,000000000000000;0,001384548610854;ndvi;StdTime;15-10-21 00:00:00;0,621268150107614;0;8;Zones humides et eau
11;19297,000000000000000;0,083754340262200;ndvi;StdTime;15-10-22 00:00:00;0,572037414051502;0;1;Artificialise
12;32515,000000000000000;0,141124131918197;ndvi;StdTime;15-10-22 00:00:00;0,653177098186083;0;2;Cultures
13;4653,000000000000000;0,020195312496244;ndvi;StdTime;15-10-22 00:00:00;0,682879734412076;0;3;Prairies
14;2157,000000000000000;0,009361979164925;ndvi;StdTime;15-10-22 00:00:00;0,725685113729235;0;4;Foret feuillus
15;5373,000000000000000;0,023320312495663;ndvi;StdTime;15-10-22 00:00:00;0,729744696354213;0;5;Foret resineux
16;3663,000000000000000;0,015898437497043;ndvi;StdTime;15-10-22 00:00:00;0,732660686212291;0;6;Foret mixte
17;2665,000000000000000;0,011566840275626;ndvi;StdTime;15-10-22 00:00:00;0,611878861333147;0;7;Milieux semi-naturels
18;1213,000000000000000;0,005264756943465;ndvi;StdTime;15-10-22 00:00:00;0,547457823841560;0;8;Zones humides et eau
21;23628,000000000000000;0,102552083314259;ndvi;StdTime;15-10-22 00:00:00;0,545537423709963;0;1;Artificialise
22;53262,000000000000000;0,231171874957004;ndvi;StdTime;15-10-22 00:00:00;0,626342258601848;0;2;Cultures
23;7495,000000000000000;0,032530381938394;ndvi;StdTime;15-10-22 00:00:00;0,660932897535302;0;3;Prairies
24;1297,000000000000000;0,005629340276731;ndvi;StdTime;15-10-22 00:00:00;0,721516510203148;0;4;Foret feuillus
25;405,000000000000000;0,001757812499673;ndvi;StdTime;15-10-22 00:00:00;0,701874501616867;0;5;Foret resineux
26;881,000000000000000;0,003823784721511;ndvi;StdTime;15-10-22 00:00:00;0,718972650478160;0;6;Foret mixte
27;459,000000000000000;0,001992187499629;ndvi;StdTime;15-10-22 00:00:00;0,486924287897569;0;7;Milieux semi-naturels
28;1228,000000000000000;0,005329861110120;ndvi;StdTime;15-10-22 00:00:00;0,346525934929728;0;8;Zones humides et eau
31;20501,000000000000000;0,088980034705673;ndvi;StdTime;15-10-22 00:00:00;0,589219644408051;0;1;Artificialise
32;33836,000000000000000;0,146857638861575;ndvi;StdTime;15-10-22 00:00:00;0,623476469705418;0;2;Cultures
33;2765,000000000000000;0,012000868053323;ndvi;StdTime;15-10-22 00:00:00;0,677850209879832;0;3;Prairies
34;3126,000000000000000;0,013567708330810;ndvi;StdTime;15-10-22 00:00:00;0,740235825532230;0;4;Foret feuillus
35;335,000000000000000;0,001453993055285;ndvi;StdTime;15-10-22 00:00:00;0,741465802335027;0;5;Foret resineux
36;1500,000000000000000;0,006510416665456;ndvi;StdTime;15-10-22 00:00:00;0,740345405499140;0;6;Foret mixte
37;107,000000000000000;0,000464409722136;ndvi;StdTime;15-10-22 00:00:00;0,676501317837528;0;7;Milieux semi-naturels
38;185,000000000000000;0,000802951388740;ndvi;StdTime;15-10-22 00:00:00;0,620574313724363;0;8;Zones humides et eau
41;18506,000000000000000;0,080321180540616;ndvi;StdTime;15-10-22 00:00:00;0,518132987564437;0;1;Artificialise
42;63126,000000000000000;0,273984374949041;ndvi;StdTime;15-10-22 00:00:00;0,608990621535190;0;2;Cultures
43;8940,000000000000000;0,038802083326116;ndvi;StdTime;15-10-22 00:00:00;0,670043368984255;0;3;Prairies
44;659,000000000000000;0,002860243055024;ndvi;StdTime;15-10-22 00:00:00;0,742368924328337;0;4;Foret feuillus
45;284,000000000000000;0,001232638888660;ndvi;StdTime;15-10-22 00:00:00;0,728317171754971;0;5;Foret resineux
46;586,000000000000000;0,002543402777305;ndvi;StdTime;15-10-22 00:00:00;0,743411708457885;0;6;Foret mixte
47;693,000000000000000;0,003007812499441;ndvi;StdTime;15-10-22 00:00:00;0,504798730754685;0;7;Milieux semi-naturels
48;489,000000000000000;0,002122395832939;ndvi;StdTime;15-10-22 00:00:00;0,407202907257994;0;8;Zones humides et eau
51;8563,000000000000000;0,037165798604199;ndvi;StdTime;15-10-22 00:00:00;0,623172204558239;0;1;Artificialise
52;20512,000000000000000;0,089027777761219;ndvi;StdTime;15-10-22 00:00:00;0,576824661861527;0;2;Cultures
53;880,000000000000000;0,003819444443734;ndvi;StdTime;15-10-22 00:00:00;0,624189607595856;0;3;Prairies
54;685,000000000000000;0,002973090277225;ndvi;StdTime;15-10-22 00:00:00;0,720520743531902;0;4;Foret feuillus
55;219,000000000000000;0,000950520833157;ndvi;StdTime;15-10-22 00:00:00;0,746323001167001;0;5;Foret resineux
56;1277,000000000000000;0,005542534721191;ndvi;StdTime;15-10-22 00:00:00;0,727320537682894;0;6;Foret mixte
57;15,000000000000000;0,000065104166655;ndvi;StdTime;15-10-22 00:00:00;0,509260316689809;0;7;Milieux semi-naturels
58;2,000000000000000;0,000008680555554;ndvi;StdTime;15-10-22 00:00:00;0,736249953508377;0;8;Zones humides et eau
61;23909,000000000000000;0,103771701369588;ndvi;StdTime;15-10-22 00:00:00;0,571510505204661;0;1;Artificialise
62;60862,000000000000000;0,264157986061980;ndvi;StdTime;15-10-22 00:00:00;0,587443924801293;0;2;Cultures
63;12006,000000000000000;0,052109374990308;ndvi;StdTime;15-10-22 00:00:00;0,639999634352165;0;3;Prairies
64;11171,000000000000000;0,048485243046538;ndvi;StdTime;15-10-22 00:00:00;0,749868749625124;0;4;Foret feuillus
65;495,000000000000000;0,002148437499600;ndvi;StdTime;15-10-22 00:00:00;0,768476728718690;0;5;Foret resineux
66;1468,000000000000000;0,006371527776593;ndvi;StdTime;15-10-22 00:00:00;0,758321111448291;0;6;Foret mixte
67;777,000000000000000;0,003372395832706;ndvi;StdTime;15-10-22 00:00:00;0,639094057518082;0;7;Milieux semi-naturels
68;440,000000000000000;0,001909722221867;ndvi;StdTime;15-10-22 00:00:00;0,565998522090641;0;8;Zones humides et eau
71;4130,000000000000000;0,017925347218888;ndvi;StdTime;15-10-22 00:00:00;0,447000771840317;0;1;Artificialise
72;100,000000000000000;0,000434027777697;ndvi;StdTime;15-10-22 00:00:00;0,622291031181812;0;2;Cultures
73;15,000000000000000;0,000065104166655;ndvi;StdTime;15-10-22 00:00:00;0,701497109731039;0;3;Prairies
74;459,000000000000000;0,001992187499629;ndvi;StdTime;15-10-22 00:00:00;0,741069739160974;0;4;Foret feuillus
76;35,000000000000000;0,000151909722194;ndvi;StdTime;15-10-22 00:00:00;0,733158179691859;0;6;Foret mixte
78;9,000000000000000;0,000039062499993;ndvi;StdTime;15-10-22 00:00:00;0,271339985231559;0;8;Zones humides et eau
81;27266,000000000000000;0,118342013866878;ndvi;StdTime;15-10-22 00:00:00;0,546874567931585;0;1;Artificialise
82;30867,000000000000000;0,133971354141749;ndvi;StdTime;15-10-22 00:00:00;0,658282136234114;0;2;Cultures
83;12409,000000000000000;0,053858506934427;ndvi;StdTime;15-10-22 00:00:00;0,677171414436586;0;3;Prairies
84;2241,000000000000000;0,009726562498191;ndvi;StdTime;15-10-22 00:00:00;0,715166017921813;0;4;Foret feuillus
85;5418,000000000000000;0,023515624995626;ndvi;StdTime;15-10-22 00:00:00;0,712550937777383;0;5;Foret resineux
86;3278,000000000000000;0,014227430552909;ndvi;StdTime;15-10-22 00:00:00;0,723522137948258;0;6;Foret mixte
87;1122,000000000000000;0,004869791665761;ndvi;StdTime;15-10-22 00:00:00;0,595178021194410;0;7;Milieux semi-naturels
88;2145,000000000000000;0,009309895831602;ndvi;StdTime;15-10-22 00:00:00;0,376939591087657;0;8;Zones humides et eau
91;21524,000000000000000;0,093420138871514;ndvi;StdTime;15-10-22 00:00:00;0,632444095460851;0;1;Artificialise
92;33863,000000000000000;0,146974826361553;ndvi;StdTime;15-10-22 00:00:00;0,637951804162109;0;2;Cultures
93;20854,000000000000000;0,090512152760943;ndvi;StdTime;15-10-22 00:00:00;0,762582493532056;0;3;Prairies
94;4447,000000000000000;0,019301215274188;ndvi;StdTime;15-10-22 00:00:00;0,754022564986114;0;4;Foret feuillus
95;10528,000000000000000;0,045694444435946;ndvi;StdTime;15-10-22 00:00:00;0,799060494769195;0;5;Foret resineux
96;16812,000000000000000;0,072968749986428;ndvi;StdTime;15-10-22 00:00:00;0,792648708606914;0;6;Foret mixte
97;2449,000000000000000;0,010629340275801;ndvi;StdTime;15-10-22 00:00:00;0,715018031961239;0;7;Milieux semi-naturels
98;2008,000000000000000;0,008715277776157;ndvi;StdTime;15-10-22 00:00:00;0,615337885307719;0;8;Zones humides et eau
101;7501,000000000000000;0,032556423605056;ndvi;StdTime;15-10-22 00:00:00;0,668416211804442;0;1;Artificialise
102;32049,000000000000000;0,139101562474128;ndvi;StdTime;15-10-22 00:00:00;0,718232316755501;0;2;Cultures
103;23798,000000000000000;0,103289930536344;ndvi;StdTime;15-10-22 00:00:00;0,738285999630857;0;3;Prairies
104;18168,000000000000000;0,078854166652000;ndvi;StdTime;15-10-22 00:00:00;0,783322275534620;0;4;Foret feuillus
105;13765,000000000000000;0,059743923599999;ndvi;StdTime;15-10-22 00:00:00;0,790132892235730;0;5;Foret resineux
106;30877,000000000000000;0,134014756919519;ndvi;StdTime;15-10-22 00:00:00;0,784652832664234;0;6;Foret mixte
107;2266,000000000000000;0,009835069442615;ndvi;StdTime;15-10-22 00:00:00;0,766538673983878;0;7;Milieux semi-naturels
108;332,000000000000000;0,001440972221954;ndvi;StdTime;15-10-22 00:00:00;0,720411800655974;0;8;Zones humides et eau
111;13192,000000000000000;0,057256944433795;ndvi;StdTime;15-10-22 00:00:00;0,637523166959559;0;1;Artificialise
112;48169,000000000000000;0,209066840238893;ndvi;StdTime;15-10-22 00:00:00;0,633480720148523;0;2;Cultures
113;9056,000000000000000;0,039305555548245;ndvi;StdTime;15-10-22 00:00:00;0,696963837113585;0;3;Prairies
114;15928,000000000000000;0,069131944431586;ndvi;StdTime;15-10-22 00:00:00;0,760134276017616;0;4;Foret feuillus
115;2083,000000000000000;0,009040798609430;ndvi;StdTime;15-10-22 00:00:00;0,782669115155235;0;5;Foret resineux
116;17702,000000000000000;0,076831597207932;ndvi;StdTime;15-10-22 00:00:00;0,760687258935908;0;6;Foret mixte
117;299,000000000000000;0,001297743055314;ndvi;StdTime;15-10-22 00:00:00;0,735345027518511;0;7;Milieux semi-naturels
118;319,000000000000000;0,001384548610854;ndvi;StdTime;15-10-22 00:00:00;0,596033054926552;0;8;Zones humides et eau
11;19297,000000000000000;0,083754340262200;ndvi;StdTime;15-10-23 00:00:00;0,623263279993362;0;1;Artificialise
12;32515,000000000000000;0,141124131918197;ndvi;StdTime;15-10-23 00:00:00;0,709407474605393;0;2;Cultures
13;4653,000000000000000;0,020195312496244;ndvi;StdTime;15-10-23 00:00:00;0,739638310368538;0;3;Prairies
14;2157,000000000000000;0,009361979164925;ndvi;StdTime;15-10-23 00:00:00;0,754301410667533;0;4;Foret feuillus
15;5373,000000000000000;0,023320312495663;ndvi;StdTime;15-10-23 00:00:00;0,759192294270082;0;5;Foret resineux
16;3663,000000000000000;0,015898437497043;ndvi;StdTime;15-10-23 00:00:00;0,760891903347407;0;6;Foret mixte
17;2665,000000000000000;0,011566840275626;ndvi;StdTime;15-10-23 00:00:00;0,680723912555436;0;7;Milieux semi-naturels
18;1213,000000000000000;0,005264756943465;ndvi;StdTime;15-10-23 00:00:00;0,600948083282795;0;8;Zones humides et eau
21;23625,000000000000000;0,102539062480929;ndvi;StdTime;15-10-23 00:00:00;0,586497270513602;0;1;Artificialise
22;53262,000000000000000;0,231171874957004;ndvi;StdTime;15-10-23 00:00:00;0,691106751492062;0;2;Cultures
23;7495,000000000000000;0,032530381938394;ndvi;StdTime;15-10-23 00:00:00;0,715515634825104;0;3;Prairies
24;1297,000000000000000;0,005629340276731;ndvi;StdTime;15-10-23 00:00:00;0,732799284280771;0;4;Foret feuillus
25;405,000000000000000;0,001757812499673;ndvi;StdTime;15-10-23 00:00:00;0,736180629112103;0;5;Foret resineux
26;881,000000000000000;0,003823784721511;ndvi;StdTime;15-10-23 00:00:00;0,738897360988156;0;6;Foret mixte
27;464,000000000000000;0,002013888888514;ndvi;StdTime;15-10-23 00:00:00;0,514758888846826;0;7;Milieux semi-naturels
28;1213,000000000000000;0,005264756943465;ndvi;StdTime;15-10-23 00:00:00;0,362306942358254;0;8;Zones humides et eau
31;20501,000000000000000;0,088980034705673;ndvi;StdTime;15-10-23 00:00:00;0,641480617415967;0;1;Artificialise
32;33836,000000000000000;0,146857638861575;ndvi;StdTime;15-10-23 00:00:00;0,686903794007296;0;2;Cultures
33;2765,000000000000000;0,012000868053323;ndvi;StdTime;15-10-23 00:00:00;0,726312026904246;0;3;Prairies
34;3126,000000000000000;0,013567708330810;ndvi;StdTime;15-10-23 00:00:00;0,763787243908518;0;4;Foret feuillus
35;335,000000000000000;0,001453993055285;ndvi;StdTime;15-10-23 00:00:00;0,767404303621890;0;5;Foret resineux
36;1500,000000000000000;0,006510416665456;ndvi;StdTime;15-10-23 00:00:00;0,769099990606308;0;6;Foret mixte
37;107,000000000000000;0,000464409722136;ndvi;StdTime;15-10-23 00:00:00;0,688997625190521;0;7;Milieux semi-naturels
38;185,000000000000000;0,000802951388740;ndvi;StdTime;15-10-23 00:00:00;0,638679532424823;0;8;Zones humides et eau
41;18536,000000000000000;0,080451388873926;ndvi;StdTime;15-10-23 00:00:00;0,550147524056148;0;1;Artificialise
42;63126,000000000000000;0,273984374949041;ndvi;StdTime;15-10-23 00:00:00;0,655002197136889;0;2;Cultures
43;8940,000000000000000;0,038802083326116;ndvi;StdTime;15-10-23 00:00:00;0,685998042954561;0;3;Prairies
44;659,000000000000000;0,002860243055024;ndvi;StdTime;15-10-23 00:00:00;0,746788858010665;0;4;Foret feuillus
45;284,000000000000000;0,001232638888660;ndvi;StdTime;15-10-23 00:00:00;0,739328364566179;0;5;Foret resineux
46;586,000000000000000;0,002543402777305;ndvi;StdTime;15-10-23 00:00:00;0,746343499055901;0;6;Foret mixte
47;694,000000000000000;0,003012152777218;ndvi;StdTime;15-10-23 00:00:00;0,541192032498782;0;7;Milieux semi-naturels
48;526,000000000000000;0,002282986110686;ndvi;StdTime;15-10-23 00:00:00;0,385977457282456;0;8;Zones humides et eau
51;8563,000000000000000;0,037165798604199;ndvi;StdTime;15-10-23 00:00:00;0,693364920452432;0;1;Artificialise
52;20512,000000000000000;0,089027777761219;ndvi;StdTime;15-10-23 00:00:00;0,650607434628813;0;2;Cultures
53;880,000000000000000;0,003819444443734;ndvi;StdTime;15-10-23 00:00:00;0,698845502632585;0;3;Prairies
54;685,000000000000000;0,002973090277225;ndvi;StdTime;15-10-23 00:00:00;0,768206851325766;0;4;Foret feuillus
55;219,000000000000000;0,000950520833157;ndvi;StdTime;15-10-23 00:00:00;0,786438649920024;0;5;Foret resineux
56;1277,000000000000000;0,005542534721191;ndvi;StdTime;15-10-23 00:00:00;0,776252692205045;0;6;Foret mixte
57;15,000000000000000;0,000065104166655;ndvi;StdTime;15-10-23 00:00:00;0,597359534104665;0;7;Milieux semi-naturels
58;2,000000000000000;0,000008680555554;ndvi;StdTime;15-10-23 00:00:00;0,699483335018158;0;8;Zones humides et eau
61;23912,000000000000000;0,103784722202919;ndvi;StdTime;15-10-23 00:00:00;0,639915326751355;0;1;Artificialise
62;60862,000000000000000;0,264157986061980;ndvi;StdTime;15-10-23 00:00:00;0,663839130103634;0;2;Cultures
63;12006,000000000000000;0,052109374990308;ndvi;StdTime;15-10-23 00:00:00;0,712426097943507;0;3;Prairies
64;11171,000000000000000;0,048485243046538;ndvi;StdTime;15-10-23 00:00:00;0,780115155605032;0;4;Foret feuillus
65;495,000000000000000;0,002148437499600;ndvi;StdTime;15-10-23 00:00:00;0,791876510056582;0;5;Foret resineux
66;1468,000000000000000;0,006371527776593;ndvi;StdTime;15-10-23 00:00:00;0,788927362769924;0;6;Foret mixte
67;777,000000000000000;0,003372395832706;ndvi;StdTime;15-10-23 00:00:00;0,698210693617739;0;7;Milieux semi-naturels
68;444,000000000000000;0,001927083332975;ndvi;StdTime;15-10-23 00:00:00;0,600072138213871;0;8;Zones humides et eau
71;4130,000000000000000;0,017925347218888;ndvi;StdTime;15-10-23 00:00:00;0,483919750900881;0;1;Artificialise
72;100,000000000000000;0,000434027777697;ndvi;StdTime;15-10-23 00:00:00;0,664670033752918;0;2;Cultures
73;15,000000000000000;0,000065104166655;ndvi;StdTime;15-10-23 00:00:00;0,756119958559672;0;3;Prairies
74;459,000000000000000;0,001992187499629;ndvi;StdTime;15-10-23 00:00:00;0,807898550641303;0;4;Foret feuillus
76;35,000000000000000;0,000151909722194;ndvi;StdTime;15-10-23 00:00:00;0,785828263419015;0;6;Foret mixte
78;9,000000000000000;0,000039062499993;ndvi;StdTime;15-10-23 00:00:00;0,298255544569757;0;8;Zones humides et eau
81;26967,000000000000000;0,117044270811564;ndvi;StdTime;15-10-23 00:00:00;0,582988899983436;0;1;Artificialise
82;30867,000000000000000;0,133971354141749;ndvi;StdTime;15-10-23 00:00:00;0,714750062248858;0;2;Cultures
83;12409,000000000000000;0,053858506934427;ndvi;StdTime;15-10-23 00:00:00;0,734974284376771;0;3;Prairies
84;2241,000000000000000;0,009726562498191;ndvi;StdTime;15-10-23 00:00:00;0,735913899741710;0;4;Foret feuillus
85;5418,000000000000000;0,023515624995626;ndvi;StdTime;15-10-23 00:00:00;0,748243095289301;0;5;Foret resineux
86;3278,000000000000000;0,014227430552909;ndvi;StdTime;15-10-23 00:00:00;0,751816571258859;0;6;Foret mixte
87;1109,000000000000000;0,004813368054660;ndvi;StdTime;15-10-23 00:00:00;0,633479905792581;0;7;Milieux semi-naturels
88;2015,000000000000000;0,008745659720596;ndvi;StdTime;15-10-23 00:00:00;0,429064882344915;0;8;Zones humides et eau
91;21524,000000000000000;0,093420138871514;ndvi;StdTime;15-10-23 00:00:00;0,684546114193214;0;1;Artificialise
92;33863,000000000000000;0,146974826361553;ndvi;StdTime;15-10-23 00:00:00;0,690149330441220;0;2;Cultures
93;20854,000000000000000;0,090512152760943;ndvi;StdTime;15-10-23 00:00:00;0,813077187498420;0;3;Prairies
94;4447,000000000000000;0,019301215274188;ndvi;StdTime;15-10-23 00:00:00;0,791046641926188;0;4;Foret feuillus
95;10528,000000000000000;0,045694444435946;ndvi;StdTime;15-10-23 00:00:00;0,824940499926049;0;5;Foret resineux
96;16812,000000000000000;0,072968749986428;ndvi;StdTime;15-10-23 00:00:00;0,823377035111507;0;6;Foret mixte
97;2449,000000000000000;0,010629340275801;ndvi;StdTime;15-10-23 00:00:00;0,784749481022333;0;7;Milieux semi-naturels
98;2008,000000000000000;0,008715277776157;ndvi;StdTime;15-10-23 00:00:00;0,687103031922977;0;8;Zones humides et eau
101;7501,000000000000000;0,032556423605056;ndvi;StdTime;15-10-23 00:00:00;0,727425987439034;0;1;Artificialise
102;32049,000000000000000;0,139101562474128;ndvi;StdTime;15-10-23 00:00:00;0,778332997276545;0;2;Cultures
103;23798,000000000000000;0,103289930536344;ndvi;StdTime;15-10-23 00:00:00;0,795791909876305;0;3;Prairies
104;18168,000000000000000;0,078854166652000;ndvi;StdTime;15-10-23 00:00:00;0,819456992150075;0;4;Foret feuillus
105;13765,000000000000000;0,059743923599999;ndvi;StdTime;15-10-23 00:00:00;0,813002396673452;0;5;Foret resineux
106;30877,000000000000000;0,134014756919519;ndvi;StdTime;15-10-23 00:00:00;0,815191188627302;0;6;Foret mixte
107;2266,000000000000000;0,009835069442615;ndvi;StdTime;15-10-23 00:00:00;0,802038967162239;0;7;Milieux semi-naturels
108;332,000000000000000;0,001440972221954;ndvi;StdTime;15-10-23 00:00:00;0,763022880776819;0;8;Zones humides et eau
111;13192,000000000000000;0,057256944433795;ndvi;StdTime;15-10-23 00:00:00;0,703812312320091;0;1;Artificialise
112;48169,000000000000000;0,209066840238893;ndvi;StdTime;15-10-23 00:00:00;0,700165836286876;0;2;Cultures
113;9056,000000000000000;0,039305555548245;ndvi;StdTime;15-10-23 00:00:00;0,762883551510928;0;3;Prairies
114;15928,000000000000000;0,069131944431586;ndvi;StdTime;15-10-23 00:00:00;0,797594312905879;0;4;Foret feuillus
115;2083,000000000000000;0,009040798609430;ndvi;StdTime;15-10-23 00:00:00;0,816840843947188;0;5;Foret resineux
116;17702,000000000000000;0,076831597207932;ndvi;StdTime;15-10-23 00:00:00;0,802250573502706;0;6;Foret mixte
117;299,000000000000000;0,001297743055314;ndvi;StdTime;15-10-23 00:00:00;0,780899532662586;0;7;Milieux semi-naturels
118;319,000000000000000;0,001384548610854;ndvi;StdTime;15-10-23 00:00:00;0,659677114606277;0;8;Zones humides et eau
11;19297,000000000000000;0,083754340262200;ndvi;StdTime;15-10-24 00:00:00;0,620392876469929;0;1;Artificialise
12;32515,000000000000000;0,141124131918197;ndvi;StdTime;15-10-24 00:00:00;0,707293662333534;0;2;Cultures
13;4653,000000000000000;0,020195312496244;ndvi;StdTime;15-10-24 00:00:00;0,737366648180725;0;3;Prairies
14;2157,000000000000000;0,009361979164925;ndvi;StdTime;15-10-24 00:00:00;0,731591901737172;0;4;Foret feuillus
15;5373,000000000000000;0,023320312495663;ndvi;StdTime;15-10-24 00:00:00;0,745834756098313;0;5;Foret resineux
16;3663,000000000000000;0,015898437497043;ndvi;StdTime;15-10-24 00:00:00;0,737540756007734;0;6;Foret mixte
17;2665,000000000000000;0,011566840275626;ndvi;StdTime;15-10-24 00:00:00;0,643076528365572;0;7;Milieux semi-naturels
18;1213,000000000000000;0,005264756943465;ndvi;StdTime;15-10-24 00:00:00;0,575092204483279;0;8;Zones humides et eau
21;23630,000000000000000;0,102560763869813;ndvi;StdTime;15-10-24 00:00:00;0,599988135755206;0;1;Artificialise
22;53262,000000000000000;0,231171874957004;ndvi;StdTime;15-10-24 00:00:00;0,702680100648415;0;2;Cultures
23;7495,000000000000000;0,032530381938394;ndvi;StdTime;15-10-24 00:00:00;0,726356674807322;0;3;Prairies
24;1297,000000000000000;0,005629340276731;ndvi;StdTime;15-10-24 00:00:00;0,743278282278763;0;4;Foret feuillus
25;405,000000000000000;0,001757812499673;ndvi;StdTime;15-10-24 00:00:00;0,752655531815541;0;5;Foret resineux
26;881,000000000000000;0,003823784721511;ndvi;StdTime;15-10-24 00:00:00;0,752260322095858;0;6;Foret mixte
27;465,000000000000000;0,002018229166291;ndvi;StdTime;15-10-24 00:00:00;0,522020106490261;0;7;Milieux semi-naturels
28;1193,000000000000000;0,005177951387926;ndvi;StdTime;15-10-24 00:00:00;0,379988791786110;0;8;Zones humides et eau
31;20501,000000000000000;0,088980034705673;ndvi;StdTime;15-10-24 00:00:00;0,650820903658859;0;1;Artificialise
32;33836,000000000000000;0,146857638861575;ndvi;StdTime;15-10-24 00:00:00;0,695851459401631;0;2;Cultures
33;2765,000000000000000;0,012000868053323;ndvi;StdTime;15-10-24 00:00:00;0,731263673639642;0;3;Prairies
34;3126,000000000000000;0,013567708330810;ndvi;StdTime;15-10-24 00:00:00;0,757704310152520;0;4;Foret feuillus
35;335,000000000000000;0,001453993055285;ndvi;StdTime;15-10-24 00:00:00;0,770911777197425;0;5;Foret resineux
36;1500,000000000000000;0,006510416665456;ndvi;StdTime;15-10-24 00:00:00;0,760989901622136;0;6;Foret mixte
37;107,000000000000000;0,000464409722136;ndvi;StdTime;15-10-24 00:00:00;0,704756491095106;0;7;Milieux semi-naturels
38;185,000000000000000;0,000802951388740;ndvi;StdTime;15-10-24 00:00:00;0,641540629638208;0;8;Zones humides et eau
41;18439,000000000000000;0,080030381929559;ndvi;StdTime;15-10-24 00:00:00;0,569504035686026;0;1;Artificialise
42;63124,000000000000000;0,273975694393487;ndvi;StdTime;15-10-24 00:00:00;0,680587204873720;0;2;Cultures
43;8940,000000000000000;0,038802083326116;ndvi;StdTime;15-10-24 00:00:00;0,718897686842037;0;3;Prairies
44;659,000000000000000;0,002860243055024;ndvi;StdTime;15-10-24 00:00:00;0,771139450246901;0;4;Foret feuillus
45;284,000000000000000;0,001232638888660;ndvi;StdTime;15-10-24 00:00:00;0,750345891735084;0;5;Foret resineux
46;586,000000000000000;0,002543402777305;ndvi;StdTime;15-10-24 00:00:00;0,766064351634361;0;6;Foret mixte
47;684,000000000000000;0,002968749999448;ndvi;StdTime;15-10-24 00:00:00;0,563534707804510;0;7;Milieux semi-naturels
48;470,000000000000000;0,002039930555176;ndvi;StdTime;15-10-24 00:00:00;0,442263229740189;0;8;Zones humides et eau
51;8563,000000000000000;0,037165798604199;ndvi;StdTime;15-10-24 00:00:00;0,682968883758098;0;1;Artificialise
52;20512,000000000000000;0,089027777761219;ndvi;StdTime;15-10-24 00:00:00;0,647850134604656;0;2;Cultures
53;880,000000000000000;0,003819444443734;ndvi;StdTime;15-10-24 00:00:00;0,700657857615839;0;3;Prairies
54;685,000000000000000;0,002973090277225;ndvi;StdTime;15-10-24 00:00:00;0,746982038021088;0;4;Foret feuillus
55;219,000000000000000;0,000950520833157;ndvi;StdTime;15-10-24 00:00:00;0,771146552747788;0;5;Foret resineux
56;1277,000000000000000;0,005542534721191;ndvi;StdTime;15-10-24 00:00:00;0,761005022209328;0;6;Foret mixte
57;15,000000000000000;0,000065104166655;ndvi;StdTime;15-10-24 00:00:00;0,612344193458557;0;7;Milieux semi-naturels
58;2,000000000000000;0,000008680555554;ndvi;StdTime;15-10-24 00:00:00;0,720566630363464;0;8;Zones humides et eau
61;23918,000000000000000;0,103810763869581;ndvi;StdTime;15-10-24 00:00:00;0,629645476672990;0;1;Artificialise
62;60865,000000000000000;0,264171006895311;ndvi;StdTime;15-10-24 00:00:00;0,658130331949634;0;2;Cultures
63;12006,000000000000000;0,052109374990308;ndvi;StdTime;15-10-24 00:00:00;0,708231535714288;0;3;Prairies
64;11171,000000000000000;0,048485243046538;ndvi;StdTime;15-10-24 00:00:00;0,763892727925948;0;4;Foret feuillus
65;495,000000000000000;0,002148437499600;ndvi;StdTime;15-10-24 00:00:00;0,795989598288681;0;5;Foret resineux
66;1468,000000000000000;0,006371527776593;ndvi;StdTime;15-10-24 00:00:00;0,776622205221523;0;6;Foret mixte
67;777,000000000000000;0,003372395832706;ndvi;StdTime;15-10-24 00:00:00;0,679417467332101;0;7;Milieux semi-naturels
68;453,000000000000000;0,001966145832968;ndvi;StdTime;15-10-24 00:00:00;0,576406748977718;0;8;Zones humides et eau
71;4130,000000000000000;0,017925347218888;ndvi;StdTime;15-10-24 00:00:00;0,496838756075206;0;1;Artificialise
72;100,000000000000000;0,000434027777697;ndvi;StdTime;15-10-24 00:00:00;0,688100017905235;0;2;Cultures
73;15,000000000000000;0,000065104166655;ndvi;StdTime;15-10-24 00:00:00;0,768063990275065;0;3;Prairies
74;459,000000000000000;0,001992187499629;ndvi;StdTime;15-10-24 00:00:00;0,777753291826103;0;4;Foret feuillus
76;35,000000000000000;0,000151909722194;ndvi;StdTime;15-10-24 00:00:00;0,771693978990827;0;6;Foret mixte
78;9,000000000000000;0,000039062499993;ndvi;StdTime;15-10-24 00:00:00;0,321738137139214;0;8;Zones humides et eau
81;27117,000000000000000;0,117695312478110;ndvi;StdTime;15-10-24 00:00:00;0,599466870589056;0;1;Artificialise
82;30867,000000000000000;0,133971354141749;ndvi;StdTime;15-10-24 00:00:00;0,728030071142841;0;2;Cultures
83;12409,000000000000000;0,053858506934427;ndvi;StdTime;15-10-24 00:00:00;0,743996932679914;0;3;Prairies
84;2241,000000000000000;0,009726562498191;ndvi;StdTime;15-10-24 00:00:00;0,731960105090095;0;4;Foret feuillus
85;5418,000000000000000;0,023515624995626;ndvi;StdTime;15-10-24 00:00:00;0,752320771608550;0;5;Foret resineux
86;3278,000000000000000;0,014227430552909;ndvi;StdTime;15-10-24 00:00:00;0,751095262395310;0;6;Foret mixte
87;1114,000000000000000;0,004835069443545;ndvi;StdTime;15-10-24 00:00:00;0,648047031490283;0;7;Milieux semi-naturels
88;2026,000000000000000;0,008793402776142;ndvi;StdTime;15-10-24 00:00:00;0,432745459266059;0;8;Zones humides et eau
91;21524,000000000000000;0,093420138871514;ndvi;StdTime;15-10-24 00:00:00;0,659589462096826;0;1;Artificialise
92;33863,000000000000000;0,146974826361553;ndvi;StdTime;15-10-24 00:00:00;0,674047649635421;0;2;Cultures
93;20854,000000000000000;0,090512152760943;ndvi;StdTime;15-10-24 00:00:00;0,781081515945901;0;3;Prairies
94;4447,000000000000000;0,019301215274188;ndvi;StdTime;15-10-24 00:00:00;0,746945850194265;0;4;Foret feuillus
95;10528,000000000000000;0,045694444435946;ndvi;StdTime;15-10-24 00:00:00;0,782034302588927;0;5;Foret resineux
96;16812,000000000000000;0,072968749986428;ndvi;StdTime;15-10-24 00:00:00;0,778059322825719;0;6;Foret mixte
97;2449,000000000000000;0,010629340275801;ndvi;StdTime;15-10-24 00:00:00;0,721429022016112;0;7;Milieux semi-naturels
98;2008,000000000000000;0,008715277776157;ndvi;StdTime;15-10-24 00:00:00;0,610601352653893;0;8;Zones humides et eau
101;7501,000000000000000;0,032556423605056;ndvi;StdTime;15-10-24 00:00:00;0,701676214683724;0;1;Artificialise
102;32049,000000000000000;0,139101562474128;ndvi;StdTime;15-10-24 00:00:00;0,755646418374309;0;2;Cultures
103;23798,000000000000000;0,103289930536344;ndvi;StdTime;15-10-24 00:00:00;0,771051624590874;0;3;Prairies
104;18168,000000000000000;0,078854166652000;ndvi;StdTime;15-10-24 00:00:00;0,776850247943469;0;4;Foret feuillus
105;13765,000000000000000;0,059743923599999;ndvi;StdTime;15-10-24 00:00:00;0,790377601696455;0;5;Foret resineux
106;30877,000000000000000;0,134014756919519;ndvi;StdTime;15-10-24 00:00:00;0,786040662469248;0;6;Foret mixte
107;2266,000000000000000;0,009835069442615;ndvi;StdTime;15-10-24 00:00:00;0,776889910712667;0;7;Milieux semi-naturels
108;332,000000000000000;0,001440972221954;ndvi;StdTime;15-10-24 00:00:00;0,696030099887446;0;8;Zones humides et eau
111;13192,000000000000000;0,057256944433795;ndvi;StdTime;15-10-24 00:00:00;0,674820798751377;0;1;Artificialise
112;48169,000000000000000;0,209066840238893;ndvi;StdTime;15-10-24 00:00:00;0,673204561403931;0;2;Cultures
113;9056,000000000000000;0,039305555548245;ndvi;StdTime;15-10-24 00:00:00;0,741148239176048;0;3;Prairies
114;15928,000000000000000;0,069131944431586;ndvi;StdTime;15-10-24 00:00:00;0,764067459301410;0;4;Foret feuillus
115;2083,000000000000000;0,009040798609430;ndvi;StdTime;15-10-24 00:00:00;0,796120534979604;0;5;Foret resineux
116;17702,000000000000000;0,076831597207932;ndvi;StdTime;15-10-24 00:00:00;0,776637946383563;0;6;Foret mixte
117;299,000000000000000;0,001297743055314;ndvi;StdTime;15-10-24 00:00:00;0,765948578266795;0;7;Milieux semi-naturels
118;319,000000000000000;0,001384548610854;ndvi;StdTime;15-10-24 00:00:00;0,613042014052501;0;8;Zones humides et eau
