Value;COUNT;AREA;Variable;Dimensions;StdTime;MEAN;NUTS_ID;CLC_CODE;CLASSE
11;19297,000000000000000;0,083754340262200;ndvi;StdTime;15-04-01 00:00:00;0,549809644537738;0;1;Artificialise
12;32515,000000000000000;0,141124131918197;ndvi;StdTime;15-04-01 00:00:00;0,593091149440495;0;2;Cultures
13;4653,000000000000000;0,020195312496244;ndvi;StdTime;15-04-01 00:00:00;0,673601101514680;0;3;Prairies
14;2157,000000000000000;0,009361979164925;ndvi;StdTime;15-04-01 00:00:00;0,637831964286103;0;4;Foret feuillus
15;5373,000000000000000;0,023320312495663;ndvi;StdTime;15-04-01 00:00:00;0,668997131899573;0;5;Foret resineux
16;3663,000000000000000;0,015898437497043;ndvi;StdTime;15-04-01 00:00:00;0,644753783644304;0;6;Foret mixte
17;2665,000000000000000;0,011566840275626;ndvi;StdTime;15-04-01 00:00:00;0,531747435968489;0;7;Milieux semi-naturels
18;1213,000000000000000;0,005264756943465;ndvi;StdTime;15-04-01 00:00:00;0,441157132712702;0;8;Zones humides et eau
21;23651,000000000000000;0,102651909703130;ndvi;StdTime;15-04-01 00:00:00;0,532866803880011;0;1;Artificialise
22;53262,000000000000000;0,231171874957004;ndvi;StdTime;15-04-01 00:00:00;0,595919257797233;0;2;Cultures
23;7495,000000000000000;0,032530381938394;ndvi;StdTime;15-04-01 00:00:00;0,673594463619093;0;3;Prairies
24;1297,000000000000000;0,005629340276731;ndvi;StdTime;15-04-01 00:00:00;0,643237623119685;0;4;Foret feuillus
25;405,000000000000000;0,001757812499673;ndvi;StdTime;15-04-01 00:00:00;0,671699659029643;0;5;Foret resineux
26;881,000000000000000;0,003823784721511;ndvi;StdTime;15-04-01 00:00:00;0,656222447769867;0;6;Foret mixte
27;468,000000000000000;0,002031249999622;ndvi;StdTime;15-04-01 00:00:00;0,486736229294513;0;7;Milieux semi-naturels
28;1199,000000000000000;0,005203993054588;ndvi;StdTime;15-04-01 00:00:00;0,337135275066586;0;8;Zones humides et eau
31;20501,000000000000000;0,088980034705673;ndvi;StdTime;15-04-01 00:00:00;0,554042362278889;0;1;Artificialise
32;33836,000000000000000;0,146857638861575;ndvi;StdTime;15-04-01 00:00:00;0,576253089511671;0;2;Cultures
33;2765,000000000000000;0,012000868053323;ndvi;StdTime;15-04-01 00:00:00;0,668233601072597;0;3;Prairies
34;3126,000000000000000;0,013567708330810;ndvi;StdTime;15-04-01 00:00:00;0,635272286217409;0;4;Foret feuillus
35;335,000000000000000;0,001453993055285;ndvi;StdTime;15-04-01 00:00:00;0,665713193078539;0;5;Foret resineux
36;1500,000000000000000;0,006510416665456;ndvi;StdTime;15-04-01 00:00:00;0,642103975852331;0;6;Foret mixte
37;107,000000000000000;0,000464409722136;ndvi;StdTime;15-04-01 00:00:00;0,567005607290803;0;7;Milieux semi-naturels
38;185,000000000000000;0,000802951388740;ndvi;StdTime;15-04-01 00:00:00;0,531996022930016;0;8;Zones humides et eau
41;18536,000000000000000;0,080451388873926;ndvi;StdTime;15-04-01 00:00:00;0,505414563988688;0;1;Artificialise
42;63126,000000000000000;0,273984374949041;ndvi;StdTime;15-04-01 00:00:00;0,568285115163038;0;2;Cultures
43;8940,000000000000000;0,038802083326116;ndvi;StdTime;15-04-01 00:00:00;0,684514366346984;0;3;Prairies
44;659,000000000000000;0,002860243055024;ndvi;StdTime;15-04-01 00:00:00;0,651189206538323;0;4;Foret feuillus
45;284,000000000000000;0,001232638888660;ndvi;StdTime;15-04-01 00:00:00;0,661998224615211;0;5;Foret resineux
46;586,000000000000000;0,002543402777305;ndvi;StdTime;15-04-01 00:00:00;0,670142633567084;0;6;Foret mixte
47;688,000000000000000;0,002986111110556;ndvi;StdTime;15-04-01 00:00:00;0,447637858226635;0;7;Milieux semi-naturels
48;535,000000000000000;0,002322048610679;ndvi;StdTime;15-04-01 00:00:00;0,374327608902512;0;8;Zones humides et eau
51;8563,000000000000000;0,037165798604199;ndvi;StdTime;15-04-01 00:00:00;0,589455275372946;0;1;Artificialise
52;20512,000000000000000;0,089027777761219;ndvi;StdTime;15-04-01 00:00:00;0,519129283320128;0;2;Cultures
53;880,000000000000000;0,003819444443734;ndvi;StdTime;15-04-01 00:00:00;0,642690128358928;0;3;Prairies
54;685,000000000000000;0,002973090277225;ndvi;StdTime;15-04-01 00:00:00;0,630089528978306;0;4;Foret feuillus
55;219,000000000000000;0,000950520833157;ndvi;StdTime;15-04-01 00:00:00;0,650540713033720;0;5;Foret resineux
56;1277,000000000000000;0,005542534721191;ndvi;StdTime;15-04-01 00:00:00;0,629537088710438;0;6;Foret mixte
57;15,000000000000000;0,000065104166655;ndvi;StdTime;15-04-01 00:00:00;0,518526315689087;0;7;Milieux semi-naturels
58;2,000000000000000;0,000008680555554;ndvi;StdTime;15-04-01 00:00:00;0,578362494707108;0;8;Zones humides et eau
61;23918,000000000000000;0,103810763869581;ndvi;StdTime;15-04-01 00:00:00;0,558473859233089;0;1;Artificialise
62;60865,000000000000000;0,264171006895311;ndvi;StdTime;15-04-01 00:00:00;0,546703360825079;0;2;Cultures
63;12006,000000000000000;0,052109374990308;ndvi;StdTime;15-04-01 00:00:00;0,657350955365620;0;3;Prairies
64;11171,000000000000000;0,048485243046538;ndvi;StdTime;15-04-01 00:00:00;0,668715120031503;0;4;Foret feuillus
65;495,000000000000000;0,002148437499600;ndvi;StdTime;15-04-01 00:00:00;0,726564566535179;0;5;Foret resineux
66;1468,000000000000000;0,006371527776593;ndvi;StdTime;15-04-01 00:00:00;0,681166396499167;0;6;Foret mixte
67;777,000000000000000;0,003372395832706;ndvi;StdTime;15-04-01 00:00:00;0,596791616239449;0;7;Milieux semi-naturels
68;453,000000000000000;0,001966145832968;ndvi;StdTime;15-04-01 00:00:00;0,475768843809632;0;8;Zones humides et eau
71;4130,000000000000000;0,017925347218888;ndvi;StdTime;15-04-01 00:00:00;0,392870965632486;0;1;Artificialise
72;100,000000000000000;0,000434027777697;ndvi;StdTime;15-04-01 00:00:00;0,562658302187920;0;2;Cultures
73;15,000000000000000;0,000065104166655;ndvi;StdTime;15-04-01 00:00:00;0,650467201073964;0;3;Prairies
74;459,000000000000000;0,001992187499629;ndvi;StdTime;15-04-01 00:00:00;0,616648023684300;0;4;Foret feuillus
76;35,000000000000000;0,000151909722194;ndvi;StdTime;15-04-01 00:00:00;0,595670025689261;0;6;Foret mixte
78;9,000000000000000;0,000039062499993;ndvi;StdTime;15-04-01 00:00:00;0,230688507358233;0;8;Zones humides et eau
81;27210,000000000000000;0,118098958311368;ndvi;StdTime;15-04-01 00:00:00;0,525443450152840;0;1;Artificialise
82;30867,000000000000000;0,133971354141749;ndvi;StdTime;15-04-01 00:00:00;0,633644042867004;0;2;Cultures
83;12409,000000000000000;0,053858506934427;ndvi;StdTime;15-04-01 00:00:00;0,680291392398455;0;3;Prairies
84;2241,000000000000000;0,009726562498191;ndvi;StdTime;15-04-01 00:00:00;0,637394588581957;0;4;Foret feuillus
85;5418,000000000000000;0,023515624995626;ndvi;StdTime;15-04-01 00:00:00;0,672150423228412;0;5;Foret resineux
86;3278,000000000000000;0,014227430552909;ndvi;StdTime;15-04-01 00:00:00;0,651303038282901;0;6;Foret mixte
87;1122,000000000000000;0,004869791665761;ndvi;StdTime;15-04-01 00:00:00;0,523123254099739;0;7;Milieux semi-naturels
88;2062,000000000000000;0,008949652776113;ndvi;StdTime;15-04-01 00:00:00;0,322745234572381;0;8;Zones humides et eau
91;21524,000000000000000;0,093420138871514;ndvi;StdTime;15-04-01 00:00:00;0,613463186492247;0;1;Artificialise
92;33863,000000000000000;0,146974826361553;ndvi;StdTime;15-04-01 00:00:00;0,609315793063935;0;2;Cultures
93;20854,000000000000000;0,090512152760943;ndvi;StdTime;15-04-01 00:00:00;0,755009329489349;0;3;Prairies
94;4447,000000000000000;0,019301215274188;ndvi;StdTime;15-04-01 00:00:00;0,657740316988513;0;4;Foret feuillus
95;10528,000000000000000;0,045694444435946;ndvi;StdTime;15-04-01 00:00:00;0,709183654456333;0;5;Foret resineux
96;16812,000000000000000;0,072968749986428;ndvi;StdTime;15-04-01 00:00:00;0,702579210863995;0;6;Foret mixte
97;2449,000000000000000;0,010629340275801;ndvi;StdTime;15-04-01 00:00:00;0,603205846226328;0;7;Milieux semi-naturels
98;2008,000000000000000;0,008715277776157;ndvi;StdTime;15-04-01 00:00:00;0,460200405290046;0;8;Zones humides et eau
101;7501,000000000000000;0,032556423605056;ndvi;StdTime;15-04-01 00:00:00;0,645267914305717;0;1;Artificialise
102;32049,000000000000000;0,139101562474128;ndvi;StdTime;15-04-01 00:00:00;0,697690952788120;0;2;Cultures
103;23798,000000000000000;0,103289930536344;ndvi;StdTime;15-04-01 00:00:00;0,737913496926311;0;3;Prairies
104;18168,000000000000000;0,078854166652000;ndvi;StdTime;15-04-01 00:00:00;0,645777541332893;0;4;Foret feuillus
105;13765,000000000000000;0,059743923599999;ndvi;StdTime;15-04-01 00:00:00;0,704154201150157;0;5;Foret resineux
106;30877,000000000000000;0,134014756919519;ndvi;StdTime;15-04-01 00:00:00;0,689272470259025;0;6;Foret mixte
107;2266,000000000000000;0,009835069442615;ndvi;StdTime;15-04-01 00:00:00;0,690919036570106;0;7;Milieux semi-naturels
108;332,000000000000000;0,001440972221954;ndvi;StdTime;15-04-01 00:00:00;0,593740896377937;0;8;Zones humides et eau
111;13192,000000000000000;0,057256944433795;ndvi;StdTime;15-04-01 00:00:00;0,617588625805145;0;1;Artificialise
112;48169,000000000000000;0,209066840238893;ndvi;StdTime;15-04-01 00:00:00;0,607965762969131;0;2;Cultures
113;9056,000000000000000;0,039305555548245;ndvi;StdTime;15-04-01 00:00:00;0,715251610824974;0;3;Prairies
114;15928,000000000000000;0,069131944431586;ndvi;StdTime;15-04-01 00:00:00;0,664873396161061;0;4;Foret feuillus
115;2083,000000000000000;0,009040798609430;ndvi;StdTime;15-04-01 00:00:00;0,705147348211984;0;5;Foret resineux
116;17702,000000000000000;0,076831597207932;ndvi;StdTime;15-04-01 00:00:00;0,688119969740988;0;6;Foret mixte
117;299,000000000000000;0,001297743055314;ndvi;StdTime;15-04-01 00:00:00;0,672819604144049;0;7;Milieux semi-naturels
118;319,000000000000000;0,001384548610854;ndvi;StdTime;15-04-01 00:00:00;0,512280953808637;0;8;Zones humides et eau
11;19297,000000000000000;0,083754340262200;ndvi;StdTime;15-04-02 00:00:00;0,562420036810924;0;1;Artificialise
12;32515,000000000000000;0,141124131918197;ndvi;StdTime;15-04-02 00:00:00;0,608706946235869;0;2;Cultures
13;4653,000000000000000;0,020195312496244;ndvi;StdTime;15-04-02 00:00:00;0,686101657458333;0;3;Prairies
14;2157,000000000000000;0,009361979164925;ndvi;StdTime;15-04-02 00:00:00;0,654045876745942;0;4;Foret feuillus
15;5373,000000000000000;0,023320312495663;ndvi;StdTime;15-04-02 00:00:00;0,678845172379461;0;5;Foret resineux
16;3663,000000000000000;0,015898437497043;ndvi;StdTime;15-04-02 00:00:00;0,657476750905483;0;6;Foret mixte
17;2665,000000000000000;0,011566840275626;ndvi;StdTime;15-04-02 00:00:00;0,540405492054030;0;7;Milieux semi-naturels
18;1205,000000000000000;0,005230034721249;ndvi;StdTime;15-04-02 00:00:00;0,470744497969716;0;8;Zones humides et eau
21;23651,000000000000000;0,102651909703130;ndvi;StdTime;15-04-02 00:00:00;0,546374152374692;0;1;Artificialise
22;53262,000000000000000;0,231171874957004;ndvi;StdTime;15-04-02 00:00:00;0,617159145213154;0;2;Cultures
23;7495,000000000000000;0,032530381938394;ndvi;StdTime;15-04-02 00:00:00;0,681755796641489;0;3;Prairies
24;1297,000000000000000;0,005629340276731;ndvi;StdTime;15-04-02 00:00:00;0,656343955394388;0;4;Foret feuillus
25;405,000000000000000;0,001757812499673;ndvi;StdTime;15-04-02 00:00:00;0,681445165254451;0;5;Foret resineux
26;881,000000000000000;0,003823784721511;ndvi;StdTime;15-04-02 00:00:00;0,669010348186726;0;6;Foret mixte
27;471,000000000000000;0,002044270832953;ndvi;StdTime;15-04-02 00:00:00;0,504322919496305;0;7;Milieux semi-naturels
28;1244,000000000000000;0,005399305554551;ndvi;StdTime;15-04-02 00:00:00;0,340785437925357;0;8;Zones humides et eau
31;20501,000000000000000;0,088980034705673;ndvi;StdTime;15-04-02 00:00:00;0,562309297416507;0;1;Artificialise
32;33836,000000000000000;0,146857638861575;ndvi;StdTime;15-04-02 00:00:00;0,587153590147658;0;2;Cultures
33;2765,000000000000000;0,012000868053323;ndvi;StdTime;15-04-02 00:00:00;0,677809151398122;0;3;Prairies
34;3126,000000000000000;0,013567708330810;ndvi;StdTime;15-04-02 00:00:00;0,639747261581557;0;4;Foret feuillus
35;335,000000000000000;0,001453993055285;ndvi;StdTime;15-04-02 00:00:00;0,675741896077768;0;5;Foret resineux
36;1500,000000000000000;0,006510416665456;ndvi;StdTime;15-04-02 00:00:00;0,649586340884368;0;6;Foret mixte
37;107,000000000000000;0,000464409722136;ndvi;StdTime;15-04-02 00:00:00;0,595797133222918;0;7;Milieux semi-naturels
38;185,000000000000000;0,000802951388740;ndvi;StdTime;15-04-02 00:00:00;0,551660414644190;0;8;Zones humides et eau
41;18531,000000000000000;0,080429687485041;ndvi;StdTime;15-04-02 00:00:00;0,517057637734669;0;1;Artificialise
42;63126,000000000000000;0,273984374949041;ndvi;StdTime;15-04-02 00:00:00;0,586310208269268;0;2;Cultures
43;8940,000000000000000;0,038802083326116;ndvi;StdTime;15-04-02 00:00:00;0,700027859064290;0;3;Prairies
44;659,000000000000000;0,002860243055024;ndvi;StdTime;15-04-02 00:00:00;0,670176450462732;0;4;Foret feuillus
45;284,000000000000000;0,001232638888660;ndvi;StdTime;15-04-02 00:00:00;0,680765711085897;0;5;Foret resineux
46;586,000000000000000;0,002543402777305;ndvi;StdTime;15-04-02 00:00:00;0,683125724462926;0;6;Foret mixte
47;692,000000000000000;0,003003472221664;ndvi;StdTime;15-04-02 00:00:00;0,451684495759858;0;7;Milieux semi-naturels
48;515,000000000000000;0,002235243055140;ndvi;StdTime;15-04-02 00:00:00;0,405947087770238;0;8;Zones humides et eau
51;8563,000000000000000;0,037165798604199;ndvi;StdTime;15-04-02 00:00:00;0,604558601540398;0;1;Artificialise
52;20512,000000000000000;0,089027777761219;ndvi;StdTime;15-04-02 00:00:00;0,549745112186797;0;2;Cultures
53;880,000000000000000;0,003819444443734;ndvi;StdTime;15-04-02 00:00:00;0,636904340271246;0;3;Prairies
54;685,000000000000000;0,002973090277225;ndvi;StdTime;15-04-02 00:00:00;0,637504575765916;0;4;Foret feuillus
55;219,000000000000000;0,000950520833157;ndvi;StdTime;15-04-02 00:00:00;0,648852744875433;0;5;Foret resineux
56;1277,000000000000000;0,005542534721191;ndvi;StdTime;15-04-02 00:00:00;0,641520716874227;0;6;Foret mixte
57;15,000000000000000;0,000065104166655;ndvi;StdTime;15-04-02 00:00:00;0,484385325511297;0;7;Milieux semi-naturels
58;2,000000000000000;0,000008680555554;ndvi;StdTime;15-04-02 00:00:00;0,552062481641769;0;8;Zones humides et eau
61;23918,000000000000000;0,103810763869581;ndvi;StdTime;15-04-02 00:00:00;0,569698954569723;0;1;Artificialise
62;60865,000000000000000;0,264171006895311;ndvi;StdTime;15-04-02 00:00:00;0,577378830598410;0;2;Cultures
63;12006,000000000000000;0,052109374990308;ndvi;StdTime;15-04-02 00:00:00;0,669569256206452;0;3;Prairies
64;11171,000000000000000;0,048485243046538;ndvi;StdTime;15-04-02 00:00:00;0,676472160238554;0;4;Foret feuillus
65;495,000000000000000;0,002148437499600;ndvi;StdTime;15-04-02 00:00:00;0,723579184093861;0;5;Foret resineux
66;1468,000000000000000;0,006371527776593;ndvi;StdTime;15-04-02 00:00:00;0,689472971478990;0;6;Foret mixte
67;777,000000000000000;0,003372395832706;ndvi;StdTime;15-04-02 00:00:00;0,599391192926556;0;7;Milieux semi-naturels
68;453,000000000000000;0,001966145832968;ndvi;StdTime;15-04-02 00:00:00;0,506131744772920;0;8;Zones humides et eau
71;4130,000000000000000;0,017925347218888;ndvi;StdTime;15-04-02 00:00:00;0,403472400225752;0;1;Artificialise
72;100,000000000000000;0,000434027777697;ndvi;StdTime;15-04-02 00:00:00;0,570108041167259;0;2;Cultures
73;15,000000000000000;0,000065104166655;ndvi;StdTime;15-04-02 00:00:00;0,645487980047862;0;3;Prairies
74;459,000000000000000;0,001992187499629;ndvi;StdTime;15-04-02 00:00:00;0,605914780387172;0;4;Foret feuillus
76;35,000000000000000;0,000151909722194;ndvi;StdTime;15-04-02 00:00:00;0,609504698004041;0;6;Foret mixte
78;9,000000000000000;0,000039062499993;ndvi;StdTime;15-04-02 00:00:00;0,232315553559197;0;8;Zones humides et eau
81;27254,000000000000000;0,118289930533555;ndvi;StdTime;15-04-02 00:00:00;0,534405296439047;0;1;Artificialise
82;30867,000000000000000;0,133971354141749;ndvi;StdTime;15-04-02 00:00:00;0,635645642522769;0;2;Cultures
83;12409,000000000000000;0,053858506934427;ndvi;StdTime;15-04-02 00:00:00;0,681605727899869;0;3;Prairies
84;2241,000000000000000;0,009726562498191;ndvi;StdTime;15-04-02 00:00:00;0,655054869182618;0;4;Foret feuillus
85;5418,000000000000000;0,023515624995626;ndvi;StdTime;15-04-02 00:00:00;0,675431638114476;0;5;Foret resineux
86;3278,000000000000000;0,014227430552909;ndvi;StdTime;15-04-02 00:00:00;0,656510136371490;0;6;Foret mixte
87;1122,000000000000000;0,004869791665761;ndvi;StdTime;15-04-02 00:00:00;0,535870682567678;0;7;Milieux semi-naturels
88;2141,000000000000000;0,009292534720494;ndvi;StdTime;15-04-02 00:00:00;0,333388444329159;0;8;Zones humides et eau
91;21524,000000000000000;0,093420138871514;ndvi;StdTime;15-04-02 00:00:00;0,623113371610785;0;1;Artificialise
92;33863,000000000000000;0,146974826361553;ndvi;StdTime;15-04-02 00:00:00;0,641101795637985;0;2;Cultures
93;20854,000000000000000;0,090512152760943;ndvi;StdTime;15-04-02 00:00:00;0,749303819050930;0;3;Prairies
94;4447,000000000000000;0,019301215274188;ndvi;StdTime;15-04-02 00:00:00;0,664035539815258;0;4;Foret feuillus
95;10528,000000000000000;0,045694444435946;ndvi;StdTime;15-04-02 00:00:00;0,712708263666479;0;5;Foret resineux
96;16812,000000000000000;0,072968749986428;ndvi;StdTime;15-04-02 00:00:00;0,707000718013521;0;6;Foret mixte
97;2449,000000000000000;0,010629340275801;ndvi;StdTime;15-04-02 00:00:00;0,586358452339764;0;7;Milieux semi-naturels
98;2008,000000000000000;0,008715277776157;ndvi;StdTime;15-04-02 00:00:00;0,451220428671287;0;8;Zones humides et eau
101;7501,000000000000000;0,032556423605056;ndvi;StdTime;15-04-02 00:00:00;0,646280413080558;0;1;Artificialise
102;32049,000000000000000;0,139101562474128;ndvi;StdTime;15-04-02 00:00:00;0,702617285319425;0;2;Cultures
103;23798,000000000000000;0,103289930536344;ndvi;StdTime;15-04-02 00:00:00;0,730243778804069;0;3;Prairies
104;18168,000000000000000;0,078854166652000;ndvi;StdTime;15-04-02 00:00:00;0,649254312434487;0;4;Foret feuillus
105;13765,000000000000000;0,059743923599999;ndvi;StdTime;15-04-02 00:00:00;0,710699354151661;0;5;Foret resineux
106;30877,000000000000000;0,134014756919519;ndvi;StdTime;15-04-02 00:00:00;0,698041849691802;0;6;Foret mixte
107;2266,000000000000000;0,009835069442615;ndvi;StdTime;15-04-02 00:00:00;0,691361953122155;0;7;Milieux semi-naturels
108;332,000000000000000;0,001440972221954;ndvi;StdTime;15-04-02 00:00:00;0,592615585100938;0;8;Zones humides et eau
111;13192,000000000000000;0,057256944433795;ndvi;StdTime;15-04-02 00:00:00;0,640319435790027;0;1;Artificialise
112;48169,000000000000000;0,209066840238893;ndvi;StdTime;15-04-02 00:00:00;0,655615981244808;0;2;Cultures
113;9056,000000000000000;0,039305555548245;ndvi;StdTime;15-04-02 00:00:00;0,743885343667292;0;3;Prairies
114;15928,000000000000000;0,069131944431586;ndvi;StdTime;15-04-02 00:00:00;0,678648731558543;0;4;Foret feuillus
115;2083,000000000000000;0,009040798609430;ndvi;StdTime;15-04-02 00:00:00;0,715593842606217;0;5;Foret resineux
116;17702,000000000000000;0,076831597207932;ndvi;StdTime;15-04-02 00:00:00;0,700645472421283;0;6;Foret mixte
117;299,000000000000000;0,001297743055314;ndvi;StdTime;15-04-02 00:00:00;0,688168746173182;0;7;Milieux semi-naturels
118;319,000000000000000;0,001384548610854;ndvi;StdTime;15-04-02 00:00:00;0,564921464385657;0;8;Zones humides et eau
11;19297,000000000000000;0,083754340262200;ndvi;StdTime;15-04-03 00:00:00;0,511846947895736;0;1;Artificialise
12;32515,000000000000000;0,141124131918197;ndvi;StdTime;15-04-03 00:00:00;0,552175255759337;0;2;Cultures
13;4653,000000000000000;0,020195312496244;ndvi;StdTime;15-04-03 00:00:00;0,622190694904521;0;3;Prairies
14;2157,000000000000000;0,009361979164925;ndvi;StdTime;15-04-03 00:00:00;0,599714600796715;0;4;Foret feuillus
15;5373,000000000000000;0,023320312495663;ndvi;StdTime;15-04-03 00:00:00;0,631125512592690;0;5;Foret resineux
16;3663,000000000000000;0,015898437497043;ndvi;StdTime;15-04-03 00:00:00;0,604474549667126;0;6;Foret mixte
17;2665,000000000000000;0,011566840275626;ndvi;StdTime;15-04-03 00:00:00;0,474188121259352;0;7;Milieux semi-naturels
18;1213,000000000000000;0,005264756943465;ndvi;StdTime;15-04-03 00:00:00;0,395191469448504;0;8;Zones humides et eau
21;23639,000000000000000;0,102599826369806;ndvi;StdTime;15-04-03 00:00:00;0,504075571041412;0;1;Artificialise
22;53255,000000000000000;0,231141493012565;ndvi;StdTime;15-04-03 00:00:00;0,578862258405648;0;2;Cultures
23;7495,000000000000000;0,032530381938394;ndvi;StdTime;15-04-03 00:00:00;0,646741907293596;0;3;Prairies
24;1297,000000000000000;0,005629340276731;ndvi;StdTime;15-04-03 00:00:00;0,621052701011840;0;4;Foret feuillus
25;405,000000000000000;0,001757812499673;ndvi;StdTime;15-04-03 00:00:00;0,640425466387360;0;5;Foret resineux
26;881,000000000000000;0,003823784721511;ndvi;StdTime;15-04-03 00:00:00;0,626931451726176;0;6;Foret mixte
27;471,000000000000000;0,002044270832953;ndvi;StdTime;15-04-03 00:00:00;0,424277034014732;0;7;Milieux semi-naturels
28;1238,000000000000000;0,005373263887890;ndvi;StdTime;15-04-03 00:00:00;0,288979712478045;0;8;Zones humides et eau
31;20501,000000000000000;0,088980034705673;ndvi;StdTime;15-04-03 00:00:00;0,524485168161686;0;1;Artificialise
32;33829,000000000000000;0,146827256917136;ndvi;StdTime;15-04-03 00:00:00;0,549325880904628;0;2;Cultures
33;2765,000000000000000;0,012000868053323;ndvi;StdTime;15-04-03 00:00:00;0,627802141363754;0;3;Prairies
34;3126,000000000000000;0,013567708330810;ndvi;StdTime;15-04-03 00:00:00;0,598735598850845;0;4;Foret feuillus
35;335,000000000000000;0,001453993055285;ndvi;StdTime;15-04-03 00:00:00;0,645628698726199;0;5;Foret resineux
36;1500,000000000000000;0,006510416665456;ndvi;StdTime;15-04-03 00:00:00;0,612248599012693;0;6;Foret mixte
37;107,000000000000000;0,000464409722136;ndvi;StdTime;15-04-03 00:00:00;0,515432224931004;0;7;Milieux semi-naturels
38;185,000000000000000;0,000802951388740;ndvi;StdTime;15-04-03 00:00:00;0,477852451398566;0;8;Zones humides et eau
41;18537,000000000000000;0,080455729151703;ndvi;StdTime;15-04-03 00:00:00;0,480894864163114;0;1;Artificialise
42;63126,000000000000000;0,273984374949041;ndvi;StdTime;15-04-03 00:00:00;0,556546340922861;0;2;Cultures
43;8940,000000000000000;0,038802083326116;ndvi;StdTime;15-04-03 00:00:00;0,669988171339568;0;3;Prairies
44;659,000000000000000;0,002860243055024;ndvi;StdTime;15-04-03 00:00:00;0,635653084570794;0;4;Foret feuillus
45;284,000000000000000;0,001232638888660;ndvi;StdTime;15-04-03 00:00:00;0,637407045968821;0;5;Foret resineux
46;586,000000000000000;0,002543402777305;ndvi;StdTime;15-04-03 00:00:00;0,648760989359215;0;6;Foret mixte
47;691,000000000000000;0,002999131943887;ndvi;StdTime;15-04-03 00:00:00;0,414313308072483;0;7;Milieux semi-naturels
48;527,000000000000000;0,002287326388463;ndvi;StdTime;15-04-03 00:00:00;0,346581415307710;0;8;Zones humides et eau
51;8563,000000000000000;0,037165798604199;ndvi;StdTime;15-04-03 00:00:00;0,556283347705401;0;1;Artificialise
52;20491,000000000000000;0,088936631927903;ndvi;StdTime;15-04-03 00:00:00;0,491615339928932;0;2;Cultures
53;880,000000000000000;0,003819444443734;ndvi;StdTime;15-04-03 00:00:00;0,597960844568231;0;3;Prairies
54;685,000000000000000;0,002973090277225;ndvi;StdTime;15-04-03 00:00:00;0,581346556218001;0;4;Foret feuillus
55;219,000000000000000;0,000950520833157;ndvi;StdTime;15-04-03 00:00:00;0,604720758656933;0;5;Foret resineux
56;1277,000000000000000;0,005542534721191;ndvi;StdTime;15-04-03 00:00:00;0,599891898262380;0;6;Foret mixte
57;15,000000000000000;0,000065104166655;ndvi;StdTime;15-04-03 00:00:00;0,430381653706233;0;7;Milieux semi-naturels
58;2,000000000000000;0,000008680555554;ndvi;StdTime;15-04-03 00:00:00;0,492562502622604;0;8;Zones humides et eau
61;23918,000000000000000;0,103810763869581;ndvi;StdTime;15-04-03 00:00:00;0,533231245608786;0;1;Artificialise
62;60853,000000000000000;0,264118923561987;ndvi;StdTime;15-04-03 00:00:00;0,538767513500935;0;2;Cultures
63;12006,000000000000000;0,052109374990308;ndvi;StdTime;15-04-03 00:00:00;0,636870303154787;0;3;Prairies
64;11171,000000000000000;0,048485243046538;ndvi;StdTime;15-04-03 00:00:00;0,644559890952215;0;4;Foret feuillus
65;495,000000000000000;0,002148437499600;ndvi;StdTime;15-04-03 00:00:00;0,701964737309350;0;5;Foret resineux
66;1468,000000000000000;0,006371527776593;ndvi;StdTime;15-04-03 00:00:00;0,658880892663951;0;6;Foret mixte
67;777,000000000000000;0,003372395832706;ndvi;StdTime;15-04-03 00:00:00;0,551919944996693;0;7;Milieux semi-naturels
68;453,000000000000000;0,001966145832968;ndvi;StdTime;15-04-03 00:00:00;0,437766350756418;0;8;Zones humides et eau
71;4130,000000000000000;0,017925347218888;ndvi;StdTime;15-04-03 00:00:00;0,386147145966641;0;1;Artificialise
72;100,000000000000000;0,000434027777697;ndvi;StdTime;15-04-03 00:00:00;0,551600283682346;0;2;Cultures
73;15,000000000000000;0,000065104166655;ndvi;StdTime;15-04-03 00:00:00;0,621990970770518;0;3;Prairies
74;459,000000000000000;0,001992187499629;ndvi;StdTime;15-04-03 00:00:00;0,521696913151441;0;4;Foret feuillus
76;35,000000000000000;0,000151909722194;ndvi;StdTime;15-04-03 00:00:00;0,531244988100870;0;6;Foret mixte
78;9,000000000000000;0,000039062499993;ndvi;StdTime;15-04-03 00:00:00;0,253688885933823;0;8;Zones humides et eau
81;27349,000000000000000;0,118702256922367;ndvi;StdTime;15-04-03 00:00:00;0,488715663250317;0;1;Artificialise
82;30867,000000000000000;0,133971354141749;ndvi;StdTime;15-04-03 00:00:00;0,589995573450002;0;2;Cultures
83;12409,000000000000000;0,053858506934427;ndvi;StdTime;15-04-03 00:00:00;0,635375987087814;0;3;Prairies
84;2241,000000000000000;0,009726562498191;ndvi;StdTime;15-04-03 00:00:00;0,607207320128525;0;4;Foret feuillus
85;5418,000000000000000;0,023515624995626;ndvi;StdTime;15-04-03 00:00:00;0,631973889416742;0;5;Foret resineux
86;3278,000000000000000;0,014227430552909;ndvi;StdTime;15-04-03 00:00:00;0,615789356120408;0;6;Foret mixte
87;1122,000000000000000;0,004869791665761;ndvi;StdTime;15-04-03 00:00:00;0,485077990904623;0;7;Milieux semi-naturels
88;2120,000000000000000;0,009201388887178;ndvi;StdTime;15-04-03 00:00:00;0,291832956042194;0;8;Zones humides et eau
91;21524,000000000000000;0,093420138871514;ndvi;StdTime;15-04-03 00:00:00;0,575992483984910;0;1;Artificialise
92;33857,000000000000000;0,146948784694891;ndvi;StdTime;15-04-03 00:00:00;0,568712928370865;0;2;Cultures
93;20854,000000000000000;0,090512152760943;ndvi;StdTime;15-04-03 00:00:00;0,690727323122194;0;3;Prairies
94;4447,000000000000000;0,019301215274188;ndvi;StdTime;15-04-03 00:00:00;0,622073366812489;0;4;Foret feuillus
95;10528,000000000000000;0,045694444435946;ndvi;StdTime;15-04-03 00:00:00;0,684516674029361;0;5;Foret resineux
96;16812,000000000000000;0,072968749986428;ndvi;StdTime;15-04-03 00:00:00;0,667291306673614;0;6;Foret mixte
97;2449,000000000000000;0,010629340275801;ndvi;StdTime;15-04-03 00:00:00;0,547891593499055;0;7;Milieux semi-naturels
98;2008,000000000000000;0,008715277776157;ndvi;StdTime;15-04-03 00:00:00;0,415697608959390;0;8;Zones humides et eau
101;7501,000000000000000;0,032556423605056;ndvi;StdTime;15-04-03 00:00:00;0,592489581621182;0;1;Artificialise
102;32049,000000000000000;0,139101562474128;ndvi;StdTime;15-04-03 00:00:00;0,641006468235468;0;2;Cultures
103;23798,000000000000000;0,103289930536344;ndvi;StdTime;15-04-03 00:00:00;0,675898126507066;0;3;Prairies
104;18168,000000000000000;0,078854166652000;ndvi;StdTime;15-04-03 00:00:00;0,621051987179543;0;4;Foret feuillus
105;13765,000000000000000;0,059743923599999;ndvi;StdTime;15-04-03 00:00:00;0,682840584331627;0;5;Foret resineux
106;30877,000000000000000;0,134014756919519;ndvi;StdTime;15-04-03 00:00:00;0,660664530282937;0;6;Foret mixte
107;2266,000000000000000;0,009835069442615;ndvi;StdTime;15-04-03 00:00:00;0,650125259203082;0;7;Milieux semi-naturels
108;332,000000000000000;0,001440972221954;ndvi;StdTime;15-04-03 00:00:00;0,563663571175323;0;8;Zones humides et eau
111;13192,000000000000000;0,057256944433795;ndvi;StdTime;15-04-03 00:00:00;0,575696689093101;0;1;Artificialise
112;48166,000000000000000;0,209053819405562;ndvi;StdTime;15-04-03 00:00:00;0,556027314046656;0;2;Cultures
113;9056,000000000000000;0,039305555548245;ndvi;StdTime;15-04-03 00:00:00;0,669624554848981;0;3;Prairies
114;15928,000000000000000;0,069131944431586;ndvi;StdTime;15-04-03 00:00:00;0,632643139294789;0;4;Foret feuillus
115;2083,000000000000000;0,009040798609430;ndvi;StdTime;15-04-03 00:00:00;0,683673289823121;0;5;Foret resineux
116;17702,000000000000000;0,076831597207932;ndvi;StdTime;15-04-03 00:00:00;0,651729447651606;0;6;Foret mixte
117;299,000000000000000;0,001297743055314;ndvi;StdTime;15-04-03 00:00:00;0,616390799499276;0;7;Milieux semi-naturels
118;319,000000000000000;0,001384548610854;ndvi;StdTime;15-04-03 00:00:00;0,495647259640470;0;8;Zones humides et eau
11;19297,000000000000000;0,083754340262200;ndvi;StdTime;15-04-04 00:00:00;0,524568388076483;0;1;Artificialise
12;32515,000000000000000;0,141124131918197;ndvi;StdTime;15-04-04 00:00:00;0,571985136124421;0;2;Cultures
13;4653,000000000000000;0,020195312496244;ndvi;StdTime;15-04-04 00:00:00;0,646386113310025;0;3;Prairies
14;2157,000000000000000;0,009361979164925;ndvi;StdTime;15-04-04 00:00:00;0,594878834412780;0;4;Foret feuillus
15;5373,000000000000000;0,023320312495663;ndvi;StdTime;15-04-04 00:00:00;0,619813931691631;0;5;Foret resineux
16;3663,000000000000000;0,015898437497043;ndvi;StdTime;15-04-04 00:00:00;0,607005659723718;0;6;Foret mixte
17;2665,000000000000000;0,011566840275626;ndvi;StdTime;15-04-04 00:00:00;0,480089869593073;0;7;Milieux semi-naturels
18;1213,000000000000000;0,005264756943465;ndvi;StdTime;15-04-04 00:00:00;0,432871986469998;0;8;Zones humides et eau
21;23645,000000000000000;0,102625868036468;ndvi;StdTime;15-04-04 00:00:00;0,535335727946803;0;1;Artificialise
22;53262,000000000000000;0,231171874957004;ndvi;StdTime;15-04-04 00:00:00;0,615560172949274;0;2;Cultures
23;7495,000000000000000;0,032530381938394;ndvi;StdTime;15-04-04 00:00:00;0,674091688229927;0;3;Prairies
24;1297,000000000000000;0,005629340276731;ndvi;StdTime;15-04-04 00:00:00;0,629067938697274;0;4;Foret feuillus
25;405,000000000000000;0,001757812499673;ndvi;StdTime;15-04-04 00:00:00;0,654520079751074;0;5;Foret resineux
26;881,000000000000000;0,003823784721511;ndvi;StdTime;15-04-04 00:00:00;0,634975439675415;0;6;Foret mixte
27;471,000000000000000;0,002044270832953;ndvi;StdTime;15-04-04 00:00:00;0,470152323128311;0;7;Milieux semi-naturels
28;1239,000000000000000;0,005377604165666;ndvi;StdTime;15-04-04 00:00:00;0,327234860718411;0;8;Zones humides et eau
31;20501,000000000000000;0,088980034705673;ndvi;StdTime;15-04-04 00:00:00;0,543527640029444;0;1;Artificialise
32;33836,000000000000000;0,146857638861575;ndvi;StdTime;15-04-04 00:00:00;0,576698233741306;0;2;Cultures
33;2765,000000000000000;0,012000868053323;ndvi;StdTime;15-04-04 00:00:00;0,660811654266785;0;3;Prairies
34;3126,000000000000000;0,013567708330810;ndvi;StdTime;15-04-04 00:00:00;0,616841345024428;0;4;Foret feuillus
35;335,000000000000000;0,001453993055285;ndvi;StdTime;15-04-04 00:00:00;0,631290358393940;0;5;Foret resineux
36;1500,000000000000000;0,006510416665456;ndvi;StdTime;15-04-04 00:00:00;0,621972176631292;0;6;Foret mixte
37;107,000000000000000;0,000464409722136;ndvi;StdTime;15-04-04 00:00:00;0,542108021606909;0;7;Milieux semi-naturels
38;185,000000000000000;0,000802951388740;ndvi;StdTime;15-04-04 00:00:00;0,506479610945727;0;8;Zones humides et eau
41;18530,000000000000000;0,080425347207264;ndvi;StdTime;15-04-04 00:00:00;0,515745927468174;0;1;Artificialise
42;63126,000000000000000;0,273984374949041;ndvi;StdTime;15-04-04 00:00:00;0,603738704065386;0;2;Cultures
43;8940,000000000000000;0,038802083326116;ndvi;StdTime;15-04-04 00:00:00;0,699651895550141;0;3;Prairies
44;659,000000000000000;0,002860243055024;ndvi;StdTime;15-04-04 00:00:00;0,652896257832488;0;4;Foret feuillus
45;284,000000000000000;0,001232638888660;ndvi;StdTime;15-04-04 00:00:00;0,656471237120495;0;5;Foret resineux
46;586,000000000000000;0,002543402777305;ndvi;StdTime;15-04-04 00:00:00;0,663851729940635;0;6;Foret mixte
47;694,000000000000000;0,003012152777218;ndvi;StdTime;15-04-04 00:00:00;0,440067261923104;0;7;Milieux semi-naturels
48;513,000000000000000;0,002226562499586;ndvi;StdTime;15-04-04 00:00:00;0,420094329502513;0;8;Zones humides et eau
51;8563,000000000000000;0,037165798604199;ndvi;StdTime;15-04-04 00:00:00;0,581406182385343;0;1;Artificialise
52;20512,000000000000000;0,089027777761219;ndvi;StdTime;15-04-04 00:00:00;0,513073683065446;0;2;Cultures
53;880,000000000000000;0,003819444443734;ndvi;StdTime;15-04-04 00:00:00;0,629673361913725;0;3;Prairies
54;685,000000000000000;0,002973090277225;ndvi;StdTime;15-04-04 00:00:00;0,611886381885431;0;4;Foret feuillus
55;219,000000000000000;0,000950520833157;ndvi;StdTime;15-04-04 00:00:00;0,645149617842888;0;5;Foret resineux
56;1277,000000000000000;0,005542534721191;ndvi;StdTime;15-04-04 00:00:00;0,618038934380539;0;6;Foret mixte
57;15,000000000000000;0,000065104166655;ndvi;StdTime;15-04-04 00:00:00;0,465902654329936;0;7;Milieux semi-naturels
58;2,000000000000000;0,000008680555554;ndvi;StdTime;15-04-04 00:00:00;0,530412495136261;0;8;Zones humides et eau
61;23918,000000000000000;0,103810763869581;ndvi;StdTime;15-04-04 00:00:00;0,545919050010630;0;1;Artificialise
62;60865,000000000000000;0,264171006895311;ndvi;StdTime;15-04-04 00:00:00;0,565493958160940;0;2;Cultures
63;12006,000000000000000;0,052109374990308;ndvi;StdTime;15-04-04 00:00:00;0,659847450993833;0;3;Prairies
64;11171,000000000000000;0,048485243046538;ndvi;StdTime;15-04-04 00:00:00;0,633767275983225;0;4;Foret feuillus
65;495,000000000000000;0,002148437499600;ndvi;StdTime;15-04-04 00:00:00;0,681171434756481;0;5;Foret resineux
66;1468,000000000000000;0,006371527776593;ndvi;StdTime;15-04-04 00:00:00;0,646537957992151;0;6;Foret mixte
67;777,000000000000000;0,003372395832706;ndvi;StdTime;15-04-04 00:00:00;0,566590589561057;0;7;Milieux semi-naturels
68;453,000000000000000;0,001966145832968;ndvi;StdTime;15-04-04 00:00:00;0,460873459348615;0;8;Zones humides et eau
71;4130,000000000000000;0,017925347218888;ndvi;StdTime;15-04-04 00:00:00;0,370611864606203;0;1;Artificialise
72;100,000000000000000;0,000434027777697;ndvi;StdTime;15-04-04 00:00:00;0,563044182360172;0;2;Cultures
73;15,000000000000000;0,000065104166655;ndvi;StdTime;15-04-04 00:00:00;0,636351319154104;0;3;Prairies
74;459,000000000000000;0,001992187499629;ndvi;StdTime;15-04-04 00:00:00;0,583602213392071;0;4;Foret feuillus
76;35,000000000000000;0,000151909722194;ndvi;StdTime;15-04-04 00:00:00;0,588301130703517;0;6;Foret mixte
78;9,000000000000000;0,000039062499993;ndvi;StdTime;15-04-04 00:00:00;0,264052220516735;0;8;Zones humides et eau
81;27300,000000000000000;0,118489583311295;ndvi;StdTime;15-04-04 00:00:00;0,501162000776909;0;1;Artificialise
82;30867,000000000000000;0,133971354141749;ndvi;StdTime;15-04-04 00:00:00;0,618295639421209;0;2;Cultures
83;12409,000000000000000;0,053858506934427;ndvi;StdTime;15-04-04 00:00:00;0,661239302060368;0;3;Prairies
84;2241,000000000000000;0,009726562498191;ndvi;StdTime;15-04-04 00:00:00;0,596643926362169;0;4;Foret feuillus
85;5418,000000000000000;0,023515624995626;ndvi;StdTime;15-04-04 00:00:00;0,625727837773962;0;5;Foret resineux
86;3278,000000000000000;0,014227430552909;ndvi;StdTime;15-04-04 00:00:00;0,610421311426192;0;6;Foret mixte
87;1125,000000000000000;0,004882812499092;ndvi;StdTime;15-04-04 00:00:00;0,491016536527211;0;7;Milieux semi-naturels
88;2099,000000000000000;0,009110243053861;ndvi;StdTime;15-04-04 00:00:00;0,312911187497893;0;8;Zones humides et eau
91;21524,000000000000000;0,093420138871514;ndvi;StdTime;15-04-04 00:00:00;0,594845755431438;0;1;Artificialise
92;33863,000000000000000;0,146974826361553;ndvi;StdTime;15-04-04 00:00:00;0,599188103154181;0;2;Cultures
93;20854,000000000000000;0,090512152760943;ndvi;StdTime;15-04-04 00:00:00;0,713675208313304;0;3;Prairies
94;4447,000000000000000;0,019301215274188;ndvi;StdTime;15-04-04 00:00:00;0,627376853816556;0;4;Foret feuillus
95;10528,000000000000000;0,045694444435946;ndvi;StdTime;15-04-04 00:00:00;0,666862718574136;0;5;Foret resineux
96;16812,000000000000000;0,072968749986428;ndvi;StdTime;15-04-04 00:00:00;0,668018399743756;0;6;Foret mixte
97;2449,000000000000000;0,010629340275801;ndvi;StdTime;15-04-04 00:00:00;0,540733787515982;0;7;Milieux semi-naturels
98;2008,000000000000000;0,008715277776157;ndvi;StdTime;15-04-04 00:00:00;0,418094028729900;0;8;Zones humides et eau
101;7501,000000000000000;0,032556423605056;ndvi;StdTime;15-04-04 00:00:00;0,621750550887662;0;1;Artificialise
102;32049,000000000000000;0,139101562474128;ndvi;StdTime;15-04-04 00:00:00;0,676232090277798;0;2;Cultures
103;23798,000000000000000;0,103289930536344;ndvi;StdTime;15-04-04 00:00:00;0,709819191231658;0;3;Prairies
104;18168,000000000000000;0,078854166652000;ndvi;StdTime;15-04-04 00:00:00;0,609109083252075;0;4;Foret feuillus
105;13765,000000000000000;0,059743923599999;ndvi;StdTime;15-04-04 00:00:00;0,665268689718760;0;5;Foret resineux
106;30877,000000000000000;0,134014756919519;ndvi;StdTime;15-04-04 00:00:00;0,654275834721583;0;6;Foret mixte
107;2266,000000000000000;0,009835069442615;ndvi;StdTime;15-04-04 00:00:00;0,637266265904073;0;7;Milieux semi-naturels
108;332,000000000000000;0,001440972221954;ndvi;StdTime;15-04-04 00:00:00;0,553936085338334;0;8;Zones humides et eau
111;13192,000000000000000;0,057256944433795;ndvi;StdTime;15-04-04 00:00:00;0,602824085130563;0;1;Artificialise
112;48157,000000000000000;0,209014756905569;ndvi;StdTime;15-04-04 00:00:00;0,614173713089306;0;2;Cultures
113;9056,000000000000000;0,039305555548245;ndvi;StdTime;15-04-04 00:00:00;0,716588520175075;0;3;Prairies
114;15928,000000000000000;0,069131944431586;ndvi;StdTime;15-04-04 00:00:00;0,628137459491047;0;4;Foret feuillus
115;2083,000000000000000;0,009040798609430;ndvi;StdTime;15-04-04 00:00:00;0,662087402003807;0;5;Foret resineux
116;17702,000000000000000;0,076831597207932;ndvi;StdTime;15-04-04 00:00:00;0,650929555275012;0;6;Foret mixte
117;299,000000000000000;0,001297743055314;ndvi;StdTime;15-04-04 00:00:00;0,617766575470418;0;7;Milieux semi-naturels
118;319,000000000000000;0,001384548610854;ndvi;StdTime;15-04-04 00:00:00;0,516152148429877;0;8;Zones humides et eau
11;19297,000000000000000;0,083754340262200;ndvi;StdTime;15-04-05 00:00:00;0,565877455161055;0;1;Artificialise
12;32515,000000000000000;0,141124131918197;ndvi;StdTime;15-04-05 00:00:00;0,619304167892996;0;2;Cultures
13;4653,000000000000000;0,020195312496244;ndvi;StdTime;15-04-05 00:00:00;0,687401372041851;0;3;Prairies
14;2157,000000000000000;0,009361979164925;ndvi;StdTime;15-04-05 00:00:00;0,654954094741982;0;4;Foret feuillus
15;5373,000000000000000;0,023320312495663;ndvi;StdTime;15-04-05 00:00:00;0,668780736110739;0;5;Foret resineux
16;3663,000000000000000;0,015898437497043;ndvi;StdTime;15-04-05 00:00:00;0,656286593330319;0;6;Foret mixte
17;2665,000000000000000;0,011566840275626;ndvi;StdTime;15-04-05 00:00:00;0,534026518195698;0;7;Milieux semi-naturels
18;1213,000000000000000;0,005264756943465;ndvi;StdTime;15-04-05 00:00:00;0,494289525002180;0;8;Zones humides et eau
21;23650,000000000000000;0,102647569425353;ndvi;StdTime;15-04-05 00:00:00;0,560282523588632;0;1;Artificialise
22;53261,000000000000000;0,231167534679227;ndvi;StdTime;15-04-05 00:00:00;0,645927266509347;0;2;Cultures
23;7495,000000000000000;0,032530381938394;ndvi;StdTime;15-04-05 00:00:00;0,703055834062423;0;3;Prairies
24;1297,000000000000000;0,005629340276731;ndvi;StdTime;15-04-05 00:00:00;0,666414650431392;0;4;Foret feuillus
25;405,000000000000000;0,001757812499673;ndvi;StdTime;15-04-05 00:00:00;0,672973140743044;0;5;Foret resineux
26;881,000000000000000;0,003823784721511;ndvi;StdTime;15-04-05 00:00:00;0,668807314486834;0;6;Foret mixte
27;471,000000000000000;0,002044270832953;ndvi;StdTime;15-04-05 00:00:00;0,503484492801178;0;7;Milieux semi-naturels
28;1247,000000000000000;0,005412326387882;ndvi;StdTime;15-04-05 00:00:00;0,361416992495201;0;8;Zones humides et eau
31;20501,000000000000000;0,088980034705673;ndvi;StdTime;15-04-05 00:00:00;0,591717367190905;0;1;Artificialise
32;33836,000000000000000;0,146857638861575;ndvi;StdTime;15-04-05 00:00:00;0,637771239738286;0;2;Cultures
33;2765,000000000000000;0,012000868053323;ndvi;StdTime;15-04-05 00:00:00;0,705861474398463;0;3;Prairies
34;3126,000000000000000;0,013567708330810;ndvi;StdTime;15-04-05 00:00:00;0,666507264559877;0;4;Foret feuillus
35;335,000000000000000;0,001453993055285;ndvi;StdTime;15-04-05 00:00:00;0,683701009358933;0;5;Foret resineux
36;1500,000000000000000;0,006510416665456;ndvi;StdTime;15-04-05 00:00:00;0,671296876907349;0;6;Foret mixte
37;107,000000000000000;0,000464409722136;ndvi;StdTime;15-04-05 00:00:00;0,613677316736952;0;7;Milieux semi-naturels
38;185,000000000000000;0,000802951388740;ndvi;StdTime;15-04-05 00:00:00;0,579127627288973;0;8;Zones humides et eau
41;18522,000000000000000;0,080390624985048;ndvi;StdTime;15-04-05 00:00:00;0,525388446283646;0;1;Artificialise
42;63126,000000000000000;0,273984374949041;ndvi;StdTime;15-04-05 00:00:00;0,625745957754536;0;2;Cultures
43;8940,000000000000000;0,038802083326116;ndvi;StdTime;15-04-05 00:00:00;0,712648718169073;0;3;Prairies
44;659,000000000000000;0,002860243055024;ndvi;StdTime;15-04-05 00:00:00;0,664905769917238;0;4;Foret feuillus
45;284,000000000000000;0,001232638888660;ndvi;StdTime;15-04-05 00:00:00;0,665220607177053;0;5;Foret resineux
46;586,000000000000000;0,002543402777305;ndvi;StdTime;15-04-05 00:00:00;0,680228734179162;0;6;Foret mixte
47;691,000000000000000;0,002999131943887;ndvi;StdTime;15-04-05 00:00:00;0,440515764319108;0;7;Milieux semi-naturels
48;515,000000000000000;0,002235243055140;ndvi;StdTime;15-04-05 00:00:00;0,405465669800681;0;8;Zones humides et eau
51;8563,000000000000000;0,037165798604199;ndvi;StdTime;15-04-05 00:00:00;0,629338574795112;0;1;Artificialise
52;20512,000000000000000;0,089027777761219;ndvi;StdTime;15-04-05 00:00:00;0,597285351937549;0;2;Cultures
53;880,000000000000000;0,003819444443734;ndvi;StdTime;15-04-05 00:00:00;0,685289675098929;0;3;Prairies
54;685,000000000000000;0,002973090277225;ndvi;StdTime;15-04-05 00:00:00;0,663758445699719;0;4;Foret feuillus
55;219,000000000000000;0,000950520833157;ndvi;StdTime;15-04-05 00:00:00;0,670183158084138;0;5;Foret resineux
56;1277,000000000000000;0,005542534721191;ndvi;StdTime;15-04-05 00:00:00;0,667278122276465;0;6;Foret mixte
57;15,000000000000000;0,000065104166655;ndvi;StdTime;15-04-05 00:00:00;0,525405315558116;0;7;Milieux semi-naturels
58;2,000000000000000;0,000008680555554;ndvi;StdTime;15-04-05 00:00:00;0,555419981479645;0;8;Zones humides et eau
61;23918,000000000000000;0,103810763869581;ndvi;StdTime;15-04-05 00:00:00;0,585736751673522;0;1;Artificialise
62;60865,000000000000000;0,264171006895311;ndvi;StdTime;15-04-05 00:00:00;0,620404442945269;0;2;Cultures
63;12006,000000000000000;0,052109374990308;ndvi;StdTime;15-04-05 00:00:00;0,686647033477432;0;3;Prairies
64;11171,000000000000000;0,048485243046538;ndvi;StdTime;15-04-05 00:00:00;0,670093208898224;0;4;Foret feuillus
65;495,000000000000000;0,002148437499600;ndvi;StdTime;15-04-05 00:00:00;0,717497251973007;0;5;Foret resineux
66;1468,000000000000000;0,006371527776593;ndvi;StdTime;15-04-05 00:00:00;0,682347527925909;0;6;Foret mixte
67;777,000000000000000;0,003372395832706;ndvi;StdTime;15-04-05 00:00:00;0,616180576067634;0;7;Milieux semi-naturels
68;453,000000000000000;0,001966145832968;ndvi;StdTime;15-04-05 00:00:00;0,521849083420193;0;8;Zones humides et eau
71;4130,000000000000000;0,017925347218888;ndvi;StdTime;15-04-05 00:00:00;0,407768416518376;0;1;Artificialise
72;100,000000000000000;0,000434027777697;ndvi;StdTime;15-04-05 00:00:00;0,603482491672039;0;2;Cultures
73;15,000000000000000;0,000065104166655;ndvi;StdTime;15-04-05 00:00:00;0,685182984670003;0;3;Prairies
74;459,000000000000000;0,001992187499629;ndvi;StdTime;15-04-05 00:00:00;0,617735737743980;0;4;Foret feuillus
76;35,000000000000000;0,000151909722194;ndvi;StdTime;15-04-05 00:00:00;0,618397128582001;0;6;Foret mixte
78;9,000000000000000;0,000039062499993;ndvi;StdTime;15-04-05 00:00:00;0,255481657054689;0;8;Zones humides et eau
81;27301,000000000000000;0,118493923589072;ndvi;StdTime;15-04-05 00:00:00;0,537735080263755;0;1;Artificialise
82;30867,000000000000000;0,133971354141749;ndvi;StdTime;15-04-05 00:00:00;0,650665680639830;0;2;Cultures
83;12409,000000000000000;0,053858506934427;ndvi;StdTime;15-04-05 00:00:00;0,688703440401748;0;3;Prairies
84;2241,000000000000000;0,009726562498191;ndvi;StdTime;15-04-05 00:00:00;0,655398667749682;0;4;Foret feuillus
85;5418,000000000000000;0,023515624995626;ndvi;StdTime;15-04-05 00:00:00;0,663108706287286;0;5;Foret resineux
86;3278,000000000000000;0,014227430552909;ndvi;StdTime;15-04-05 00:00:00;0,648401690564045;0;6;Foret mixte
87;1117,000000000000000;0,004848090276876;ndvi;StdTime;15-04-05 00:00:00;0,542288554207011;0;7;Milieux semi-naturels
88;2155,000000000000000;0,009353298609371;ndvi;StdTime;15-04-05 00:00:00;0,357270908750039;0;8;Zones humides et eau
91;21524,000000000000000;0,093420138871514;ndvi;StdTime;15-04-05 00:00:00;0,619840605219742;0;1;Artificialise
92;33863,000000000000000;0,146974826361553;ndvi;StdTime;15-04-05 00:00:00;0,639437810296755;0;2;Cultures
93;20854,000000000000000;0,090512152760943;ndvi;StdTime;15-04-05 00:00:00;0,737479213428335;0;3;Prairies
94;4447,000000000000000;0,019301215274188;ndvi;StdTime;15-04-05 00:00:00;0,650729863582527;0;4;Foret feuillus
95;10528,000000000000000;0,045694444435946;ndvi;StdTime;15-04-05 00:00:00;0,689602204397503;0;5;Foret resineux
96;16812,000000000000000;0,072968749986428;ndvi;StdTime;15-04-05 00:00:00;0,688905038661031;0;6;Foret mixte
97;2449,000000000000000;0,010629340275801;ndvi;StdTime;15-04-05 00:00:00;0,582460341537763;0;7;Milieux semi-naturels
98;2008,000000000000000;0,008715277776157;ndvi;StdTime;15-04-05 00:00:00;0,457197129511204;0;8;Zones humides et eau
101;7501,000000000000000;0,032556423605056;ndvi;StdTime;15-04-05 00:00:00;0,645930417679640;0;1;Artificialise
102;32049,000000000000000;0,139101562474128;ndvi;StdTime;15-04-05 00:00:00;0,700332862323239;0;2;Cultures
103;23798,000000000000000;0,103289930536344;ndvi;StdTime;15-04-05 00:00:00;0,727331243288226;0;3;Prairies
104;18168,000000000000000;0,078854166652000;ndvi;StdTime;15-04-05 00:00:00;0,632275367661725;0;4;Foret feuillus
105;13765,000000000000000;0,059743923599999;ndvi;StdTime;15-04-05 00:00:00;0,697562792129704;0;5;Foret resineux
106;30877,000000000000000;0,134014756919519;ndvi;StdTime;15-04-05 00:00:00;0,681954876736513;0;6;Foret mixte
107;2266,000000000000000;0,009835069442615;ndvi;StdTime;15-04-05 00:00:00;0,660123901407170;0;7;Milieux semi-naturels
108;332,000000000000000;0,001440972221954;ndvi;StdTime;15-04-05 00:00:00;0,583161507385323;0;8;Zones humides et eau
111;13192,000000000000000;0,057256944433795;ndvi;StdTime;15-04-05 00:00:00;0,638622639004962;0;1;Artificialise
112;48169,000000000000000;0,209066840238893;ndvi;StdTime;15-04-05 00:00:00;0,658646259789040;0;2;Cultures
113;9056,000000000000000;0,039305555548245;ndvi;StdTime;15-04-05 00:00:00;0,736875654264046;0;3;Prairies
114;15928,000000000000000;0,069131944431586;ndvi;StdTime;15-04-05 00:00:00;0,671445670696222;0;4;Foret feuillus
115;2083,000000000000000;0,009040798609430;ndvi;StdTime;15-04-05 00:00:00;0,707927633922831;0;5;Foret resineux
116;17702,000000000000000;0,076831597207932;ndvi;StdTime;15-04-05 00:00:00;0,691878792212892;0;6;Foret mixte
117;299,000000000000000;0,001297743055314;ndvi;StdTime;15-04-05 00:00:00;0,658344468045793;0;7;Milieux semi-naturels
118;319,000000000000000;0,001384548610854;ndvi;StdTime;15-04-05 00:00:00;0,549934612079100;0;8;Zones humides et eau
11;19297,000000000000000;0,083754340262200;ndvi;StdTime;15-04-06 00:00:00;0,489948935506945;0;1;Artificialise
12;32515,000000000000000;0,141124131918197;ndvi;StdTime;15-04-06 00:00:00;0,527982180350088;0;2;Cultures
13;4653,000000000000000;0,020195312496244;ndvi;StdTime;15-04-06 00:00:00;0,591432395485840;0;3;Prairies
14;2157,000000000000000;0,009361979164925;ndvi;StdTime;15-04-06 00:00:00;0,567896037174698;0;4;Foret feuillus
15;5373,000000000000000;0,023320312495663;ndvi;StdTime;15-04-06 00:00:00;0,621713606207015;0;5;Foret resineux
16;3663,000000000000000;0,015898437497043;ndvi;StdTime;15-04-06 00:00:00;0,593282797054746;0;6;Foret mixte
17;2665,000000000000000;0,011566840275626;ndvi;StdTime;15-04-06 00:00:00;0,473538838162682;0;7;Milieux semi-naturels
18;1211,000000000000000;0,005256076387911;ndvi;StdTime;15-04-06 00:00:00;0,402349272112244;0;8;Zones humides et eau
21;23649,000000000000000;0,102643229147576;ndvi;StdTime;15-04-06 00:00:00;0,500472989225650;0;1;Artificialise
22;53262,000000000000000;0,231171874957004;ndvi;StdTime;15-04-06 00:00:00;0,577228821608428;0;2;Cultures
23;7495,000000000000000;0,032530381938394;ndvi;StdTime;15-04-06 00:00:00;0,635727462337525;0;3;Prairies
24;1297,000000000000000;0,005629340276731;ndvi;StdTime;15-04-06 00:00:00;0,606694378619389;0;4;Foret feuillus
25;405,000000000000000;0,001757812499673;ndvi;StdTime;15-04-06 00:00:00;0,640514046100923;0;5;Foret resineux
26;881,000000000000000;0,003823784721511;ndvi;StdTime;15-04-06 00:00:00;0,622104407473130;0;6;Foret mixte
27;470,000000000000000;0,002039930555176;ndvi;StdTime;15-04-06 00:00:00;0,431931918522620;0;7;Milieux semi-naturels
28;1224,000000000000000;0,005312499999012;ndvi;StdTime;15-04-06 00:00:00;0,287341478486543;0;8;Zones humides et eau
31;20501,000000000000000;0,088980034705673;ndvi;StdTime;15-04-06 00:00:00;0,517813710656915;0;1;Artificialise
32;33836,000000000000000;0,146857638861575;ndvi;StdTime;15-04-06 00:00:00;0,547740943863317;0;2;Cultures
33;2765,000000000000000;0,012000868053323;ndvi;StdTime;15-04-06 00:00:00;0,615327156463109;0;3;Prairies
34;3126,000000000000000;0,013567708330810;ndvi;StdTime;15-04-06 00:00:00;0,598411204509070;0;4;Foret feuillus
35;335,000000000000000;0,001453993055285;ndvi;StdTime;15-04-06 00:00:00;0,628853842482638;0;5;Foret resineux
36;1500,000000000000000;0,006510416665456;ndvi;StdTime;15-04-06 00:00:00;0,601781719982624;0;6;Foret mixte
37;107,000000000000000;0,000464409722136;ndvi;StdTime;15-04-06 00:00:00;0,522426247875267;0;7;Milieux semi-naturels
38;185,000000000000000;0,000802951388740;ndvi;StdTime;15-04-06 00:00:00;0,491492104852522;0;8;Zones humides et eau
41;18524,000000000000000;0,080399305540602;ndvi;StdTime;15-04-06 00:00:00;0,486001418311865;0;1;Artificialise
42;63126,000000000000000;0,273984374949041;ndvi;StdTime;15-04-06 00:00:00;0,570301364508313;0;2;Cultures
43;8940,000000000000000;0,038802083326116;ndvi;StdTime;15-04-06 00:00:00;0,661719023301297;0;3;Prairies
44;659,000000000000000;0,002860243055024;ndvi;StdTime;15-04-06 00:00:00;0,616951682227515;0;4;Foret feuillus
45;284,000000000000000;0,001232638888660;ndvi;StdTime;15-04-06 00:00:00;0,634381726646507;0;5;Foret resineux
46;586,000000000000000;0,002543402777305;ndvi;StdTime;15-04-06 00:00:00;0,641222282430418;0;6;Foret mixte
47;688,000000000000000;0,002986111110556;ndvi;StdTime;15-04-06 00:00:00;0,428102546175238;0;7;Milieux semi-naturels
48;495,000000000000000;0,002148437499600;ndvi;StdTime;15-04-06 00:00:00;0,374605025655844;0;8;Zones humides et eau
51;8563,000000000000000;0,037165798604199;ndvi;StdTime;15-04-06 00:00:00;0,553656568139718;0;1;Artificialise
52;20512,000000000000000;0,089027777761219;ndvi;StdTime;15-04-06 00:00:00;0,504381519187293;0;2;Cultures
53;880,000000000000000;0,003819444443734;ndvi;StdTime;15-04-06 00:00:00;0,598663517866622;0;3;Prairies
54;685,000000000000000;0,002973090277225;ndvi;StdTime;15-04-06 00:00:00;0,593411043308077;0;4;Foret feuillus
55;219,000000000000000;0,000950520833157;ndvi;StdTime;15-04-06 00:00:00;0,608383384469438;0;5;Foret resineux
56;1277,000000000000000;0,005542534721191;ndvi;StdTime;15-04-06 00:00:00;0,593429644614716;0;6;Foret mixte
57;15,000000000000000;0,000065104166655;ndvi;StdTime;15-04-06 00:00:00;0,457509978612264;0;7;Milieux semi-naturels
58;2,000000000000000;0,000008680555554;ndvi;StdTime;15-04-06 00:00:00;0,520549982786179;0;8;Zones humides et eau
61;23918,000000000000000;0,103810763869581;ndvi;StdTime;15-04-06 00:00:00;0,531542412719261;0;1;Artificialise
62;60865,000000000000000;0,264171006895311;ndvi;StdTime;15-04-06 00:00:00;0,554671284614900;0;2;Cultures
63;12006,000000000000000;0,052109374990308;ndvi;StdTime;15-04-06 00:00:00;0,628627430768625;0;3;Prairies
64;11171,000000000000000;0,048485243046538;ndvi;StdTime;15-04-06 00:00:00;0,619525554042272;0;4;Foret feuillus
65;495,000000000000000;0,002148437499600;ndvi;StdTime;15-04-06 00:00:00;0,682702497761659;0;5;Foret resineux
66;1468,000000000000000;0,006371527776593;ndvi;StdTime;15-04-06 00:00:00;0,639228529131868;0;6;Foret mixte
67;777,000000000000000;0,003372395832706;ndvi;StdTime;15-04-06 00:00:00;0,547096498339333;0;7;Milieux semi-naturels
68;453,000000000000000;0,001966145832968;ndvi;StdTime;15-04-06 00:00:00;0,458743860225541;0;8;Zones humides et eau
71;4130,000000000000000;0,017925347218888;ndvi;StdTime;15-04-06 00:00:00;0,364304558113758;0;1;Artificialise
72;100,000000000000000;0,000434027777697;ndvi;StdTime;15-04-06 00:00:00;0,533686384856701;0;2;Cultures
73;15,000000000000000;0,000065104166655;ndvi;StdTime;15-04-06 00:00:00;0,630404865741730;0;3;Prairies
74;459,000000000000000;0,001992187499629;ndvi;StdTime;15-04-06 00:00:00;0,590676011602863;0;4;Foret feuillus
76;35,000000000000000;0,000151909722194;ndvi;StdTime;15-04-06 00:00:00;0,599087265559605;0;6;Foret mixte
78;9,000000000000000;0,000039062499993;ndvi;StdTime;15-04-06 00:00:00;0,240616656012005;0;8;Zones humides et eau
81;27161,000000000000000;0,117886284700296;ndvi;StdTime;15-04-06 00:00:00;0,485285891216644;0;1;Artificialise
82;30867,000000000000000;0,133971354141749;ndvi;StdTime;15-04-06 00:00:00;0,581147080313342;0;2;Cultures
83;12409,000000000000000;0,053858506934427;ndvi;StdTime;15-04-06 00:00:00;0,619247270618480;0;3;Prairies
84;2241,000000000000000;0,009726562498191;ndvi;StdTime;15-04-06 00:00:00;0,586241294049302;0;4;Foret feuillus
85;5418,000000000000000;0,023515624995626;ndvi;StdTime;15-04-06 00:00:00;0,624073021622679;0;5;Foret resineux
86;3278,000000000000000;0,014227430552909;ndvi;StdTime;15-04-06 00:00:00;0,603533526294983;0;6;Foret mixte
87;1124,000000000000000;0,004878472221315;ndvi;StdTime;15-04-06 00:00:00;0,481873512944187;0;7;Milieux semi-naturels
88;2038,000000000000000;0,008845486109466;ndvi;StdTime;15-04-06 00:00:00;0,299855144118615;0;8;Zones humides et eau
91;21524,000000000000000;0,093420138871514;ndvi;StdTime;15-04-06 00:00:00;0,539143008142406;0;1;Artificialise
92;33863,000000000000000;0,146974826361553;ndvi;StdTime;15-04-06 00:00:00;0,548287002677731;0;2;Cultures
93;20854,000000000000000;0,090512152760943;ndvi;StdTime;15-04-06 00:00:00;0,639602379191179;0;3;Prairies
94;4447,000000000000000;0,019301215274188;ndvi;StdTime;15-04-06 00:00:00;0,585766853135115;0;4;Foret feuillus
95;10528,000000000000000;0,045694444435946;ndvi;StdTime;15-04-06 00:00:00;0,653363633750851;0;5;Foret resineux
96;16812,000000000000000;0,072968749986428;ndvi;StdTime;15-04-06 00:00:00;0,635267140214823;0;6;Foret mixte
97;2449,000000000000000;0,010629340275801;ndvi;StdTime;15-04-06 00:00:00;0,531321793088819;0;7;Milieux semi-naturels
98;2008,000000000000000;0,008715277776157;ndvi;StdTime;15-04-06 00:00:00;0,409741047550868;0;8;Zones humides et eau
101;7501,000000000000000;0,032556423605056;ndvi;StdTime;15-04-06 00:00:00;0,556326803901150;0;1;Artificialise
102;32049,000000000000000;0,139101562474128;ndvi;StdTime;15-04-06 00:00:00;0,595521825034589;0;2;Cultures
103;23798,000000000000000;0,103289930536344;ndvi;StdTime;15-04-06 00:00:00;0,619057019101603;0;3;Prairies
104;18168,000000000000000;0,078854166652000;ndvi;StdTime;15-04-06 00:00:00;0,592825752128947;0;4;Foret feuillus
105;13765,000000000000000;0,059743923599999;ndvi;StdTime;15-04-06 00:00:00;0,648956245235906;0;5;Foret resineux
106;30877,000000000000000;0,134014756919519;ndvi;StdTime;15-04-06 00:00:00;0,630206977800451;0;6;Foret mixte
107;2266,000000000000000;0,009835069442615;ndvi;StdTime;15-04-06 00:00:00;0,598676427422850;0;7;Milieux semi-naturels
108;332,000000000000000;0,001440972221954;ndvi;StdTime;15-04-06 00:00:00;0,545783702777811;0;8;Zones humides et eau
111;13192,000000000000000;0,057256944433795;ndvi;StdTime;15-04-06 00:00:00;0,573808339648651;0;1;Artificialise
112;48169,000000000000000;0,209066840238893;ndvi;StdTime;15-04-06 00:00:00;0,588423744770541;0;2;Cultures
113;9056,000000000000000;0,039305555548245;ndvi;StdTime;15-04-06 00:00:00;0,657823639079375;0;3;Prairies
114;15928,000000000000000;0,069131944431586;ndvi;StdTime;15-04-06 00:00:00;0,619444964987767;0;4;Foret feuillus
115;2083,000000000000000;0,009040798609430;ndvi;StdTime;15-04-06 00:00:00;0,664741543826723;0;5;Foret resineux
116;17702,000000000000000;0,076831597207932;ndvi;StdTime;15-04-06 00:00:00;0,639176966147077;0;6;Foret mixte
117;299,000000000000000;0,001297743055314;ndvi;StdTime;15-04-06 00:00:00;0,592164946240326;0;7;Milieux semi-naturels
118;319,000000000000000;0,001384548610854;ndvi;StdTime;15-04-06 00:00:00;0,477055473153868;0;8;Zones humides et eau
11;19297,000000000000000;0,083754340262200;ndvi;StdTime;15-04-07 00:00:00;0,563683374688023;0;1;Artificialise
12;32515,000000000000000;0,141124131918197;ndvi;StdTime;15-04-07 00:00:00;0,625773775281953;0;2;Cultures
13;4653,000000000000000;0,020195312496244;ndvi;StdTime;15-04-07 00:00:00;0,696144128816757;0;3;Prairies
14;2157,000000000000000;0,009361979164925;ndvi;StdTime;15-04-07 00:00:00;0,680113883056075;0;4;Foret feuillus
15;5373,000000000000000;0,023320312495663;ndvi;StdTime;15-04-07 00:00:00;0,689782431809880;0;5;Foret resineux
16;3663,000000000000000;0,015898437497043;ndvi;StdTime;15-04-07 00:00:00;0,679405170518000;0;6;Foret mixte
17;2665,000000000000000;0,011566840275626;ndvi;StdTime;15-04-07 00:00:00;0,547640172600411;0;7;Milieux semi-naturels
18;1204,000000000000000;0,005225694443473;ndvi;StdTime;15-04-07 00:00:00;0,490212431558071;0;8;Zones humides et eau
21;23651,000000000000000;0,102651909703130;ndvi;StdTime;15-04-07 00:00:00;0,548011239331197;0;1;Artificialise
22;53262,000000000000000;0,231171874957004;ndvi;StdTime;15-04-07 00:00:00;0,629537643112236;0;2;Cultures
23;7495,000000000000000;0,032530381938394;ndvi;StdTime;15-04-07 00:00:00;0,697211675000954;0;3;Prairies
24;1297,000000000000000;0,005629340276731;ndvi;StdTime;15-04-07 00:00:00;0,696950022128332;0;4;Foret feuillus
25;405,000000000000000;0,001757812499673;ndvi;StdTime;15-04-07 00:00:00;0,692441167360470;0;5;Foret resineux
26;881,000000000000000;0,003823784721511;ndvi;StdTime;15-04-07 00:00:00;0,694044274314984;0;6;Foret mixte
27;471,000000000000000;0,002044270832953;ndvi;StdTime;15-04-07 00:00:00;0,449296548418827;0;7;Milieux semi-naturels
28;1234,000000000000000;0,005355902776782;ndvi;StdTime;15-04-07 00:00:00;0,339146389244833;0;8;Zones humides et eau
31;20501,000000000000000;0,088980034705673;ndvi;StdTime;15-04-07 00:00:00;0,581814278126299;0;1;Artificialise
32;33836,000000000000000;0,146857638861575;ndvi;StdTime;15-04-07 00:00:00;0,623161296942288;0;2;Cultures
33;2765,000000000000000;0,012000868053323;ndvi;StdTime;15-04-07 00:00:00;0,704035150929342;0;3;Prairies
34;3126,000000000000000;0,013567708330810;ndvi;StdTime;15-04-07 00:00:00;0,683809196584818;0;4;Foret feuillus
35;335,000000000000000;0,001453993055285;ndvi;StdTime;15-04-07 00:00:00;0,695345235493646;0;5;Foret resineux
36;1500,000000000000000;0,006510416665456;ndvi;StdTime;15-04-07 00:00:00;0,685333609998226;0;6;Foret mixte
37;107,000000000000000;0,000464409722136;ndvi;StdTime;15-04-07 00:00:00;0,613680546528825;0;7;Milieux semi-naturels
38;185,000000000000000;0,000802951388740;ndvi;StdTime;15-04-07 00:00:00;0,568977069693643;0;8;Zones humides et eau
41;18537,000000000000000;0,080455729151703;ndvi;StdTime;15-04-07 00:00:00;0,519649185698507;0;1;Artificialise
42;63126,000000000000000;0,273984374949041;ndvi;StdTime;15-04-07 00:00:00;0,601280428281517;0;2;Cultures
43;8940,000000000000000;0,038802083326116;ndvi;StdTime;15-04-07 00:00:00;0,714030426710644;0;3;Prairies
44;659,000000000000000;0,002860243055024;ndvi;StdTime;15-04-07 00:00:00;0,695766812119752;0;4;Foret feuillus
45;284,000000000000000;0,001232638888660;ndvi;StdTime;15-04-07 00:00:00;0,695184237100709;0;5;Foret resineux
46;586,000000000000000;0,002543402777305;ndvi;StdTime;15-04-07 00:00:00;0,711860687100033;0;6;Foret mixte
47;695,000000000000000;0,003016493054995;ndvi;StdTime;15-04-07 00:00:00;0,458150977476520;0;7;Milieux semi-naturels
48;515,000000000000000;0,002235243055140;ndvi;StdTime;15-04-07 00:00:00;0,417133798359755;0;8;Zones humides et eau
51;8563,000000000000000;0,037165798604199;ndvi;StdTime;15-04-07 00:00:00;0,632802216084456;0;1;Artificialise
52;20512,000000000000000;0,089027777761219;ndvi;StdTime;15-04-07 00:00:00;0,604950186580730;0;2;Cultures
53;880,000000000000000;0,003819444443734;ndvi;StdTime;15-04-07 00:00:00;0,689591340043329;0;3;Prairies
54;685,000000000000000;0,002973090277225;ndvi;StdTime;15-04-07 00:00:00;0,688263541373023;0;4;Foret feuillus
55;219,000000000000000;0,000950520833157;ndvi;StdTime;15-04-07 00:00:00;0,698696605010664;0;5;Foret resineux
56;1277,000000000000000;0,005542534721191;ndvi;StdTime;15-04-07 00:00:00;0,691249411182658;0;6;Foret mixte
57;15,000000000000000;0,000065104166655;ndvi;StdTime;15-04-07 00:00:00;0,524857320388158;0;7;Milieux semi-naturels
58;2,000000000000000;0,000008680555554;ndvi;StdTime;15-04-07 00:00:00;0,675370007753372;0;8;Zones humides et eau
61;23918,000000000000000;0,103810763869581;ndvi;StdTime;15-04-07 00:00:00;0,598018123176954;0;1;Artificialise
62;60865,000000000000000;0,264171006895311;ndvi;StdTime;15-04-07 00:00:00;0,627080695425234;0;2;Cultures
63;12006,000000000000000;0,052109374990308;ndvi;StdTime;15-04-07 00:00:00;0,714538622519066;0;3;Prairies
64;11171,000000000000000;0,048485243046538;ndvi;StdTime;15-04-07 00:00:00;0,721965272110628;0;4;Foret feuillus
65;495,000000000000000;0,002148437499600;ndvi;StdTime;15-04-07 00:00:00;0,762739645832717;0;5;Foret resineux
66;1468,000000000000000;0,006371527776593;ndvi;StdTime;15-04-07 00:00:00;0,728229496171267;0;6;Foret mixte
67;777,000000000000000;0,003372395832706;ndvi;StdTime;15-04-07 00:00:00;0,636333888792163;0;7;Milieux semi-naturels
68;453,000000000000000;0,001966145832968;ndvi;StdTime;15-04-07 00:00:00;0,537254156063724;0;8;Zones humides et eau
71;4130,000000000000000;0,017925347218888;ndvi;StdTime;15-04-07 00:00:00;0,419538050725804;0;1;Artificialise
72;100,000000000000000;0,000434027777697;ndvi;StdTime;15-04-07 00:00:00;0,609867581129074;0;2;Cultures
73;15,000000000000000;0,000065104166655;ndvi;StdTime;15-04-07 00:00:00;0,699513320128123;0;3;Prairies
74;459,000000000000000;0,001992187499629;ndvi;StdTime;15-04-07 00:00:00;0,655686778180740;0;4;Foret feuillus
76;35,000000000000000;0,000151909722194;ndvi;StdTime;15-04-07 00:00:00;0,660681133610862;0;6;Foret mixte
78;9,000000000000000;0,000039062499993;ndvi;StdTime;15-04-07 00:00:00;0,250935549537341;0;8;Zones humides et eau
81;27362,000000000000000;0,118758680533467;ndvi;StdTime;15-04-07 00:00:00;0,542750970023506;0;1;Artificialise
82;30867,000000000000000;0,133971354141749;ndvi;StdTime;15-04-07 00:00:00;0,660819188533722;0;2;Cultures
83;12409,000000000000000;0,053858506934427;ndvi;StdTime;15-04-07 00:00:00;0,704306744611258;0;3;Prairies
84;2241,000000000000000;0,009726562498191;ndvi;StdTime;15-04-07 00:00:00;0,687202047578251;0;4;Foret feuillus
85;5418,000000000000000;0,023515624995626;ndvi;StdTime;15-04-07 00:00:00;0,691074485855156;0;5;Foret resineux
86;3278,000000000000000;0,014227430552909;ndvi;StdTime;15-04-07 00:00:00;0,688923552386859;0;6;Foret mixte
87;1125,000000000000000;0,004882812499092;ndvi;StdTime;15-04-07 00:00:00;0,556651731755999;0;7;Milieux semi-naturels
88;2160,000000000000000;0,009374999998256;ndvi;StdTime;15-04-07 00:00:00;0,352445705414208;0;8;Zones humides et eau
91;21524,000000000000000;0,093420138871514;ndvi;StdTime;15-04-07 00:00:00;0,641777783686274;0;1;Artificialise
92;33863,000000000000000;0,146974826361553;ndvi;StdTime;15-04-07 00:00:00;0,675583515883134;0;2;Cultures
93;20854,000000000000000;0,090512152760943;ndvi;StdTime;15-04-07 00:00:00;0,774922784306042;0;3;Prairies
94;4447,000000000000000;0,019301215274188;ndvi;StdTime;15-04-07 00:00:00;0,698933508467455;0;4;Foret feuillus
95;10528,000000000000000;0,045694444435946;ndvi;StdTime;15-04-07 00:00:00;0,716489978607371;0;5;Foret resineux
96;16812,000000000000000;0,072968749986428;ndvi;StdTime;15-04-07 00:00:00;0,724927005539078;0;6;Foret mixte
97;2449,000000000000000;0,010629340275801;ndvi;StdTime;15-04-07 00:00:00;0,596894805311622;0;7;Milieux semi-naturels
98;2008,000000000000000;0,008715277776157;ndvi;StdTime;15-04-07 00:00:00;0,468590218284394;0;8;Zones humides et eau
101;7501,000000000000000;0,032556423605056;ndvi;StdTime;15-04-07 00:00:00;0,676257529190073;0;1;Artificialise
102;32049,000000000000000;0,139101562474128;ndvi;StdTime;15-04-07 00:00:00;0,743500873599433;0;2;Cultures
103;23798,000000000000000;0,103289930536344;ndvi;StdTime;15-04-07 00:00:00;0,771701511528797;0;3;Prairies
104;18168,000000000000000;0,078854166652000;ndvi;StdTime;15-04-07 00:00:00;0,687550023875601;0;4;Foret feuillus
105;13765,000000000000000;0,059743923599999;ndvi;StdTime;15-04-07 00:00:00;0,724232805511363;0;5;Foret resineux
106;30877,000000000000000;0,134014756919519;ndvi;StdTime;15-04-07 00:00:00;0,720200269172146;0;6;Foret mixte
107;2266,000000000000000;0,009835069442615;ndvi;StdTime;15-04-07 00:00:00;0,669915294434155;0;7;Milieux semi-naturels
108;332,000000000000000;0,001440972221954;ndvi;StdTime;15-04-07 00:00:00;0,614241462245763;0;8;Zones humides et eau
111;13192,000000000000000;0,057256944433795;ndvi;StdTime;15-04-07 00:00:00;0,663211624736158;0;1;Artificialise
112;48169,000000000000000;0,209066840238893;ndvi;StdTime;15-04-07 00:00:00;0,696318953692010;0;2;Cultures
113;9056,000000000000000;0,039305555548245;ndvi;StdTime;15-04-07 00:00:00;0,775264011057547;0;3;Prairies
114;15928,000000000000000;0,069131944431586;ndvi;StdTime;15-04-07 00:00:00;0,720273476189431;0;4;Foret feuillus
115;2083,000000000000000;0,009040798609430;ndvi;StdTime;15-04-07 00:00:00;0,745070017849204;0;5;Foret resineux
116;17702,000000000000000;0,076831597207932;ndvi;StdTime;15-04-07 00:00:00;0,735279957368113;0;6;Foret mixte
117;299,000000000000000;0,001297743055314;ndvi;StdTime;15-04-07 00:00:00;0,674515453170375;0;7;Milieux semi-naturels
118;319,000000000000000;0,001384548610854;ndvi;StdTime;15-04-07 00:00:00;0,564337729006352;0;8;Zones humides et eau
11;19297,000000000000000;0,083754340262200;ndvi;StdTime;15-04-08 00:00:00;0,555807716592561;0;1;Artificialise
12;32515,000000000000000;0,141124131918197;ndvi;StdTime;15-04-08 00:00:00;0,602258829028447;0;2;Cultures
13;4653,000000000000000;0,020195312496244;ndvi;StdTime;15-04-08 00:00:00;0,673655585969312;0;3;Prairies
14;2157,000000000000000;0,009361979164925;ndvi;StdTime;15-04-08 00:00:00;0,661579251869664;0;4;Foret feuillus
15;5373,000000000000000;0,023320312495663;ndvi;StdTime;15-04-08 00:00:00;0,670098831594581;0;5;Foret resineux
16;3663,000000000000000;0,015898437497043;ndvi;StdTime;15-04-08 00:00:00;0,660054352361258;0;6;Foret mixte
17;2665,000000000000000;0,011566840275626;ndvi;StdTime;15-04-08 00:00:00;0,536600349505220;0;7;Milieux semi-naturels
18;1213,000000000000000;0,005264756943465;ndvi;StdTime;15-04-08 00:00:00;0,468928884691040;0;8;Zones humides et eau
21;23644,000000000000000;0,102621527758691;ndvi;StdTime;15-04-08 00:00:00;0,544320394774478;0;1;Artificialise
22;53262,000000000000000;0,231171874957004;ndvi;StdTime;15-04-08 00:00:00;0,617935482487416;0;2;Cultures
23;7495,000000000000000;0,032530381938394;ndvi;StdTime;15-04-08 00:00:00;0,677120062104459;0;3;Prairies
24;1297,000000000000000;0,005629340276731;ndvi;StdTime;15-04-08 00:00:00;0,681771016180653;0;4;Foret feuillus
25;405,000000000000000;0,001757812499673;ndvi;StdTime;15-04-08 00:00:00;0,669650820081617;0;5;Foret resineux
26;881,000000000000000;0,003823784721511;ndvi;StdTime;15-04-08 00:00:00;0,676043177571118;0;6;Foret mixte
27;469,000000000000000;0,002035590277399;ndvi;StdTime;15-04-08 00:00:00;0,455819811695801;0;7;Milieux semi-naturels
28;1244,000000000000000;0,005399305554551;ndvi;StdTime;15-04-08 00:00:00;0,348332670100361;0;8;Zones humides et eau
31;20501,000000000000000;0,088980034705673;ndvi;StdTime;15-04-08 00:00:00;0,569691161980200;0;1;Artificialise
32;33836,000000000000000;0,146857638861575;ndvi;StdTime;15-04-08 00:00:00;0,600693256626941;0;2;Cultures
33;2765,000000000000000;0,012000868053323;ndvi;StdTime;15-04-08 00:00:00;0,675960975680602;0;3;Prairies
34;3126,000000000000000;0,013567708330810;ndvi;StdTime;15-04-08 00:00:00;0,673843740005944;0;4;Foret feuillus
35;335,000000000000000;0,001453993055285;ndvi;StdTime;15-04-08 00:00:00;0,679915676543962;0;5;Foret resineux
36;1500,000000000000000;0,006510416665456;ndvi;StdTime;15-04-08 00:00:00;0,672173779288927;0;6;Foret mixte
37;107,000000000000000;0,000464409722136;ndvi;StdTime;15-04-08 00:00:00;0,590658238836538;0;7;Milieux semi-naturels
38;185,000000000000000;0,000802951388740;ndvi;StdTime;15-04-08 00:00:00;0,552396909288458;0;8;Zones humides et eau
41;18512,000000000000000;0,080347222207278;ndvi;StdTime;15-04-08 00:00:00;0,515064858524819;0;1;Artificialise
42;63126,000000000000000;0,273984374949041;ndvi;StdTime;15-04-08 00:00:00;0,600527219442923;0;2;Cultures
43;8940,000000000000000;0,038802083326116;ndvi;StdTime;15-04-08 00:00:00;0,696126741380898;0;3;Prairies
44;659,000000000000000;0,002860243055024;ndvi;StdTime;15-04-08 00:00:00;0,665934830316101;0;4;Foret feuillus
45;284,000000000000000;0,001232638888660;ndvi;StdTime;15-04-08 00:00:00;0,681400426571637;0;5;Foret resineux
46;586,000000000000000;0,002543402777305;ndvi;StdTime;15-04-08 00:00:00;0,678902210025657;0;6;Foret mixte
47;689,000000000000000;0,002990451388333;ndvi;StdTime;15-04-08 00:00:00;0,457686892901216;0;7;Milieux semi-naturels
48;523,000000000000000;0,002269965277356;ndvi;StdTime;15-04-08 00:00:00;0,400676034601053;0;8;Zones humides et eau
51;8563,000000000000000;0,037165798604199;ndvi;StdTime;15-04-08 00:00:00;0,609482397342848;0;1;Artificialise
52;20512,000000000000000;0,089027777761219;ndvi;StdTime;15-04-08 00:00:00;0,560024344043403;0;2;Cultures
53;880,000000000000000;0,003819444443734;ndvi;StdTime;15-04-08 00:00:00;0,654128156670115;0;3;Prairies
54;685,000000000000000;0,002973090277225;ndvi;StdTime;15-04-08 00:00:00;0,665210518741260;0;4;Foret feuillus
55;219,000000000000000;0,000950520833157;ndvi;StdTime;15-04-08 00:00:00;0,667003399433066;0;5;Foret resineux
56;1277,000000000000000;0,005542534721191;ndvi;StdTime;15-04-08 00:00:00;0,658834560597045;0;6;Foret mixte
57;15,000000000000000;0,000065104166655;ndvi;StdTime;15-04-08 00:00:00;0,496641641855240;0;7;Milieux semi-naturels
58;2,000000000000000;0,000008680555554;ndvi;StdTime;15-04-08 00:00:00;0,613139986991882;0;8;Zones humides et eau
61;23918,000000000000000;0,103810763869581;ndvi;StdTime;15-04-08 00:00:00;0,580067748727359;0;1;Artificialise
62;60865,000000000000000;0,264171006895311;ndvi;StdTime;15-04-08 00:00:00;0,595164270678338;0;2;Cultures
63;12006,000000000000000;0,052109374990308;ndvi;StdTime;15-04-08 00:00:00;0,683725921914674;0;3;Prairies
64;11171,000000000000000;0,048485243046538;ndvi;StdTime;15-04-08 00:00:00;0,693662976737885;0;4;Foret feuillus
65;495,000000000000000;0,002148437499600;ndvi;StdTime;15-04-08 00:00:00;0,717896912916742;0;5;Foret resineux
66;1468,000000000000000;0,006371527776593;ndvi;StdTime;15-04-08 00:00:00;0,704826236968956;0;6;Foret mixte
67;777,000000000000000;0,003372395832706;ndvi;StdTime;15-04-08 00:00:00;0,605872562378070;0;7;Milieux semi-naturels
68;453,000000000000000;0,001966145832968;ndvi;StdTime;15-04-08 00:00:00;0,513619469096329;0;8;Zones humides et eau
71;4130,000000000000000;0,017925347218888;ndvi;StdTime;15-04-08 00:00:00;0,412968167637365;0;1;Artificialise
72;100,000000000000000;0,000434027777697;ndvi;StdTime;15-04-08 00:00:00;0,602469997704029;0;2;Cultures
73;15,000000000000000;0,000065104166655;ndvi;StdTime;15-04-08 00:00:00;0,644253325462341;0;3;Prairies
74;459,000000000000000;0,001992187499629;ndvi;StdTime;15-04-08 00:00:00;0,660447733724299;0;4;Foret feuillus
76;35,000000000000000;0,000151909722194;ndvi;StdTime;15-04-08 00:00:00;0,654495932374682;0;6;Foret mixte
78;9,000000000000000;0,000039062499993;ndvi;StdTime;15-04-08 00:00:00;0,255416095256805;0;8;Zones humides et eau
81;27250,000000000000000;0,118272569422447;ndvi;StdTime;15-04-08 00:00:00;0,538878749832853;0;1;Artificialise
82;30867,000000000000000;0,133971354141749;ndvi;StdTime;15-04-08 00:00:00;0,641165492919259;0;2;Cultures
83;12409,000000000000000;0,053858506934427;ndvi;StdTime;15-04-08 00:00:00;0,680961255211995;0;3;Prairies
84;2241,000000000000000;0,009726562498191;ndvi;StdTime;15-04-08 00:00:00;0,672607491247517;0;4;Foret feuillus
85;5418,000000000000000;0,023515624995626;ndvi;StdTime;15-04-08 00:00:00;0,669304093847245;0;5;Foret resineux
86;3278,000000000000000;0,014227430552909;ndvi;StdTime;15-04-08 00:00:00;0,665628754825327;0;6;Foret mixte
87;1122,000000000000000;0,004869791665761;ndvi;StdTime;15-04-08 00:00:00;0,542678127327598;0;7;Milieux semi-naturels
88;2126,000000000000000;0,009227430553839;ndvi;StdTime;15-04-08 00:00:00;0,351068515522459;0;8;Zones humides et eau
91;21524,000000000000000;0,093420138871514;ndvi;StdTime;15-04-08 00:00:00;0,613338767249902;0;1;Artificialise
92;33863,000000000000000;0,146974826361553;ndvi;StdTime;15-04-08 00:00:00;0,630709629162522;0;2;Cultures
93;20854,000000000000000;0,090512152760943;ndvi;StdTime;15-04-08 00:00:00;0,748142323938577;0;3;Prairies
94;4447,000000000000000;0,019301215274188;ndvi;StdTime;15-04-08 00:00:00;0,661878956236785;0;4;Foret feuillus
95;10528,000000000000000;0,045694444435946;ndvi;StdTime;15-04-08 00:00:00;0,681195155873126;0;5;Foret resineux
96;16812,000000000000000;0,072968749986428;ndvi;StdTime;15-04-08 00:00:00;0,691635336011626;0;6;Foret mixte
97;2449,000000000000000;0,010629340275801;ndvi;StdTime;15-04-08 00:00:00;0,566009944351218;0;7;Milieux semi-naturels
98;2002,000000000000000;0,008689236109495;ndvi;StdTime;15-04-08 00:00:00;0,428762640364908;0;8;Zones humides et eau
101;7501,000000000000000;0,032556423605056;ndvi;StdTime;15-04-08 00:00:00;0,651954393071535;0;1;Artificialise
102;32049,000000000000000;0,139101562474128;ndvi;StdTime;15-04-08 00:00:00;0,709737749461499;0;2;Cultures
103;23798,000000000000000;0,103289930536344;ndvi;StdTime;15-04-08 00:00:00;0,743509783336511;0;3;Prairies
104;18168,000000000000000;0,078854166652000;ndvi;StdTime;15-04-08 00:00:00;0,670328526391444;0;4;Foret feuillus
105;13765,000000000000000;0,059743923599999;ndvi;StdTime;15-04-08 00:00:00;0,699838668023550;0;5;Foret resineux
106;30877,000000000000000;0,134014756919519;ndvi;StdTime;15-04-08 00:00:00;0,690957584010895;0;6;Foret mixte
107;2266,000000000000000;0,009835069442615;ndvi;StdTime;15-04-08 00:00:00;0,641433874906320;0;7;Milieux semi-naturels
108;332,000000000000000;0,001440972221954;ndvi;StdTime;15-04-08 00:00:00;0,548883161990039;0;8;Zones humides et eau
111;13192,000000000000000;0,057256944433795;ndvi;StdTime;15-04-08 00:00:00;0,636072737175525;0;1;Artificialise
112;48169,000000000000000;0,209066840238893;ndvi;StdTime;15-04-08 00:00:00;0,650637685329178;0;2;Cultures
113;9056,000000000000000;0,039305555548245;ndvi;StdTime;15-04-08 00:00:00;0,734853001749109;0;3;Prairies
114;15928,000000000000000;0,069131944431586;ndvi;StdTime;15-04-08 00:00:00;0,686506745422799;0;4;Foret feuillus
115;2083,000000000000000;0,009040798609430;ndvi;StdTime;15-04-08 00:00:00;0,710757806904318;0;5;Foret resineux
116;17702,000000000000000;0,076831597207932;ndvi;StdTime;15-04-08 00:00:00;0,697814945519179;0;6;Foret mixte
117;299,000000000000000;0,001297743055314;ndvi;StdTime;15-04-08 00:00:00;0,637525221177168;0;7;Milieux semi-naturels
118;319,000000000000000;0,001384548610854;ndvi;StdTime;15-04-08 00:00:00;0,539342595071628;0;8;Zones humides et eau
11;19297,000000000000000;0,083754340262200;ndvi;StdTime;15-04-09 00:00:00;0,534601393439777;0;1;Artificialise
12;32515,000000000000000;0,141124131918197;ndvi;StdTime;15-04-09 00:00:00;0,580417100636751;0;2;Cultures
13;4653,000000000000000;0,020195312496244;ndvi;StdTime;15-04-09 00:00:00;0,643337234210999;0;3;Prairies
14;2157,000000000000000;0,009361979164925;ndvi;StdTime;15-04-09 00:00:00;0,634982678657557;0;4;Foret feuillus
15;5373,000000000000000;0,023320312495663;ndvi;StdTime;15-04-09 00:00:00;0,648811878770639;0;5;Foret resineux
16;3663,000000000000000;0,015898437497043;ndvi;StdTime;15-04-09 00:00:00;0,637049162413070;0;6;Foret mixte
17;2665,000000000000000;0,011566840275626;ndvi;StdTime;15-04-09 00:00:00;0,511001479801832;0;7;Milieux semi-naturels
18;1213,000000000000000;0,005264756943465;ndvi;StdTime;15-04-09 00:00:00;0,473745370276045;0;8;Zones humides et eau
21;23641,000000000000000;0,102608506925360;ndvi;StdTime;15-04-09 00:00:00;0,522243563747501;0;1;Artificialise
22;53262,000000000000000;0,231171874957004;ndvi;StdTime;15-04-09 00:00:00;0,596359593114669;0;2;Cultures
23;7495,000000000000000;0,032530381938394;ndvi;StdTime;15-04-09 00:00:00;0,657156390552125;0;3;Prairies
24;1297,000000000000000;0,005629340276731;ndvi;StdTime;15-04-09 00:00:00;0,640699394386184;0;4;Foret feuillus
25;405,000000000000000;0,001757812499673;ndvi;StdTime;15-04-09 00:00:00;0,649583147631751;0;5;Foret resineux
26;881,000000000000000;0,003823784721511;ndvi;StdTime;15-04-09 00:00:00;0,650527719640840;0;6;Foret mixte
27;444,000000000000000;0,001927083332975;ndvi;StdTime;15-04-09 00:00:00;0,417311392937418;0;7;Milieux semi-naturels
28;1252,000000000000000;0,005434027776767;ndvi;StdTime;15-04-09 00:00:00;0,319286744984145;0;8;Zones humides et eau
31;20501,000000000000000;0,088980034705673;ndvi;StdTime;15-04-09 00:00:00;0,541517153273640;0;1;Artificialise
32;33816,000000000000000;0,146770833306035;ndvi;StdTime;15-04-09 00:00:00;0,568970699855182;0;2;Cultures
33;2765,000000000000000;0,012000868053323;ndvi;StdTime;15-04-09 00:00:00;0,643938459205368;0;3;Prairies
34;3126,000000000000000;0,013567708330810;ndvi;StdTime;15-04-09 00:00:00;0,627523028676089;0;4;Foret feuillus
35;335,000000000000000;0,001453993055285;ndvi;StdTime;15-04-09 00:00:00;0,645657713466616;0;5;Foret resineux
36;1500,000000000000000;0,006510416665456;ndvi;StdTime;15-04-09 00:00:00;0,630431411703428;0;6;Foret mixte
37;107,000000000000000;0,000464409722136;ndvi;StdTime;15-04-09 00:00:00;0,557288955862277;0;7;Milieux semi-naturels
38;185,000000000000000;0,000802951388740;ndvi;StdTime;15-04-09 00:00:00;0,528008665104170;0;8;Zones humides et eau
41;18543,000000000000000;0,080481770818364;ndvi;StdTime;15-04-09 00:00:00;0,496763237566062;0;1;Artificialise
42;63126,000000000000000;0,273984374949041;ndvi;StdTime;15-04-09 00:00:00;0,581594806753339;0;2;Cultures
43;8940,000000000000000;0,038802083326116;ndvi;StdTime;15-04-09 00:00:00;0,679563266588939;0;3;Prairies
44;659,000000000000000;0,002860243055024;ndvi;StdTime;15-04-09 00:00:00;0,642464849040794;0;4;Foret feuillus
45;284,000000000000000;0,001232638888660;ndvi;StdTime;15-04-09 00:00:00;0,647164013079354;0;5;Foret resineux
46;586,000000000000000;0,002543402777305;ndvi;StdTime;15-04-09 00:00:00;0,657545118761144;0;6;Foret mixte
47;693,000000000000000;0,003007812499441;ndvi;StdTime;15-04-09 00:00:00;0,448026545726107;0;7;Milieux semi-naturels
48;527,000000000000000;0,002287326388463;ndvi;StdTime;15-04-09 00:00:00;0,370703698146516;0;8;Zones humides et eau
51;8562,000000000000000;0,037161458326422;ndvi;StdTime;15-04-09 00:00:00;0,580599618157167;0;1;Artificialise
52;20480,000000000000000;0,088888888872356;ndvi;StdTime;15-04-09 00:00:00;0,533374994652692;0;2;Cultures
53;880,000000000000000;0,003819444443734;ndvi;StdTime;15-04-09 00:00:00;0,609835323623636;0;3;Prairies
54;685,000000000000000;0,002973090277225;ndvi;StdTime;15-04-09 00:00:00;0,629888039740333;0;4;Foret feuillus
55;219,000000000000000;0,000950520833157;ndvi;StdTime;15-04-09 00:00:00;0,644329483786675;0;5;Foret resineux
56;1277,000000000000000;0,005542534721191;ndvi;StdTime;15-04-09 00:00:00;0,633168903266255;0;6;Foret mixte
57;15,000000000000000;0,000065104166655;ndvi;StdTime;15-04-09 00:00:00;0,477673325936000;0;7;Milieux semi-naturels
58;2,000000000000000;0,000008680555554;ndvi;StdTime;15-04-09 00:00:00;0,556830018758774;0;8;Zones humides et eau
61;23918,000000000000000;0,103810763869581;ndvi;StdTime;15-04-09 00:00:00;0,551210354485608;0;1;Artificialise
62;60865,000000000000000;0,264171006895311;ndvi;StdTime;15-04-09 00:00:00;0,564158889861355;0;2;Cultures
63;12006,000000000000000;0,052109374990308;ndvi;StdTime;15-04-09 00:00:00;0,646552718412512;0;3;Prairies
64;11171,000000000000000;0,048485243046538;ndvi;StdTime;15-04-09 00:00:00;0,657471677128177;0;4;Foret feuillus
65;495,000000000000000;0,002148437499600;ndvi;StdTime;15-04-09 00:00:00;0,714198526469144;0;5;Foret resineux
66;1468,000000000000000;0,006371527776593;ndvi;StdTime;15-04-09 00:00:00;0,676171493241995;0;6;Foret mixte
67;777,000000000000000;0,003372395832706;ndvi;StdTime;15-04-09 00:00:00;0,575277283461704;0;7;Milieux semi-naturels
68;453,000000000000000;0,001966145832968;ndvi;StdTime;15-04-09 00:00:00;0,484182909163944;0;8;Zones humides et eau
71;4130,000000000000000;0,017925347218888;ndvi;StdTime;15-04-09 00:00:00;0,391399757224913;0;1;Artificialise
72;100,000000000000000;0,000434027777697;ndvi;StdTime;15-04-09 00:00:00;0,572522131800652;0;2;Cultures
73;15,000000000000000;0,000065104166655;ndvi;StdTime;15-04-09 00:00:00;0,633441317081451;0;3;Prairies
74;459,000000000000000;0,001992187499629;ndvi;StdTime;15-04-09 00:00:00;0,612682076126403;0;4;Foret feuillus
76;35,000000000000000;0,000151909722194;ndvi;StdTime;15-04-09 00:00:00;0,610955417156219;0;6;Foret mixte
78;9,000000000000000;0,000039062499993;ndvi;StdTime;15-04-09 00:00:00;0,229986104700300;0;8;Zones humides et eau
81;27261,000000000000000;0,118320312477993;ndvi;StdTime;15-04-09 00:00:00;0,516337827424316;0;1;Artificialise
82;30867,000000000000000;0,133971354141749;ndvi;StdTime;15-04-09 00:00:00;0,616505131585516;0;2;Cultures
83;12409,000000000000000;0,053858506934427;ndvi;StdTime;15-04-09 00:00:00;0,652946878247126;0;3;Prairies
84;2241,000000000000000;0,009726562498191;ndvi;StdTime;15-04-09 00:00:00;0,639926099779881;0;4;Foret feuillus
85;5418,000000000000000;0,023515624995626;ndvi;StdTime;15-04-09 00:00:00;0,650881073942657;0;5;Foret resineux
86;3278,000000000000000;0,014227430552909;ndvi;StdTime;15-04-09 00:00:00;0,642196629762358;0;6;Foret mixte
87;1121,000000000000000;0,004865451387984;ndvi;StdTime;15-04-09 00:00:00;0,512792403498178;0;7;Milieux semi-naturels
88;2160,000000000000000;0,009374999998256;ndvi;StdTime;15-04-09 00:00:00;0,318498838323178;0;8;Zones humides et eau
91;21524,000000000000000;0,093420138871514;ndvi;StdTime;15-04-09 00:00:00;0,590454656658447;0;1;Artificialise
92;33863,000000000000000;0,146974826361553;ndvi;StdTime;15-04-09 00:00:00;0,599538968203680;0;2;Cultures
93;20854,000000000000000;0,090512152760943;ndvi;StdTime;15-04-09 00:00:00;0,709969530576793;0;3;Prairies
94;4447,000000000000000;0,019301215274188;ndvi;StdTime;15-04-09 00:00:00;0,645818982749997;0;4;Foret feuillus
95;10528,000000000000000;0,045694444435946;ndvi;StdTime;15-04-09 00:00:00;0,692576818782438;0;5;Foret resineux
96;16812,000000000000000;0,072968749986428;ndvi;StdTime;15-04-09 00:00:00;0,688603403149988;0;6;Foret mixte
97;2449,000000000000000;0,010629340275801;ndvi;StdTime;15-04-09 00:00:00;0,565276257161366;0;7;Milieux semi-naturels
98;2008,000000000000000;0,008715277776157;ndvi;StdTime;15-04-09 00:00:00;0,443394055003783;0;8;Zones humides et eau
101;7501,000000000000000;0,032556423605056;ndvi;StdTime;15-04-09 00:00:00;0,627028852291956;0;1;Artificialise
102;32049,000000000000000;0,139101562474128;ndvi;StdTime;15-04-09 00:00:00;0,682871190536346;0;2;Cultures
103;23798,000000000000000;0,103289930536344;ndvi;StdTime;15-04-09 00:00:00;0,712167253052649;0;3;Prairies
104;18168,000000000000000;0,078854166652000;ndvi;StdTime;15-04-09 00:00:00;0,661616378600364;0;4;Foret feuillus
105;13765,000000000000000;0,059743923599999;ndvi;StdTime;15-04-09 00:00:00;0,699499473658814;0;5;Foret resineux
106;30877,000000000000000;0,134014756919519;ndvi;StdTime;15-04-09 00:00:00;0,686860159337260;0;6;Foret mixte
107;2266,000000000000000;0,009835069442615;ndvi;StdTime;15-04-09 00:00:00;0,631304930254410;0;7;Milieux semi-naturels
108;332,000000000000000;0,001440972221954;ndvi;StdTime;15-04-09 00:00:00;0,545448239937604;0;8;Zones humides et eau
111;13192,000000000000000;0,057256944433795;ndvi;StdTime;15-04-09 00:00:00;0,609703816700524;0;1;Artificialise
112;48169,000000000000000;0,209066840238893;ndvi;StdTime;15-04-09 00:00:00;0,626263113096552;0;2;Cultures
113;9056,000000000000000;0,039305555548245;ndvi;StdTime;15-04-09 00:00:00;0,713064547443874;0;3;Prairies
114;15928,000000000000000;0,069131944431586;ndvi;StdTime;15-04-09 00:00:00;0,659291367410922;0;4;Foret feuillus
115;2083,000000000000000;0,009040798609430;ndvi;StdTime;15-04-09 00:00:00;0,694767247869370;0;5;Foret resineux
116;17702,000000000000000;0,076831597207932;ndvi;StdTime;15-04-09 00:00:00;0,679308469558677;0;6;Foret mixte
117;299,000000000000000;0,001297743055314;ndvi;StdTime;15-04-09 00:00:00;0,627483465400428;0;7;Milieux semi-naturels
118;319,000000000000000;0,001384548610854;ndvi;StdTime;15-04-09 00:00:00;0,533389812960146;0;8;Zones humides et eau
11;19297,000000000000000;0,083754340262200;ndvi;StdTime;15-04-10 00:00:00;0,496300615726644;0;1;Artificialise
12;32515,000000000000000;0,141124131918197;ndvi;StdTime;15-04-10 00:00:00;0,539915122966868;0;2;Cultures
13;4653,000000000000000;0,020195312496244;ndvi;StdTime;15-04-10 00:00:00;0,605395712891932;0;3;Prairies
14;2157,000000000000000;0,009361979164925;ndvi;StdTime;15-04-10 00:00:00;0,583087174440347;0;4;Foret feuillus
15;5373,000000000000000;0,023320312495663;ndvi;StdTime;15-04-10 00:00:00;0,619243472454026;0;5;Foret resineux
16;3663,000000000000000;0,015898437497043;ndvi;StdTime;15-04-10 00:00:00;0,597784996728346;0;6;Foret mixte
17;2665,000000000000000;0,011566840275626;ndvi;StdTime;15-04-10 00:00:00;0,459038586697609;0;7;Milieux semi-naturels
18;1213,000000000000000;0,005264756943465;ndvi;StdTime;15-04-10 00:00:00;0,414593069059221;0;8;Zones humides et eau
21;23651,000000000000000;0,102651909703130;ndvi;StdTime;15-04-10 00:00:00;0,499899946000959;0;1;Artificialise
22;53262,000000000000000;0,231171874957004;ndvi;StdTime;15-04-10 00:00:00;0,579876429338638;0;2;Cultures
23;7495,000000000000000;0,032530381938394;ndvi;StdTime;15-04-10 00:00:00;0,636679072360981;0;3;Prairies
24;1297,000000000000000;0,005629340276731;ndvi;StdTime;15-04-10 00:00:00;0,609819679946834;0;4;Foret feuillus
25;405,000000000000000;0,001757812499673;ndvi;StdTime;15-04-10 00:00:00;0,628633515040080;0;5;Foret resineux
26;881,000000000000000;0,003823784721511;ndvi;StdTime;15-04-10 00:00:00;0,621441582071930;0;6;Foret mixte
27;471,000000000000000;0,002044270832953;ndvi;StdTime;15-04-10 00:00:00;0,379521908416490;0;7;Milieux semi-naturels
28;1279,000000000000000;0,005551215276745;ndvi;StdTime;15-04-10 00:00:00;0,279824522315646;0;8;Zones humides et eau
31;20501,000000000000000;0,088980034705673;ndvi;StdTime;15-04-10 00:00:00;0,521358215826606;0;1;Artificialise
32;33836,000000000000000;0,146857638861575;ndvi;StdTime;15-04-10 00:00:00;0,552715008536920;0;2;Cultures
33;2765,000000000000000;0,012000868053323;ndvi;StdTime;15-04-10 00:00:00;0,623982361255459;0;3;Prairies
34;3126,000000000000000;0,013567708330810;ndvi;StdTime;15-04-10 00:00:00;0,603553768149645;0;4;Foret feuillus
35;335,000000000000000;0,001453993055285;ndvi;StdTime;15-04-10 00:00:00;0,628417877563790;0;5;Foret resineux
36;1500,000000000000000;0,006510416665456;ndvi;StdTime;15-04-10 00:00:00;0,603082457602024;0;6;Foret mixte
37;107,000000000000000;0,000464409722136;ndvi;StdTime;15-04-10 00:00:00;0,544382929801941;0;7;Milieux semi-naturels
38;185,000000000000000;0,000802951388740;ndvi;StdTime;15-04-10 00:00:00;0,494788935216697;0;8;Zones humides et eau
41;18535,000000000000000;0,080447048596149;ndvi;StdTime;15-04-10 00:00:00;0,481491413709712;0;1;Artificialise
42;63126,000000000000000;0,273984374949041;ndvi;StdTime;15-04-10 00:00:00;0,567471161709445;0;2;Cultures
43;8940,000000000000000;0,038802083326116;ndvi;StdTime;15-04-10 00:00:00;0,660698857963486;0;3;Prairies
44;659,000000000000000;0,002860243055024;ndvi;StdTime;15-04-10 00:00:00;0,620495197217635;0;4;Foret feuillus
45;284,000000000000000;0,001232638888660;ndvi;StdTime;15-04-10 00:00:00;0,621266402514048;0;5;Foret resineux
46;586,000000000000000;0,002543402777305;ndvi;StdTime;15-04-10 00:00:00;0,637933165394405;0;6;Foret mixte
47;695,000000000000000;0,003016493054995;ndvi;StdTime;15-04-10 00:00:00;0,399533791095018;0;7;Milieux semi-naturels
48;522,000000000000000;0,002265624999579;ndvi;StdTime;15-04-10 00:00:00;0,343537609970690;0;8;Zones humides et eau
51;8563,000000000000000;0,037165798604199;ndvi;StdTime;15-04-10 00:00:00;0,559917931253633;0;1;Artificialise
52;20512,000000000000000;0,089027777761219;ndvi;StdTime;15-04-10 00:00:00;0,509271124219478;0;2;Cultures
53;880,000000000000000;0,003819444443734;ndvi;StdTime;15-04-10 00:00:00;0,593697610497475;0;3;Prairies
54;685,000000000000000;0,002973090277225;ndvi;StdTime;15-04-10 00:00:00;0,598915882006178;0;4;Foret feuillus
55;219,000000000000000;0,000950520833157;ndvi;StdTime;15-04-10 00:00:00;0,619955165473294;0;5;Foret resineux
56;1277,000000000000000;0,005542534721191;ndvi;StdTime;15-04-10 00:00:00;0,610289460714665;0;6;Foret mixte
57;15,000000000000000;0,000065104166655;ndvi;StdTime;15-04-10 00:00:00;0,460469986995061;0;7;Milieux semi-naturels
58;2,000000000000000;0,000008680555554;ndvi;StdTime;15-04-10 00:00:00;0,574190020561218;0;8;Zones humides et eau
61;23918,000000000000000;0,103810763869581;ndvi;StdTime;15-04-10 00:00:00;0,531633592414979;0;1;Artificialise
62;60865,000000000000000;0,264171006895311;ndvi;StdTime;15-04-10 00:00:00;0,557974759238536;0;2;Cultures
63;12006,000000000000000;0,052109374990308;ndvi;StdTime;15-04-10 00:00:00;0,635529357445364;0;3;Prairies
64;11171,000000000000000;0,048485243046538;ndvi;StdTime;15-04-10 00:00:00;0,628209453387928;0;4;Foret feuillus
65;495,000000000000000;0,002148437499600;ndvi;StdTime;15-04-10 00:00:00;0,698367317638011;0;5;Foret resineux
66;1468,000000000000000;0,006371527776593;ndvi;StdTime;15-04-10 00:00:00;0,651099295357917;0;6;Foret mixte
67;777,000000000000000;0,003372395832706;ndvi;StdTime;15-04-10 00:00:00;0,558530693809038;0;7;Milieux semi-naturels
68;453,000000000000000;0,001966145832968;ndvi;StdTime;15-04-10 00:00:00;0,455169535712822;0;8;Zones humides et eau
71;4130,000000000000000;0,017925347218888;ndvi;StdTime;15-04-10 00:00:00;0,371589298852996;0;1;Artificialise
72;100,000000000000000;0,000434027777697;ndvi;StdTime;15-04-10 00:00:00;0,540870939195157;0;2;Cultures
73;15,000000000000000;0,000065104166655;ndvi;StdTime;15-04-10 00:00:00;0,612850650151571;0;3;Prairies
74;459,000000000000000;0,001992187499629;ndvi;StdTime;15-04-10 00:00:00;0,590057808394526;0;4;Foret feuillus
76;35,000000000000000;0,000151909722194;ndvi;StdTime;15-04-10 00:00:00;0,589243987628392;0;6;Foret mixte
78;9,000000000000000;0,000039062499993;ndvi;StdTime;15-04-10 00:00:00;0,211713320679135;0;8;Zones humides et eau
81;27289,000000000000000;0,118441840255749;ndvi;StdTime;15-04-10 00:00:00;0,480343029155527;0;1;Artificialise
82;30867,000000000000000;0,133971354141749;ndvi;StdTime;15-04-10 00:00:00;0,581505716907143;0;2;Cultures
83;12409,000000000000000;0,053858506934427;ndvi;StdTime;15-04-10 00:00:00;0,614233947552434;0;3;Prairies
84;2241,000000000000000;0,009726562498191;ndvi;StdTime;15-04-10 00:00:00;0,592863703880498;0;4;Foret feuillus
85;5418,000000000000000;0,023515624995626;ndvi;StdTime;15-04-10 00:00:00;0,617827183444944;0;5;Foret resineux
86;3278,000000000000000;0,014227430552909;ndvi;StdTime;15-04-10 00:00:00;0,598500969444127;0;6;Foret mixte
87;1121,000000000000000;0,004865451387984;ndvi;StdTime;15-04-10 00:00:00;0,468128040924762;0;7;Milieux semi-naturels
88;2230,000000000000000;0,009678819442644;ndvi;StdTime;15-04-10 00:00:00;0,281873882079843;0;8;Zones humides et eau
91;21524,000000000000000;0,093420138871514;ndvi;StdTime;15-04-10 00:00:00;0,566897262021060;0;1;Artificialise
92;33863,000000000000000;0,146974826361553;ndvi;StdTime;15-04-10 00:00:00;0,577204406427341;0;2;Cultures
93;20854,000000000000000;0,090512152760943;ndvi;StdTime;15-04-10 00:00:00;0,697918701499997;0;3;Prairies
94;4447,000000000000000;0,019301215274188;ndvi;StdTime;15-04-10 00:00:00;0,602079274957572;0;4;Foret feuillus
95;10528,000000000000000;0,045694444435946;ndvi;StdTime;15-04-10 00:00:00;0,664544344806086;0;5;Foret resineux
96;16812,000000000000000;0,072968749986428;ndvi;StdTime;15-04-10 00:00:00;0,654121741544356;0;6;Foret mixte
97;2449,000000000000000;0,010629340275801;ndvi;StdTime;15-04-10 00:00:00;0,523585659306893;0;7;Milieux semi-naturels
98;2001,000000000000000;0,008684895831718;ndvi;StdTime;15-04-10 00:00:00;0,400998252997363;0;8;Zones humides et eau
101;7501,000000000000000;0,032556423605056;ndvi;StdTime;15-04-10 00:00:00;0,592376132022777;0;1;Artificialise
102;32049,000000000000000;0,139101562474128;ndvi;StdTime;15-04-10 00:00:00;0,643740241284075;0;2;Cultures
103;23798,000000000000000;0,103289930536344;ndvi;StdTime;15-04-10 00:00:00;0,675170769754533;0;3;Prairies
104;18168,000000000000000;0,078854166652000;ndvi;StdTime;15-04-10 00:00:00;0,599818428278702;0;4;Foret feuillus
105;13765,000000000000000;0,059743923599999;ndvi;StdTime;15-04-10 00:00:00;0,664719488299893;0;5;Foret resineux
106;30877,000000000000000;0,134014756919519;ndvi;StdTime;15-04-10 00:00:00;0,645972587569496;0;6;Foret mixte
107;2266,000000000000000;0,009835069442615;ndvi;StdTime;15-04-10 00:00:00;0,589857720700073;0;7;Milieux semi-naturels
108;332,000000000000000;0,001440972221954;ndvi;StdTime;15-04-10 00:00:00;0,494733008814145;0;8;Zones humides et eau
111;13192,000000000000000;0,057256944433795;ndvi;StdTime;15-04-10 00:00:00;0,587123138773586;0;1;Artificialise
112;48169,000000000000000;0,209066840238893;ndvi;StdTime;15-04-10 00:00:00;0,602289068279772;0;2;Cultures
113;9056,000000000000000;0,039305555548245;ndvi;StdTime;15-04-10 00:00:00;0,689972784491949;0;3;Prairies
114;15928,000000000000000;0,069131944431586;ndvi;StdTime;15-04-10 00:00:00;0,626648627416172;0;4;Foret feuillus
115;2083,000000000000000;0,009040798609430;ndvi;StdTime;15-04-10 00:00:00;0,673808642650991;0;5;Foret resineux
116;17702,000000000000000;0,076831597207932;ndvi;StdTime;15-04-10 00:00:00;0,650414885193151;0;6;Foret mixte
117;299,000000000000000;0,001297743055314;ndvi;StdTime;15-04-10 00:00:00;0,594998344729178;0;7;Milieux semi-naturels
118;319,000000000000000;0,001384548610854;ndvi;StdTime;15-04-10 00:00:00;0,508509281567271;0;8;Zones humides et eau
11;19297,000000000000000;0,083754340262200;ndvi;StdTime;15-04-11 00:00:00;0,531790063178199;0;1;Artificialise
12;32515,000000000000000;0,141124131918197;ndvi;StdTime;15-04-11 00:00:00;0,581098625323282;0;2;Cultures
13;4653,000000000000000;0,020195312496244;ndvi;StdTime;15-04-11 00:00:00;0,645816417726015;0;3;Prairies
14;2157,000000000000000;0,009361979164925;ndvi;StdTime;15-04-11 00:00:00;0,656333297933204;0;4;Foret feuillus
15;5373,000000000000000;0,023320312495663;ndvi;StdTime;15-04-11 00:00:00;0,666346337266992;0;5;Foret resineux
16;3663,000000000000000;0,015898437497043;ndvi;StdTime;15-04-11 00:00:00;0,659521040282156;0;6;Foret mixte
17;2665,000000000000000;0,011566840275626;ndvi;StdTime;15-04-11 00:00:00;0,513538652591365;0;7;Milieux semi-naturels
18;1213,000000000000000;0,005264756943465;ndvi;StdTime;15-04-11 00:00:00;0,473841417587753;0;8;Zones humides et eau
21;23651,000000000000000;0,102651909703130;ndvi;StdTime;15-04-11 00:00:00;0,516518259174758;0;1;Artificialise
22;53262,000000000000000;0,231171874957004;ndvi;StdTime;15-04-11 00:00:00;0,580744494095018;0;2;Cultures
23;7495,000000000000000;0,032530381938394;ndvi;StdTime;15-04-11 00:00:00;0,645265853245948;0;3;Prairies
24;1297,000000000000000;0,005629340276731;ndvi;StdTime;15-04-11 00:00:00;0,668061245471215;0;4;Foret feuillus
25;405,000000000000000;0,001757812499673;ndvi;StdTime;15-04-11 00:00:00;0,660239713648219;0;5;Foret resineux
26;881,000000000000000;0,003823784721511;ndvi;StdTime;15-04-11 00:00:00;0,669177914721200;0;6;Foret mixte
27;471,000000000000000;0,002044270832953;ndvi;StdTime;15-04-11 00:00:00;0,418700923530223;0;7;Milieux semi-naturels
28;1279,000000000000000;0,005551215276745;ndvi;StdTime;15-04-11 00:00:00;0,301568132228829;0;8;Zones humides et eau
31;20501,000000000000000;0,088980034705673;ndvi;StdTime;15-04-11 00:00:00;0,557352512349478;0;1;Artificialise
32;33836,000000000000000;0,146857638861575;ndvi;StdTime;15-04-11 00:00:00;0,580098194096253;0;2;Cultures
33;2765,000000000000000;0,012000868053323;ndvi;StdTime;15-04-11 00:00:00;0,660764501646672;0;3;Prairies
34;3126,000000000000000;0,013567708330810;ndvi;StdTime;15-04-11 00:00:00;0,670982279469779;0;4;Foret feuillus
35;335,000000000000000;0,001453993055285;ndvi;StdTime;15-04-11 00:00:00;0,670733774153154;0;5;Foret resineux
36;1500,000000000000000;0,006510416665456;ndvi;StdTime;15-04-11 00:00:00;0,669775021215280;0;6;Foret mixte
37;107,000000000000000;0,000464409722136;ndvi;StdTime;15-04-11 00:00:00;0,608341664911430;0;7;Milieux semi-naturels
38;185,000000000000000;0,000802951388740;ndvi;StdTime;15-04-11 00:00:00;0,548953282510912;0;8;Zones humides et eau
41;18541,000000000000000;0,080473090262810;ndvi;StdTime;15-04-11 00:00:00;0,492818780767024;0;1;Artificialise
42;63126,000000000000000;0,273984374949041;ndvi;StdTime;15-04-11 00:00:00;0,556649699398085;0;2;Cultures
43;8940,000000000000000;0,038802083326116;ndvi;StdTime;15-04-11 00:00:00;0,667926857535470;0;3;Prairies
44;659,000000000000000;0,002860243055024;ndvi;StdTime;15-04-11 00:00:00;0,674574033895646;0;4;Foret feuillus
45;284,000000000000000;0,001232638888660;ndvi;StdTime;15-04-11 00:00:00;0,673652365069154;0;5;Foret resineux
46;586,000000000000000;0,002543402777305;ndvi;StdTime;15-04-11 00:00:00;0,682510885820047;0;6;Foret mixte
47;695,000000000000000;0,003016493054995;ndvi;StdTime;15-04-11 00:00:00;0,458670060470594;0;7;Milieux semi-naturels
48;546,000000000000000;0,002369791666226;ndvi;StdTime;15-04-11 00:00:00;0,365807843507155;0;8;Zones humides et eau
51;8563,000000000000000;0,037165798604199;ndvi;StdTime;15-04-11 00:00:00;0,593261232619409;0;1;Artificialise
52;20512,000000000000000;0,089027777761219;ndvi;StdTime;15-04-11 00:00:00;0,533775611721013;0;2;Cultures
53;880,000000000000000;0,003819444443734;ndvi;StdTime;15-04-11 00:00:00;0,623229148950090;0;3;Prairies
54;685,000000000000000;0,002973090277225;ndvi;StdTime;15-04-11 00:00:00;0,657711057897902;0;4;Foret feuillus
55;219,000000000000000;0,000950520833157;ndvi;StdTime;15-04-11 00:00:00;0,665339981039910;0;5;Foret resineux
56;1277,000000000000000;0,005542534721191;ndvi;StdTime;15-04-11 00:00:00;0,659105788779239;0;6;Foret mixte
57;15,000000000000000;0,000065104166655;ndvi;StdTime;15-04-11 00:00:00;0,505593319733938;0;7;Milieux semi-naturels
58;2,000000000000000;0,000008680555554;ndvi;StdTime;15-04-11 00:00:00;0,617779970169067;0;8;Zones humides et eau
61;23918,000000000000000;0,103810763869581;ndvi;StdTime;15-04-11 00:00:00;0,557647705960310;0;1;Artificialise
62;60865,000000000000000;0,264171006895311;ndvi;StdTime;15-04-11 00:00:00;0,566262550094191;0;2;Cultures
63;12006,000000000000000;0,052109374990308;ndvi;StdTime;15-04-11 00:00:00;0,649500929542765;0;3;Prairies
64;11171,000000000000000;0,048485243046538;ndvi;StdTime;15-04-11 00:00:00;0,694491642717283;0;4;Foret feuillus
65;495,000000000000000;0,002148437499600;ndvi;StdTime;15-04-11 00:00:00;0,726643051402738;0;5;Foret resineux
66;1468,000000000000000;0,006371527776593;ndvi;StdTime;15-04-11 00:00:00;0,703447979522174;0;6;Foret mixte
67;777,000000000000000;0,003372395832706;ndvi;StdTime;15-04-11 00:00:00;0,600816451367877;0;7;Milieux semi-naturels
68;453,000000000000000;0,001966145832968;ndvi;StdTime;15-04-11 00:00:00;0,515164180833509;0;8;Zones humides et eau
71;4130,000000000000000;0,017925347218888;ndvi;StdTime;15-04-11 00:00:00;0,414532114408422;0;1;Artificialise
72;100,000000000000000;0,000434027777697;ndvi;StdTime;15-04-11 00:00:00;0,597206784784794;0;2;Cultures
73;15,000000000000000;0,000065104166655;ndvi;StdTime;15-04-11 00:00:00;0,672723972797394;0;3;Prairies
74;459,000000000000000;0,001992187499629;ndvi;StdTime;15-04-11 00:00:00;0,654750092226955;0;4;Foret feuillus
76;35,000000000000000;0,000151909722194;ndvi;StdTime;15-04-11 00:00:00;0,652986833027431;0;6;Foret mixte
78;9,000000000000000;0,000039062499993;ndvi;StdTime;15-04-11 00:00:00;0,206164438691404;0;8;Zones humides et eau
81;27347,000000000000000;0,118693576366813;ndvi;StdTime;15-04-11 00:00:00;0,520183785222463;0;1;Artificialise
82;30867,000000000000000;0,133971354141749;ndvi;StdTime;15-04-11 00:00:00;0,621047338745444;0;2;Cultures
83;12409,000000000000000;0,053858506934427;ndvi;StdTime;15-04-11 00:00:00;0,657202692477703;0;3;Prairies
84;2241,000000000000000;0,009726562498191;ndvi;StdTime;15-04-11 00:00:00;0,673811736289330;0;4;Foret feuillus
85;5418,000000000000000;0,023515624995626;ndvi;StdTime;15-04-11 00:00:00;0,668606450435376;0;5;Foret resineux
86;3278,000000000000000;0,014227430552909;ndvi;StdTime;15-04-11 00:00:00;0,671039129509077;0;6;Foret mixte
87;1125,000000000000000;0,004882812499092;ndvi;StdTime;15-04-11 00:00:00;0,524116721085377;0;7;Milieux semi-naturels
88;2199,000000000000000;0,009544270831558;ndvi;StdTime;15-04-11 00:00:00;0,316130351274660;0;8;Zones humides et eau
91;21524,000000000000000;0,093420138871514;ndvi;StdTime;15-04-11 00:00:00;0,599165664379317;0;1;Artificialise
92;33863,000000000000000;0,146974826361553;ndvi;StdTime;15-04-11 00:00:00;0,611029565253354;0;2;Cultures
93;20854,000000000000000;0,090512152760943;ndvi;StdTime;15-04-11 00:00:00;0,705873316961142;0;3;Prairies
94;4447,000000000000000;0,019301215274188;ndvi;StdTime;15-04-11 00:00:00;0,673782938949334;0;4;Foret feuillus
95;10528,000000000000000;0,045694444435946;ndvi;StdTime;15-04-11 00:00:00;0,686242537335195;0;5;Foret resineux
96;16812,000000000000000;0,072968749986428;ndvi;StdTime;15-04-11 00:00:00;0,692189302611868;0;6;Foret mixte
97;2449,000000000000000;0,010629340275801;ndvi;StdTime;15-04-11 00:00:00;0,566488844793930;0;7;Milieux semi-naturels
98;2008,000000000000000;0,008715277776157;ndvi;StdTime;15-04-11 00:00:00;0,455182674185065;0;8;Zones humides et eau
101;7501,000000000000000;0,032556423605056;ndvi;StdTime;15-04-11 00:00:00;0,624801034568436;0;1;Artificialise
102;32049,000000000000000;0,139101562474128;ndvi;StdTime;15-04-11 00:00:00;0,681844350095736;0;2;Cultures
103;23798,000000000000000;0,103289930536344;ndvi;StdTime;15-04-11 00:00:00;0,708535154988229;0;3;Prairies
104;18168,000000000000000;0,078854166652000;ndvi;StdTime;15-04-11 00:00:00;0,686804104721044;0;4;Foret feuillus
105;13765,000000000000000;0,059743923599999;ndvi;StdTime;15-04-11 00:00:00;0,703690310291840;0;5;Foret resineux
106;30877,000000000000000;0,134014756919519;ndvi;StdTime;15-04-11 00:00:00;0,696256963920114;0;6;Foret mixte
107;2266,000000000000000;0,009835069442615;ndvi;StdTime;15-04-11 00:00:00;0,628223417545460;0;7;Milieux semi-naturels
108;332,000000000000000;0,001440972221954;ndvi;StdTime;15-04-11 00:00:00;0,543067604662424;0;8;Zones humides et eau
111;13192,000000000000000;0,057256944433795;ndvi;StdTime;15-04-11 00:00:00;0,619489888714265;0;1;Artificialise
112;48169,000000000000000;0,209066840238893;ndvi;StdTime;15-04-11 00:00:00;0,637510303591893;0;2;Cultures
113;9056,000000000000000;0,039305555548245;ndvi;StdTime;15-04-11 00:00:00;0,712118149860087;0;3;Prairies
114;15928,000000000000000;0,069131944431586;ndvi;StdTime;15-04-11 00:00:00;0,702024735370021;0;4;Foret feuillus
115;2083,000000000000000;0,009040798609430;ndvi;StdTime;15-04-11 00:00:00;0,715033102481913;0;5;Foret resineux
116;17702,000000000000000;0,076831597207932;ndvi;StdTime;15-04-11 00:00:00;0,708778587633872;0;6;Foret mixte
117;299,000000000000000;0,001297743055314;ndvi;StdTime;15-04-11 00:00:00;0,643864266549465;0;7;Milieux semi-naturels
118;319,000000000000000;0,001384548610854;ndvi;StdTime;15-04-11 00:00:00;0,564524485493155;0;8;Zones humides et eau
11;19297,000000000000000;0,083754340262200;ndvi;StdTime;15-04-12 00:00:00;0,525019282610538;0;1;Artificialise
12;32515,000000000000000;0,141124131918197;ndvi;StdTime;15-04-12 00:00:00;0,585476293244693;0;2;Cultures
13;4653,000000000000000;0,020195312496244;ndvi;StdTime;15-04-12 00:00:00;0,646035127112770;0;3;Prairies
14;2157,000000000000000;0,009361979164925;ndvi;StdTime;15-04-12 00:00:00;0,611547631898521;0;4;Foret feuillus
15;5373,000000000000000;0,023320312495663;ndvi;StdTime;15-04-12 00:00:00;0,618053657461561;0;5;Foret resineux
16;3663,000000000000000;0,015898437497043;ndvi;StdTime;15-04-12 00:00:00;0,602914012368507;0;6;Foret mixte
17;2665,000000000000000;0,011566840275626;ndvi;StdTime;15-04-12 00:00:00;0,497404770821500;0;7;Milieux semi-naturels
18;1213,000000000000000;0,005264756943465;ndvi;StdTime;15-04-12 00:00:00;0,451638050781991;0;8;Zones humides et eau
21;23640,000000000000000;0,102604166647583;ndvi;StdTime;15-04-12 00:00:00;0,508518331009871;0;1;Artificialise
22;53262,000000000000000;0,231171874957004;ndvi;StdTime;15-04-12 00:00:00;0,602800001502641;0;2;Cultures
23;7495,000000000000000;0,032530381938394;ndvi;StdTime;15-04-12 00:00:00;0,657680450673100;0;3;Prairies
24;1297,000000000000000;0,005629340276731;ndvi;StdTime;15-04-12 00:00:00;0,617707100090102;0;4;Foret feuillus
25;405,000000000000000;0,001757812499673;ndvi;StdTime;15-04-12 00:00:00;0,624429609893281;0;5;Foret resineux
26;881,000000000000000;0,003823784721511;ndvi;StdTime;15-04-12 00:00:00;0,621710549401507;0;6;Foret mixte
27;462,000000000000000;0,002005208332960;ndvi;StdTime;15-04-12 00:00:00;0,424819910896789;0;7;Milieux semi-naturels
28;1210,000000000000000;0,005251736110134;ndvi;StdTime;15-04-12 00:00:00;0,297099021364442;0;8;Zones humides et eau
31;20501,000000000000000;0,088980034705673;ndvi;StdTime;15-04-12 00:00:00;0,549011287979703;0;1;Artificialise
32;33836,000000000000000;0,146857638861575;ndvi;StdTime;15-04-12 00:00:00;0,590850922024400;0;2;Cultures
33;2765,000000000000000;0,012000868053323;ndvi;StdTime;15-04-12 00:00:00;0,649989864127761;0;3;Prairies
34;3126,000000000000000;0,013567708330810;ndvi;StdTime;15-04-12 00:00:00;0,623101608967139;0;4;Foret feuillus
35;335,000000000000000;0,001453993055285;ndvi;StdTime;15-04-12 00:00:00;0,630794221518645;0;5;Foret resineux
36;1500,000000000000000;0,006510416665456;ndvi;StdTime;15-04-12 00:00:00;0,617596070885658;0;6;Foret mixte
37;107,000000000000000;0,000464409722136;ndvi;StdTime;15-04-12 00:00:00;0,561564095387949;0;7;Milieux semi-naturels
38;185,000000000000000;0,000802951388740;ndvi;StdTime;15-04-12 00:00:00;0,517718797358307;0;8;Zones humides et eau
41;18488,000000000000000;0,080243055540631;ndvi;StdTime;15-04-12 00:00:00;0,487727904751376;0;1;Artificialise
42;63126,000000000000000;0,273984374949041;ndvi;StdTime;15-04-12 00:00:00;0,597557575978121;0;2;Cultures
43;8940,000000000000000;0,038802083326116;ndvi;StdTime;15-04-12 00:00:00;0,677078876162671;0;3;Prairies
44;659,000000000000000;0,002860243055024;ndvi;StdTime;15-04-12 00:00:00;0,629628109099832;0;4;Foret feuillus
45;284,000000000000000;0,001232638888660;ndvi;StdTime;15-04-12 00:00:00;0,619057795846126;0;5;Foret resineux
46;586,000000000000000;0,002543402777305;ndvi;StdTime;15-04-12 00:00:00;0,650090715584088;0;6;Foret mixte
47;683,000000000000000;0,002964409721671;ndvi;StdTime;15-04-12 00:00:00;0,408312671541033;0;7;Milieux semi-naturels
48;495,000000000000000;0,002148437499600;ndvi;StdTime;15-04-12 00:00:00;0,357909840954975;0;8;Zones humides et eau
51;8563,000000000000000;0,037165798604199;ndvi;StdTime;15-04-12 00:00:00;0,579716331404975;0;1;Artificialise
52;20512,000000000000000;0,089027777761219;ndvi;StdTime;15-04-12 00:00:00;0,551850804326807;0;2;Cultures
53;880,000000000000000;0,003819444443734;ndvi;StdTime;15-04-12 00:00:00;0,623642372238365;0;3;Prairies
54;685,000000000000000;0,002973090277225;ndvi;StdTime;15-04-12 00:00:00;0,607942436733385;0;4;Foret feuillus
55;219,000000000000000;0,000950520833157;ndvi;StdTime;15-04-12 00:00:00;0,634410233938530;0;5;Foret resineux
56;1277,000000000000000;0,005542534721191;ndvi;StdTime;15-04-12 00:00:00;0,616410823333235;0;6;Foret mixte
57;15,000000000000000;0,000065104166655;ndvi;StdTime;15-04-12 00:00:00;0,441830541690191;0;7;Milieux semi-naturels
58;2,000000000000000;0,000008680555554;ndvi;StdTime;15-04-12 00:00:00;0,526912480592728;0;8;Zones humides et eau
61;23918,000000000000000;0,103810763869581;ndvi;StdTime;15-04-12 00:00:00;0,549608993009373;0;1;Artificialise
62;60859,000000000000000;0,264144965228649;ndvi;StdTime;15-04-12 00:00:00;0,588905217431244;0;2;Cultures
63;12005,000000000000000;0,052105034712531;ndvi;StdTime;15-04-12 00:00:00;0,658293373682309;0;3;Prairies
64;11171,000000000000000;0,048485243046538;ndvi;StdTime;15-04-12 00:00:00;0,634195423955381;0;4;Foret feuillus
65;495,000000000000000;0,002148437499600;ndvi;StdTime;15-04-12 00:00:00;0,681329087777571;0;5;Foret resineux
66;1468,000000000000000;0,006371527776593;ndvi;StdTime;15-04-12 00:00:00;0,645255994143051;0;6;Foret mixte
67;777,000000000000000;0,003372395832706;ndvi;StdTime;15-04-12 00:00:00;0,573004128121348;0;7;Milieux semi-naturels
68;453,000000000000000;0,001966145832968;ndvi;StdTime;15-04-12 00:00:00;0,467702337587972;0;8;Zones humides et eau
71;4130,000000000000000;0,017925347218888;ndvi;StdTime;15-04-12 00:00:00;0,381006400628110;0;1;Artificialise
72;100,000000000000000;0,000434027777697;ndvi;StdTime;15-04-12 00:00:00;0,564530278146267;0;2;Cultures
73;15,000000000000000;0,000065104166655;ndvi;StdTime;15-04-12 00:00:00;0,685955981413523;0;3;Prairies
74;459,000000000000000;0,001992187499629;ndvi;StdTime;15-04-12 00:00:00;0,569220573878755;0;4;Foret feuillus
76;35,000000000000000;0,000151909722194;ndvi;StdTime;15-04-12 00:00:00;0,575943415505546;0;6;Foret mixte
78;9,000000000000000;0,000039062499993;ndvi;StdTime;15-04-12 00:00:00;0,205532408422894;0;8;Zones humides et eau
81;27223,000000000000000;0,118155381922469;ndvi;StdTime;15-04-12 00:00:00;0,500973201956905;0;1;Artificialise
82;30867,000000000000000;0,133971354141749;ndvi;StdTime;15-04-12 00:00:00;0,611296970212459;0;2;Cultures
83;12409,000000000000000;0,053858506934427;ndvi;StdTime;15-04-12 00:00:00;0,647541405655758;0;3;Prairies
84;2241,000000000000000;0,009726562498191;ndvi;StdTime;15-04-12 00:00:00;0,611912286664587;0;4;Foret feuillus
85;5418,000000000000000;0,023515624995626;ndvi;StdTime;15-04-12 00:00:00;0,624822334098656;0;5;Foret resineux
86;3278,000000000000000;0,014227430552909;ndvi;StdTime;15-04-12 00:00:00;0,619526317773831;0;6;Foret mixte
87;1114,000000000000000;0,004835069443545;ndvi;StdTime;15-04-12 00:00:00;0,497145359131844;0;7;Milieux semi-naturels
88;2056,000000000000000;0,008923611109451;ndvi;StdTime;15-04-12 00:00:00;0,315316827001731;0;8;Zones humides et eau
91;21524,000000000000000;0,093420138871514;ndvi;StdTime;15-04-12 00:00:00;0,595744603107720;0;1;Artificialise
92;33863,000000000000000;0,146974826361553;ndvi;StdTime;15-04-12 00:00:00;0,623467254101999;0;2;Cultures
93;20854,000000000000000;0,090512152760943;ndvi;StdTime;15-04-12 00:00:00;0,722139001965887;0;3;Prairies
94;4447,000000000000000;0,019301215274188;ndvi;StdTime;15-04-12 00:00:00;0,631166328388920;0;4;Foret feuillus
95;10528,000000000000000;0,045694444435946;ndvi;StdTime;15-04-12 00:00:00;0,674089721755033;0;5;Foret resineux
96;16812,000000000000000;0,072968749986428;ndvi;StdTime;15-04-12 00:00:00;0,671139965410419;0;6;Foret mixte
97;2449,000000000000000;0,010629340275801;ndvi;StdTime;15-04-12 00:00:00;0,549830224755931;0;7;Milieux semi-naturels
98;2008,000000000000000;0,008715277776157;ndvi;StdTime;15-04-12 00:00:00;0,426853871637161;0;8;Zones humides et eau
101;7501,000000000000000;0,032556423605056;ndvi;StdTime;15-04-12 00:00:00;0,628340889824786;0;1;Artificialise
102;32049,000000000000000;0,139101562474128;ndvi;StdTime;15-04-12 00:00:00;0,690510282142029;0;2;Cultures
103;23798,000000000000000;0,103289930536344;ndvi;StdTime;15-04-12 00:00:00;0,719899333994676;0;3;Prairies
104;18168,000000000000000;0,078854166652000;ndvi;StdTime;15-04-12 00:00:00;0,623388886787998;0;4;Foret feuillus
105;13765,000000000000000;0,059743923599999;ndvi;StdTime;15-04-12 00:00:00;0,679802147942891;0;5;Foret resineux
106;30877,000000000000000;0,134014756919519;ndvi;StdTime;15-04-12 00:00:00;0,663844985861654;0;6;Foret mixte
107;2266,000000000000000;0,009835069442615;ndvi;StdTime;15-04-12 00:00:00;0,617336927200458;0;7;Milieux semi-naturels
108;332,000000000000000;0,001440972221954;ndvi;StdTime;15-04-12 00:00:00;0,534782156707293;0;8;Zones humides et eau
111;13192,000000000000000;0,057256944433795;ndvi;StdTime;15-04-12 00:00:00;0,608517361165511;0;1;Artificialise
112;48169,000000000000000;0,209066840238893;ndvi;StdTime;15-04-12 00:00:00;0,634401033764182;0;2;Cultures
113;9056,000000000000000;0,039305555548245;ndvi;StdTime;15-04-12 00:00:00;0,708194374179223;0;3;Prairies
114;15928,000000000000000;0,069131944431586;ndvi;StdTime;15-04-12 00:00:00;0,634529731802862;0;4;Foret feuillus
115;2083,000000000000000;0,009040798609430;ndvi;StdTime;15-04-12 00:00:00;0,665042117517040;0;5;Foret resineux
116;17702,000000000000000;0,076831597207932;ndvi;StdTime;15-04-12 00:00:00;0,653568715762853;0;6;Foret mixte
117;299,000000000000000;0,001297743055314;ndvi;StdTime;15-04-12 00:00:00;0,601916540725574;0;7;Milieux semi-naturels
118;319,000000000000000;0,001384548610854;ndvi;StdTime;15-04-12 00:00:00;0,511025865156449;0;8;Zones humides et eau
11;19297,000000000000000;0,083754340262200;ndvi;StdTime;15-04-13 00:00:00;0,507888327617615;0;1;Artificialise
12;32515,000000000000000;0,141124131918197;ndvi;StdTime;15-04-13 00:00:00;0,550562524366634;0;2;Cultures
13;4653,000000000000000;0,020195312496244;ndvi;StdTime;15-04-13 00:00:00;0,624140967278487;0;3;Prairies
14;2157,000000000000000;0,009361979164925;ndvi;StdTime;15-04-13 00:00:00;0,604296523619980;0;4;Foret feuillus
15;5373,000000000000000;0,023320312495663;ndvi;StdTime;15-04-13 00:00:00;0,628201663948938;0;5;Foret resineux
16;3663,000000000000000;0,015898437497043;ndvi;StdTime;15-04-13 00:00:00;0,608489184636026;0;6;Foret mixte
17;2665,000000000000000;0,011566840275626;ndvi;StdTime;15-04-13 00:00:00;0,478321829926760;0;7;Milieux semi-naturels
18;1213,000000000000000;0,005264756943465;ndvi;StdTime;15-04-13 00:00:00;0,443753894536909;0;8;Zones humides et eau
21;23586,000000000000000;0,102369791647627;ndvi;StdTime;15-04-13 00:00:00;0,503441911556320;0;1;Artificialise
22;53262,000000000000000;0,231171874957004;ndvi;StdTime;15-04-13 00:00:00;0,575213730283480;0;2;Cultures
23;7495,000000000000000;0,032530381938394;ndvi;StdTime;15-04-13 00:00:00;0,637548320378121;0;3;Prairies
24;1297,000000000000000;0,005629340276731;ndvi;StdTime;15-04-13 00:00:00;0,617270758888219;0;4;Foret feuillus
25;405,000000000000000;0,001757812499673;ndvi;StdTime;15-04-13 00:00:00;0,626635556897999;0;5;Foret resineux
26;881,000000000000000;0,003823784721511;ndvi;StdTime;15-04-13 00:00:00;0,621549644311901;0;6;Foret mixte
27;455,000000000000000;0,001974826388522;ndvi;StdTime;15-04-13 00:00:00;0,424800175100892;0;7;Milieux semi-naturels
28;1177,000000000000000;0,005108506943494;ndvi;StdTime;15-04-13 00:00:00;0,300111878535957;0;8;Zones humides et eau
31;20501,000000000000000;0,088980034705673;ndvi;StdTime;15-04-13 00:00:00;0,526427777618074;0;1;Artificialise
32;33836,000000000000000;0,146857638861575;ndvi;StdTime;15-04-13 00:00:00;0,552298939319926;0;2;Cultures
33;2765,000000000000000;0,012000868053323;ndvi;StdTime;15-04-13 00:00:00;0,638611493263710;0;3;Prairies
34;3126,000000000000000;0,013567708330810;ndvi;StdTime;15-04-13 00:00:00;0,600561752143155;0;4;Foret feuillus
35;335,000000000000000;0,001453993055285;ndvi;StdTime;15-04-13 00:00:00;0,635744212990376;0;5;Foret resineux
36;1500,000000000000000;0,006510416665456;ndvi;StdTime;15-04-13 00:00:00;0,601007131298383;0;6;Foret mixte
37;107,000000000000000;0,000464409722136;ndvi;StdTime;15-04-13 00:00:00;0,570777443524833;0;7;Milieux semi-naturels
38;185,000000000000000;0,000802951388740;ndvi;StdTime;15-04-13 00:00:00;0,505265250802040;0;8;Zones humides et eau
41;18530,000000000000000;0,080425347207264;ndvi;StdTime;15-04-13 00:00:00;0,457316881416678;0;1;Artificialise
42;63091,000000000000000;0,273832465226847;ndvi;StdTime;15-04-13 00:00:00;0,512873170156541;0;2;Cultures
43;8937,000000000000000;0,038789062492786;ndvi;StdTime;15-04-13 00:00:00;0,624419634976057;0;3;Prairies
44;659,000000000000000;0,002860243055024;ndvi;StdTime;15-04-13 00:00:00;0,594891936174835;0;4;Foret feuillus
45;284,000000000000000;0,001232638888660;ndvi;StdTime;15-04-13 00:00:00;0,618471750805916;0;5;Foret resineux
46;586,000000000000000;0,002543402777305;ndvi;StdTime;15-04-13 00:00:00;0,629323876656770;0;6;Foret mixte
47;692,000000000000000;0,003003472221664;ndvi;StdTime;15-04-13 00:00:00;0,403938231607101;0;7;Milieux semi-naturels
48;494,000000000000000;0,002144097221823;ndvi;StdTime;15-04-13 00:00:00;0,348858045841811;0;8;Zones humides et eau
51;8563,000000000000000;0,037165798604199;ndvi;StdTime;15-04-13 00:00:00;0,544749627550442;0;1;Artificialise
52;20494,000000000000000;0,088949652761234;ndvi;StdTime;15-04-13 00:00:00;0,481654598110711;0;2;Cultures
53;880,000000000000000;0,003819444443734;ndvi;StdTime;15-04-13 00:00:00;0,601935901865363;0;3;Prairies
54;685,000000000000000;0,002973090277225;ndvi;StdTime;15-04-13 00:00:00;0,582214464714927;0;4;Foret feuillus
55;219,000000000000000;0,000950520833157;ndvi;StdTime;15-04-13 00:00:00;0,582679254007122;0;5;Foret resineux
56;1277,000000000000000;0,005542534721191;ndvi;StdTime;15-04-13 00:00:00;0,572279237169910;0;6;Foret mixte
57;15,000000000000000;0,000065104166655;ndvi;StdTime;15-04-13 00:00:00;0,492740537722906;0;7;Milieux semi-naturels
58;2,000000000000000;0,000008680555554;ndvi;StdTime;15-04-13 00:00:00;0,552316635847092;0;8;Zones humides et eau
61;23892,000000000000000;0,103697916647380;ndvi;StdTime;15-04-13 00:00:00;0,531310823255340;0;1;Artificialise
62;60837,000000000000000;0,264049479117556;ndvi;StdTime;15-04-13 00:00:00;0,534922680716341;0;2;Cultures
63;12006,000000000000000;0,052109374990308;ndvi;StdTime;15-04-13 00:00:00;0,630478822768441;0;3;Prairies
64;11171,000000000000000;0,048485243046538;ndvi;StdTime;15-04-13 00:00:00;0,605962787372083;0;4;Foret feuillus
65;495,000000000000000;0,002148437499600;ndvi;StdTime;15-04-13 00:00:00;0,688129189520171;0;5;Foret resineux
66;1468,000000000000000;0,006371527776593;ndvi;StdTime;15-04-13 00:00:00;0,636549450030769;0;6;Foret mixte
67;777,000000000000000;0,003372395832706;ndvi;StdTime;15-04-13 00:00:00;0,555099880219734;0;7;Milieux semi-naturels
68;443,000000000000000;0,001922743055198;ndvi;StdTime;15-04-13 00:00:00;0,451076353595300;0;8;Zones humides et eau
71;4130,000000000000000;0,017925347218888;ndvi;StdTime;15-04-13 00:00:00;0,359588907644622;0;1;Artificialise
72;100,000000000000000;0,000434027777697;ndvi;StdTime;15-04-13 00:00:00;0,498583321571350;0;2;Cultures
73;15,000000000000000;0,000065104166655;ndvi;StdTime;15-04-13 00:00:00;0,606592202186584;0;3;Prairies
74;459,000000000000000;0,001992187499629;ndvi;StdTime;15-04-13 00:00:00;0,573172152886463;0;4;Foret feuillus
76;35,000000000000000;0,000151909722194;ndvi;StdTime;15-04-13 00:00:00;0,580975219181606;0;6;Foret mixte
78;9,000000000000000;0,000039062499993;ndvi;StdTime;15-04-13 00:00:00;0,190432406134076;0;8;Zones humides et eau
81;27037,000000000000000;0,117348090255952;ndvi;StdTime;15-04-13 00:00:00;0,496786367064644;0;1;Artificialise
82;30864,000000000000000;0,133958333308418;ndvi;StdTime;15-04-13 00:00:00;0,598180681491198;0;2;Cultures
83;12409,000000000000000;0,053858506934427;ndvi;StdTime;15-04-13 00:00:00;0,635064165094470;0;3;Prairies
84;2241,000000000000000;0,009726562498191;ndvi;StdTime;15-04-13 00:00:00;0,617006430704111;0;4;Foret feuillus
85;5418,000000000000000;0,023515624995626;ndvi;StdTime;15-04-13 00:00:00;0,635051190503829;0;5;Foret resineux
86;3278,000000000000000;0,014227430552909;ndvi;StdTime;15-04-13 00:00:00;0,619922794442559;0;6;Foret mixte
87;1122,000000000000000;0,004869791665761;ndvi;StdTime;15-04-13 00:00:00;0,495309629708316;0;7;Milieux semi-naturels
88;1974,000000000000000;0,008567708331740;ndvi;StdTime;15-04-13 00:00:00;0,314905516930708;0;8;Zones humides et eau
91;21524,000000000000000;0,093420138871514;ndvi;StdTime;15-04-13 00:00:00;0,565547281426904;0;1;Artificialise
92;33863,000000000000000;0,146974826361553;ndvi;StdTime;15-04-13 00:00:00;0,564169424405004;0;2;Cultures
93;20854,000000000000000;0,090512152760943;ndvi;StdTime;15-04-13 00:00:00;0,693811113492313;0;3;Prairies
94;4447,000000000000000;0,019301215274188;ndvi;StdTime;15-04-13 00:00:00;0,598629533869244;0;4;Foret feuillus
95;10528,000000000000000;0,045694444435946;ndvi;StdTime;15-04-13 00:00:00;0,655045759711291;0;5;Foret resineux
96;16812,000000000000000;0,072968749986428;ndvi;StdTime;15-04-13 00:00:00;0,645358687680187;0;6;Foret mixte
97;2449,000000000000000;0,010629340275801;ndvi;StdTime;15-04-13 00:00:00;0,514263305093571;0;7;Milieux semi-naturels
98;2000,000000000000000;0,008680555553941;ndvi;StdTime;15-04-13 00:00:00;0,403352463781834;0;8;Zones humides et eau
101;7501,000000000000000;0,032556423605056;ndvi;StdTime;15-04-13 00:00:00;0,614617807295238;0;1;Artificialise
102;32049,000000000000000;0,139101562474128;ndvi;StdTime;15-04-13 00:00:00;0,653767939502259;0;2;Cultures
103;23798,000000000000000;0,103289930536344;ndvi;StdTime;15-04-13 00:00:00;0,688211170556226;0;3;Prairies
104;18168,000000000000000;0,078854166652000;ndvi;StdTime;15-04-13 00:00:00;0,586389218737957;0;4;Foret feuillus
105;13765,000000000000000;0,059743923599999;ndvi;StdTime;15-04-13 00:00:00;0,658037562665617;0;5;Foret resineux
106;30877,000000000000000;0,134014756919519;ndvi;StdTime;15-04-13 00:00:00;0,643465606410620;0;6;Foret mixte
107;2266,000000000000000;0,009835069442615;ndvi;StdTime;15-04-13 00:00:00;0,597533607788037;0;7;Milieux semi-naturels
108;332,000000000000000;0,001440972221954;ndvi;StdTime;15-04-13 00:00:00;0,527295192770929;0;8;Zones humides et eau
111;13192,000000000000000;0,057256944433795;ndvi;StdTime;15-04-13 00:00:00;0,571751628725083;0;1;Artificialise
112;48163,000000000000000;0,209040798572231;ndvi;StdTime;15-04-13 00:00:00;0,563745062740639;0;2;Cultures
113;9056,000000000000000;0,039305555548245;ndvi;StdTime;15-04-13 00:00:00;0,671535120618796;0;3;Prairies
114;15928,000000000000000;0,069131944431586;ndvi;StdTime;15-04-13 00:00:00;0,602564847582341;0;4;Foret feuillus
115;2083,000000000000000;0,009040798609430;ndvi;StdTime;15-04-13 00:00:00;0,665261307517553;0;5;Foret resineux
116;17702,000000000000000;0,076831597207932;ndvi;StdTime;15-04-13 00:00:00;0,636193528481829;0;6;Foret mixte
117;299,000000000000000;0,001297743055314;ndvi;StdTime;15-04-13 00:00:00;0,592600452262024;0;7;Milieux semi-naturels
118;319,000000000000000;0,001384548610854;ndvi;StdTime;15-04-13 00:00:00;0,491153074656161;0;8;Zones humides et eau
11;19297,000000000000000;0,083754340262200;ndvi;StdTime;15-04-14 00:00:00;0,557198531093633;0;1;Artificialise
12;32515,000000000000000;0,141124131918197;ndvi;StdTime;15-04-14 00:00:00;0,608427742692794;0;2;Cultures
13;4653,000000000000000;0,020195312496244;ndvi;StdTime;15-04-14 00:00:00;0,659437675527826;0;3;Prairies
14;2157,000000000000000;0,009361979164925;ndvi;StdTime;15-04-14 00:00:00;0,665013198312035;0;4;Foret feuillus
15;5373,000000000000000;0,023320312495663;ndvi;StdTime;15-04-14 00:00:00;0,659292874374183;0;5;Foret resineux
16;3663,000000000000000;0,015898437497043;ndvi;StdTime;15-04-14 00:00:00;0,655523641168696;0;6;Foret mixte
17;2665,000000000000000;0,011566840275626;ndvi;StdTime;15-04-14 00:00:00;0,526215199217563;0;7;Milieux semi-naturels
18;1213,000000000000000;0,005264756943465;ndvi;StdTime;15-04-14 00:00:00;0,500404663770924;0;8;Zones humides et eau
21;23651,000000000000000;0,102651909703130;ndvi;StdTime;15-04-14 00:00:00;0,554072375202229;0;1;Artificialise
22;53262,000000000000000;0,231171874957004;ndvi;StdTime;15-04-14 00:00:00;0,622291307690885;0;2;Cultures
23;7495,000000000000000;0,032530381938394;ndvi;StdTime;15-04-14 00:00:00;0,679304231660537;0;3;Prairies
24;1297,000000000000000;0,005629340276731;ndvi;StdTime;15-04-14 00:00:00;0,689012443596525;0;4;Foret feuillus
25;405,000000000000000;0,001757812499673;ndvi;StdTime;15-04-14 00:00:00;0,676549290580514;0;5;Foret resineux
26;881,000000000000000;0,003823784721511;ndvi;StdTime;15-04-14 00:00:00;0,693409773873145;0;6;Foret mixte
27;471,000000000000000;0,002044270832953;ndvi;StdTime;15-04-14 00:00:00;0,490362191580695;0;7;Milieux semi-naturels
28;1271,000000000000000;0,005516493054530;ndvi;StdTime;15-04-14 00:00:00;0,339507694451217;0;8;Zones humides et eau
31;20501,000000000000000;0,088980034705673;ndvi;StdTime;15-04-14 00:00:00;0,590255382220798;0;1;Artificialise
32;33836,000000000000000;0,146857638861575;ndvi;StdTime;15-04-14 00:00:00;0,622420590100495;0;2;Cultures
33;2765,000000000000000;0,012000868053323;ndvi;StdTime;15-04-14 00:00:00;0,685243171205573;0;3;Prairies
34;3126,000000000000000;0,013567708330810;ndvi;StdTime;15-04-14 00:00:00;0,684377535128928;0;4;Foret feuillus
35;335,000000000000000;0,001453993055285;ndvi;StdTime;15-04-14 00:00:00;0,692003876148765;0;5;Foret resineux
36;1500,000000000000000;0,006510416665456;ndvi;StdTime;15-04-14 00:00:00;0,685678345163662;0;6;Foret mixte
37;107,000000000000000;0,000464409722136;ndvi;StdTime;15-04-14 00:00:00;0,633602408605201;0;7;Milieux semi-naturels
38;185,000000000000000;0,000802951388740;ndvi;StdTime;15-04-14 00:00:00;0,577340762840735;0;8;Zones humides et eau
41;18520,000000000000000;0,080381944429494;ndvi;StdTime;15-04-14 00:00:00;0,516525095596136;0;1;Artificialise
42;63126,000000000000000;0,273984374949041;ndvi;StdTime;15-04-14 00:00:00;0,577470557363413;0;2;Cultures
43;8940,000000000000000;0,038802083326116;ndvi;StdTime;15-04-14 00:00:00;0,682119304775125;0;3;Prairies
44;659,000000000000000;0,002860243055024;ndvi;StdTime;15-04-14 00:00:00;0,678849268031952;0;4;Foret feuillus
45;284,000000000000000;0,001232638888660;ndvi;StdTime;15-04-14 00:00:00;0,677920298677095;0;5;Foret resineux
46;586,000000000000000;0,002543402777305;ndvi;StdTime;15-04-14 00:00:00;0,696805774453557;0;6;Foret mixte
47;693,000000000000000;0,003007812499441;ndvi;StdTime;15-04-14 00:00:00;0,471434762295870;0;7;Milieux semi-naturels
48;528,000000000000000;0,002291666666240;ndvi;StdTime;15-04-14 00:00:00;0,387894489486688;0;8;Zones humides et eau
51;8563,000000000000000;0,037165798604199;ndvi;StdTime;15-04-14 00:00:00;0,626295635494328;0;1;Artificialise
52;20511,000000000000000;0,089023437483442;ndvi;StdTime;15-04-14 00:00:00;0,594079469235671;0;2;Cultures
53;880,000000000000000;0,003819444443734;ndvi;StdTime;15-04-14 00:00:00;0,667767262458801;0;3;Prairies
54;685,000000000000000;0,002973090277225;ndvi;StdTime;15-04-14 00:00:00;0,674631838641898;0;4;Foret feuillus
55;219,000000000000000;0,000950520833157;ndvi;StdTime;15-04-14 00:00:00;0,688644888466352;0;5;Foret resineux
56;1277,000000000000000;0,005542534721191;ndvi;StdTime;15-04-14 00:00:00;0,681089723422924;0;6;Foret mixte
57;15,000000000000000;0,000065104166655;ndvi;StdTime;15-04-14 00:00:00;0,555748983224233;0;7;Milieux semi-naturels
58;2,000000000000000;0,000008680555554;ndvi;StdTime;15-04-14 00:00:00;0,651740044355392;0;8;Zones humides et eau
61;23918,000000000000000;0,103810763869581;ndvi;StdTime;15-04-14 00:00:00;0,598963047554310;0;1;Artificialise
62;60865,000000000000000;0,264171006895311;ndvi;StdTime;15-04-14 00:00:00;0,621827795317643;0;2;Cultures
63;12006,000000000000000;0,052109374990308;ndvi;StdTime;15-04-14 00:00:00;0,693441358537806;0;3;Prairies
64;11171,000000000000000;0,048485243046538;ndvi;StdTime;15-04-14 00:00:00;0,723176343888564;0;4;Foret feuillus
65;495,000000000000000;0,002148437499600;ndvi;StdTime;15-04-14 00:00:00;0,744002424948144;0;5;Foret resineux
66;1468,000000000000000;0,006371527776593;ndvi;StdTime;15-04-14 00:00:00;0,727763301751269;0;6;Foret mixte
67;777,000000000000000;0,003372395832706;ndvi;StdTime;15-04-14 00:00:00;0,643212725527038;0;7;Milieux semi-naturels
68;453,000000000000000;0,001966145832968;ndvi;StdTime;15-04-14 00:00:00;0,548676495257329;0;8;Zones humides et eau
71;4130,000000000000000;0,017925347218888;ndvi;StdTime;15-04-14 00:00:00;0,429720525005178;0;1;Artificialise
72;100,000000000000000;0,000434027777697;ndvi;StdTime;15-04-14 00:00:00;0,607015683352947;0;2;Cultures
73;15,000000000000000;0,000065104166655;ndvi;StdTime;15-04-14 00:00:00;0,652727985382080;0;3;Prairies
74;459,000000000000000;0,001992187499629;ndvi;StdTime;15-04-14 00:00:00;0,665603686781491;0;4;Foret feuillus
76;35,000000000000000;0,000151909722194;ndvi;StdTime;15-04-14 00:00:00;0,644573838370187;0;6;Foret mixte
78;9,000000000000000;0,000039062499993;ndvi;StdTime;15-04-14 00:00:00;0,270704444911745;0;8;Zones humides et eau
81;27372,000000000000000;0,118802083311237;ndvi;StdTime;15-04-14 00:00:00;0,541695842092346;0;1;Artificialise
82;30867,000000000000000;0,133971354141749;ndvi;StdTime;15-04-14 00:00:00;0,637754185049622;0;2;Cultures
83;12409,000000000000000;0,053858506934427;ndvi;StdTime;15-04-14 00:00:00;0,667383230984263;0;3;Prairies
84;2241,000000000000000;0,009726562498191;ndvi;StdTime;15-04-14 00:00:00;0,678325672518827;0;4;Foret feuillus
85;5418,000000000000000;0,023515624995626;ndvi;StdTime;15-04-14 00:00:00;0,666971011838820;0;5;Foret resineux
86;3278,000000000000000;0,014227430552909;ndvi;StdTime;15-04-14 00:00:00;0,671765762269315;0;6;Foret mixte
87;1122,000000000000000;0,004869791665761;ndvi;StdTime;15-04-14 00:00:00;0,540657282274036;0;7;Milieux semi-naturels
88;2225,000000000000000;0,009657118053759;ndvi;StdTime;15-04-14 00:00:00;0,347602342558041;0;8;Zones humides et eau
91;21524,000000000000000;0,093420138871514;ndvi;StdTime;15-04-14 00:00:00;0,633433808253957;0;1;Artificialise
92;33863,000000000000000;0,146974826361553;ndvi;StdTime;15-04-14 00:00:00;0,651679287751805;0;2;Cultures
93;20854,000000000000000;0,090512152760943;ndvi;StdTime;15-04-14 00:00:00;0,753331248597821;0;3;Prairies
94;4447,000000000000000;0,019301215274188;ndvi;StdTime;15-04-14 00:00:00;0,689714738618718;0;4;Foret feuillus
95;10528,000000000000000;0,045694444435946;ndvi;StdTime;15-04-14 00:00:00;0,708847534596512;0;5;Foret resineux
96;16812,000000000000000;0,072968749986428;ndvi;StdTime;15-04-14 00:00:00;0,716673093923934;0;6;Foret mixte
97;2449,000000000000000;0,010629340275801;ndvi;StdTime;15-04-14 00:00:00;0,584781900772323;0;7;Milieux semi-naturels
98;2008,000000000000000;0,008715277776157;ndvi;StdTime;15-04-14 00:00:00;0,450384370351871;0;8;Zones humides et eau
101;7501,000000000000000;0,032556423605056;ndvi;StdTime;15-04-14 00:00:00;0,660207112222303;0;1;Artificialise
102;32049,000000000000000;0,139101562474128;ndvi;StdTime;15-04-14 00:00:00;0,720021082743522;0;2;Cultures
103;23798,000000000000000;0,103289930536344;ndvi;StdTime;15-04-14 00:00:00;0,748624917617845;0;3;Prairies
104;18168,000000000000000;0,078854166652000;ndvi;StdTime;15-04-14 00:00:00;0,683636680251960;0;4;Foret feuillus
105;13765,000000000000000;0,059743923599999;ndvi;StdTime;15-04-14 00:00:00;0,719725701679459;0;5;Foret resineux
106;30877,000000000000000;0,134014756919519;ndvi;StdTime;15-04-14 00:00:00;0,710514614040933;0;6;Foret mixte
107;2266,000000000000000;0,009835069442615;ndvi;StdTime;15-04-14 00:00:00;0,652514075769961;0;7;Milieux semi-naturels
108;332,000000000000000;0,001440972221954;ndvi;StdTime;15-04-14 00:00:00;0,538587548736348;0;8;Zones humides et eau
111;13192,000000000000000;0,057256944433795;ndvi;StdTime;15-04-14 00:00:00;0,654482771561743;0;1;Artificialise
112;48158,000000000000000;0,209019097183346;ndvi;StdTime;15-04-14 00:00:00;0,675360233774861;0;2;Cultures
113;9056,000000000000000;0,039305555548245;ndvi;StdTime;15-04-14 00:00:00;0,741454411238797;0;3;Prairies
114;15928,000000000000000;0,069131944431586;ndvi;StdTime;15-04-14 00:00:00;0,712442869392551;0;4;Foret feuillus
115;2083,000000000000000;0,009040798609430;ndvi;StdTime;15-04-14 00:00:00;0,728635955961404;0;5;Foret resineux
116;17702,000000000000000;0,076831597207932;ndvi;StdTime;15-04-14 00:00:00;0,722234230900587;0;6;Foret mixte
117;299,000000000000000;0,001297743055314;ndvi;StdTime;15-04-14 00:00:00;0,656752591149065;0;7;Milieux semi-naturels
118;319,000000000000000;0,001384548610854;ndvi;StdTime;15-04-14 00:00:00;0,599263965896678;0;8;Zones humides et eau
11;19297,000000000000000;0,083754340262200;ndvi;StdTime;15-04-15 00:00:00;0,527006653382437;0;1;Artificialise
12;32496,000000000000000;0,141041666640434;ndvi;StdTime;15-04-15 00:00:00;0,571848003383121;0;2;Cultures
13;4653,000000000000000;0,020195312496244;ndvi;StdTime;15-04-15 00:00:00;0,634721095910924;0;3;Prairies
14;2157,000000000000000;0,009361979164925;ndvi;StdTime;15-04-15 00:00:00;0,618422344679295;0;4;Foret feuillus
15;5373,000000000000000;0,023320312495663;ndvi;StdTime;15-04-15 00:00:00;0,637896454253278;0;5;Foret resineux
16;3663,000000000000000;0,015898437497043;ndvi;StdTime;15-04-15 00:00:00;0,622302337183251;0;6;Foret mixte
17;2665,000000000000000;0,011566840275626;ndvi;StdTime;15-04-15 00:00:00;0,503768252532433;0;7;Milieux semi-naturels
18;1213,000000000000000;0,005264756943465;ndvi;StdTime;15-04-15 00:00:00;0,462244087433433;0;8;Zones humides et eau
21;23633,000000000000000;0,102573784703144;ndvi;StdTime;15-04-15 00:00:00;0,520241735537170;0;1;Artificialise
22;53262,000000000000000;0,231171874957004;ndvi;StdTime;15-04-15 00:00:00;0,599049328950272;0;2;Cultures
23;7495,000000000000000;0,032530381938394;ndvi;StdTime;15-04-15 00:00:00;0,652714030765707;0;3;Prairies
24;1297,000000000000000;0,005629340276731;ndvi;StdTime;15-04-15 00:00:00;0,630687676146110;0;4;Foret feuillus
25;405,000000000000000;0,001757812499673;ndvi;StdTime;15-04-15 00:00:00;0,639138556851281;0;5;Foret resineux
26;881,000000000000000;0,003823784721511;ndvi;StdTime;15-04-15 00:00:00;0,638807704243027;0;6;Foret mixte
27;468,000000000000000;0,002031249999622;ndvi;StdTime;15-04-15 00:00:00;0,455654672796750;0;7;Milieux semi-naturels
28;1227,000000000000000;0,005325520832343;ndvi;StdTime;15-04-15 00:00:00;0,308828179589883;0;8;Zones humides et eau
31;20500,000000000000000;0,088975694427896;ndvi;StdTime;15-04-15 00:00:00;0,549087474448651;0;1;Artificialise
32;33795,000000000000000;0,146679687472719;ndvi;StdTime;15-04-15 00:00:00;0,577414863373972;0;2;Cultures
33;2765,000000000000000;0,012000868053323;ndvi;StdTime;15-04-15 00:00:00;0,644543107799769;0;3;Prairies
34;3126,000000000000000;0,013567708330810;ndvi;StdTime;15-04-15 00:00:00;0,628054570633099;0;4;Foret feuillus
35;335,000000000000000;0,001453993055285;ndvi;StdTime;15-04-15 00:00:00;0,657815075454427;0;5;Foret resineux
36;1500,000000000000000;0,006510416665456;ndvi;StdTime;15-04-15 00:00:00;0,629624958058198;0;6;Foret mixte
37;107,000000000000000;0,000464409722136;ndvi;StdTime;15-04-15 00:00:00;0,574623721225239;0;7;Milieux semi-naturels
38;185,000000000000000;0,000802951388740;ndvi;StdTime;15-04-15 00:00:00;0,519356822484249;0;8;Zones humides et eau
41;18484,000000000000000;0,080225694429523;ndvi;StdTime;15-04-15 00:00:00;0,497271185657012;0;1;Artificialise
42;63115,000000000000000;0,273936631893495;ndvi;StdTime;15-04-15 00:00:00;0,591254626623300;0;2;Cultures
43;8939,000000000000000;0,038797743048340;ndvi;StdTime;15-04-15 00:00:00;0,680737377850051;0;3;Prairies
44;659,000000000000000;0,002860243055024;ndvi;StdTime;15-04-15 00:00:00;0,642215361408833;0;4;Foret feuillus
45;284,000000000000000;0,001232638888660;ndvi;StdTime;15-04-15 00:00:00;0,628566462389180;0;5;Foret resineux
46;586,000000000000000;0,002543402777305;ndvi;StdTime;15-04-15 00:00:00;0,654340968603973;0;6;Foret mixte
47;694,000000000000000;0,003012152777218;ndvi;StdTime;15-04-15 00:00:00;0,449878253710996;0;7;Milieux semi-naturels
48;499,000000000000000;0,002165798610708;ndvi;StdTime;15-04-15 00:00:00;0,379546512319578;0;8;Zones humides et eau
51;8559,000000000000000;0,037148437493091;ndvi;StdTime;15-04-15 00:00:00;0,583503519887054;0;1;Artificialise
52;20369,000000000000000;0,088407118039113;ndvi;StdTime;15-04-15 00:00:00;0,534385426842804;0;2;Cultures
53;880,000000000000000;0,003819444443734;ndvi;StdTime;15-04-15 00:00:00;0,637655154039914;0;3;Prairies
54;684,000000000000000;0,002968749999448;ndvi;StdTime;15-04-15 00:00:00;0,618137142550178;0;4;Foret feuillus
55;219,000000000000000;0,000950520833157;ndvi;StdTime;15-04-15 00:00:00;0,625058270208367;0;5;Foret resineux
56;1277,000000000000000;0,005542534721191;ndvi;StdTime;15-04-15 00:00:00;0,628489153405700;0;6;Foret mixte
57;15,000000000000000;0,000065104166655;ndvi;StdTime;15-04-15 00:00:00;0,488793992996216;0;7;Milieux semi-naturels
58;2,000000000000000;0,000008680555554;ndvi;StdTime;15-04-15 00:00:00;0,542537510395050;0;8;Zones humides et eau
61;23918,000000000000000;0,103810763869581;ndvi;StdTime;15-04-15 00:00:00;0,558917593477894;0;1;Artificialise
62;60850,000000000000000;0,264105902728656;ndvi;StdTime;15-04-15 00:00:00;0,585901584318649;0;2;Cultures
63;12003,000000000000000;0,052096354156977;ndvi;StdTime;15-04-15 00:00:00;0,657598839025740;0;3;Prairies
64;11171,000000000000000;0,048485243046538;ndvi;StdTime;15-04-15 00:00:00;0,659645689485133;0;4;Foret feuillus
65;495,000000000000000;0,002148437499600;ndvi;StdTime;15-04-15 00:00:00;0,707384891702671;0;5;Foret resineux
66;1468,000000000000000;0,006371527776593;ndvi;StdTime;15-04-15 00:00:00;0,674578259280333;0;6;Foret mixte
67;777,000000000000000;0,003372395832706;ndvi;StdTime;15-04-15 00:00:00;0,579673062496971;0;7;Milieux semi-naturels
68;453,000000000000000;0,001966145832968;ndvi;StdTime;15-04-15 00:00:00;0,498698911146480;0;8;Zones humides et eau
71;4130,000000000000000;0,017925347218888;ndvi;StdTime;15-04-15 00:00:00;0,393219641350734;0;1;Artificialise
72;100,000000000000000;0,000434027777697;ndvi;StdTime;15-04-15 00:00:00;0,573591637313366;0;2;Cultures
73;15,000000000000000;0,000065104166655;ndvi;StdTime;15-04-15 00:00:00;0,659726651509603;0;3;Prairies
74;459,000000000000000;0,001992187499629;ndvi;StdTime;15-04-15 00:00:00;0,600371043406801;0;4;Foret feuillus
76;35,000000000000000;0,000151909722194;ndvi;StdTime;15-04-15 00:00:00;0,604620548657008;0;6;Foret mixte
78;9,000000000000000;0,000039062499993;ndvi;StdTime;15-04-15 00:00:00;0,227513887816005;0;8;Zones humides et eau
81;27314,000000000000000;0,118550347200173;ndvi;StdTime;15-04-15 00:00:00;0,506502413018219;0;1;Artificialise
82;30867,000000000000000;0,133971354141749;ndvi;StdTime;15-04-15 00:00:00;0,613107971168059;0;2;Cultures
83;12409,000000000000000;0,053858506934427;ndvi;StdTime;15-04-15 00:00:00;0,644816666063364;0;3;Prairies
84;2241,000000000000000;0,009726562498191;ndvi;StdTime;15-04-15 00:00:00;0,625926529640387;0;4;Foret feuillus
85;5418,000000000000000;0,023515624995626;ndvi;StdTime;15-04-15 00:00:00;0,639154401898998;0;5;Foret resineux
86;3278,000000000000000;0,014227430552909;ndvi;StdTime;15-04-15 00:00:00;0,628428140124437;0;6;Foret mixte
87;1122,000000000000000;0,004869791665761;ndvi;StdTime;15-04-15 00:00:00;0,511677738000205;0;7;Milieux semi-naturels
88;2152,000000000000000;0,009340277776041;ndvi;StdTime;15-04-15 00:00:00;0,320708833300504;0;8;Zones humides et eau
91;21524,000000000000000;0,093420138871514;ndvi;StdTime;15-04-15 00:00:00;0,593214681001662;0;1;Artificialise
92;33862,000000000000000;0,146970486083776;ndvi;StdTime;15-04-15 00:00:00;0,599905935765247;0;2;Cultures
93;20854,000000000000000;0,090512152760943;ndvi;StdTime;15-04-15 00:00:00;0,707581814243809;0;3;Prairies
94;4445,000000000000000;0,019292534718634;ndvi;StdTime;15-04-15 00:00:00;0,639175746679575;0;4;Foret feuillus
95;10528,000000000000000;0,045694444435946;ndvi;StdTime;15-04-15 00:00:00;0,679856608505716;0;5;Foret resineux
96;16812,000000000000000;0,072968749986428;ndvi;StdTime;15-04-15 00:00:00;0,675125536587078;0;6;Foret mixte
97;2449,000000000000000;0,010629340275801;ndvi;StdTime;15-04-15 00:00:00;0,543889923234919;0;7;Milieux semi-naturels
98;1966,000000000000000;0,008532986109524;ndvi;StdTime;15-04-15 00:00:00;0,424581235879132;0;8;Zones humides et eau
101;7501,000000000000000;0,032556423605056;ndvi;StdTime;15-04-15 00:00:00;0,617115598567770;0;1;Artificialise
102;32049,000000000000000;0,139101562474128;ndvi;StdTime;15-04-15 00:00:00;0,670810497035108;0;2;Cultures
103;23798,000000000000000;0,103289930536344;ndvi;StdTime;15-04-15 00:00:00;0,700102759871286;0;3;Prairies
104;18168,000000000000000;0,078854166652000;ndvi;StdTime;15-04-15 00:00:00;0,645894962447834;0;4;Foret feuillus
105;13765,000000000000000;0,059743923599999;ndvi;StdTime;15-04-15 00:00:00;0,684753351964127;0;5;Foret resineux
106;30877,000000000000000;0,134014756919519;ndvi;StdTime;15-04-15 00:00:00;0,669880910247055;0;6;Foret mixte
107;2266,000000000000000;0,009835069442615;ndvi;StdTime;15-04-15 00:00:00;0,610537883857658;0;7;Milieux semi-naturels
108;332,000000000000000;0,001440972221954;ndvi;StdTime;15-04-15 00:00:00;0,499383390578161;0;8;Zones humides et eau
111;13192,000000000000000;0,057256944433795;ndvi;StdTime;15-04-15 00:00:00;0,606213893129149;0;1;Artificialise
112;48110,000000000000000;0,208810763850052;ndvi;StdTime;15-04-15 00:00:00;0,616570041977403;0;2;Cultures
113;9056,000000000000000;0,039305555548245;ndvi;StdTime;15-04-15 00:00:00;0,699211535155904;0;3;Prairies
114;15928,000000000000000;0,069131944431586;ndvi;StdTime;15-04-15 00:00:00;0,654461300699390;0;4;Foret feuillus
115;2083,000000000000000;0,009040798609430;ndvi;StdTime;15-04-15 00:00:00;0,686364991843443;0;5;Foret resineux
116;17702,000000000000000;0,076831597207932;ndvi;StdTime;15-04-15 00:00:00;0,670222146580303;0;6;Foret mixte
117;299,000000000000000;0,001297743055314;ndvi;StdTime;15-04-15 00:00:00;0,619539868871504;0;7;Milieux semi-naturels
118;319,000000000000000;0,001384548610854;ndvi;StdTime;15-04-15 00:00:00;0,539412587133694;0;8;Zones humides et eau
11;19297,000000000000000;0,083754340262200;ndvi;StdTime;15-04-16 00:00:00;0,546931499914443;0;1;Artificialise
12;32515,000000000000000;0,141124131918197;ndvi;StdTime;15-04-16 00:00:00;0,607257007705180;0;2;Cultures
13;4653,000000000000000;0,020195312496244;ndvi;StdTime;15-04-16 00:00:00;0,664747826679789;0;3;Prairies
14;2157,000000000000000;0,009361979164925;ndvi;StdTime;15-04-16 00:00:00;0,640749538627332;0;4;Foret feuillus
15;5373,000000000000000;0,023320312495663;ndvi;StdTime;15-04-16 00:00:00;0,651421077609084;0;5;Foret resineux
16;3663,000000000000000;0,015898437497043;ndvi;StdTime;15-04-16 00:00:00;0,636278003555909;0;6;Foret mixte
17;2665,000000000000000;0,011566840275626;ndvi;StdTime;15-04-16 00:00:00;0,523302477078186;0;7;Milieux semi-naturels
18;1213,000000000000000;0,005264756943465;ndvi;StdTime;15-04-16 00:00:00;0,476893370916571;0;8;Zones humides et eau
21;23619,000000000000000;0,102513020814267;ndvi;StdTime;15-04-16 00:00:00;0,538720668292502;0;1;Artificialise
22;53262,000000000000000;0,231171874957004;ndvi;StdTime;15-04-16 00:00:00;0,626901310635689;0;2;Cultures
23;7495,000000000000000;0,032530381938394;ndvi;StdTime;15-04-16 00:00:00;0,682801597471473;0;3;Prairies
24;1297,000000000000000;0,005629340276731;ndvi;StdTime;15-04-16 00:00:00;0,662102611550204;0;4;Foret feuillus
25;405,000000000000000;0,001757812499673;ndvi;StdTime;15-04-16 00:00:00;0,668061724121188;0;5;Foret resineux
26;881,000000000000000;0,003823784721511;ndvi;StdTime;15-04-16 00:00:00;0,665798120885647;0;6;Foret mixte
27;467,000000000000000;0,002026909721845;ndvi;StdTime;15-04-16 00:00:00;0,456189782905135;0;7;Milieux semi-naturels
28;1189,000000000000000;0,005160590276818;ndvi;StdTime;15-04-16 00:00:00;0,329455182870675;0;8;Zones humides et eau
31;20501,000000000000000;0,088980034705673;ndvi;StdTime;15-04-16 00:00:00;0,572245360246120;0;1;Artificialise
32;33836,000000000000000;0,146857638861575;ndvi;StdTime;15-04-16 00:00:00;0,614405664266873;0;2;Cultures
33;2765,000000000000000;0,012000868053323;ndvi;StdTime;15-04-16 00:00:00;0,678926582416187;0;3;Prairies
34;3126,000000000000000;0,013567708330810;ndvi;StdTime;15-04-16 00:00:00;0,659100618744918;0;4;Foret feuillus
35;335,000000000000000;0,001453993055285;ndvi;StdTime;15-04-16 00:00:00;0,678610146668420;0;5;Foret resineux
36;1500,000000000000000;0,006510416665456;ndvi;StdTime;15-04-16 00:00:00;0,664056176106135;0;6;Foret mixte
37;107,000000000000000;0,000464409722136;ndvi;StdTime;15-04-16 00:00:00;0,616900917247077;0;7;Milieux semi-naturels
38;185,000000000000000;0,000802951388740;ndvi;StdTime;15-04-16 00:00:00;0,548122558078250;0;8;Zones humides et eau
41;18545,000000000000000;0,080490451373918;ndvi;StdTime;15-04-16 00:00:00;0,508902850708991;0;1;Artificialise
42;63126,000000000000000;0,273984374949041;ndvi;StdTime;15-04-16 00:00:00;0,599961567718377;0;2;Cultures
43;8940,000000000000000;0,038802083326116;ndvi;StdTime;15-04-16 00:00:00;0,694976024236320;0;3;Prairies
44;659,000000000000000;0,002860243055024;ndvi;StdTime;15-04-16 00:00:00;0,668070197060184;0;4;Foret feuillus
45;284,000000000000000;0,001232638888660;ndvi;StdTime;15-04-16 00:00:00;0,663623687824313;0;5;Foret resineux
46;586,000000000000000;0,002543402777305;ndvi;StdTime;15-04-16 00:00:00;0,680840808275211;0;6;Foret mixte
47;694,000000000000000;0,003012152777218;ndvi;StdTime;15-04-16 00:00:00;0,484584709191937;0;7;Milieux semi-naturels
48;539,000000000000000;0,002339409721787;ndvi;StdTime;15-04-16 00:00:00;0,375748115459523;0;8;Zones humides et eau
51;8563,000000000000000;0,037165798604199;ndvi;StdTime;15-04-16 00:00:00;0,608424245127868;0;1;Artificialise
52;20512,000000000000000;0,089027777761219;ndvi;StdTime;15-04-16 00:00:00;0,572234519179797;0;2;Cultures
53;880,000000000000000;0,003819444443734;ndvi;StdTime;15-04-16 00:00:00;0,643198770216920;0;3;Prairies
54;685,000000000000000;0,002973090277225;ndvi;StdTime;15-04-16 00:00:00;0,655637059072508;0;4;Foret feuillus
55;219,000000000000000;0,000950520833157;ndvi;StdTime;15-04-16 00:00:00;0,681519690169591;0;5;Foret resineux
56;1277,000000000000000;0,005542534721191;ndvi;StdTime;15-04-16 00:00:00;0,663825336875817;0;6;Foret mixte
57;15,000000000000000;0,000065104166655;ndvi;StdTime;15-04-16 00:00:00;0,517874652147293;0;7;Milieux semi-naturels
58;2,000000000000000;0,000008680555554;ndvi;StdTime;15-04-16 00:00:00;0,556237459182739;0;8;Zones humides et eau
61;23918,000000000000000;0,103810763869581;ndvi;StdTime;15-04-16 00:00:00;0,579454964444067;0;1;Artificialise
62;60865,000000000000000;0,264171006895311;ndvi;StdTime;15-04-16 00:00:00;0,611391284073732;0;2;Cultures
63;12006,000000000000000;0,052109374990308;ndvi;StdTime;15-04-16 00:00:00;0,683476531034447;0;3;Prairies
64;11171,000000000000000;0,048485243046538;ndvi;StdTime;15-04-16 00:00:00;0,676914149309888;0;4;Foret feuillus
65;495,000000000000000;0,002148437499600;ndvi;StdTime;15-04-16 00:00:00;0,721565638768552;0;5;Foret resineux
66;1468,000000000000000;0,006371527776593;ndvi;StdTime;15-04-16 00:00:00;0,692436042777199;0;6;Foret mixte
67;777,000000000000000;0,003372395832706;ndvi;StdTime;15-04-16 00:00:00;0,605033323187933;0;7;Milieux semi-naturels
68;453,000000000000000;0,001966145832968;ndvi;StdTime;15-04-16 00:00:00;0,522355697736572;0;8;Zones humides et eau
71;4130,000000000000000;0,017925347218888;ndvi;StdTime;15-04-16 00:00:00;0,406331786134485;0;1;Artificialise
72;100,000000000000000;0,000434027777697;ndvi;StdTime;15-04-16 00:00:00;0,601129901111126;0;2;Cultures
73;15,000000000000000;0,000065104166655;ndvi;StdTime;15-04-16 00:00:00;0,716748658816020;0;3;Prairies
74;459,000000000000000;0,001992187499629;ndvi;StdTime;15-04-16 00:00:00;0,681161933734785;0;4;Foret feuillus
76;35,000000000000000;0,000151909722194;ndvi;StdTime;15-04-16 00:00:00;0,683854980128152;0;6;Foret mixte
78;9,000000000000000;0,000039062499993;ndvi;StdTime;15-04-16 00:00:00;0,258484436406030;0;8;Zones humides et eau
81;27288,000000000000000;0,118437499977972;ndvi;StdTime;15-04-16 00:00:00;0,524999163742338;0;1;Artificialise
82;30867,000000000000000;0,133971354141749;ndvi;StdTime;15-04-16 00:00:00;0,641211721090891;0;2;Cultures
83;12409,000000000000000;0,053858506934427;ndvi;StdTime;15-04-16 00:00:00;0,675237086672030;0;3;Prairies
84;2241,000000000000000;0,009726562498191;ndvi;StdTime;15-04-16 00:00:00;0,656840935449205;0;4;Foret feuillus
85;5418,000000000000000;0,023515624995626;ndvi;StdTime;15-04-16 00:00:00;0,654483544145528;0;5;Foret resineux
86;3278,000000000000000;0,014227430552909;ndvi;StdTime;15-04-16 00:00:00;0,654550342406347;0;6;Foret mixte
87;1117,000000000000000;0,004848090276876;ndvi;StdTime;15-04-16 00:00:00;0,524627367206311;0;7;Milieux semi-naturels
88;2081,000000000000000;0,009032118053876;ndvi;StdTime;15-04-16 00:00:00;0,345570417584253;0;8;Zones humides et eau
91;21524,000000000000000;0,093420138871514;ndvi;StdTime;15-04-16 00:00:00;0,614513143109561;0;1;Artificialise
92;33863,000000000000000;0,146974826361553;ndvi;StdTime;15-04-16 00:00:00;0,634421079274970;0;2;Cultures
93;20854,000000000000000;0,090512152760943;ndvi;StdTime;15-04-16 00:00:00;0,746284874071264;0;3;Prairies
94;4447,000000000000000;0,019301215274188;ndvi;StdTime;15-04-16 00:00:00;0,647822310314946;0;4;Foret feuillus
95;10528,000000000000000;0,045694444435946;ndvi;StdTime;15-04-16 00:00:00;0,692301723248351;0;5;Foret resineux
96;16812,000000000000000;0,072968749986428;ndvi;StdTime;15-04-16 00:00:00;0,692009920100569;0;6;Foret mixte
97;2449,000000000000000;0,010629340275801;ndvi;StdTime;15-04-16 00:00:00;0,571825347649122;0;7;Milieux semi-naturels
98;2008,000000000000000;0,008715277776157;ndvi;StdTime;15-04-16 00:00:00;0,437121438207587;0;8;Zones humides et eau
101;7501,000000000000000;0,032556423605056;ndvi;StdTime;15-04-16 00:00:00;0,652800650006453;0;1;Artificialise
102;32049,000000000000000;0,139101562474128;ndvi;StdTime;15-04-16 00:00:00;0,716920710228556;0;2;Cultures
103;23798,000000000000000;0,103289930536344;ndvi;StdTime;15-04-16 00:00:00;0,745157117160722;0;3;Prairies
104;18168,000000000000000;0,078854166652000;ndvi;StdTime;15-04-16 00:00:00;0,644333225155340;0;4;Foret feuillus
105;13765,000000000000000;0,059743923599999;ndvi;StdTime;15-04-16 00:00:00;0,697737812296588;0;5;Foret resineux
106;30877,000000000000000;0,134014756919519;ndvi;StdTime;15-04-16 00:00:00;0,684737640396127;0;6;Foret mixte
107;2266,000000000000000;0,009835069442615;ndvi;StdTime;15-04-16 00:00:00;0,641879539098345;0;7;Milieux semi-naturels
108;332,000000000000000;0,001440972221954;ndvi;StdTime;15-04-16 00:00:00;0,541790330804974;0;8;Zones humides et eau
111;13192,000000000000000;0,057256944433795;ndvi;StdTime;15-04-16 00:00:00;0,631042706426018;0;1;Artificialise
112;48169,000000000000000;0,209066840238893;ndvi;StdTime;15-04-16 00:00:00;0,655945267211599;0;2;Cultures
113;9056,000000000000000;0,039305555548245;ndvi;StdTime;15-04-16 00:00:00;0,730797928076753;0;3;Prairies
114;15928,000000000000000;0,069131944431586;ndvi;StdTime;15-04-16 00:00:00;0,662078885581401;0;4;Foret feuillus
115;2083,000000000000000;0,009040798609430;ndvi;StdTime;15-04-16 00:00:00;0,694264975351836;0;5;Foret resineux
116;17702,000000000000000;0,076831597207932;ndvi;StdTime;15-04-16 00:00:00;0,683849910250792;0;6;Foret mixte
117;299,000000000000000;0,001297743055314;ndvi;StdTime;15-04-16 00:00:00;0,653268994694968;0;7;Milieux semi-naturels
118;319,000000000000000;0,001384548610854;ndvi;StdTime;15-04-16 00:00:00;0,544537414671112;0;8;Zones humides et eau
11;19297,000000000000000;0,083754340262200;ndvi;StdTime;15-04-17 00:00:00;0,546501855587024;0;1;Artificialise
12;32515,000000000000000;0,141124131918197;ndvi;StdTime;15-04-17 00:00:00;0,600211573161289;0;2;Cultures
13;4653,000000000000000;0,020195312496244;ndvi;StdTime;15-04-17 00:00:00;0,670792956468035;0;3;Prairies
14;2157,000000000000000;0,009361979164925;ndvi;StdTime;15-04-17 00:00:00;0,635800382316693;0;4;Foret feuillus
15;5373,000000000000000;0,023320312495663;ndvi;StdTime;15-04-17 00:00:00;0,651531431925888;0;5;Foret resineux
16;3663,000000000000000;0,015898437497043;ndvi;StdTime;15-04-17 00:00:00;0,636092931813240;0;6;Foret mixte
17;2665,000000000000000;0,011566840275626;ndvi;StdTime;15-04-17 00:00:00;0,512192626029086;0;7;Milieux semi-naturels
18;1213,000000000000000;0,005264756943465;ndvi;StdTime;15-04-17 00:00:00;0,497074555885123;0;8;Zones humides et eau
21;23571,000000000000000;0,102304687480972;ndvi;StdTime;15-04-17 00:00:00;0,551468905595412;0;1;Artificialise
22;53262,000000000000000;0,231171874957004;ndvi;StdTime;15-04-17 00:00:00;0,639084648615535;0;2;Cultures
23;7495,000000000000000;0,032530381938394;ndvi;StdTime;15-04-17 00:00:00;0,695811741454669;0;3;Prairies
24;1297,000000000000000;0,005629340276731;ndvi;StdTime;15-04-17 00:00:00;0,671295680927146;0;4;Foret feuillus
25;405,000000000000000;0,001757812499673;ndvi;StdTime;15-04-17 00:00:00;0,679150994692319;0;5;Foret resineux
26;881,000000000000000;0,003823784721511;ndvi;StdTime;15-04-17 00:00:00;0,673848388786348;0;6;Foret mixte
27;461,000000000000000;0,002000868055183;ndvi;StdTime;15-04-17 00:00:00;0,466598618844294;0;7;Milieux semi-naturels
28;1199,000000000000000;0,005203993054588;ndvi;StdTime;15-04-17 00:00:00;0,346318850745338;0;8;Zones humides et eau
31;20501,000000000000000;0,088980034705673;ndvi;StdTime;15-04-17 00:00:00;0,581944222871338;0;1;Artificialise
32;33836,000000000000000;0,146857638861575;ndvi;StdTime;15-04-17 00:00:00;0,616007497727273;0;2;Cultures
33;2765,000000000000000;0,012000868053323;ndvi;StdTime;15-04-17 00:00:00;0,678492975644564;0;3;Prairies
34;3126,000000000000000;0,013567708330810;ndvi;StdTime;15-04-17 00:00:00;0,660571872215581;0;4;Foret feuillus
35;335,000000000000000;0,001453993055285;ndvi;StdTime;15-04-17 00:00:00;0,676767072926706;0;5;Foret resineux
36;1500,000000000000000;0,006510416665456;ndvi;StdTime;15-04-17 00:00:00;0,659977377990882;0;6;Foret mixte
37;107,000000000000000;0,000464409722136;ndvi;StdTime;15-04-17 00:00:00;0,614782038414590;0;7;Milieux semi-naturels
38;185,000000000000000;0,000802951388740;ndvi;StdTime;15-04-17 00:00:00;0,551760770823504;0;8;Zones humides et eau
41;18533,000000000000000;0,080438368040595;ndvi;StdTime;15-04-17 00:00:00;0,521152752876282;0;1;Artificialise
42;63126,000000000000000;0,273984374949041;ndvi;StdTime;15-04-17 00:00:00;0,611463295912236;0;2;Cultures
43;8940,000000000000000;0,038802083326116;ndvi;StdTime;15-04-17 00:00:00;0,705979175205598;0;3;Prairies
44;659,000000000000000;0,002860243055024;ndvi;StdTime;15-04-17 00:00:00;0,676155507338427;0;4;Foret feuillus
45;284,000000000000000;0,001232638888660;ndvi;StdTime;15-04-17 00:00:00;0,671243439048109;0;5;Foret resineux
46;586,000000000000000;0,002543402777305;ndvi;StdTime;15-04-17 00:00:00;0,690310897934966;0;6;Foret mixte
47;692,000000000000000;0,003003472221664;ndvi;StdTime;15-04-17 00:00:00;0,474947958492884;0;7;Milieux semi-naturels
48;527,000000000000000;0,002287326388463;ndvi;StdTime;15-04-17 00:00:00;0,398495843281119;0;8;Zones humides et eau
51;8563,000000000000000;0,037165798604199;ndvi;StdTime;15-04-17 00:00:00;0,602853778278553;0;1;Artificialise
52;20512,000000000000000;0,089027777761219;ndvi;StdTime;15-04-17 00:00:00;0,547408015647392;0;2;Cultures
53;880,000000000000000;0,003819444443734;ndvi;StdTime;15-04-17 00:00:00;0,654617537050084;0;3;Prairies
54;685,000000000000000;0,002973090277225;ndvi;StdTime;15-04-17 00:00:00;0,640929305074859;0;4;Foret feuillus
55;219,000000000000000;0,000950520833157;ndvi;StdTime;15-04-17 00:00:00;0,648779463142020;0;5;Foret resineux
56;1277,000000000000000;0,005542534721191;ndvi;StdTime;15-04-17 00:00:00;0,642378656445953;0;6;Foret mixte
57;15,000000000000000;0,000065104166655;ndvi;StdTime;15-04-17 00:00:00;0,524683990081151;0;7;Milieux semi-naturels
58;2,000000000000000;0,000008680555554;ndvi;StdTime;15-04-17 00:00:00;0,601700007915497;0;8;Zones humides et eau
61;23918,000000000000000;0,103810763869581;ndvi;StdTime;15-04-17 00:00:00;0,582856780777052;0;1;Artificialise
62;60865,000000000000000;0,264171006895311;ndvi;StdTime;15-04-17 00:00:00;0,608261895848853;0;2;Cultures
63;12006,000000000000000;0,052109374990308;ndvi;StdTime;15-04-17 00:00:00;0,684262599743309;0;3;Prairies
64;11171,000000000000000;0,048485243046538;ndvi;StdTime;15-04-17 00:00:00;0,675085078801842;0;4;Foret feuillus
65;495,000000000000000;0,002148437499600;ndvi;StdTime;15-04-17 00:00:00;0,716593537426958;0;5;Foret resineux
66;1468,000000000000000;0,006371527776593;ndvi;StdTime;15-04-17 00:00:00;0,692199961183344;0;6;Foret mixte
67;777,000000000000000;0,003372395832706;ndvi;StdTime;15-04-17 00:00:00;0,608665108105391;0;7;Milieux semi-naturels
68;453,000000000000000;0,001966145832968;ndvi;StdTime;15-04-17 00:00:00;0,511015964544504;0;8;Zones humides et eau
71;4130,000000000000000;0,017925347218888;ndvi;StdTime;15-04-17 00:00:00;0,419591121249279;0;1;Artificialise
72;100,000000000000000;0,000434027777697;ndvi;StdTime;15-04-17 00:00:00;0,605177035331726;0;2;Cultures
73;15,000000000000000;0,000065104166655;ndvi;StdTime;15-04-17 00:00:00;0,708851981163025;0;3;Prairies
74;459,000000000000000;0,001992187499629;ndvi;StdTime;15-04-17 00:00:00;0,634615277412930;0;4;Foret feuillus
76;35,000000000000000;0,000151909722194;ndvi;StdTime;15-04-17 00:00:00;0,637291422912053;0;6;Foret mixte
78;9,000000000000000;0,000039062499993;ndvi;StdTime;15-04-17 00:00:00;0,270175551374753;0;8;Zones humides et eau
81;27157,000000000000000;0,117868923589188;ndvi;StdTime;15-04-17 00:00:00;0,540565904064012;0;1;Artificialise
82;30867,000000000000000;0,133971354141749;ndvi;StdTime;15-04-17 00:00:00;0,658444031806055;0;2;Cultures
83;12409,000000000000000;0,053858506934427;ndvi;StdTime;15-04-17 00:00:00;0,694009059383711;0;3;Prairies
84;2241,000000000000000;0,009726562498191;ndvi;StdTime;15-04-17 00:00:00;0,663278930876628;0;4;Foret feuillus
85;5418,000000000000000;0,023515624995626;ndvi;StdTime;15-04-17 00:00:00;0,666009105057151;0;5;Foret resineux
86;3278,000000000000000;0,014227430552909;ndvi;StdTime;15-04-17 00:00:00;0,660360514490324;0;6;Foret mixte
87;1121,000000000000000;0,004865451387984;ndvi;StdTime;15-04-17 00:00:00;0,532346375293225;0;7;Milieux semi-naturels
88;2048,000000000000000;0,008888888887236;ndvi;StdTime;15-04-17 00:00:00;0,358271768492556;0;8;Zones humides et eau
91;21524,000000000000000;0,093420138871514;ndvi;StdTime;15-04-17 00:00:00;0,610108972495069;0;1;Artificialise
92;33863,000000000000000;0,146974826361553;ndvi;StdTime;15-04-17 00:00:00;0,612294224748879;0;2;Cultures
93;20854,000000000000000;0,090512152760943;ndvi;StdTime;15-04-17 00:00:00;0,739247145106398;0;3;Prairies
94;4447,000000000000000;0,019301215274188;ndvi;StdTime;15-04-17 00:00:00;0,645239232583396;0;4;Foret feuillus
95;10528,000000000000000;0,045694444435946;ndvi;StdTime;15-04-17 00:00:00;0,688641076233792;0;5;Foret resineux
96;16812,000000000000000;0,072968749986428;ndvi;StdTime;15-04-17 00:00:00;0,688901007723202;0;6;Foret mixte
97;2449,000000000000000;0,010629340275801;ndvi;StdTime;15-04-17 00:00:00;0,558873913077834;0;7;Milieux semi-naturels
98;2008,000000000000000;0,008715277776157;ndvi;StdTime;15-04-17 00:00:00;0,437914456786269;0;8;Zones humides et eau
101;7501,000000000000000;0,032556423605056;ndvi;StdTime;15-04-17 00:00:00;0,629591156231802;0;1;Artificialise
102;32049,000000000000000;0,139101562474128;ndvi;StdTime;15-04-17 00:00:00;0,693400829650110;0;2;Cultures
103;23798,000000000000000;0,103289930536344;ndvi;StdTime;15-04-17 00:00:00;0,720878489545309;0;3;Prairies
104;18168,000000000000000;0,078854166652000;ndvi;StdTime;15-04-17 00:00:00;0,626713905790235;0;4;Foret feuillus
105;13765,000000000000000;0,059743923599999;ndvi;StdTime;15-04-17 00:00:00;0,692893737461452;0;5;Foret resineux
106;30877,000000000000000;0,134014756919519;ndvi;StdTime;15-04-17 00:00:00;0,675262164133530;0;6;Foret mixte
107;2266,000000000000000;0,009835069442615;ndvi;StdTime;15-04-17 00:00:00;0,623629971549559;0;7;Milieux semi-naturels
108;332,000000000000000;0,001440972221954;ndvi;StdTime;15-04-17 00:00:00;0,516070346516299;0;8;Zones humides et eau
111;13192,000000000000000;0,057256944433795;ndvi;StdTime;15-04-17 00:00:00;0,618464982220673;0;1;Artificialise
112;48169,000000000000000;0,209066840238893;ndvi;StdTime;15-04-17 00:00:00;0,638594491861439;0;2;Cultures
113;9056,000000000000000;0,039305555548245;ndvi;StdTime;15-04-17 00:00:00;0,719249574819666;0;3;Prairies
114;15928,000000000000000;0,069131944431586;ndvi;StdTime;15-04-17 00:00:00;0,650247708034088;0;4;Foret feuillus
115;2083,000000000000000;0,009040798609430;ndvi;StdTime;15-04-17 00:00:00;0,696250842588200;0;5;Foret resineux
116;17702,000000000000000;0,076831597207932;ndvi;StdTime;15-04-17 00:00:00;0,673792989333832;0;6;Foret mixte
117;299,000000000000000;0,001297743055314;ndvi;StdTime;15-04-17 00:00:00;0,623457962553637;0;7;Milieux semi-naturels
118;319,000000000000000;0,001384548610854;ndvi;StdTime;15-04-17 00:00:00;0,535950568962994;0;8;Zones humides et eau
11;19297,000000000000000;0,083754340262200;ndvi;StdTime;15-04-18 00:00:00;0,548200803862005;0;1;Artificialise
12;32515,000000000000000;0,141124131918197;ndvi;StdTime;15-04-18 00:00:00;0,602557997704104;0;2;Cultures
13;4653,000000000000000;0,020195312496244;ndvi;StdTime;15-04-18 00:00:00;0,657265273865745;0;3;Prairies
14;2157,000000000000000;0,009361979164925;ndvi;StdTime;15-04-18 00:00:00;0,669475366892945;0;4;Foret feuillus
15;5373,000000000000000;0,023320312495663;ndvi;StdTime;15-04-18 00:00:00;0,677597078715381;0;5;Foret resineux
16;3663,000000000000000;0,015898437497043;ndvi;StdTime;15-04-18 00:00:00;0,672753873652134;0;6;Foret mixte
17;2665,000000000000000;0,011566840275626;ndvi;StdTime;15-04-18 00:00:00;0,535373612525428;0;7;Milieux semi-naturels
18;1213,000000000000000;0,005264756943465;ndvi;StdTime;15-04-18 00:00:00;0,500901146047508;0;8;Zones humides et eau
21;23651,000000000000000;0,102651909703130;ndvi;StdTime;15-04-18 00:00:00;0,534200400579386;0;1;Artificialise
22;53262,000000000000000;0,231171874957004;ndvi;StdTime;15-04-18 00:00:00;0,617787474967039;0;2;Cultures
23;7495,000000000000000;0,032530381938394;ndvi;StdTime;15-04-18 00:00:00;0,669056915421737;0;3;Prairies
24;1297,000000000000000;0,005629340276731;ndvi;StdTime;15-04-18 00:00:00;0,684058495802243;0;4;Foret feuillus
25;405,000000000000000;0,001757812499673;ndvi;StdTime;15-04-18 00:00:00;0,671699601779749;0;5;Foret resineux
26;881,000000000000000;0,003823784721511;ndvi;StdTime;15-04-18 00:00:00;0,678362170020784;0;6;Foret mixte
27;471,000000000000000;0,002044270832953;ndvi;StdTime;15-04-18 00:00:00;0,473487958557223;0;7;Milieux semi-naturels
28;1234,000000000000000;0,005355902776782;ndvi;StdTime;15-04-18 00:00:00;0,333291987753043;0;8;Zones humides et eau
31;20501,000000000000000;0,088980034705673;ndvi;StdTime;15-04-18 00:00:00;0,574232823597251;0;1;Artificialise
32;33836,000000000000000;0,146857638861575;ndvi;StdTime;15-04-18 00:00:00;0,604846206322033;0;2;Cultures
33;2765,000000000000000;0,012000868053323;ndvi;StdTime;15-04-18 00:00:00;0,677089591364749;0;3;Prairies
34;3126,000000000000000;0,013567708330810;ndvi;StdTime;15-04-18 00:00:00;0,687480905549083;0;4;Foret feuillus
35;335,000000000000000;0,001453993055285;ndvi;StdTime;15-04-18 00:00:00;0,691247682251148;0;5;Foret resineux
36;1500,000000000000000;0,006510416665456;ndvi;StdTime;15-04-18 00:00:00;0,684141154468060;0;6;Foret mixte
37;107,000000000000000;0,000464409722136;ndvi;StdTime;15-04-18 00:00:00;0,626728396827930;0;7;Milieux semi-naturels
38;185,000000000000000;0,000802951388740;ndvi;StdTime;15-04-18 00:00:00;0,572364309510669;0;8;Zones humides et eau
41;18520,000000000000000;0,080381944429494;ndvi;StdTime;15-04-18 00:00:00;0,502441076306575;0;1;Artificialise
42;63126,000000000000000;0,273984374949041;ndvi;StdTime;15-04-18 00:00:00;0,587816795639379;0;2;Cultures
43;8940,000000000000000;0,038802083326116;ndvi;StdTime;15-04-18 00:00:00;0,683414701674077;0;3;Prairies
44;659,000000000000000;0,002860243055024;ndvi;StdTime;15-04-18 00:00:00;0,694072482799362;0;4;Foret feuillus
45;284,000000000000000;0,001232638888660;ndvi;StdTime;15-04-18 00:00:00;0,676397158751186;0;5;Foret resineux
46;586,000000000000000;0,002543402777305;ndvi;StdTime;15-04-18 00:00:00;0,690397296291569;0;6;Foret mixte
47;691,000000000000000;0,002999131943887;ndvi;StdTime;15-04-18 00:00:00;0,492038824650770;0;7;Milieux semi-naturels
48;524,000000000000000;0,002274305555133;ndvi;StdTime;15-04-18 00:00:00;0,381643186334009;0;8;Zones humides et eau
51;8563,000000000000000;0,037165798604199;ndvi;StdTime;15-04-18 00:00:00;0,605318562531043;0;1;Artificialise
52;20512,000000000000000;0,089027777761219;ndvi;StdTime;15-04-18 00:00:00;0,536041618513695;0;2;Cultures
53;880,000000000000000;0,003819444443734;ndvi;StdTime;15-04-18 00:00:00;0,639078699560327;0;3;Prairies
54;685,000000000000000;0,002973090277225;ndvi;StdTime;15-04-18 00:00:00;0,668337237573888;0;4;Foret feuillus
55;219,000000000000000;0,000950520833157;ndvi;StdTime;15-04-18 00:00:00;0,683887674247837;0;5;Foret resineux
56;1277,000000000000000;0,005542534721191;ndvi;StdTime;15-04-18 00:00:00;0,682207280266723;0;6;Foret mixte
57;15,000000000000000;0,000065104166655;ndvi;StdTime;15-04-18 00:00:00;0,530066657066345;0;7;Milieux semi-naturels
58;2,000000000000000;0,000008680555554;ndvi;StdTime;15-04-18 00:00:00;0,619910001754761;0;8;Zones humides et eau
61;23918,000000000000000;0,103810763869581;ndvi;StdTime;15-04-18 00:00:00;0,579827148610906;0;1;Artificialise
62;60865,000000000000000;0,264171006895311;ndvi;StdTime;15-04-18 00:00:00;0,600030808911064;0;2;Cultures
63;12006,000000000000000;0,052109374990308;ndvi;StdTime;15-04-18 00:00:00;0,679472886037075;0;3;Prairies
64;11171,000000000000000;0,048485243046538;ndvi;StdTime;15-04-18 00:00:00;0,711553028528162;0;4;Foret feuillus
65;495,000000000000000;0,002148437499600;ndvi;StdTime;15-04-18 00:00:00;0,733335231771373;0;5;Foret resineux
66;1468,000000000000000;0,006371527776593;ndvi;StdTime;15-04-18 00:00:00;0,715740101477918;0;6;Foret mixte
67;777,000000000000000;0,003372395832706;ndvi;StdTime;15-04-18 00:00:00;0,629034502549214;0;7;Milieux semi-naturels
68;453,000000000000000;0,001966145832968;ndvi;StdTime;15-04-18 00:00:00;0,533258070022065;0;8;Zones humides et eau
71;4130,000000000000000;0,017925347218888;ndvi;StdTime;15-04-18 00:00:00;0,424148216360130;0;1;Artificialise
72;100,000000000000000;0,000434027777697;ndvi;StdTime;15-04-18 00:00:00;0,612536086738109;0;2;Cultures
73;15,000000000000000;0,000065104166655;ndvi;StdTime;15-04-18 00:00:00;0,715850651264191;0;3;Prairies
74;459,000000000000000;0,001992187499629;ndvi;StdTime;15-04-18 00:00:00;0,683535469513313;0;4;Foret feuillus
76;35,000000000000000;0,000151909722194;ndvi;StdTime;15-04-18 00:00:00;0,670421544143132;0;6;Foret mixte
78;9,000000000000000;0,000039062499993;ndvi;StdTime;15-04-18 00:00:00;0,264699987239308;0;8;Zones humides et eau
81;27164,000000000000000;0,117899305533627;ndvi;StdTime;15-04-18 00:00:00;0,530601703502692;0;1;Artificialise
82;30867,000000000000000;0,133971354141749;ndvi;StdTime;15-04-18 00:00:00;0,639609793908864;0;2;Cultures
83;12409,000000000000000;0,053858506934427;ndvi;StdTime;15-04-18 00:00:00;0,669258955387867;0;3;Prairies
84;2241,000000000000000;0,009726562498191;ndvi;StdTime;15-04-18 00:00:00;0,673470383700332;0;4;Foret feuillus
85;5418,000000000000000;0,023515624995626;ndvi;StdTime;15-04-18 00:00:00;0,675205310752311;0;5;Foret resineux
86;3278,000000000000000;0,014227430552909;ndvi;StdTime;15-04-18 00:00:00;0,674679343559670;0;6;Foret mixte
87;1117,000000000000000;0,004848090276876;ndvi;StdTime;15-04-18 00:00:00;0,545596841119076;0;7;Milieux semi-naturels
88;2081,000000000000000;0,009032118053876;ndvi;StdTime;15-04-18 00:00:00;0,350045253681289;0;8;Zones humides et eau
91;21524,000000000000000;0,093420138871514;ndvi;StdTime;15-04-18 00:00:00;0,616733717186078;0;1;Artificialise
92;33863,000000000000000;0,146974826361553;ndvi;StdTime;15-04-18 00:00:00;0,610307038317483;0;2;Cultures
93;20854,000000000000000;0,090512152760943;ndvi;StdTime;15-04-18 00:00:00;0,733425371646109;0;3;Prairies
94;4447,000000000000000;0,019301215274188;ndvi;StdTime;15-04-18 00:00:00;0,697971408671950;0;4;Foret feuillus
95;10528,000000000000000;0,045694444435946;ndvi;StdTime;15-04-18 00:00:00;0,711479669813304;0;5;Foret resineux
96;16812,000000000000000;0,072968749986428;ndvi;StdTime;15-04-18 00:00:00;0,719555768978303;0;6;Foret mixte
97;2449,000000000000000;0,010629340275801;ndvi;StdTime;15-04-18 00:00:00;0,594808614779706;0;7;Milieux semi-naturels
98;2008,000000000000000;0,008715277776157;ndvi;StdTime;15-04-18 00:00:00;0,462205761167929;0;8;Zones humides et eau
101;7501,000000000000000;0,032556423605056;ndvi;StdTime;15-04-18 00:00:00;0,637464601174544;0;1;Artificialise
102;32049,000000000000000;0,139101562474128;ndvi;StdTime;15-04-18 00:00:00;0,695306648138386;0;2;Cultures
103;23798,000000000000000;0,103289930536344;ndvi;StdTime;15-04-18 00:00:00;0,721638042384893;0;3;Prairies
104;18168,000000000000000;0,078854166652000;ndvi;StdTime;15-04-18 00:00:00;0,690299531954243;0;4;Foret feuillus
105;13765,000000000000000;0,059743923599999;ndvi;StdTime;15-04-18 00:00:00;0,714095706429604;0;5;Foret resineux
106;30877,000000000000000;0,134014756919519;ndvi;StdTime;15-04-18 00:00:00;0,708504521040253;0;6;Foret mixte
107;2266,000000000000000;0,009835069442615;ndvi;StdTime;15-04-18 00:00:00;0,656215436789492;0;7;Milieux semi-naturels
108;332,000000000000000;0,001440972221954;ndvi;StdTime;15-04-18 00:00:00;0,540701267230941;0;8;Zones humides et eau
111;13192,000000000000000;0,057256944433795;ndvi;StdTime;15-04-18 00:00:00;0,632155052115694;0;1;Artificialise
112;48169,000000000000000;0,209066840238893;ndvi;StdTime;15-04-18 00:00:00;0,643643377529481;0;2;Cultures
113;9056,000000000000000;0,039305555548245;ndvi;StdTime;15-04-18 00:00:00;0,728153673178342;0;3;Prairies
114;15928,000000000000000;0,069131944431586;ndvi;StdTime;15-04-18 00:00:00;0,705368819273723;0;4;Foret feuillus
115;2083,000000000000000;0,009040798609430;ndvi;StdTime;15-04-18 00:00:00;0,723260682932871;0;5;Foret resineux
116;17702,000000000000000;0,076831597207932;ndvi;StdTime;15-04-18 00:00:00;0,715408549613431;0;6;Foret mixte
117;299,000000000000000;0,001297743055314;ndvi;StdTime;15-04-18 00:00:00;0,676764064608609;0;7;Milieux semi-naturels
118;319,000000000000000;0,001384548610854;ndvi;StdTime;15-04-18 00:00:00;0,569097948485407;0;8;Zones humides et eau
11;19297,000000000000000;0,083754340262200;ndvi;StdTime;15-04-19 00:00:00;0,541716775987850;0;1;Artificialise
12;32515,000000000000000;0,141124131918197;ndvi;StdTime;15-04-19 00:00:00;0,616547114436998;0;2;Cultures
13;4653,000000000000000;0,020195312496244;ndvi;StdTime;15-04-19 00:00:00;0,679492184821442;0;3;Prairies
14;2157,000000000000000;0,009361979164925;ndvi;StdTime;15-04-19 00:00:00;0,647324527006322;0;4;Foret feuillus
15;5373,000000000000000;0,023320312495663;ndvi;StdTime;15-04-19 00:00:00;0,653729456300932;0;5;Foret resineux
16;3663,000000000000000;0,015898437497043;ndvi;StdTime;15-04-19 00:00:00;0,641365295822686;0;6;Foret mixte
17;2665,000000000000000;0,011566840275626;ndvi;StdTime;15-04-19 00:00:00;0,497860886796778;0;7;Milieux semi-naturels
18;1213,000000000000000;0,005264756943465;ndvi;StdTime;15-04-19 00:00:00;0,474187484735842;0;8;Zones humides et eau
21;23651,000000000000000;0,102651909703130;ndvi;StdTime;15-04-19 00:00:00;0,555382280327879;0;1;Artificialise
22;53262,000000000000000;0,231171874957004;ndvi;StdTime;15-04-19 00:00:00;0,655222919592667;0;2;Cultures
23;7495,000000000000000;0,032530381938394;ndvi;StdTime;15-04-19 00:00:00;0,701077164189667;0;3;Prairies
24;1297,000000000000000;0,005629340276731;ndvi;StdTime;15-04-19 00:00:00;0,691261572983050;0;4;Foret feuillus
25;405,000000000000000;0,001757812499673;ndvi;StdTime;15-04-19 00:00:00;0,677824500755028;0;5;Foret resineux
26;881,000000000000000;0,003823784721511;ndvi;StdTime;15-04-19 00:00:00;0,693432980917909;0;6;Foret mixte
27;464,000000000000000;0,002013888888514;ndvi;StdTime;15-04-19 00:00:00;0,477760046367245;0;7;Milieux semi-naturels
28;1230,000000000000000;0,005338541665674;ndvi;StdTime;15-04-19 00:00:00;0,338508797255894;0;8;Zones humides et eau
31;20501,000000000000000;0,088980034705673;ndvi;StdTime;15-04-19 00:00:00;0,576525845634088;0;1;Artificialise
32;33836,000000000000000;0,146857638861575;ndvi;StdTime;15-04-19 00:00:00;0,625291575828858;0;2;Cultures
33;2765,000000000000000;0,012000868053323;ndvi;StdTime;15-04-19 00:00:00;0,691907468939345;0;3;Prairies
34;3126,000000000000000;0,013567708330810;ndvi;StdTime;15-04-19 00:00:00;0,656847865209316;0;4;Foret feuillus
35;335,000000000000000;0,001453993055285;ndvi;StdTime;15-04-19 00:00:00;0,665111613451545;0;5;Foret resineux
36;1500,000000000000000;0,006510416665456;ndvi;StdTime;15-04-19 00:00:00;0,653348390618960;0;6;Foret mixte
37;107,000000000000000;0,000464409722136;ndvi;StdTime;15-04-19 00:00:00;0,606658960057196;0;7;Milieux semi-naturels
38;185,000000000000000;0,000802951388740;ndvi;StdTime;15-04-19 00:00:00;0,539717210788985;0;8;Zones humides et eau
41;18496,000000000000000;0,080277777762847;ndvi;StdTime;15-04-19 00:00:00;0,519250681507351;0;1;Artificialise
42;63125,000000000000000;0,273980034671264;ndvi;StdTime;15-04-19 00:00:00;0,629413468267303;0;2;Cultures
43;8940,000000000000000;0,038802083326116;ndvi;StdTime;15-04-19 00:00:00;0,713044868066273;0;3;Prairies
44;659,000000000000000;0,002860243055024;ndvi;StdTime;15-04-19 00:00:00;0,702016752614599;0;4;Foret feuillus
45;284,000000000000000;0,001232638888660;ndvi;StdTime;15-04-19 00:00:00;0,668721833699186;0;5;Foret resineux
46;586,000000000000000;0,002543402777305;ndvi;StdTime;15-04-19 00:00:00;0,703978033551991;0;6;Foret mixte
47;693,000000000000000;0,003007812499441;ndvi;StdTime;15-04-19 00:00:00;0,476366746928785;0;7;Milieux semi-naturels
48;534,000000000000000;0,002317708332902;ndvi;StdTime;15-04-19 00:00:00;0,396355030599507;0;8;Zones humides et eau
51;8563,000000000000000;0,037165798604199;ndvi;StdTime;15-04-19 00:00:00;0,613026206259916;0;1;Artificialise
52;20512,000000000000000;0,089027777761219;ndvi;StdTime;15-04-19 00:00:00;0,570788291976718;0;2;Cultures
53;880,000000000000000;0,003819444443734;ndvi;StdTime;15-04-19 00:00:00;0,672409619898958;0;3;Prairies
54;685,000000000000000;0,002973090277225;ndvi;StdTime;15-04-19 00:00:00;0,659089317939577;0;4;Foret feuillus
55;219,000000000000000;0,000950520833157;ndvi;StdTime;15-04-19 00:00:00;0,665252776722930;0;5;Foret resineux
56;1277,000000000000000;0,005542534721191;ndvi;StdTime;15-04-19 00:00:00;0,654907561926144;0;6;Foret mixte
57;15,000000000000000;0,000065104166655;ndvi;StdTime;15-04-19 00:00:00;0,517802653710047;0;7;Milieux semi-naturels
58;2,000000000000000;0,000008680555554;ndvi;StdTime;15-04-19 00:00:00;0,574237465858459;0;8;Zones humides et eau
61;23918,000000000000000;0,103810763869581;ndvi;StdTime;15-04-19 00:00:00;0,598537846506315;0;1;Artificialise
62;60865,000000000000000;0,264171006895311;ndvi;StdTime;15-04-19 00:00:00;0,642780475308518;0;2;Cultures
63;12006,000000000000000;0,052109374990308;ndvi;StdTime;15-04-19 00:00:00;0,706410125630231;0;3;Prairies
64;11171,000000000000000;0,048485243046538;ndvi;StdTime;15-04-19 00:00:00;0,688980825422123;0;4;Foret feuillus
65;495,000000000000000;0,002148437499600;ndvi;StdTime;15-04-19 00:00:00;0,723094030462130;0;5;Foret resineux
66;1468,000000000000000;0,006371527776593;ndvi;StdTime;15-04-19 00:00:00;0,697811897245188;0;6;Foret mixte
67;777,000000000000000;0,003372395832706;ndvi;StdTime;15-04-19 00:00:00;0,631437738276203;0;7;Milieux semi-naturels
68;453,000000000000000;0,001966145832968;ndvi;StdTime;15-04-19 00:00:00;0,546709271719387;0;8;Zones humides et eau
71;4130,000000000000000;0,017925347218888;ndvi;StdTime;15-04-19 00:00:00;0,416717819526756;0;1;Artificialise
72;100,000000000000000;0,000434027777697;ndvi;StdTime;15-04-19 00:00:00;0,608079653382301;0;2;Cultures
73;15,000000000000000;0,000065104166655;ndvi;StdTime;15-04-19 00:00:00;0,687713992595673;0;3;Prairies
74;459,000000000000000;0,001992187499629;ndvi;StdTime;15-04-19 00:00:00;0,633846329188295;0;4;Foret feuillus
76;35,000000000000000;0,000151909722194;ndvi;StdTime;15-04-19 00:00:00;0,631001119954245;0;6;Foret mixte
78;9,000000000000000;0,000039062499993;ndvi;StdTime;15-04-19 00:00:00;0,253547767798106;0;8;Zones humides et eau
81;27294,000000000000000;0,118463541644633;ndvi;StdTime;15-04-19 00:00:00;0,534515034390967;0;1;Artificialise
82;30867,000000000000000;0,133971354141749;ndvi;StdTime;15-04-19 00:00:00;0,662938753950173;0;2;Cultures
83;12409,000000000000000;0,053858506934427;ndvi;StdTime;15-04-19 00:00:00;0,693224490971365;0;3;Prairies
84;2241,000000000000000;0,009726562498191;ndvi;StdTime;15-04-19 00:00:00;0,666301559645222;0;4;Foret feuillus
85;5418,000000000000000;0,023515624995626;ndvi;StdTime;15-04-19 00:00:00;0,667242636451007;0;5;Foret resineux
86;3278,000000000000000;0,014227430552909;ndvi;StdTime;15-04-19 00:00:00;0,667029739508113;0;6;Foret mixte
87;1122,000000000000000;0,004869791665761;ndvi;StdTime;15-04-19 00:00:00;0,535741883311787;0;7;Milieux semi-naturels
88;2138,000000000000000;0,009279513887163;ndvi;StdTime;15-04-19 00:00:00;0,345792309542133;0;8;Zones humides et eau
91;21524,000000000000000;0,093420138871514;ndvi;StdTime;15-04-19 00:00:00;0,621222212879499;0;1;Artificialise
92;33863,000000000000000;0,146974826361553;ndvi;StdTime;15-04-19 00:00:00;0,629309906839631;0;2;Cultures
93;20854,000000000000000;0,090512152760943;ndvi;StdTime;15-04-19 00:00:00;0,761884922007532;0;3;Prairies
94;4447,000000000000000;0,019301215274188;ndvi;StdTime;15-04-19 00:00:00;0,663217032956949;0;4;Foret feuillus
95;10528,000000000000000;0,045694444435946;ndvi;StdTime;15-04-19 00:00:00;0,701809272274805;0;5;Foret resineux
96;16812,000000000000000;0,072968749986428;ndvi;StdTime;15-04-19 00:00:00;0,702365119225588;0;6;Foret mixte
97;2449,000000000000000;0,010629340275801;ndvi;StdTime;15-04-19 00:00:00;0,567064918282568;0;7;Milieux semi-naturels
98;2008,000000000000000;0,008715277776157;ndvi;StdTime;15-04-19 00:00:00;0,432029838881556;0;8;Zones humides et eau
101;7501,000000000000000;0,032556423605056;ndvi;StdTime;15-04-19 00:00:00;0,646184973538900;0;1;Artificialise
102;32049,000000000000000;0,139101562474128;ndvi;StdTime;15-04-19 00:00:00;0,713809896828090;0;2;Cultures
103;23798,000000000000000;0,103289930536344;ndvi;StdTime;15-04-19 00:00:00;0,738427782938585;0;3;Prairies
104;18168,000000000000000;0,078854166652000;ndvi;StdTime;15-04-19 00:00:00;0,653640031901517;0;4;Foret feuillus
105;13765,000000000000000;0,059743923599999;ndvi;StdTime;15-04-19 00:00:00;0,702140576991868;0;5;Foret resineux
106;30877,000000000000000;0,134014756919519;ndvi;StdTime;15-04-19 00:00:00;0,690161702149497;0;6;Foret mixte
107;2266,000000000000000;0,009835069442615;ndvi;StdTime;15-04-19 00:00:00;0,646945911716909;0;7;Milieux semi-naturels
108;332,000000000000000;0,001440972221954;ndvi;StdTime;15-04-19 00:00:00;0,520780284810497;0;8;Zones humides et eau
111;13192,000000000000000;0,057256944433795;ndvi;StdTime;15-04-19 00:00:00;0,642068997452462;0;1;Artificialise
112;48169,000000000000000;0,209066840238893;ndvi;StdTime;15-04-19 00:00:00;0,675180748929473;0;2;Cultures
113;9056,000000000000000;0,039305555548245;ndvi;StdTime;15-04-19 00:00:00;0,748301756216125;0;3;Prairies
114;15928,000000000000000;0,069131944431586;ndvi;StdTime;15-04-19 00:00:00;0,670314092540837;0;4;Foret feuillus
115;2083,000000000000000;0,009040798609430;ndvi;StdTime;15-04-19 00:00:00;0,701808204987961;0;5;Foret resineux
116;17702,000000000000000;0,076831597207932;ndvi;StdTime;15-04-19 00:00:00;0,691303959843426;0;6;Foret mixte
117;299,000000000000000;0,001297743055314;ndvi;StdTime;15-04-19 00:00:00;0,655320715146719;0;7;Milieux semi-naturels
118;319,000000000000000;0,001384548610854;ndvi;StdTime;15-04-19 00:00:00;0,546031457036267;0;8;Zones humides et eau
11;19297,000000000000000;0,083754340262200;ndvi;StdTime;15-04-20 00:00:00;0,552174262476980;0;1;Artificialise
12;32515,000000000000000;0,141124131918197;ndvi;StdTime;15-04-20 00:00:00;0,611506670545694;0;2;Cultures
13;4653,000000000000000;0,020195312496244;ndvi;StdTime;15-04-20 00:00:00;0,679214120814294;0;3;Prairies
14;2157,000000000000000;0,009361979164925;ndvi;StdTime;15-04-20 00:00:00;0,683101535257943;0;4;Foret feuillus
15;5373,000000000000000;0,023320312495663;ndvi;StdTime;15-04-20 00:00:00;0,680533767811482;0;5;Foret resineux
16;3663,000000000000000;0,015898437497043;ndvi;StdTime;15-04-20 00:00:00;0,681252323324940;0;6;Foret mixte
17;2665,000000000000000;0,011566840275626;ndvi;StdTime;15-04-20 00:00:00;0,529447499387259;0;7;Milieux semi-naturels
18;1213,000000000000000;0,005264756943465;ndvi;StdTime;15-04-20 00:00:00;0,494235892723309;0;8;Zones humides et eau
21;23651,000000000000000;0,102651909703130;ndvi;StdTime;15-04-20 00:00:00;0,550076608149473;0;1;Artificialise
22;53262,000000000000000;0,231171874957004;ndvi;StdTime;15-04-20 00:00:00;0,636639293133129;0;2;Cultures
23;7495,000000000000000;0,032530381938394;ndvi;StdTime;15-04-20 00:00:00;0,692594301386464;0;3;Prairies
24;1297,000000000000000;0,005629340276731;ndvi;StdTime;15-04-20 00:00:00;0,698743846109488;0;4;Foret feuillus
25;405,000000000000000;0,001757812499673;ndvi;StdTime;15-04-20 00:00:00;0,686626522629349;0;5;Foret resineux
26;881,000000000000000;0,003823784721511;ndvi;StdTime;15-04-20 00:00:00;0,698146817125338;0;6;Foret mixte
27;471,000000000000000;0,002044270832953;ndvi;StdTime;15-04-20 00:00:00;0,468852124319288;0;7;Milieux semi-naturels
28;1245,000000000000000;0,005403645832328;ndvi;StdTime;15-04-20 00:00:00;0,331902354629337;0;8;Zones humides et eau
31;20501,000000000000000;0,088980034705673;ndvi;StdTime;15-04-20 00:00:00;0,588565711015788;0;1;Artificialise
32;33836,000000000000000;0,146857638861575;ndvi;StdTime;15-04-20 00:00:00;0,620689933194975;0;2;Cultures
33;2765,000000000000000;0,012000868053323;ndvi;StdTime;15-04-20 00:00:00;0,692068254785987;0;3;Prairies
34;3126,000000000000000;0,013567708330810;ndvi;StdTime;15-04-20 00:00:00;0,699235843433759;0;4;Foret feuillus
35;335,000000000000000;0,001453993055285;ndvi;StdTime;15-04-20 00:00:00;0,700026667295996;0;5;Foret resineux
36;1500,000000000000000;0,006510416665456;ndvi;StdTime;15-04-20 00:00:00;0,694505315105121;0;6;Foret mixte
37;107,000000000000000;0,000464409722136;ndvi;StdTime;15-04-20 00:00:00;0,641750639565637;0;7;Milieux semi-naturels
38;185,000000000000000;0,000802951388740;ndvi;StdTime;15-04-20 00:00:00;0,582500090470185;0;8;Zones humides et eau
41;18535,000000000000000;0,080447048596149;ndvi;StdTime;15-04-20 00:00:00;0,512310825679366;0;1;Artificialise
42;63125,000000000000000;0,273980034671264;ndvi;StdTime;15-04-20 00:00:00;0,589520564688314;0;2;Cultures
43;8940,000000000000000;0,038802083326116;ndvi;StdTime;15-04-20 00:00:00;0,684891091870516;0;3;Prairies
44;659,000000000000000;0,002860243055024;ndvi;StdTime;15-04-20 00:00:00;0,698390735525282;0;4;Foret feuillus
45;284,000000000000000;0,001232638888660;ndvi;StdTime;15-04-20 00:00:00;0,694050859607441;0;5;Foret resineux
46;586,000000000000000;0,002543402777305;ndvi;StdTime;15-04-20 00:00:00;0,706439668967455;0;6;Foret mixte
47;695,000000000000000;0,003016493054995;ndvi;StdTime;15-04-20 00:00:00;0,482201310906479;0;7;Milieux semi-naturels
48;532,000000000000000;0,002309027777348;ndvi;StdTime;15-04-20 00:00:00;0,379670939727291;0;8;Zones humides et eau
51;8563,000000000000000;0,037165798604199;ndvi;StdTime;15-04-20 00:00:00;0,616610910561192;0;1;Artificialise
52;20512,000000000000000;0,089027777761219;ndvi;StdTime;15-04-20 00:00:00;0,541787458951299;0;2;Cultures
53;880,000000000000000;0,003819444443734;ndvi;StdTime;15-04-20 00:00:00;0,639395668933337;0;3;Prairies
54;685,000000000000000;0,002973090277225;ndvi;StdTime;15-04-20 00:00:00;0,683184578949516;0;4;Foret feuillus
55;219,000000000000000;0,000950520833157;ndvi;StdTime;15-04-20 00:00:00;0,694105097828390;0;5;Foret resineux
56;1277,000000000000000;0,005542534721191;ndvi;StdTime;15-04-20 00:00:00;0,690387253240393;0;6;Foret mixte
57;15,000000000000000;0,000065104166655;ndvi;StdTime;15-04-20 00:00:00;0,538855326175690;0;7;Milieux semi-naturels
58;2,000000000000000;0,000008680555554;ndvi;StdTime;15-04-20 00:00:00;0,621039986610413;0;8;Zones humides et eau
61;23915,000000000000000;0,103797743036250;ndvi;StdTime;15-04-20 00:00:00;0,590031325147288;0;1;Artificialise
62;60865,000000000000000;0,264171006895311;ndvi;StdTime;15-04-20 00:00:00;0,595450436828032;0;2;Cultures
63;12006,000000000000000;0,052109374990308;ndvi;StdTime;15-04-20 00:00:00;0,678640337100220;0;3;Prairies
64;11171,000000000000000;0,048485243046538;ndvi;StdTime;15-04-20 00:00:00;0,726921056950919;0;4;Foret feuillus
65;495,000000000000000;0,002148437499600;ndvi;StdTime;15-04-20 00:00:00;0,739588589138455;0;5;Foret resineux
66;1468,000000000000000;0,006371527776593;ndvi;StdTime;15-04-20 00:00:00;0,729166048485025;0;6;Foret mixte
67;777,000000000000000;0,003372395832706;ndvi;StdTime;15-04-20 00:00:00;0,637570049234953;0;7;Milieux semi-naturels
68;450,000000000000000;0,001953124999637;ndvi;StdTime;15-04-20 00:00:00;0,544351508874032;0;8;Zones humides et eau
71;4130,000000000000000;0,017925347218888;ndvi;StdTime;15-04-20 00:00:00;0,446483610431522;0;1;Artificialise
72;100,000000000000000;0,000434027777697;ndvi;StdTime;15-04-20 00:00:00;0,629882784485817;0;2;Cultures
73;15,000000000000000;0,000065104166655;ndvi;StdTime;15-04-20 00:00:00;0,693790650367737;0;3;Prairies
74;459,000000000000000;0,001992187499629;ndvi;StdTime;15-04-20 00:00:00;0,690558151481978;0;4;Foret feuillus
76;35,000000000000000;0,000151909722194;ndvi;StdTime;15-04-20 00:00:00;0,682823984963553;0;6;Foret mixte
78;9,000000000000000;0,000039062499993;ndvi;StdTime;15-04-20 00:00:00;0,274531107809808;0;8;Zones humides et eau
81;27390,000000000000000;0,118880208311223;ndvi;StdTime;15-04-20 00:00:00;0,541241452804690;0;1;Artificialise
82;30867,000000000000000;0,133971354141749;ndvi;StdTime;15-04-20 00:00:00;0,665329584132140;0;2;Cultures
83;12409,000000000000000;0,053858506934427;ndvi;StdTime;15-04-20 00:00:00;0,694792366419790;0;3;Prairies
84;2241,000000000000000;0,009726562498191;ndvi;StdTime;15-04-20 00:00:00;0,694848760616720;0;4;Foret feuillus
85;5418,000000000000000;0,023515624995626;ndvi;StdTime;15-04-20 00:00:00;0,686788898859354;0;5;Foret resineux
86;3278,000000000000000;0,014227430552909;ndvi;StdTime;15-04-20 00:00:00;0,690920787896958;0;6;Foret mixte
87;1124,000000000000000;0,004878472221315;ndvi;StdTime;15-04-20 00:00:00;0,548035528573782;0;7;Milieux semi-naturels
88;2218,000000000000000;0,009626736109321;ndvi;StdTime;15-04-20 00:00:00;0,338263845452551;0;8;Zones humides et eau
91;21524,000000000000000;0,093420138871514;ndvi;StdTime;15-04-20 00:00:00;0,622635115873672;0;1;Artificialise
92;33863,000000000000000;0,146974826361553;ndvi;StdTime;15-04-20 00:00:00;0,605593214863934;0;2;Cultures
93;20854,000000000000000;0,090512152760943;ndvi;StdTime;15-04-20 00:00:00;0,758862660538434;0;3;Prairies
94;4447,000000000000000;0,019301215274188;ndvi;StdTime;15-04-20 00:00:00;0,697675546381161;0;4;Foret feuillus
95;10528,000000000000000;0,045694444435946;ndvi;StdTime;15-04-20 00:00:00;0,720411936251451;0;5;Foret resineux
96;16812,000000000000000;0,072968749986428;ndvi;StdTime;15-04-20 00:00:00;0,727683965609545;0;6;Foret mixte
97;2449,000000000000000;0,010629340275801;ndvi;StdTime;15-04-20 00:00:00;0,595596474499156;0;7;Milieux semi-naturels
98;2008,000000000000000;0,008715277776157;ndvi;StdTime;15-04-20 00:00:00;0,453556176304698;0;8;Zones humides et eau
101;7501,000000000000000;0,032556423605056;ndvi;StdTime;15-04-20 00:00:00;0,665195142171125;0;1;Artificialise
102;32049,000000000000000;0,139101562474128;ndvi;StdTime;15-04-20 00:00:00;0,724418530682530;0;2;Cultures
103;23798,000000000000000;0,103289930536344;ndvi;StdTime;15-04-20 00:00:00;0,755066461617562;0;3;Prairies
104;18168,000000000000000;0,078854166652000;ndvi;StdTime;15-04-20 00:00:00;0,713216504565174;0;4;Foret feuillus
105;13765,000000000000000;0,059743923599999;ndvi;StdTime;15-04-20 00:00:00;0,731344141576494;0;5;Foret resineux
106;30877,000000000000000;0,134014756919519;ndvi;StdTime;15-04-20 00:00:00;0,727571027221837;0;6;Foret mixte
107;2266,000000000000000;0,009835069442615;ndvi;StdTime;15-04-20 00:00:00;0,683549679782890;0;7;Milieux semi-naturels
108;332,000000000000000;0,001440972221954;ndvi;StdTime;15-04-20 00:00:00;0,553917138242577;0;8;Zones humides et eau
111;13192,000000000000000;0,057256944433795;ndvi;StdTime;15-04-20 00:00:00;0,638022211991960;0;1;Artificialise
112;48169,000000000000000;0,209066840238893;ndvi;StdTime;15-04-20 00:00:00;0,630605321123306;0;2;Cultures
113;9056,000000000000000;0,039305555548245;ndvi;StdTime;15-04-20 00:00:00;0,732593486055916;0;3;Prairies
114;15928,000000000000000;0,069131944431586;ndvi;StdTime;15-04-20 00:00:00;0,718737755756636;0;4;Foret feuillus
115;2083,000000000000000;0,009040798609430;ndvi;StdTime;15-04-20 00:00:00;0,733151905950422;0;5;Foret resineux
116;17702,000000000000000;0,076831597207932;ndvi;StdTime;15-04-20 00:00:00;0,726225212005937;0;6;Foret mixte
117;299,000000000000000;0,001297743055314;ndvi;StdTime;15-04-20 00:00:00;0,682986053336026;0;7;Milieux semi-naturels
118;319,000000000000000;0,001384548610854;ndvi;StdTime;15-04-20 00:00:00;0,587749670852314;0;8;Zones humides et eau
11;19297,000000000000000;0,083754340262200;ndvi;StdTime;15-04-21 00:00:00;0,518531261704527;0;1;Artificialise
12;32515,000000000000000;0,141124131918197;ndvi;StdTime;15-04-21 00:00:00;0,600282941710513;0;2;Cultures
13;4653,000000000000000;0,020195312496244;ndvi;StdTime;15-04-21 00:00:00;0,662196702344071;0;3;Prairies
14;2157,000000000000000;0,009361979164925;ndvi;StdTime;15-04-21 00:00:00;0,602673502033598;0;4;Foret feuillus
15;5373,000000000000000;0,023320312495663;ndvi;StdTime;15-04-21 00:00:00;0,624681990680337;0;5;Foret resineux
16;3663,000000000000000;0,015898437497043;ndvi;StdTime;15-04-21 00:00:00;0,602392092330872;0;6;Foret mixte
17;2665,000000000000000;0,011566840275626;ndvi;StdTime;15-04-21 00:00:00;0,489477618471989;0;7;Milieux semi-naturels
18;1213,000000000000000;0,005264756943465;ndvi;StdTime;15-04-21 00:00:00;0,445249952046317;0;8;Zones humides et eau
21;23626,000000000000000;0,102543402758706;ndvi;StdTime;15-04-21 00:00:00;0,522675854151378;0;1;Artificialise
22;53262,000000000000000;0,231171874957004;ndvi;StdTime;15-04-21 00:00:00;0,628707780890739;0;2;Cultures
23;7495,000000000000000;0,032530381938394;ndvi;StdTime;15-04-21 00:00:00;0,680898886789792;0;3;Prairies
24;1297,000000000000000;0,005629340276731;ndvi;StdTime;15-04-21 00:00:00;0,622830265401966;0;4;Foret feuillus
25;405,000000000000000;0,001757812499673;ndvi;StdTime;15-04-21 00:00:00;0,632666490107407;0;5;Foret resineux
26;881,000000000000000;0,003823784721511;ndvi;StdTime;15-04-21 00:00:00;0,627439376867454;0;6;Foret mixte
27;463,000000000000000;0,002009548610737;ndvi;StdTime;15-04-21 00:00:00;0,419390803424251;0;7;Milieux semi-naturels
28;1214,000000000000000;0,005269097221242;ndvi;StdTime;15-04-21 00:00:00;0,302509969795779;0;8;Zones humides et eau
31;20501,000000000000000;0,088980034705673;ndvi;StdTime;15-04-21 00:00:00;0,559040322348865;0;1;Artificialise
32;33836,000000000000000;0,146857638861575;ndvi;StdTime;15-04-21 00:00:00;0,609927938647505;0;2;Cultures
33;2765,000000000000000;0,012000868053323;ndvi;StdTime;15-04-21 00:00:00;0,671688625060197;0;3;Prairies
34;3126,000000000000000;0,013567708330810;ndvi;StdTime;15-04-21 00:00:00;0,619088426999800;0;4;Foret feuillus
35;335,000000000000000;0,001453993055285;ndvi;StdTime;15-04-21 00:00:00;0,647401479464858;0;5;Foret resineux
36;1500,000000000000000;0,006510416665456;ndvi;StdTime;15-04-21 00:00:00;0,616151938140392;0;6;Foret mixte
37;107,000000000000000;0,000464409722136;ndvi;StdTime;15-04-21 00:00:00;0,579285408570388;0;7;Milieux semi-naturels
38;185,000000000000000;0,000802951388740;ndvi;StdTime;15-04-21 00:00:00;0,514964060928370;0;8;Zones humides et eau
41;18505,000000000000000;0,080316840262840;ndvi;StdTime;15-04-21 00:00:00;0,488501001173447;0;1;Artificialise
42;63126,000000000000000;0,273984374949041;ndvi;StdTime;15-04-21 00:00:00;0,591441379120077;0;2;Cultures
43;8940,000000000000000;0,038802083326116;ndvi;StdTime;15-04-21 00:00:00;0,681028585844327;0;3;Prairies
44;659,000000000000000;0,002860243055024;ndvi;StdTime;15-04-21 00:00:00;0,625707249449671;0;4;Foret feuillus
45;284,000000000000000;0,001232638888660;ndvi;StdTime;15-04-21 00:00:00;0,619110080872623;0;5;Foret resineux
46;586,000000000000000;0,002543402777305;ndvi;StdTime;15-04-21 00:00:00;0,636035088386145;0;6;Foret mixte
47;695,000000000000000;0,003016493054995;ndvi;StdTime;15-04-21 00:00:00;0,445677314080271;0;7;Milieux semi-naturels
48;519,000000000000000;0,002252604166248;ndvi;StdTime;15-04-21 00:00:00;0,366977875283336;0;8;Zones humides et eau
51;8563,000000000000000;0,037165798604199;ndvi;StdTime;15-04-21 00:00:00;0,593443147454409;0;1;Artificialise
52;20512,000000000000000;0,089027777761219;ndvi;StdTime;15-04-21 00:00:00;0,551743540247434;0;2;Cultures
53;880,000000000000000;0,003819444443734;ndvi;StdTime;15-04-21 00:00:00;0,638584337518974;0;3;Prairies
54;685,000000000000000;0,002973090277225;ndvi;StdTime;15-04-21 00:00:00;0,620916860643095;0;4;Foret feuillus
55;219,000000000000000;0,000950520833157;ndvi;StdTime;15-04-21 00:00:00;0,649261332946281;0;5;Foret resineux
56;1277,000000000000000;0,005542534721191;ndvi;StdTime;15-04-21 00:00:00;0,627731424037984;0;6;Foret mixte
57;15,000000000000000;0,000065104166655;ndvi;StdTime;15-04-21 00:00:00;0,484230987230937;0;7;Milieux semi-naturels
58;2,000000000000000;0,000008680555554;ndvi;StdTime;15-04-21 00:00:00;0,565699994564056;0;8;Zones humides et eau
61;23908,000000000000000;0,103767361091811;ndvi;StdTime;15-04-21 00:00:00;0,560050735330520;0;1;Artificialise
62;60862,000000000000000;0,264157986061980;ndvi;StdTime;15-04-21 00:00:00;0,594289304739070;0;2;Cultures
63;12006,000000000000000;0,052109374990308;ndvi;StdTime;15-04-21 00:00:00;0,665710848068696;0;3;Prairies
64;11171,000000000000000;0,048485243046538;ndvi;StdTime;15-04-21 00:00:00;0,622007811091364;0;4;Foret feuillus
65;495,000000000000000;0,002148437499600;ndvi;StdTime;15-04-21 00:00:00;0,689556085340904;0;5;Foret resineux
66;1468,000000000000000;0,006371527776593;ndvi;StdTime;15-04-21 00:00:00;0,641817829630031;0;6;Foret mixte
67;777,000000000000000;0,003372395832706;ndvi;StdTime;15-04-21 00:00:00;0,586430775728005;0;7;Milieux semi-naturels
68;434,000000000000000;0,001883680555205;ndvi;StdTime;15-04-21 00:00:00;0,483489065375265;0;8;Zones humides et eau
71;4130,000000000000000;0,017925347218888;ndvi;StdTime;15-04-21 00:00:00;0,387191962329873;0;1;Artificialise
72;100,000000000000000;0,000434027777697;ndvi;StdTime;15-04-21 00:00:00;0,564411784410477;0;2;Cultures
73;15,000000000000000;0,000065104166655;ndvi;StdTime;15-04-21 00:00:00;0,714991986751556;0;3;Prairies
74;459,000000000000000;0,001992187499629;ndvi;StdTime;15-04-21 00:00:00;0,570312709979761;0;4;Foret feuillus
76;35,000000000000000;0,000151909722194;ndvi;StdTime;15-04-21 00:00:00;0,559449550083705;0;6;Foret mixte
78;9,000000000000000;0,000039062499993;ndvi;StdTime;15-04-21 00:00:00;0,233311114211877;0;8;Zones humides et eau
81;27039,000000000000000;0,117356770811506;ndvi;StdTime;15-04-21 00:00:00;0,505529875875087;0;1;Artificialise
82;30867,000000000000000;0,133971354141749;ndvi;StdTime;15-04-21 00:00:00;0,649144460505097;0;2;Cultures
83;12409,000000000000000;0,053858506934427;ndvi;StdTime;15-04-21 00:00:00;0,686689589713880;0;3;Prairies
84;2241,000000000000000;0,009726562498191;ndvi;StdTime;15-04-21 00:00:00;0,610585607493539;0;4;Foret feuillus
85;5418,000000000000000;0,023515624995626;ndvi;StdTime;15-04-21 00:00:00;0,640027600195121;0;5;Foret resineux
86;3278,000000000000000;0,014227430552909;ndvi;StdTime;15-04-21 00:00:00;0,622900279667263;0;6;Foret mixte
87;1118,000000000000000;0,004852430554653;ndvi;StdTime;15-04-21 00:00:00;0,500085496152076;0;7;Milieux semi-naturels
88;2058,000000000000000;0,008932291665005;ndvi;StdTime;15-04-21 00:00:00;0,316183518871512;0;8;Zones humides et eau
91;21524,000000000000000;0,093420138871514;ndvi;StdTime;15-04-21 00:00:00;0,588608073596800;0;1;Artificialise
92;33863,000000000000000;0,146974826361553;ndvi;StdTime;15-04-21 00:00:00;0,599227735622950;0;2;Cultures
93;20854,000000000000000;0,090512152760943;ndvi;StdTime;15-04-21 00:00:00;0,722290708675838;0;3;Prairies
94;4447,000000000000000;0,019301215274188;ndvi;StdTime;15-04-21 00:00:00;0,601755575448014;0;4;Foret feuillus
95;10528,000000000000000;0,045694444435946;ndvi;StdTime;15-04-21 00:00:00;0,685535107541118;0;5;Foret resineux
96;16812,000000000000000;0,072968749986428;ndvi;StdTime;15-04-21 00:00:00;0,665865724384713;0;6;Foret mixte
97;2449,000000000000000;0,010629340275801;ndvi;StdTime;15-04-21 00:00:00;0,549869958614027;0;7;Milieux semi-naturels
98;2008,000000000000000;0,008715277776157;ndvi;StdTime;15-04-21 00:00:00;0,421144141971442;0;8;Zones humides et eau
101;7501,000000000000000;0,032556423605056;ndvi;StdTime;15-04-21 00:00:00;0,605679148736358;0;1;Artificialise
102;32049,000000000000000;0,139101562474128;ndvi;StdTime;15-04-21 00:00:00;0,670152596388449;0;2;Cultures
103;23798,000000000000000;0,103289930536344;ndvi;StdTime;15-04-21 00:00:00;0,700751287258265;0;3;Prairies
104;18168,000000000000000;0,078854166652000;ndvi;StdTime;15-04-21 00:00:00;0,582491152887433;0;4;Foret feuillus
105;13765,000000000000000;0,059743923599999;ndvi;StdTime;15-04-21 00:00:00;0,671539162325070;0;5;Foret resineux
106;30877,000000000000000;0,134014756919519;ndvi;StdTime;15-04-21 00:00:00;0,648336107020791;0;6;Foret mixte
107;2266,000000000000000;0,009835069442615;ndvi;StdTime;15-04-21 00:00:00;0,624688606396883;0;7;Milieux semi-naturels
108;332,000000000000000;0,001440972221954;ndvi;StdTime;15-04-21 00:00:00;0,491916646350579;0;8;Zones humides et eau
111;13192,000000000000000;0,057256944433795;ndvi;StdTime;15-04-21 00:00:00;0,605036140003301;0;1;Artificialise
112;48169,000000000000000;0,209066840238893;ndvi;StdTime;15-04-21 00:00:00;0,623927258315619;0;2;Cultures
113;9056,000000000000000;0,039305555548245;ndvi;StdTime;15-04-21 00:00:00;0,711033786933328;0;3;Prairies
114;15928,000000000000000;0,069131944431586;ndvi;StdTime;15-04-21 00:00:00;0,608079236857723;0;4;Foret feuillus
115;2083,000000000000000;0,009040798609430;ndvi;StdTime;15-04-21 00:00:00;0,667085126450127;0;5;Foret resineux
116;17702,000000000000000;0,076831597207932;ndvi;StdTime;15-04-21 00:00:00;0,639739626362195;0;6;Foret mixte
117;299,000000000000000;0,001297743055314;ndvi;StdTime;15-04-21 00:00:00;0,624136575488343;0;7;Milieux semi-naturels
118;319,000000000000000;0,001384548610854;ndvi;StdTime;15-04-21 00:00:00;0,524933340407464;0;8;Zones humides et eau
11;19297,000000000000000;0,083754340262200;ndvi;StdTime;15-04-22 00:00:00;0,537061046453804;0;1;Artificialise
12;32515,000000000000000;0,141124131918197;ndvi;StdTime;15-04-22 00:00:00;0,600013439656998;0;2;Cultures
13;4653,000000000000000;0,020195312496244;ndvi;StdTime;15-04-22 00:00:00;0,651579619837453;0;3;Prairies
14;2157,000000000000000;0,009361979164925;ndvi;StdTime;15-04-22 00:00:00;0,648183482122686;0;4;Foret feuillus
15;5373,000000000000000;0,023320312495663;ndvi;StdTime;15-04-22 00:00:00;0,656017004337010;0;5;Foret resineux
16;3663,000000000000000;0,015898437497043;ndvi;StdTime;15-04-22 00:00:00;0,651271835978390;0;6;Foret mixte
17;2665,000000000000000;0,011566840275626;ndvi;StdTime;15-04-22 00:00:00;0,519572049818276;0;7;Milieux semi-naturels
18;1213,000000000000000;0,005264756943465;ndvi;StdTime;15-04-22 00:00:00;0,479673288820921;0;8;Zones humides et eau
21;23638,000000000000000;0,102595486092029;ndvi;StdTime;15-04-22 00:00:00;0,531300016184011;0;1;Artificialise
22;53262,000000000000000;0,231171874957004;ndvi;StdTime;15-04-22 00:00:00;0,609598906281086;0;2;Cultures
23;7495,000000000000000;0,032530381938394;ndvi;StdTime;15-04-22 00:00:00;0,661535566890138;0;3;Prairies
24;1297,000000000000000;0,005629340276731;ndvi;StdTime;15-04-22 00:00:00;0,675955286233721;0;4;Foret feuillus
25;405,000000000000000;0,001757812499673;ndvi;StdTime;15-04-22 00:00:00;0,668069812397898;0;5;Foret resineux
26;881,000000000000000;0,003823784721511;ndvi;StdTime;15-04-22 00:00:00;0,679539756255306;0;6;Foret mixte
27;469,000000000000000;0,002035590277399;ndvi;StdTime;15-04-22 00:00:00;0,437777644170246;0;7;Milieux semi-naturels
28;1224,000000000000000;0,005312499999012;ndvi;StdTime;15-04-22 00:00:00;0,321170369007649;0;8;Zones humides et eau
31;20501,000000000000000;0,088980034705673;ndvi;StdTime;15-04-22 00:00:00;0,570974268844903;0;1;Artificialise
32;33829,000000000000000;0,146827256917136;ndvi;StdTime;15-04-22 00:00:00;0,595711254398551;0;2;Cultures
33;2765,000000000000000;0,012000868053323;ndvi;StdTime;15-04-22 00:00:00;0,664653319939567;0;3;Prairies
34;3126,000000000000000;0,013567708330810;ndvi;StdTime;15-04-22 00:00:00;0,670680217444897;0;4;Foret feuillus
35;335,000000000000000;0,001453993055285;ndvi;StdTime;15-04-22 00:00:00;0,683632874310906;0;5;Foret resineux
36;1500,000000000000000;0,006510416665456;ndvi;StdTime;15-04-22 00:00:00;0,669491748770077;0;6;Foret mixte
37;107,000000000000000;0,000464409722136;ndvi;StdTime;15-04-22 00:00:00;0,612482595388020;0;7;Milieux semi-naturels
38;185,000000000000000;0,000802951388740;ndvi;StdTime;15-04-22 00:00:00;0,546019691309413;0;8;Zones humides et eau
41;18541,000000000000000;0,080473090262810;ndvi;StdTime;15-04-22 00:00:00;0,500666082465334;0;1;Artificialise
42;63126,000000000000000;0,273984374949041;ndvi;StdTime;15-04-22 00:00:00;0,582584662038770;0;2;Cultures
43;8940,000000000000000;0,038802083326116;ndvi;StdTime;15-04-22 00:00:00;0,679619824009586;0;3;Prairies
44;659,000000000000000;0,002860243055024;ndvi;StdTime;15-04-22 00:00:00;0,682927924828754;0;4;Foret feuillus
45;284,000000000000000;0,001232638888660;ndvi;StdTime;15-04-22 00:00:00;0,682132640669883;0;5;Foret resineux
46;586,000000000000000;0,002543402777305;ndvi;StdTime;15-04-22 00:00:00;0,694259819876619;0;6;Foret mixte
47;681,000000000000000;0,002955729166117;ndvi;StdTime;15-04-22 00:00:00;0,474957434430434;0;7;Milieux semi-naturels
48;551,000000000000000;0,002391493055111;ndvi;StdTime;15-04-22 00:00:00;0,374457830784609;0;8;Zones humides et eau
51;8558,000000000000000;0,037144097215314;ndvi;StdTime;15-04-22 00:00:00;0,607572583684085;0;1;Artificialise
52;20441,000000000000000;0,088719618039054;ndvi;StdTime;15-04-22 00:00:00;0,548874781064208;0;2;Cultures
53;880,000000000000000;0,003819444443734;ndvi;StdTime;15-04-22 00:00:00;0,630834130265496;0;3;Prairies
54;685,000000000000000;0,002973090277225;ndvi;StdTime;15-04-22 00:00:00;0,652135667661682;0;4;Foret feuillus
55;219,000000000000000;0,000950520833157;ndvi;StdTime;15-04-22 00:00:00;0,691115643335804;0;5;Foret resineux
56;1277,000000000000000;0,005542534721191;ndvi;StdTime;15-04-22 00:00:00;0,664021390671831;0;6;Foret mixte
57;15,000000000000000;0,000065104166655;ndvi;StdTime;15-04-22 00:00:00;0,520593665043513;0;7;Milieux semi-naturels
58;2,000000000000000;0,000008680555554;ndvi;StdTime;15-04-22 00:00:00;0,600539952516556;0;8;Zones humides et eau
61;23915,000000000000000;0,103797743036250;ndvi;StdTime;15-04-22 00:00:00;0,568577498286347;0;1;Artificialise
62;60851,000000000000000;0,264110243006433;ndvi;StdTime;15-04-22 00:00:00;0,580343501816367;0;2;Cultures
63;12006,000000000000000;0,052109374990308;ndvi;StdTime;15-04-22 00:00:00;0,656999114355344;0;3;Prairies
64;11171,000000000000000;0,048485243046538;ndvi;StdTime;15-04-22 00:00:00;0,686717822247381;0;4;Foret feuillus
65;495,000000000000000;0,002148437499600;ndvi;StdTime;15-04-22 00:00:00;0,703208296347146;0;5;Foret resineux
66;1468,000000000000000;0,006371527776593;ndvi;StdTime;15-04-22 00:00:00;0,693129956498945;0;6;Foret mixte
67;777,000000000000000;0,003372395832706;ndvi;StdTime;15-04-22 00:00:00;0,599775164245485;0;7;Milieux semi-naturels
68;450,000000000000000;0,001953124999637;ndvi;StdTime;15-04-22 00:00:00;0,530311493509345;0;8;Zones humides et eau
71;4130,000000000000000;0,017925347218888;ndvi;StdTime;15-04-22 00:00:00;0,436641584444999;0;1;Artificialise
72;100,000000000000000;0,000434027777697;ndvi;StdTime;15-04-22 00:00:00;0,590145894587040;0;2;Cultures
73;15,000000000000000;0,000065104166655;ndvi;StdTime;15-04-22 00:00:00;0,716303964455922;0;3;Prairies
74;459,000000000000000;0,001992187499629;ndvi;StdTime;15-04-22 00:00:00;0,669197281331537;0;4;Foret feuillus
76;35,000000000000000;0,000151909722194;ndvi;StdTime;15-04-22 00:00:00;0,668132560593741;0;6;Foret mixte
78;9,000000000000000;0,000039062499993;ndvi;StdTime;15-04-22 00:00:00;0,222717771099673;0;8;Zones humides et eau
81;27207,000000000000000;0,118085937478037;ndvi;StdTime;15-04-22 00:00:00;0,526446960229815;0;1;Artificialise
82;30867,000000000000000;0,133971354141749;ndvi;StdTime;15-04-22 00:00:00;0,636188562763313;0;2;Cultures
83;12409,000000000000000;0,053858506934427;ndvi;StdTime;15-04-22 00:00:00;0,662395129919781;0;3;Prairies
84;2241,000000000000000;0,009726562498191;ndvi;StdTime;15-04-22 00:00:00;0,655655868684757;0;4;Foret feuillus
85;5418,000000000000000;0,023515624995626;ndvi;StdTime;15-04-22 00:00:00;0,667647313140953;0;5;Foret resineux
86;3278,000000000000000;0,014227430552909;ndvi;StdTime;15-04-22 00:00:00;0,667179745442987;0;6;Foret mixte
87;1122,000000000000000;0,004869791665761;ndvi;StdTime;15-04-22 00:00:00;0,534722067422355;0;7;Milieux semi-naturels
88;2144,000000000000000;0,009305555553825;ndvi;StdTime;15-04-22 00:00:00;0,343045229113090;0;8;Zones humides et eau
91;21524,000000000000000;0,093420138871514;ndvi;StdTime;15-04-22 00:00:00;0,609246712318528;0;1;Artificialise
92;33863,000000000000000;0,146974826361553;ndvi;StdTime;15-04-22 00:00:00;0,613919182937724;0;2;Cultures
93;20854,000000000000000;0,090512152760943;ndvi;StdTime;15-04-22 00:00:00;0,731322239419524;0;3;Prairies
94;4447,000000000000000;0,019301215274188;ndvi;StdTime;15-04-22 00:00:00;0,662536014612804;0;4;Foret feuillus
95;10528,000000000000000;0,045694444435946;ndvi;StdTime;15-04-22 00:00:00;0,705216902393090;0;5;Foret resineux
96;16812,000000000000000;0,072968749986428;ndvi;StdTime;15-04-22 00:00:00;0,702940223606929;0;6;Foret mixte
97;2449,000000000000000;0,010629340275801;ndvi;StdTime;15-04-22 00:00:00;0,584475449259402;0;7;Milieux semi-naturels
98;2008,000000000000000;0,008715277776157;ndvi;StdTime;15-04-22 00:00:00;0,443484704503678;0;8;Zones humides et eau
101;7501,000000000000000;0,032556423605056;ndvi;StdTime;15-04-22 00:00:00;0,623230775748948;0;1;Artificialise
102;32049,000000000000000;0,139101562474128;ndvi;StdTime;15-04-22 00:00:00;0,681180327671354;0;2;Cultures
103;23798,000000000000000;0,103289930536344;ndvi;StdTime;15-04-22 00:00:00;0,711932037723537;0;3;Prairies
104;18168,000000000000000;0,078854166652000;ndvi;StdTime;15-04-22 00:00:00;0,645994541504699;0;4;Foret feuillus
105;13765,000000000000000;0,059743923599999;ndvi;StdTime;15-04-22 00:00:00;0,697572945041565;0;5;Foret resineux
106;30877,000000000000000;0,134014756919519;ndvi;StdTime;15-04-22 00:00:00;0,685995691254510;0;6;Foret mixte
107;2266,000000000000000;0,009835069442615;ndvi;StdTime;15-04-22 00:00:00;0,653816824833167;0;7;Milieux semi-naturels
108;332,000000000000000;0,001440972221954;ndvi;StdTime;15-04-22 00:00:00;0,528887142528252;0;8;Zones humides et eau
111;13188,000000000000000;0,057239583322687;ndvi;StdTime;15-04-22 00:00:00;0,617711985519357;0;1;Artificialise
112;48114,000000000000000;0,208828124961160;ndvi;StdTime;15-04-22 00:00:00;0,614384143972268;0;2;Cultures
113;9056,000000000000000;0,039305555548245;ndvi;StdTime;15-04-22 00:00:00;0,699678188203029;0;3;Prairies
114;15928,000000000000000;0,069131944431586;ndvi;StdTime;15-04-22 00:00:00;0,672278616878629;0;4;Foret feuillus
115;2083,000000000000000;0,009040798609430;ndvi;StdTime;15-04-22 00:00:00;0,697492653583599;0;5;Foret resineux
116;17702,000000000000000;0,076831597207932;ndvi;StdTime;15-04-22 00:00:00;0,684673450041216;0;6;Foret mixte
117;299,000000000000000;0,001297743055314;ndvi;StdTime;15-04-22 00:00:00;0,648230985753910;0;7;Milieux semi-naturels
118;319,000000000000000;0,001384548610854;ndvi;StdTime;15-04-22 00:00:00;0,563060392126394;0;8;Zones humides et eau
11;19279,000000000000000;0,083676215262215;ndvi;StdTime;15-04-23 00:00:00;0,559337165297295;0;1;Artificialise
12;32515,000000000000000;0,141124131918197;ndvi;StdTime;15-04-23 00:00:00;0,637760456339929;0;2;Cultures
13;4653,000000000000000;0,020195312496244;ndvi;StdTime;15-04-23 00:00:00;0,689429053479105;0;3;Prairies
14;2157,000000000000000;0,009361979164925;ndvi;StdTime;15-04-23 00:00:00;0,659709471171245;0;4;Foret feuillus
15;5373,000000000000000;0,023320312495663;ndvi;StdTime;15-04-23 00:00:00;0,645800434811451;0;5;Foret resineux
16;3663,000000000000000;0,015898437497043;ndvi;StdTime;15-04-23 00:00:00;0,643475561459436;0;6;Foret mixte
17;2665,000000000000000;0,011566840275626;ndvi;StdTime;15-04-23 00:00:00;0,535226703070342;0;7;Milieux semi-naturels
18;1213,000000000000000;0,005264756943465;ndvi;StdTime;15-04-23 00:00:00;0,496373741879064;0;8;Zones humides et eau
21;23507,000000000000000;0,102026909703246;ndvi;StdTime;15-04-23 00:00:00;0,571325921769101;0;1;Artificialise
22;53262,000000000000000;0,231171874957004;ndvi;StdTime;15-04-23 00:00:00;0,671397063462482;0;2;Cultures
23;7495,000000000000000;0,032530381938394;ndvi;StdTime;15-04-23 00:00:00;0,709650386449415;0;3;Prairies
24;1297,000000000000000;0,005629340276731;ndvi;StdTime;15-04-23 00:00:00;0,685382610711118;0;4;Foret feuillus
25;405,000000000000000;0,001757812499673;ndvi;StdTime;15-04-23 00:00:00;0,671104589067860;0;5;Foret resineux
26;881,000000000000000;0,003823784721511;ndvi;StdTime;15-04-23 00:00:00;0,677712896659073;0;6;Foret mixte
27;444,000000000000000;0,001927083332975;ndvi;StdTime;15-04-23 00:00:00;0,490906681110327;0;7;Milieux semi-naturels
28;1191,000000000000000;0,005169270832372;ndvi;StdTime;15-04-23 00:00:00;0,364688739457577;0;8;Zones humides et eau
31;20501,000000000000000;0,088980034705673;ndvi;StdTime;15-04-23 00:00:00;0,605097325676728;0;1;Artificialise
32;33836,000000000000000;0,146857638861575;ndvi;StdTime;15-04-23 00:00:00;0,667129143677058;0;2;Cultures
33;2765,000000000000000;0,012000868053323;ndvi;StdTime;15-04-23 00:00:00;0,715419523927230;0;3;Prairies
34;3126,000000000000000;0,013567708330810;ndvi;StdTime;15-04-23 00:00:00;0,678378875066436;0;4;Foret feuillus
35;335,000000000000000;0,001453993055285;ndvi;StdTime;15-04-23 00:00:00;0,687493379792171;0;5;Foret resineux
36;1500,000000000000000;0,006510416665456;ndvi;StdTime;15-04-23 00:00:00;0,679599954764048;0;6;Foret mixte
37;107,000000000000000;0,000464409722136;ndvi;StdTime;15-04-23 00:00:00;0,632148951570564;0;7;Milieux semi-naturels
38;185,000000000000000;0,000802951388740;ndvi;StdTime;15-04-23 00:00:00;0,574950356902303;0;8;Zones humides et eau
41;18532,000000000000000;0,080434027762818;ndvi;StdTime;15-04-23 00:00:00;0,531848692873366;0;1;Artificialise
42;63126,000000000000000;0,273984374949041;ndvi;StdTime;15-04-23 00:00:00;0,650978480750657;0;2;Cultures
43;8940,000000000000000;0,038802083326116;ndvi;StdTime;15-04-23 00:00:00;0,722189400893464;0;3;Prairies
44;659,000000000000000;0,002860243055024;ndvi;StdTime;15-04-23 00:00:00;0,679750266494809;0;4;Foret feuillus
45;284,000000000000000;0,001232638888660;ndvi;StdTime;15-04-23 00:00:00;0,658367473422222;0;5;Foret resineux
46;586,000000000000000;0,002543402777305;ndvi;StdTime;15-04-23 00:00:00;0,680408347334471;0;6;Foret mixte
47;691,000000000000000;0,002999131943887;ndvi;StdTime;15-04-23 00:00:00;0,492605291697832;0;7;Milieux semi-naturels
48;520,000000000000000;0,002256944444025;ndvi;StdTime;15-04-23 00:00:00;0,418940112155262;0;8;Zones humides et eau
51;8563,000000000000000;0,037165798604199;ndvi;StdTime;15-04-23 00:00:00;0,631770188326690;0;1;Artificialise
52;20512,000000000000000;0,089027777761219;ndvi;StdTime;15-04-23 00:00:00;0,618628903427240;0;2;Cultures
53;880,000000000000000;0,003819444443734;ndvi;StdTime;15-04-23 00:00:00;0,707424766502596;0;3;Prairies
54;685,000000000000000;0,002973090277225;ndvi;StdTime;15-04-23 00:00:00;0,655059605184262;0;4;Foret feuillus
55;219,000000000000000;0,000950520833157;ndvi;StdTime;15-04-23 00:00:00;0,672132108173414;0;5;Foret resineux
56;1277,000000000000000;0,005542534721191;ndvi;StdTime;15-04-23 00:00:00;0,667891183376500;0;6;Foret mixte
57;15,000000000000000;0,000065104166655;ndvi;StdTime;15-04-23 00:00:00;0,530508319536845;0;7;Milieux semi-naturels
58;2,000000000000000;0,000008680555554;ndvi;StdTime;15-04-23 00:00:00;0,663300007581711;0;8;Zones humides et eau
61;23907,000000000000000;0,103763020814034;ndvi;StdTime;15-04-23 00:00:00;0,603090356893757;0;1;Artificialise
62;60858,000000000000000;0,264140624950872;ndvi;StdTime;15-04-23 00:00:00;0,668469331852012;0;2;Cultures
63;12006,000000000000000;0,052109374990308;ndvi;StdTime;15-04-23 00:00:00;0,722110407845529;0;3;Prairies
64;11171,000000000000000;0,048485243046538;ndvi;StdTime;15-04-23 00:00:00;0,674041555208162;0;4;Foret feuillus
65;495,000000000000000;0,002148437499600;ndvi;StdTime;15-04-23 00:00:00;0,686301248181950;0;5;Foret resineux
66;1468,000000000000000;0,006371527776593;ndvi;StdTime;15-04-23 00:00:00;0,675853324663250;0;6;Foret mixte
67;777,000000000000000;0,003372395832706;ndvi;StdTime;15-04-23 00:00:00;0,622070789413870;0;7;Milieux semi-naturels
68;447,000000000000000;0,001940104166306;ndvi;StdTime;15-04-23 00:00:00;0,531365533886473;0;8;Zones humides et eau
71;4130,000000000000000;0,017925347218888;ndvi;StdTime;15-04-23 00:00:00;0,435277234580701;0;1;Artificialise
72;100,000000000000000;0,000434027777697;ndvi;StdTime;15-04-23 00:00:00;0,615105724632740;0;2;Cultures
73;15,000000000000000;0,000065104166655;ndvi;StdTime;15-04-23 00:00:00;0,755681963761648;0;3;Prairies
74;459,000000000000000;0,001992187499629;ndvi;StdTime;15-04-23 00:00:00;0,653554041466163;0;4;Foret feuillus
76;35,000000000000000;0,000151909722194;ndvi;StdTime;15-04-23 00:00:00;0,646285704204014;0;6;Foret mixte
78;9,000000000000000;0,000039062499993;ndvi;StdTime;15-04-23 00:00:00;0,257863327860832;0;8;Zones humides et eau
81;26999,000000000000000;0,117183159700427;ndvi;StdTime;15-04-23 00:00:00;0,542262903483688;0;1;Artificialise
82;30867,000000000000000;0,133971354141749;ndvi;StdTime;15-04-23 00:00:00;0,676968155346400;0;2;Cultures
83;12409,000000000000000;0,053858506934427;ndvi;StdTime;15-04-23 00:00:00;0,709998944234348;0;3;Prairies
84;2241,000000000000000;0,009726562498191;ndvi;StdTime;15-04-23 00:00:00;0,664193626454980;0;4;Foret feuillus
85;5418,000000000000000;0,023515624995626;ndvi;StdTime;15-04-23 00:00:00;0,663419335588244;0;5;Foret resineux
86;3278,000000000000000;0,014227430552909;ndvi;StdTime;15-04-23 00:00:00;0,659036857378854;0;6;Foret mixte
87;1113,000000000000000;0,004830729165768;ndvi;StdTime;15-04-23 00:00:00;0,542377262199690;0;7;Milieux semi-naturels
88;2011,000000000000000;0,008728298609488;ndvi;StdTime;15-04-23 00:00:00;0,373995490780995;0;8;Zones humides et eau
91;21524,000000000000000;0,093420138871514;ndvi;StdTime;15-04-23 00:00:00;0,631234452420219;0;1;Artificialise
92;33863,000000000000000;0,146974826361553;ndvi;StdTime;15-04-23 00:00:00;0,661401877761311;0;2;Cultures
93;20854,000000000000000;0,090512152760943;ndvi;StdTime;15-04-23 00:00:00;0,778223292800110;0;3;Prairies
94;4447,000000000000000;0,019301215274188;ndvi;StdTime;15-04-23 00:00:00;0,661199655242252;0;4;Foret feuillus
95;10528,000000000000000;0,045694444435946;ndvi;StdTime;15-04-23 00:00:00;0,702199331074273;0;5;Foret resineux
96;16812,000000000000000;0,072968749986428;ndvi;StdTime;15-04-23 00:00:00;0,700835211292466;0;6;Foret mixte
97;2449,000000000000000;0,010629340275801;ndvi;StdTime;15-04-23 00:00:00;0,598546683338041;0;7;Milieux semi-naturels
98;2008,000000000000000;0,008715277776157;ndvi;StdTime;15-04-23 00:00:00;0,437741642135133;0;8;Zones humides et eau
101;7501,000000000000000;0,032556423605056;ndvi;StdTime;15-04-23 00:00:00;0,668744779816312;0;1;Artificialise
102;32049,000000000000000;0,139101562474128;ndvi;StdTime;15-04-23 00:00:00;0,743842157393356;0;2;Cultures
103;23798,000000000000000;0,103289930536344;ndvi;StdTime;15-04-23 00:00:00;0,770370083802116;0;3;Prairies
104;18168,000000000000000;0,078854166652000;ndvi;StdTime;15-04-23 00:00:00;0,648316743720910;0;4;Foret feuillus
105;13765,000000000000000;0,059743923599999;ndvi;StdTime;15-04-23 00:00:00;0,706819932498891;0;5;Foret resineux
106;30877,000000000000000;0,134014756919519;ndvi;StdTime;15-04-23 00:00:00;0,695224600999273;0;6;Foret mixte
107;2266,000000000000000;0,009835069442615;ndvi;StdTime;15-04-23 00:00:00;0,679616519732488;0;7;Milieux semi-naturels
108;332,000000000000000;0,001440972221954;ndvi;StdTime;15-04-23 00:00:00;0,533746956342675;0;8;Zones humides et eau
111;13192,000000000000000;0,057256944433795;ndvi;StdTime;15-04-23 00:00:00;0,643923897671206;0;1;Artificialise
112;48169,000000000000000;0,209066840238893;ndvi;StdTime;15-04-23 00:00:00;0,685387145156577;0;2;Cultures
113;9056,000000000000000;0,039305555548245;ndvi;StdTime;15-04-23 00:00:00;0,752401121865710;0;3;Prairies
114;15928,000000000000000;0,069131944431586;ndvi;StdTime;15-04-23 00:00:00;0,657464768755329;0;4;Foret feuillus
115;2083,000000000000000;0,009040798609430;ndvi;StdTime;15-04-23 00:00:00;0,684461042320734;0;5;Foret resineux
116;17702,000000000000000;0,076831597207932;ndvi;StdTime;15-04-23 00:00:00;0,679117990464708;0;6;Foret mixte
117;299,000000000000000;0,001297743055314;ndvi;StdTime;15-04-23 00:00:00;0,677392565586096;0;7;Milieux semi-naturels
118;319,000000000000000;0,001384548610854;ndvi;StdTime;15-04-23 00:00:00;0,541695033494955;0;8;Zones humides et eau
11;19297,000000000000000;0,083754340262200;ndvi;StdTime;15-04-24 00:00:00;0,572996359058840;0;1;Artificialise
12;32515,000000000000000;0,141124131918197;ndvi;StdTime;15-04-24 00:00:00;0,636332659536089;0;2;Cultures
13;4653,000000000000000;0,020195312496244;ndvi;StdTime;15-04-24 00:00:00;0,686699834977098;0;3;Prairies
14;2157,000000000000000;0,009361979164925;ndvi;StdTime;15-04-24 00:00:00;0,672666885121089;0;4;Foret feuillus
15;5373,000000000000000;0,023320312495663;ndvi;StdTime;15-04-24 00:00:00;0,674456646610811;0;5;Foret resineux
16;3663,000000000000000;0,015898437497043;ndvi;StdTime;15-04-24 00:00:00;0,660080151425469;0;6;Foret mixte
17;2665,000000000000000;0,011566840275626;ndvi;StdTime;15-04-24 00:00:00;0,575913545712968;0;7;Milieux semi-naturels
18;1213,000000000000000;0,005264756943465;ndvi;StdTime;15-04-24 00:00:00;0,508785277952095;0;8;Zones humides et eau
21;23494,000000000000000;0,101970486092145;ndvi;StdTime;15-04-24 00:00:00;0,561788098532369;0;1;Artificialise
22;53262,000000000000000;0,231171874957004;ndvi;StdTime;15-04-24 00:00:00;0,646741974474818;0;2;Cultures
23;7495,000000000000000;0,032530381938394;ndvi;StdTime;15-04-24 00:00:00;0,696841361681328;0;3;Prairies
24;1297,000000000000000;0,005629340276731;ndvi;StdTime;15-04-24 00:00:00;0,670023385179714;0;4;Foret feuillus
25;405,000000000000000;0,001757812499673;ndvi;StdTime;15-04-24 00:00:00;0,686004902036102;0;5;Foret resineux
26;880,000000000000000;0,003819444443734;ndvi;StdTime;15-04-24 00:00:00;0,677921584079211;0;6;Foret mixte
27;445,000000000000000;0,001931423610752;ndvi;StdTime;15-04-24 00:00:00;0,474096532065547;0;7;Milieux semi-naturels
28;1114,000000000000000;0,004835069443545;ndvi;StdTime;15-04-24 00:00:00;0,342886075932788;0;8;Zones humides et eau
31;20501,000000000000000;0,088980034705673;ndvi;StdTime;15-04-24 00:00:00;0,596149575925952;0;1;Artificialise
32;33836,000000000000000;0,146857638861575;ndvi;StdTime;15-04-24 00:00:00;0,623967579944130;0;2;Cultures
33;2765,000000000000000;0,012000868053323;ndvi;StdTime;15-04-24 00:00:00;0,688848244820537;0;3;Prairies
34;3126,000000000000000;0,013567708330810;ndvi;StdTime;15-04-24 00:00:00;0,664738536443531;0;4;Foret feuillus
35;335,000000000000000;0,001453993055285;ndvi;StdTime;15-04-24 00:00:00;0,687103309916026;0;5;Foret resineux
36;1500,000000000000000;0,006510416665456;ndvi;StdTime;15-04-24 00:00:00;0,668307568987211;0;6;Foret mixte
37;107,000000000000000;0,000464409722136;ndvi;StdTime;15-04-24 00:00:00;0,636335965907462;0;7;Milieux semi-naturels
38;185,000000000000000;0,000802951388740;ndvi;StdTime;15-04-24 00:00:00;0,557055745414785;0;8;Zones humides et eau
41;18511,000000000000000;0,080342881929501;ndvi;StdTime;15-04-24 00:00:00;0,523032781397836;0;1;Artificialise
42;63125,000000000000000;0,273980034671264;ndvi;StdTime;15-04-24 00:00:00;0,604562424349781;0;2;Cultures
43;8938,000000000000000;0,038793402770563;ndvi;StdTime;15-04-24 00:00:00;0,680175380008976;0;3;Prairies
44;659,000000000000000;0,002860243055024;ndvi;StdTime;15-04-24 00:00:00;0,673658348721691;0;4;Foret feuillus
45;284,000000000000000;0,001232638888660;ndvi;StdTime;15-04-24 00:00:00;0,672220161578185;0;5;Foret resineux
46;586,000000000000000;0,002543402777305;ndvi;StdTime;15-04-24 00:00:00;0,677629269176376;0;6;Foret mixte
47;681,000000000000000;0,002955729166117;ndvi;StdTime;15-04-24 00:00:00;0,498517234578576;0;7;Milieux semi-naturels
48;519,000000000000000;0,002252604166248;ndvi;StdTime;15-04-24 00:00:00;0,393689064965772;0;8;Zones humides et eau
51;8563,000000000000000;0,037165798604199;ndvi;StdTime;15-04-24 00:00:00;0,632508210588125;0;1;Artificialise
52;20512,000000000000000;0,089027777761219;ndvi;StdTime;15-04-24 00:00:00;0,574177323181655;0;2;Cultures
53;880,000000000000000;0,003819444443734;ndvi;StdTime;15-04-24 00:00:00;0,653961491347714;0;3;Prairies
54;685,000000000000000;0,002973090277225;ndvi;StdTime;15-04-24 00:00:00;0,656860634923850;0;4;Foret feuillus
55;219,000000000000000;0,000950520833157;ndvi;StdTime;15-04-24 00:00:00;0,690795469229624;0;5;Foret resineux
56;1277,000000000000000;0,005542534721191;ndvi;StdTime;15-04-24 00:00:00;0,675030946218138;0;6;Foret mixte
57;15,000000000000000;0,000065104166655;ndvi;StdTime;15-04-24 00:00:00;0,519156873226166;0;7;Milieux semi-naturels
58;2,000000000000000;0,000008680555554;ndvi;StdTime;15-04-24 00:00:00;0,662583321332932;0;8;Zones humides et eau
61;23898,000000000000000;0,103723958314042;ndvi;StdTime;15-04-24 00:00:00;0,590735985924683;0;1;Artificialise
62;60861,000000000000000;0,264153645784203;ndvi;StdTime;15-04-24 00:00:00;0,603062673304354;0;2;Cultures
63;12006,000000000000000;0,052109374990308;ndvi;StdTime;15-04-24 00:00:00;0,679136241299499;0;3;Prairies
64;11171,000000000000000;0,048485243046538;ndvi;StdTime;15-04-24 00:00:00;0,682230473943965;0;4;Foret feuillus
65;495,000000000000000;0,002148437499600;ndvi;StdTime;15-04-24 00:00:00;0,725585966399221;0;5;Foret resineux
66;1468,000000000000000;0,006371527776593;ndvi;StdTime;15-04-24 00:00:00;0,688697164203231;0;6;Foret mixte
67;777,000000000000000;0,003372395832706;ndvi;StdTime;15-04-24 00:00:00;0,612746119729340;0;7;Milieux semi-naturels
68;432,000000000000000;0,001874999999651;ndvi;StdTime;15-04-24 00:00:00;0,540093357674778;0;8;Zones humides et eau
71;4130,000000000000000;0,017925347218888;ndvi;StdTime;15-04-24 00:00:00;0,432996782689347;0;1;Artificialise
72;100,000000000000000;0,000434027777697;ndvi;StdTime;15-04-24 00:00:00;0,603799767792225;0;2;Cultures
73;15,000000000000000;0,000065104166655;ndvi;StdTime;15-04-24 00:00:00;0,683492191632589;0;3;Prairies
74;459,000000000000000;0,001992187499629;ndvi;StdTime;15-04-24 00:00:00;0,613785651384616;0;4;Foret feuillus
76;35,000000000000000;0,000151909722194;ndvi;StdTime;15-04-24 00:00:00;0,615145652634757;0;6;Foret mixte
78;9,000000000000000;0,000039062499993;ndvi;StdTime;15-04-24 00:00:00;0,242063877483209;0;8;Zones humides et eau
81;27010,000000000000000;0,117230902755974;ndvi;StdTime;15-04-24 00:00:00;0,540251538264295;0;1;Artificialise
82;30852,000000000000000;0,133906249975095;ndvi;StdTime;15-04-24 00:00:00;0,661728816478577;0;2;Cultures
83;12409,000000000000000;0,053858506934427;ndvi;StdTime;15-04-24 00:00:00;0,688050668007257;0;3;Prairies
84;2241,000000000000000;0,009726562498191;ndvi;StdTime;15-04-24 00:00:00;0,660638556336517;0;4;Foret feuillus
85;5418,000000000000000;0,023515624995626;ndvi;StdTime;15-04-24 00:00:00;0,682902468580870;0;5;Foret resineux
86;3278,000000000000000;0,014227430552909;ndvi;StdTime;15-04-24 00:00:00;0,670554601096976;0;6;Foret mixte
87;1120,000000000000000;0,004861111110207;ndvi;StdTime;15-04-24 00:00:00;0,553980470009680;0;7;Milieux semi-naturels
88;1930,000000000000000;0,008376736109553;ndvi;StdTime;15-04-24 00:00:00;0,376253502857702;0;8;Zones humides et eau
91;21517,000000000000000;0,093389756927075;ndvi;StdTime;15-04-24 00:00:00;0,632432042129939;0;1;Artificialise
92;33863,000000000000000;0,146974826361553;ndvi;StdTime;15-04-24 00:00:00;0,634282158876986;0;2;Cultures
93;20854,000000000000000;0,090512152760943;ndvi;StdTime;15-04-24 00:00:00;0,755713968121436;0;3;Prairies
94;4447,000000000000000;0,019301215274188;ndvi;StdTime;15-04-24 00:00:00;0,675787099039177;0;4;Foret feuillus
95;10528,000000000000000;0,045694444435946;ndvi;StdTime;15-04-24 00:00:00;0,708354145115791;0;5;Foret resineux
96;16812,000000000000000;0,072968749986428;ndvi;StdTime;15-04-24 00:00:00;0,712846731211766;0;6;Foret mixte
97;2449,000000000000000;0,010629340275801;ndvi;StdTime;15-04-24 00:00:00;0,647927819100533;0;7;Milieux semi-naturels
98;2008,000000000000000;0,008715277776157;ndvi;StdTime;15-04-24 00:00:00;0,493774282378682;0;8;Zones humides et eau
101;7501,000000000000000;0,032556423605056;ndvi;StdTime;15-04-24 00:00:00;0,664499280685473;0;1;Artificialise
102;32049,000000000000000;0,139101562474128;ndvi;StdTime;15-04-24 00:00:00;0,726009800840925;0;2;Cultures
103;23798,000000000000000;0,103289930536344;ndvi;StdTime;15-04-24 00:00:00;0,746281692859796;0;3;Prairies
104;18168,000000000000000;0,078854166652000;ndvi;StdTime;15-04-24 00:00:00;0,663790249874718;0;4;Foret feuillus
105;13765,000000000000000;0,059743923599999;ndvi;StdTime;15-04-24 00:00:00;0,710795034658161;0;5;Foret resineux
106;30877,000000000000000;0,134014756919519;ndvi;StdTime;15-04-24 00:00:00;0,704138030559593;0;6;Foret mixte
107;2266,000000000000000;0,009835069442615;ndvi;StdTime;15-04-24 00:00:00;0,695120149577284;0;7;Milieux semi-naturels
108;332,000000000000000;0,001440972221954;ndvi;StdTime;15-04-24 00:00:00;0,576259606035359;0;8;Zones humides et eau
111;13192,000000000000000;0,057256944433795;ndvi;StdTime;15-04-24 00:00:00;0,651304152059402;0;1;Artificialise
112;48169,000000000000000;0,209066840238893;ndvi;StdTime;15-04-24 00:00:00;0,660458066206204;0;2;Cultures
113;9056,000000000000000;0,039305555548245;ndvi;StdTime;15-04-24 00:00:00;0,738461369964502;0;3;Prairies
114;15928,000000000000000;0,069131944431586;ndvi;StdTime;15-04-24 00:00:00;0,688167375817873;0;4;Foret feuillus
115;2083,000000000000000;0,009040798609430;ndvi;StdTime;15-04-24 00:00:00;0,711196176418020;0;5;Foret resineux
116;17702,000000000000000;0,076831597207932;ndvi;StdTime;15-04-24 00:00:00;0,705544670225335;0;6;Foret mixte
117;299,000000000000000;0,001297743055314;ndvi;StdTime;15-04-24 00:00:00;0,699883789322448;0;7;Milieux semi-naturels
118;319,000000000000000;0,001384548610854;ndvi;StdTime;15-04-24 00:00:00;0,574115756537100;0;8;Zones humides et eau
