Value;COUNT;AREA;Variable;Dimensions;StdTime;MEAN;NUTS_ID;CLC_CODE;CLASSE
11;19297,000000000000000;0,083754340262200;ndvi;StdTime;15-01-01 00:00:00;0,514347096102377;0;1;Artificialise
12;32515,000000000000000;0,141124131918197;ndvi;StdTime;15-01-01 00:00:00;0,549488851287796;0;2;Cultures
13;4653,000000000000000;0,020195312496244;ndvi;StdTime;15-01-01 00:00:00;0,630088885585972;0;3;Prairies
14;2157,000000000000000;0,009361979164925;ndvi;StdTime;15-01-01 00:00:00;0,568900318487298;0;4;Foret feuillus
15;5373,000000000000000;0,023320312495663;ndvi;StdTime;15-01-01 00:00:00;0,674001603863790;0;5;Foret resineux
16;3663,000000000000000;0,015898437497043;ndvi;StdTime;15-01-01 00:00:00;0,623542171670315;0;6;Foret mixte
17;2665,000000000000000;0,011566840275626;ndvi;StdTime;15-01-01 00:00:00;0,508149229162714;0;7;Milieux semi-naturels
18;1184,000000000000000;0,005138888887933;ndvi;StdTime;15-01-01 00:00:00;0,379825693021475;0;8;Zones humides et eau
21;23634,000000000000000;0,102578124980921;ndvi;StdTime;15-01-01 00:00:00;0,485595783801713;0;1;Artificialise
22;53262,000000000000000;0,231171874957004;ndvi;StdTime;15-01-01 00:00:00;0,548092674097491;0;2;Cultures
23;7495,000000000000000;0,032530381938394;ndvi;StdTime;15-01-01 00:00:00;0,619988924169475;0;3;Prairies
24;1297,000000000000000;0,005629340276731;ndvi;StdTime;15-01-01 00:00:00;0,559012860484830;0;4;Foret feuillus
25;405,000000000000000;0,001757812499673;ndvi;StdTime;15-01-01 00:00:00;0,621376919967157;0;5;Foret resineux
26;881,000000000000000;0,003823784721511;ndvi;StdTime;15-01-01 00:00:00;0,591991559753489;0;6;Foret mixte
27;471,000000000000000;0,002044270832953;ndvi;StdTime;15-01-01 00:00:00;0,411479520949589;0;7;Milieux semi-naturels
28;1184,000000000000000;0,005138888887933;ndvi;StdTime;15-01-01 00:00:00;0,261784535373728;0;8;Zones humides et eau
31;20501,000000000000000;0,088980034705673;ndvi;StdTime;15-01-01 00:00:00;0,506614556975914;0;1;Artificialise
32;33836,000000000000000;0,146857638861575;ndvi;StdTime;15-01-01 00:00:00;0,532168794671726;0;2;Cultures
33;2765,000000000000000;0,012000868053323;ndvi;StdTime;15-01-01 00:00:00;0,610490605218933;0;3;Prairies
34;3126,000000000000000;0,013567708330810;ndvi;StdTime;15-01-01 00:00:00;0,558599424491841;0;4;Foret feuillus
35;335,000000000000000;0,001453993055285;ndvi;StdTime;15-01-01 00:00:00;0,664404453448395;0;5;Foret resineux
36;1500,000000000000000;0,006510416665456;ndvi;StdTime;15-01-01 00:00:00;0,590177633663019;0;6;Foret mixte
37;107,000000000000000;0,000464409722136;ndvi;StdTime;15-01-01 00:00:00;0,494132483673987;0;7;Milieux semi-naturels
38;185,000000000000000;0,000802951388740;ndvi;StdTime;15-01-01 00:00:00;0,447507361221958;0;8;Zones humides et eau
41;18531,000000000000000;0,080429687485041;ndvi;StdTime;15-01-01 00:00:00;0,471075501844739;0;1;Artificialise
42;63126,000000000000000;0,273984374949041;ndvi;StdTime;15-01-01 00:00:00;0,534747321896673;0;2;Cultures
43;8940,000000000000000;0,038802083326116;ndvi;StdTime;15-01-01 00:00:00;0,628247645674002;0;3;Prairies
44;659,000000000000000;0,002860243055024;ndvi;StdTime;15-01-01 00:00:00;0,578809205063920;0;4;Foret feuillus
45;283,000000000000000;0,001228298610883;ndvi;StdTime;15-01-01 00:00:00;0,612139052379047;0;5;Foret resineux
46;586,000000000000000;0,002543402777305;ndvi;StdTime;15-01-01 00:00:00;0,612710607209507;0;6;Foret mixte
47;687,000000000000000;0,002981770832779;ndvi;StdTime;15-01-01 00:00:00;0,375417158541743;0;7;Milieux semi-naturels
48;509,000000000000000;0,002209201388478;ndvi;StdTime;15-01-01 00:00:00;0,308526538617082;0;8;Zones humides et eau
51;8563,000000000000000;0,037165798604199;ndvi;StdTime;15-01-01 00:00:00;0,538390511094574;0;1;Artificialise
52;20512,000000000000000;0,089027777761219;ndvi;StdTime;15-01-01 00:00:00;0,456718114687802;0;2;Cultures
53;880,000000000000000;0,003819444443734;ndvi;StdTime;15-01-01 00:00:00;0,582062204453078;0;3;Prairies
54;685,000000000000000;0,002973090277225;ndvi;StdTime;15-01-01 00:00:00;0,555469646549573;0;4;Foret feuillus
55;219,000000000000000;0,000950520833157;ndvi;StdTime;15-01-01 00:00:00;0,627292293255732;0;5;Foret resineux
56;1277,000000000000000;0,005542534721191;ndvi;StdTime;15-01-01 00:00:00;0,569364159995911;0;6;Foret mixte
57;15,000000000000000;0,000065104166655;ndvi;StdTime;15-01-01 00:00:00;0,427109762032827;0;7;Milieux semi-naturels
58;2,000000000000000;0,000008680555554;ndvi;StdTime;15-01-01 00:00:00;0,508723288774490;0;8;Zones humides et eau
61;23918,000000000000000;0,103810763869581;ndvi;StdTime;15-01-01 00:00:00;0,499851975935140;0;1;Artificialise
62;60865,000000000000000;0,264171006895311;ndvi;StdTime;15-01-01 00:00:00;0,493424574383369;0;2;Cultures
63;12006,000000000000000;0,052109374990308;ndvi;StdTime;15-01-01 00:00:00;0,598033742084616;0;3;Prairies
64;11171,000000000000000;0,048485243046538;ndvi;StdTime;15-01-01 00:00:00;0,584573601851497;0;4;Foret feuillus
65;495,000000000000000;0,002148437499600;ndvi;StdTime;15-01-01 00:00:00;0,719856874027638;0;5;Foret resineux
66;1468,000000000000000;0,006371527776593;ndvi;StdTime;15-01-01 00:00:00;0,633823795299926;0;6;Foret mixte
67;777,000000000000000;0,003372395832706;ndvi;StdTime;15-01-01 00:00:00;0,513826969277445;0;7;Milieux semi-naturels
68;453,000000000000000;0,001966145832968;ndvi;StdTime;15-01-01 00:00:00;0,369162219248622;0;8;Zones humides et eau
71;4130,000000000000000;0,017925347218888;ndvi;StdTime;15-01-01 00:00:00;0,317348068176834;0;1;Artificialise
72;100,000000000000000;0,000434027777697;ndvi;StdTime;15-01-01 00:00:00;0,512125785350800;0;2;Cultures
73;15,000000000000000;0,000065104166655;ndvi;StdTime;15-01-01 00:00:00;0,591578670342763;0;3;Prairies
74;459,000000000000000;0,001992187499629;ndvi;StdTime;15-01-01 00:00:00;0,545175961419647;0;4;Foret feuillus
76;35,000000000000000;0,000151909722194;ndvi;StdTime;15-01-01 00:00:00;0,559050859723772;0;6;Foret mixte
78;9,000000000000000;0,000039062499993;ndvi;StdTime;15-01-01 00:00:00;0,160902962916427;0;8;Zones humides et eau
81;27190,000000000000000;0,118012152755829;ndvi;StdTime;15-01-01 00:00:00;0,478289204048554;0;1;Artificialise
82;30867,000000000000000;0,133971354141749;ndvi;StdTime;15-01-01 00:00:00;0,581251578961691;0;2;Cultures
83;12409,000000000000000;0,053858506934427;ndvi;StdTime;15-01-01 00:00:00;0,626891371864521;0;3;Prairies
84;2241,000000000000000;0,009726562498191;ndvi;StdTime;15-01-01 00:00:00;0,556891513483859;0;4;Foret feuillus
85;5418,000000000000000;0,023515624995626;ndvi;StdTime;15-01-01 00:00:00;0,647292155025737;0;5;Foret resineux
86;3278,000000000000000;0,014227430552909;ndvi;StdTime;15-01-01 00:00:00;0,593269339862068;0;6;Foret mixte
87;1125,000000000000000;0,004882812499092;ndvi;StdTime;15-01-01 00:00:00;0,468989978704187;0;7;Milieux semi-naturels
88;2063,000000000000000;0,008953993053890;ndvi;StdTime;15-01-01 00:00:00;0,259448476662505;0;8;Zones humides et eau
91;21524,000000000000000;0,093420138871514;ndvi;StdTime;15-01-01 00:00:00;0,535460504806443;0;1;Artificialise
92;33863,000000000000000;0,146974826361553;ndvi;StdTime;15-01-01 00:00:00;0,528169455074099;0;2;Cultures
93;20854,000000000000000;0,090512152760943;ndvi;StdTime;15-01-01 00:00:00;0,648184746762493;0;3;Prairies
94;4447,000000000000000;0,019301215274188;ndvi;StdTime;15-01-01 00:00:00;0,576336677905573;0;4;Foret feuillus
95;10528,000000000000000;0,045694444435946;ndvi;StdTime;15-01-01 00:00:00;0,715803095680241;0;5;Foret resineux
96;16812,000000000000000;0,072968749986428;ndvi;StdTime;15-01-01 00:00:00;0,665375848682989;0;6;Foret mixte
97;2449,000000000000000;0,010629340275801;ndvi;StdTime;15-01-01 00:00:00;0,561767316372018;0;7;Milieux semi-naturels
98;2008,000000000000000;0,008715277776157;ndvi;StdTime;15-01-01 00:00:00;0,393289746137035;0;8;Zones humides et eau
101;7501,000000000000000;0,032556423605056;ndvi;StdTime;15-01-01 00:00:00;0,569166237923197;0;1;Artificialise
102;32049,000000000000000;0,139101562474128;ndvi;StdTime;15-01-01 00:00:00;0,615932802295102;0;2;Cultures
103;23798,000000000000000;0,103289930536344;ndvi;StdTime;15-01-01 00:00:00;0,641201477631502;0;3;Prairies
104;18168,000000000000000;0,078854166652000;ndvi;StdTime;15-01-01 00:00:00;0,586780589830930;0;4;Foret feuillus
105;13765,000000000000000;0,059743923599999;ndvi;StdTime;15-01-01 00:00:00;0,691189394419816;0;5;Foret resineux
106;30877,000000000000000;0,134014756919519;ndvi;StdTime;15-01-01 00:00:00;0,659140650191528;0;6;Foret mixte
107;2266,000000000000000;0,009835069442615;ndvi;StdTime;15-01-01 00:00:00;0,669462615951226;0;7;Milieux semi-naturels
108;332,000000000000000;0,001440972221954;ndvi;StdTime;15-01-01 00:00:00;0,574949013001948;0;8;Zones humides et eau
111;13192,000000000000000;0,057256944433795;ndvi;StdTime;15-01-01 00:00:00;0,558763147720908;0;1;Artificialise
112;48169,000000000000000;0,209066840238893;ndvi;StdTime;15-01-01 00:00:00;0,538060374392934;0;2;Cultures
113;9056,000000000000000;0,039305555548245;ndvi;StdTime;15-01-01 00:00:00;0,652361996132919;0;3;Prairies
114;15928,000000000000000;0,069131944431586;ndvi;StdTime;15-01-01 00:00:00;0,592304258266329;0;4;Foret feuillus
115;2083,000000000000000;0,009040798609430;ndvi;StdTime;15-01-01 00:00:00;0,686363475959689;0;5;Foret resineux
116;17702,000000000000000;0,076831597207932;ndvi;StdTime;15-01-01 00:00:00;0,630505228154389;0;6;Foret mixte
117;299,000000000000000;0,001297743055314;ndvi;StdTime;15-01-01 00:00:00;0,626085552284151;0;7;Milieux semi-naturels
118;319,000000000000000;0,001384548610854;ndvi;StdTime;15-01-01 00:00:00;0,402960504764300;0;8;Zones humides et eau
11;19297,000000000000000;0,083754340262200;ndvi;StdTime;15-01-02 00:00:00;0,510680617001241;0;1;Artificialise
12;32515,000000000000000;0,141124131918197;ndvi;StdTime;15-01-02 00:00:00;0,541913368205313;0;2;Cultures
13;4653,000000000000000;0,020195312496244;ndvi;StdTime;15-01-02 00:00:00;0,615623146662232;0;3;Prairies
14;2157,000000000000000;0,009361979164925;ndvi;StdTime;15-01-02 00:00:00;0,563342325807337;0;4;Foret feuillus
15;5373,000000000000000;0,023320312495663;ndvi;StdTime;15-01-02 00:00:00;0,685137937998784;0;5;Foret resineux
16;3663,000000000000000;0,015898437497043;ndvi;StdTime;15-01-02 00:00:00;0,630315575847332;0;6;Foret mixte
17;2665,000000000000000;0,011566840275626;ndvi;StdTime;15-01-02 00:00:00;0,513704675560430;0;7;Milieux semi-naturels
18;1196,000000000000000;0,005190972221257;ndvi;StdTime;15-01-02 00:00:00;0,373042680568414;0;8;Zones humides et eau
21;23647,000000000000000;0,102634548592022;ndvi;StdTime;15-01-02 00:00:00;0,493244016229688;0;1;Artificialise
22;53262,000000000000000;0,231171874957004;ndvi;StdTime;15-01-02 00:00:00;0,560471792766381;0;2;Cultures
23;7495,000000000000000;0,032530381938394;ndvi;StdTime;15-01-02 00:00:00;0,624363170761994;0;3;Prairies
24;1297,000000000000000;0,005629340276731;ndvi;StdTime;15-01-02 00:00:00;0,563555794673969;0;4;Foret feuillus
25;405,000000000000000;0,001757812499673;ndvi;StdTime;15-01-02 00:00:00;0,648213299851358;0;5;Foret resineux
26;881,000000000000000;0,003823784721511;ndvi;StdTime;15-01-02 00:00:00;0,605230678934245;0;6;Foret mixte
27;471,000000000000000;0,002044270832953;ndvi;StdTime;15-01-02 00:00:00;0,421364514564506;0;7;Milieux semi-naturels
28;1216,000000000000000;0,005277777776796;ndvi;StdTime;15-01-02 00:00:00;0,264552913388654;0;8;Zones humides et eau
31;20501,000000000000000;0,088980034705673;ndvi;StdTime;15-01-02 00:00:00;0,508190785090530;0;1;Artificialise
32;33836,000000000000000;0,146857638861575;ndvi;StdTime;15-01-02 00:00:00;0,522640950820578;0;2;Cultures
33;2765,000000000000000;0,012000868053323;ndvi;StdTime;15-01-02 00:00:00;0,594512703944719;0;3;Prairies
34;3126,000000000000000;0,013567708330810;ndvi;StdTime;15-01-02 00:00:00;0,553393631630118;0;4;Foret feuillus
35;335,000000000000000;0,001453993055285;ndvi;StdTime;15-01-02 00:00:00;0,667064227186032;0;5;Foret resineux
36;1500,000000000000000;0,006510416665456;ndvi;StdTime;15-01-02 00:00:00;0,592578168253104;0;6;Foret mixte
37;107,000000000000000;0,000464409722136;ndvi;StdTime;15-01-02 00:00:00;0,478630677561894;0;7;Milieux semi-naturels
38;185,000000000000000;0,000802951388740;ndvi;StdTime;15-01-02 00:00:00;0,424034980744929;0;8;Zones humides et eau
41;18522,000000000000000;0,080390624985048;ndvi;StdTime;15-01-02 00:00:00;0,479616040621056;0;1;Artificialise
42;63126,000000000000000;0,273984374949041;ndvi;StdTime;15-01-02 00:00:00;0,551880528272185;0;2;Cultures
43;8940,000000000000000;0,038802083326116;ndvi;StdTime;15-01-02 00:00:00;0,642356344537448;0;3;Prairies
44;659,000000000000000;0,002860243055024;ndvi;StdTime;15-01-02 00:00:00;0,601811059870742;0;4;Foret feuillus
45;284,000000000000000;0,001232638888660;ndvi;StdTime;15-01-02 00:00:00;0,630812321146819;0;5;Foret resineux
46;586,000000000000000;0,002543402777305;ndvi;StdTime;15-01-02 00:00:00;0,632904766820397;0;6;Foret mixte
47;682,000000000000000;0,002960069443894;ndvi;StdTime;15-01-02 00:00:00;0,390538790234558;0;7;Milieux semi-naturels
48;514,000000000000000;0,002230902777363;ndvi;StdTime;15-01-02 00:00:00;0,332168202825046;0;8;Zones humides et eau
51;8563,000000000000000;0,037165798604199;ndvi;StdTime;15-01-02 00:00:00;0,541420995472165;0;1;Artificialise
52;20512,000000000000000;0,089027777761219;ndvi;StdTime;15-01-02 00:00:00;0,460024984652979;0;2;Cultures
53;880,000000000000000;0,003819444443734;ndvi;StdTime;15-01-02 00:00:00;0,572943293066187;0;3;Prairies
54;685,000000000000000;0,002973090277225;ndvi;StdTime;15-01-02 00:00:00;0,554443316651088;0;4;Foret feuillus
55;219,000000000000000;0,000950520833157;ndvi;StdTime;15-01-02 00:00:00;0,624522523248576;0;5;Foret resineux
56;1277,000000000000000;0,005542534721191;ndvi;StdTime;15-01-02 00:00:00;0,576860304446357;0;6;Foret mixte
57;15,000000000000000;0,000065104166655;ndvi;StdTime;15-01-02 00:00:00;0,414474437634150;0;7;Milieux semi-naturels
58;2,000000000000000;0,000008680555554;ndvi;StdTime;15-01-02 00:00:00;0,491724967956543;0;8;Zones humides et eau
61;23918,000000000000000;0,103810763869581;ndvi;StdTime;15-01-02 00:00:00;0,502472329940838;0;1;Artificialise
62;60865,000000000000000;0,264171006895311;ndvi;StdTime;15-01-02 00:00:00;0,498496256086994;0;2;Cultures
63;12006,000000000000000;0,052109374990308;ndvi;StdTime;15-01-02 00:00:00;0,589627120303161;0;3;Prairies
64;11171,000000000000000;0,048485243046538;ndvi;StdTime;15-01-02 00:00:00;0,574375636318720;0;4;Foret feuillus
65;495,000000000000000;0,002148437499600;ndvi;StdTime;15-01-02 00:00:00;0,707205262328639;0;5;Foret resineux
66;1468,000000000000000;0,006371527776593;ndvi;StdTime;15-01-02 00:00:00;0,625686173888091;0;6;Foret mixte
67;777,000000000000000;0,003372395832706;ndvi;StdTime;15-01-02 00:00:00;0,510965492926356;0;7;Milieux semi-naturels
68;453,000000000000000;0,001966145832968;ndvi;StdTime;15-01-02 00:00:00;0,380768834071020;0;8;Zones humides et eau
71;4130,000000000000000;0,017925347218888;ndvi;StdTime;15-01-02 00:00:00;0,335721451510420;0;1;Artificialise
72;100,000000000000000;0,000434027777697;ndvi;StdTime;15-01-02 00:00:00;0,500057733058930;0;2;Cultures
73;15,000000000000000;0,000065104166655;ndvi;StdTime;15-01-02 00:00:00;0,584009528160095;0;3;Prairies
74;459,000000000000000;0,001992187499629;ndvi;StdTime;15-01-02 00:00:00;0,548148196572052;0;4;Foret feuillus
76;35,000000000000000;0,000151909722194;ndvi;StdTime;15-01-02 00:00:00;0,562242651837213;0;6;Foret mixte
78;9,000000000000000;0,000039062499993;ndvi;StdTime;15-01-02 00:00:00;0,190955367353227;0;8;Zones humides et eau
81;27318,000000000000000;0,118567708311281;ndvi;StdTime;15-01-02 00:00:00;0,481893747140337;0;1;Artificialise
82;30867,000000000000000;0,133971354141749;ndvi;StdTime;15-01-02 00:00:00;0,582625266902795;0;2;Cultures
83;12409,000000000000000;0,053858506934427;ndvi;StdTime;15-01-02 00:00:00;0,622420213586401;0;3;Prairies
84;2241,000000000000000;0,009726562498191;ndvi;StdTime;15-01-02 00:00:00;0,563865116348974;0;4;Foret feuillus
85;5418,000000000000000;0,023515624995626;ndvi;StdTime;15-01-02 00:00:00;0,656415935849167;0;5;Foret resineux
86;3278,000000000000000;0,014227430552909;ndvi;StdTime;15-01-02 00:00:00;0,602081880255252;0;6;Foret mixte
87;1122,000000000000000;0,004869791665761;ndvi;StdTime;15-01-02 00:00:00;0,475544960953548;0;7;Milieux semi-naturels
88;2122,000000000000000;0,009210069442731;ndvi;StdTime;15-01-02 00:00:00;0,257500104692880;0;8;Zones humides et eau
91;21524,000000000000000;0,093420138871514;ndvi;StdTime;15-01-02 00:00:00;0,542525691150768;0;1;Artificialise
92;33863,000000000000000;0,146974826361553;ndvi;StdTime;15-01-02 00:00:00;0,540342403203890;0;2;Cultures
93;20854,000000000000000;0,090512152760943;ndvi;StdTime;15-01-02 00:00:00;0,667984578029997;0;3;Prairies
94;4447,000000000000000;0,019301215274188;ndvi;StdTime;15-01-02 00:00:00;0,584356958433996;0;4;Foret feuillus
95;10528,000000000000000;0,045694444435946;ndvi;StdTime;15-01-02 00:00:00;0,732056355754926;0;5;Foret resineux
96;16812,000000000000000;0,072968749986428;ndvi;StdTime;15-01-02 00:00:00;0,680676805098766;0;6;Foret mixte
97;2449,000000000000000;0,010629340275801;ndvi;StdTime;15-01-02 00:00:00;0,577513867224806;0;7;Milieux semi-naturels
98;2008,000000000000000;0,008715277776157;ndvi;StdTime;15-01-02 00:00:00;0,412936794371678;0;8;Zones humides et eau
101;7501,000000000000000;0,032556423605056;ndvi;StdTime;15-01-02 00:00:00;0,580464247927524;0;1;Artificialise
102;32049,000000000000000;0,139101562474128;ndvi;StdTime;15-01-02 00:00:00;0,632164028206870;0;2;Cultures
103;23798,000000000000000;0,103289930536344;ndvi;StdTime;15-01-02 00:00:00;0,652820891478011;0;3;Prairies
104;18168,000000000000000;0,078854166652000;ndvi;StdTime;15-01-02 00:00:00;0,597261251273957;0;4;Foret feuillus
105;13765,000000000000000;0,059743923599999;ndvi;StdTime;15-01-02 00:00:00;0,713555285695074;0;5;Foret resineux
106;30877,000000000000000;0,134014756919519;ndvi;StdTime;15-01-02 00:00:00;0,677744216906899;0;6;Foret mixte
107;2266,000000000000000;0,009835069442615;ndvi;StdTime;15-01-02 00:00:00;0,692353875089407;0;7;Milieux semi-naturels
108;332,000000000000000;0,001440972221954;ndvi;StdTime;15-01-02 00:00:00;0,593338540429810;0;8;Zones humides et eau
111;13192,000000000000000;0,057256944433795;ndvi;StdTime;15-01-02 00:00:00;0,560795272763179;0;1;Artificialise
112;48169,000000000000000;0,209066840238893;ndvi;StdTime;15-01-02 00:00:00;0,559078111703550;0;2;Cultures
113;9056,000000000000000;0,039305555548245;ndvi;StdTime;15-01-02 00:00:00;0,655174889996671;0;3;Prairies
114;15928,000000000000000;0,069131944431586;ndvi;StdTime;15-01-02 00:00:00;0,593961386347778;0;4;Foret feuillus
115;2083,000000000000000;0,009040798609430;ndvi;StdTime;15-01-02 00:00:00;0,693104129740669;0;5;Foret resineux
116;17702,000000000000000;0,076831597207932;ndvi;StdTime;15-01-02 00:00:00;0,634067963069275;0;6;Foret mixte
117;299,000000000000000;0,001297743055314;ndvi;StdTime;15-01-02 00:00:00;0,632835893228301;0;7;Milieux semi-naturels
118;319,000000000000000;0,001384548610854;ndvi;StdTime;15-01-02 00:00:00;0,407286945648702;0;8;Zones humides et eau
11;19297,000000000000000;0,083754340262200;ndvi;StdTime;15-01-03 00:00:00;0,457121852100454;0;1;Artificialise
12;32515,000000000000000;0,141124131918197;ndvi;StdTime;15-01-03 00:00:00;0,474618629866764;0;2;Cultures
13;4653,000000000000000;0,020195312496244;ndvi;StdTime;15-01-03 00:00:00;0,543882486718478;0;3;Prairies
14;2157,000000000000000;0,009361979164925;ndvi;StdTime;15-01-03 00:00:00;0,517851952565287;0;4;Foret feuillus
15;5373,000000000000000;0,023320312495663;ndvi;StdTime;15-01-03 00:00:00;0,635849911208573;0;5;Foret resineux
16;3663,000000000000000;0,015898437497043;ndvi;StdTime;15-01-03 00:00:00;0,584390564638345;0;6;Foret mixte
17;2664,000000000000000;0,011562499997849;ndvi;StdTime;15-01-03 00:00:00;0,465475210540665;0;7;Milieux semi-naturels
18;1186,000000000000000;0,005147569443487;ndvi;StdTime;15-01-03 00:00:00;0,336557196316970;0;8;Zones humides et eau
21;23648,000000000000000;0,102638888869799;ndvi;StdTime;15-01-03 00:00:00;0,448894994293383;0;1;Artificialise
22;53262,000000000000000;0,231171874957004;ndvi;StdTime;15-01-03 00:00:00;0,507845072985642;0;2;Cultures
23;7495,000000000000000;0,032530381938394;ndvi;StdTime;15-01-03 00:00:00;0,565983559402966;0;3;Prairies
24;1297,000000000000000;0,005629340276731;ndvi;StdTime;15-01-03 00:00:00;0,512926992399470;0;4;Foret feuillus
25;405,000000000000000;0,001757812499673;ndvi;StdTime;15-01-03 00:00:00;0,586251525378521;0;5;Foret resineux
26;881,000000000000000;0,003823784721511;ndvi;StdTime;15-01-03 00:00:00;0,554181035020294;0;6;Foret mixte
27;471,000000000000000;0,002044270832953;ndvi;StdTime;15-01-03 00:00:00;0,372962729932223;0;7;Milieux semi-naturels
28;1210,000000000000000;0,005251736110134;ndvi;StdTime;15-01-03 00:00:00;0,226387530000479;0;8;Zones humides et eau
31;20501,000000000000000;0,088980034705673;ndvi;StdTime;15-01-03 00:00:00;0,463933732505972;0;1;Artificialise
32;33836,000000000000000;0,146857638861575;ndvi;StdTime;15-01-03 00:00:00;0,471777727080301;0;2;Cultures
33;2765,000000000000000;0,012000868053323;ndvi;StdTime;15-01-03 00:00:00;0,544897716644659;0;3;Prairies
34;3126,000000000000000;0,013567708330810;ndvi;StdTime;15-01-03 00:00:00;0,517892646926836;0;4;Foret feuillus
35;335,000000000000000;0,001453993055285;ndvi;StdTime;15-01-03 00:00:00;0,622600044510258;0;5;Foret resineux
36;1500,000000000000000;0,006510416665456;ndvi;StdTime;15-01-03 00:00:00;0,552810083429018;0;6;Foret mixte
37;107,000000000000000;0,000464409722136;ndvi;StdTime;15-01-03 00:00:00;0,426455145753990;0;7;Milieux semi-naturels
38;185,000000000000000;0,000802951388740;ndvi;StdTime;15-01-03 00:00:00;0,390396879089845;0;8;Zones humides et eau
41;18523,000000000000000;0,080394965262825;ndvi;StdTime;15-01-03 00:00:00;0,444167101714459;0;1;Artificialise
42;63125,000000000000000;0,273980034671264;ndvi;StdTime;15-01-03 00:00:00;0,514762196463406;0;2;Cultures
43;8940,000000000000000;0,038802083326116;ndvi;StdTime;15-01-03 00:00:00;0,592158896085167;0;3;Prairies
44;659,000000000000000;0,002860243055024;ndvi;StdTime;15-01-03 00:00:00;0,557687643491444;0;4;Foret feuillus
45;284,000000000000000;0,001232638888660;ndvi;StdTime;15-01-03 00:00:00;0,582454829673532;0;5;Foret resineux
46;586,000000000000000;0,002543402777305;ndvi;StdTime;15-01-03 00:00:00;0,585054580503662;0;6;Foret mixte
47;690,000000000000000;0,002994791666110;ndvi;StdTime;15-01-03 00:00:00;0,352779029420429;0;7;Milieux semi-naturels
48;498,000000000000000;0,002161458332931;ndvi;StdTime;15-01-03 00:00:00;0,283832740155516;0;8;Zones humides et eau
51;8563,000000000000000;0,037165798604199;ndvi;StdTime;15-01-03 00:00:00;0,497774917340425;0;1;Artificialise
52;20512,000000000000000;0,089027777761219;ndvi;StdTime;15-01-03 00:00:00;0,398425836797494;0;2;Cultures
53;880,000000000000000;0,003819444443734;ndvi;StdTime;15-01-03 00:00:00;0,532271045649594;0;3;Prairies
54;685,000000000000000;0,002973090277225;ndvi;StdTime;15-01-03 00:00:00;0,520996486749092;0;4;Foret feuillus
55;219,000000000000000;0,000950520833157;ndvi;StdTime;15-01-03 00:00:00;0,594650416613713;0;5;Foret resineux
56;1277,000000000000000;0,005542534721191;ndvi;StdTime;15-01-03 00:00:00;0,535403248357324;0;6;Foret mixte
57;15,000000000000000;0,000065104166655;ndvi;StdTime;15-01-03 00:00:00;0,363241761922836;0;7;Milieux semi-naturels
58;2,000000000000000;0,000008680555554;ndvi;StdTime;15-01-03 00:00:00;0,460287466645241;0;8;Zones humides et eau
61;23918,000000000000000;0,103810763869581;ndvi;StdTime;15-01-03 00:00:00;0,458352382574683;0;1;Artificialise
62;60865,000000000000000;0,264171006895311;ndvi;StdTime;15-01-03 00:00:00;0,449599396011965;0;2;Cultures
63;12006,000000000000000;0,052109374990308;ndvi;StdTime;15-01-03 00:00:00;0,543437503063538;0;3;Prairies
64;11171,000000000000000;0,048485243046538;ndvi;StdTime;15-01-03 00:00:00;0,545189130008515;0;4;Foret feuillus
65;495,000000000000000;0,002148437499600;ndvi;StdTime;15-01-03 00:00:00;0,684417330857479;0;5;Foret resineux
66;1468,000000000000000;0,006371527776593;ndvi;StdTime;15-01-03 00:00:00;0,598355886254876;0;6;Foret mixte
67;777,000000000000000;0,003372395832706;ndvi;StdTime;15-01-03 00:00:00;0,465773346859056;0;7;Milieux semi-naturels
68;453,000000000000000;0,001966145832968;ndvi;StdTime;15-01-03 00:00:00;0,345607667347770;0;8;Zones humides et eau
71;4130,000000000000000;0,017925347218888;ndvi;StdTime;15-01-03 00:00:00;0,303312676112207;0;1;Artificialise
72;100,000000000000000;0,000434027777697;ndvi;StdTime;15-01-03 00:00:00;0,456122220754623;0;2;Cultures
73;15,000000000000000;0,000065104166655;ndvi;StdTime;15-01-03 00:00:00;0,542131755749385;0;3;Prairies
74;459,000000000000000;0,001992187499629;ndvi;StdTime;15-01-03 00:00:00;0,517663253223714;0;4;Foret feuillus
76;35,000000000000000;0,000151909722194;ndvi;StdTime;15-01-03 00:00:00;0,539492749316352;0;6;Foret mixte
78;9,000000000000000;0,000039062499993;ndvi;StdTime;15-01-03 00:00:00;0,164756110144986;0;8;Zones humides et eau
81;27348,000000000000000;0,118697916644590;ndvi;StdTime;15-01-03 00:00:00;0,437134996111591;0;1;Artificialise
82;30867,000000000000000;0,133971354141749;ndvi;StdTime;15-01-03 00:00:00;0,522081848468431;0;2;Cultures
83;12409,000000000000000;0,053858506934427;ndvi;StdTime;15-01-03 00:00:00;0,560954146991998;0;3;Prairies
84;2241,000000000000000;0,009726562498191;ndvi;StdTime;15-01-03 00:00:00;0,513776191287092;0;4;Foret feuillus
85;5418,000000000000000;0,023515624995626;ndvi;StdTime;15-01-03 00:00:00;0,617689223043502;0;5;Foret resineux
86;3278,000000000000000;0,014227430552909;ndvi;StdTime;15-01-03 00:00:00;0,565514281255723;0;6;Foret mixte
87;1125,000000000000000;0,004882812499092;ndvi;StdTime;15-01-03 00:00:00;0,430783920747538;0;7;Milieux semi-naturels
88;2141,000000000000000;0,009292534720494;ndvi;StdTime;15-01-03 00:00:00;0,219658372497930;0;8;Zones humides et eau
91;21518,000000000000000;0,093394097204852;ndvi;StdTime;15-01-03 00:00:00;0,492566535168860;0;1;Artificialise
92;33863,000000000000000;0,146974826361553;ndvi;StdTime;15-01-03 00:00:00;0,467509634013708;0;2;Cultures
93;20854,000000000000000;0,090512152760943;ndvi;StdTime;15-01-03 00:00:00;0,614043960257919;0;3;Prairies
94;4447,000000000000000;0,019301215274188;ndvi;StdTime;15-01-03 00:00:00;0,547852427675423;0;4;Foret feuillus
95;10528,000000000000000;0,045694444435946;ndvi;StdTime;15-01-03 00:00:00;0,713310353064452;0;5;Foret resineux
96;16812,000000000000000;0,072968749986428;ndvi;StdTime;15-01-03 00:00:00;0,650877450479585;0;6;Foret mixte
97;2449,000000000000000;0,010629340275801;ndvi;StdTime;15-01-03 00:00:00;0,551671090035742;0;7;Milieux semi-naturels
98;2008,000000000000000;0,008715277776157;ndvi;StdTime;15-01-03 00:00:00;0,398185022096349;0;8;Zones humides et eau
101;7501,000000000000000;0,032556423605056;ndvi;StdTime;15-01-03 00:00:00;0,543069908321658;0;1;Artificialise
102;32049,000000000000000;0,139101562474128;ndvi;StdTime;15-01-03 00:00:00;0,591315080586407;0;2;Cultures
103;23798,000000000000000;0,103289930536344;ndvi;StdTime;15-01-03 00:00:00;0,612568284952748;0;3;Prairies
104;18168,000000000000000;0,078854166652000;ndvi;StdTime;15-01-03 00:00:00;0,564769366458353;0;4;Foret feuillus
105;13765,000000000000000;0,059743923599999;ndvi;StdTime;15-01-03 00:00:00;0,682139302402076;0;5;Foret resineux
106;30877,000000000000000;0,134014756919519;ndvi;StdTime;15-01-03 00:00:00;0,644707055248141;0;6;Foret mixte
107;2266,000000000000000;0,009835069442615;ndvi;StdTime;15-01-03 00:00:00;0,659353266970731;0;7;Milieux semi-naturels
108;332,000000000000000;0,001440972221954;ndvi;StdTime;15-01-03 00:00:00;0,567346440291549;0;8;Zones humides et eau
111;13192,000000000000000;0,057256944433795;ndvi;StdTime;15-01-03 00:00:00;0,505683031557791;0;1;Artificialise
112;48169,000000000000000;0,209066840238893;ndvi;StdTime;15-01-03 00:00:00;0,479600237250879;0;2;Cultures
113;9056,000000000000000;0,039305555548245;ndvi;StdTime;15-01-03 00:00:00;0,583486506234946;0;3;Prairies
114;15928,000000000000000;0,069131944431586;ndvi;StdTime;15-01-03 00:00:00;0,567190108624101;0;4;Foret feuillus
115;2083,000000000000000;0,009040798609430;ndvi;StdTime;15-01-03 00:00:00;0,670462463102945;0;5;Foret resineux
116;17702,000000000000000;0,076831597207932;ndvi;StdTime;15-01-03 00:00:00;0,607054005397092;0;6;Foret mixte
117;299,000000000000000;0,001297743055314;ndvi;StdTime;15-01-03 00:00:00;0,587505300308151;0;7;Milieux semi-naturels
118;319,000000000000000;0,001384548610854;ndvi;StdTime;15-01-03 00:00:00;0,378337225523488;0;8;Zones humides et eau
11;19297,000000000000000;0,083754340262200;ndvi;StdTime;15-01-04 00:00:00;0,497006234701749;0;1;Artificialise
12;32515,000000000000000;0,141124131918197;ndvi;StdTime;15-01-04 00:00:00;0,542341766999893;0;2;Cultures
13;4653,000000000000000;0,020195312496244;ndvi;StdTime;15-01-04 00:00:00;0,628515302488017;0;3;Prairies
14;2157,000000000000000;0,009361979164925;ndvi;StdTime;15-01-04 00:00:00;0,554149038644095;0;4;Foret feuillus
15;5373,000000000000000;0,023320312495663;ndvi;StdTime;15-01-04 00:00:00;0,664026947887210;0;5;Foret resineux
16;3663,000000000000000;0,015898437497043;ndvi;StdTime;15-01-04 00:00:00;0,610903700884333;0;6;Foret mixte
17;2665,000000000000000;0,011566840275626;ndvi;StdTime;15-01-04 00:00:00;0,484922050884235;0;7;Milieux semi-naturels
18;1211,000000000000000;0,005256076387911;ndvi;StdTime;15-01-04 00:00:00;0,359316363015530;0;8;Zones humides et eau
21;23626,000000000000000;0,102543402758706;ndvi;StdTime;15-01-04 00:00:00;0,497111261761395;0;1;Artificialise
22;53262,000000000000000;0,231171874957004;ndvi;StdTime;15-01-04 00:00:00;0,589710655509541;0;2;Cultures
23;7495,000000000000000;0,032530381938394;ndvi;StdTime;15-01-04 00:00:00;0,654982844892742;0;3;Prairies
24;1297,000000000000000;0,005629340276731;ndvi;StdTime;15-01-04 00:00:00;0,562969118919664;0;4;Foret feuillus
25;405,000000000000000;0,001757812499673;ndvi;StdTime;15-01-04 00:00:00;0,654350176122453;0;5;Foret resineux
26;881,000000000000000;0,003823784721511;ndvi;StdTime;15-01-04 00:00:00;0,604789975383631;0;6;Foret mixte
27;470,000000000000000;0,002039930555176;ndvi;StdTime;15-01-04 00:00:00;0,408679688955716;0;7;Milieux semi-naturels
28;1208,000000000000000;0,005243055554580;ndvi;StdTime;15-01-04 00:00:00;0,246114215735963;0;8;Zones humides et eau
31;20501,000000000000000;0,088980034705673;ndvi;StdTime;15-01-04 00:00:00;0,505198685016686;0;1;Artificialise
32;33836,000000000000000;0,146857638861575;ndvi;StdTime;15-01-04 00:00:00;0,530618958978016;0;2;Cultures
33;2765,000000000000000;0,012000868053323;ndvi;StdTime;15-01-04 00:00:00;0,607643731862685;0;3;Prairies
34;3126,000000000000000;0,013567708330810;ndvi;StdTime;15-01-04 00:00:00;0,550290092949827;0;4;Foret feuillus
35;335,000000000000000;0,001453993055285;ndvi;StdTime;15-01-04 00:00:00;0,671372047911829;0;5;Foret resineux
36;1500,000000000000000;0,006510416665456;ndvi;StdTime;15-01-04 00:00:00;0,589611749907334;0;6;Foret mixte
37;107,000000000000000;0,000464409722136;ndvi;StdTime;15-01-04 00:00:00;0,469541182724115;0;7;Milieux semi-naturels
38;185,000000000000000;0,000802951388740;ndvi;StdTime;15-01-04 00:00:00;0,418950854161301;0;8;Zones humides et eau
41;18501,000000000000000;0,080299479151732;ndvi;StdTime;15-01-04 00:00:00;0,481894707259410;0;1;Artificialise
42;63118,000000000000000;0,273949652726825;ndvi;StdTime;15-01-04 00:00:00;0,580275668654702;0;2;Cultures
43;8940,000000000000000;0,038802083326116;ndvi;StdTime;15-01-04 00:00:00;0,662186737338569;0;3;Prairies
44;659,000000000000000;0,002860243055024;ndvi;StdTime;15-01-04 00:00:00;0,600221360353852;0;4;Foret feuillus
45;282,000000000000000;0,001223958333106;ndvi;StdTime;15-01-04 00:00:00;0,629579734929064;0;5;Foret resineux
46;586,000000000000000;0,002543402777305;ndvi;StdTime;15-01-04 00:00:00;0,634726295215889;0;6;Foret mixte
47;660,000000000000000;0,002864583332801;ndvi;StdTime;15-01-04 00:00:00;0,360890874342824;0;7;Milieux semi-naturels
48;512,000000000000000;0,002222222221809;ndvi;StdTime;15-01-04 00:00:00;0,326758358593907;0;8;Zones humides et eau
51;8563,000000000000000;0,037165798604199;ndvi;StdTime;15-01-04 00:00:00;0,537153593075169;0;1;Artificialise
52;20512,000000000000000;0,089027777761219;ndvi;StdTime;15-01-04 00:00:00;0,450475408419948;0;2;Cultures
53;880,000000000000000;0,003819444443734;ndvi;StdTime;15-01-04 00:00:00;0,590098792788657;0;3;Prairies
54;685,000000000000000;0,002973090277225;ndvi;StdTime;15-01-04 00:00:00;0,550893915569694;0;4;Foret feuillus
55;219,000000000000000;0,000950520833157;ndvi;StdTime;15-01-04 00:00:00;0,623165247375018;0;5;Foret resineux
56;1277,000000000000000;0,005542534721191;ndvi;StdTime;15-01-04 00:00:00;0,571850416477341;0;6;Foret mixte
57;15,000000000000000;0,000065104166655;ndvi;StdTime;15-01-04 00:00:00;0,399271656076113;0;7;Milieux semi-naturels
58;2,000000000000000;0,000008680555554;ndvi;StdTime;15-01-04 00:00:00;0,435749992728233;0;8;Zones humides et eau
61;23887,000000000000000;0,103676215258495;ndvi;StdTime;15-01-04 00:00:00;0,488933215839705;0;1;Artificialise
62;60865,000000000000000;0,264171006895311;ndvi;StdTime;15-01-04 00:00:00;0,499930536726905;0;2;Cultures
63;12006,000000000000000;0,052109374990308;ndvi;StdTime;15-01-04 00:00:00;0,603238071479908;0;3;Prairies
64;11171,000000000000000;0,048485243046538;ndvi;StdTime;15-01-04 00:00:00;0,557407111829881;0;4;Foret feuillus
65;495,000000000000000;0,002148437499600;ndvi;StdTime;15-01-04 00:00:00;0,699516852034463;0;5;Foret resineux
66;1468,000000000000000;0,006371527776593;ndvi;StdTime;15-01-04 00:00:00;0,606928085476891;0;6;Foret mixte
67;777,000000000000000;0,003372395832706;ndvi;StdTime;15-01-04 00:00:00;0,486131342278945;0;7;Milieux semi-naturels
68;453,000000000000000;0,001966145832968;ndvi;StdTime;15-01-04 00:00:00;0,353702472004254;0;8;Zones humides et eau
71;4085,000000000000000;0,017730034718925;ndvi;StdTime;15-01-04 00:00:00;0,318373562149348;0;1;Artificialise
72;100,000000000000000;0,000434027777697;ndvi;StdTime;15-01-04 00:00:00;0,497864254117012;0;2;Cultures
73;15,000000000000000;0,000065104166655;ndvi;StdTime;15-01-04 00:00:00;0,577953326702118;0;3;Prairies
74;459,000000000000000;0,001992187499629;ndvi;StdTime;15-01-04 00:00:00;0,536127762856826;0;4;Foret feuillus
76;35,000000000000000;0,000151909722194;ndvi;StdTime;15-01-04 00:00:00;0,558697126592909;0;6;Foret mixte
78;9,000000000000000;0,000039062499993;ndvi;StdTime;15-01-04 00:00:00;0,164455551240179;0;8;Zones humides et eau
81;27263,000000000000000;0,118328993033547;ndvi;StdTime;15-01-04 00:00:00;0,479572387414718;0;1;Artificialise
82;30867,000000000000000;0,133971354141749;ndvi;StdTime;15-01-04 00:00:00;0,612628792105700;0;2;Cultures
83;12409,000000000000000;0,053858506934427;ndvi;StdTime;15-01-04 00:00:00;0,656078467670776;0;3;Prairies
84;2241,000000000000000;0,009726562498191;ndvi;StdTime;15-01-04 00:00:00;0,564618602459474;0;4;Foret feuillus
85;5418,000000000000000;0,023515624995626;ndvi;StdTime;15-01-04 00:00:00;0,662038362804002;0;5;Foret resineux
86;3278,000000000000000;0,014227430552909;ndvi;StdTime;15-01-04 00:00:00;0,608779249357115;0;6;Foret mixte
87;1116,000000000000000;0,004843749999099;ndvi;StdTime;15-01-04 00:00:00;0,466669058627499;0;7;Milieux semi-naturels
88;2067,000000000000000;0,008971354164998;ndvi;StdTime;15-01-04 00:00:00;0,252828920965125;0;8;Zones humides et eau
91;21524,000000000000000;0,093420138871514;ndvi;StdTime;15-01-04 00:00:00;0,520975559995002;0;1;Artificialise
92;33863,000000000000000;0,146974826361553;ndvi;StdTime;15-01-04 00:00:00;0,518006705759556;0;2;Cultures
93;20854,000000000000000;0,090512152760943;ndvi;StdTime;15-01-04 00:00:00;0,635491053037072;0;3;Prairies
94;4447,000000000000000;0,019301215274188;ndvi;StdTime;15-01-04 00:00:00;0,565444104187483;0;4;Foret feuillus
95;10519,000000000000000;0,045655381935953;ndvi;StdTime;15-01-04 00:00:00;0,706675666694190;0;5;Foret resineux
96;16812,000000000000000;0,072968749986428;ndvi;StdTime;15-01-04 00:00:00;0,661138810409717;0;6;Foret mixte
97;2446,000000000000000;0,010616319442470;ndvi;StdTime;15-01-04 00:00:00;0,528499974819694;0;7;Milieux semi-naturels
98;1976,000000000000000;0,008576388887294;ndvi;StdTime;15-01-04 00:00:00;0,391013757731984;0;8;Zones humides et eau
101;7501,000000000000000;0,032556423605056;ndvi;StdTime;15-01-04 00:00:00;0,555507807435790;0;1;Artificialise
102;32049,000000000000000;0,139101562474128;ndvi;StdTime;15-01-04 00:00:00;0,610149489443640;0;2;Cultures
103;23798,000000000000000;0,103289930536344;ndvi;StdTime;15-01-04 00:00:00;0,630916307361519;0;3;Prairies
104;18168,000000000000000;0,078854166652000;ndvi;StdTime;15-01-04 00:00:00;0,584898921160355;0;4;Foret feuillus
105;13765,000000000000000;0,059743923599999;ndvi;StdTime;15-01-04 00:00:00;0,692507122923060;0;5;Foret resineux
106;30877,000000000000000;0,134014756919519;ndvi;StdTime;15-01-04 00:00:00;0,657920792742776;0;6;Foret mixte
107;2266,000000000000000;0,009835069442615;ndvi;StdTime;15-01-04 00:00:00;0,659469236316454;0;7;Milieux semi-naturels
108;332,000000000000000;0,001440972221954;ndvi;StdTime;15-01-04 00:00:00;0,555500400981989;0;8;Zones humides et eau
111;13192,000000000000000;0,057256944433795;ndvi;StdTime;15-01-04 00:00:00;0,541774383048019;0;1;Artificialise
112;48169,000000000000000;0,209066840238893;ndvi;StdTime;15-01-04 00:00:00;0,537690374190276;0;2;Cultures
113;9056,000000000000000;0,039305555548245;ndvi;StdTime;15-01-04 00:00:00;0,641615335911828;0;3;Prairies
114;15928,000000000000000;0,069131944431586;ndvi;StdTime;15-01-04 00:00:00;0,583692055741923;0;4;Foret feuillus
115;2083,000000000000000;0,009040798609430;ndvi;StdTime;15-01-04 00:00:00;0,683019775684441;0;5;Foret resineux
116;17702,000000000000000;0,076831597207932;ndvi;StdTime;15-01-04 00:00:00;0,626927863528282;0;6;Foret mixte
117;299,000000000000000;0,001297743055314;ndvi;StdTime;15-01-04 00:00:00;0,595984734619740;0;7;Milieux semi-naturels
118;319,000000000000000;0,001384548610854;ndvi;StdTime;15-01-04 00:00:00;0,417453688327048;0;8;Zones humides et eau
11;19297,000000000000000;0,083754340262200;ndvi;StdTime;15-01-05 00:00:00;0,478638438100869;0;1;Artificialise
12;32515,000000000000000;0,141124131918197;ndvi;StdTime;15-01-05 00:00:00;0,505941154871280;0;2;Cultures
13;4653,000000000000000;0,020195312496244;ndvi;StdTime;15-01-05 00:00:00;0,580081868903140;0;3;Prairies
14;2157,000000000000000;0,009361979164925;ndvi;StdTime;15-01-05 00:00:00;0,536663638727501;0;4;Foret feuillus
15;5373,000000000000000;0,023320312495663;ndvi;StdTime;15-01-05 00:00:00;0,650890488176845;0;5;Foret resineux
16;3663,000000000000000;0,015898437497043;ndvi;StdTime;15-01-05 00:00:00;0,597390034921729;0;6;Foret mixte
17;2665,000000000000000;0,011566840275626;ndvi;StdTime;15-01-05 00:00:00;0,483212059061087;0;7;Milieux semi-naturels
18;1208,000000000000000;0,005243055554580;ndvi;StdTime;15-01-05 00:00:00;0,358843717270241;0;8;Zones humides et eau
21;23625,000000000000000;0,102539062480929;ndvi;StdTime;15-01-05 00:00:00;0,475055737898858;0;1;Artificialise
22;53262,000000000000000;0,231171874957004;ndvi;StdTime;15-01-05 00:00:00;0,556076760108059;0;2;Cultures
23;7495,000000000000000;0,032530381938394;ndvi;StdTime;15-01-05 00:00:00;0,613920531722606;0;3;Prairies
24;1297,000000000000000;0,005629340276731;ndvi;StdTime;15-01-05 00:00:00;0,541431255127341;0;4;Foret feuillus
25;405,000000000000000;0,001757812499673;ndvi;StdTime;15-01-05 00:00:00;0,616027709363420;0;5;Foret resineux
26;881,000000000000000;0,003823784721511;ndvi;StdTime;15-01-05 00:00:00;0,576355818637925;0;6;Foret mixte
27;470,000000000000000;0,002039930555176;ndvi;StdTime;15-01-05 00:00:00;0,401081870147523;0;7;Milieux semi-naturels
28;1193,000000000000000;0,005177951387926;ndvi;StdTime;15-01-05 00:00:00;0,249858304457146;0;8;Zones humides et eau
31;20501,000000000000000;0,088980034705673;ndvi;StdTime;15-01-05 00:00:00;0,482949839717286;0;1;Artificialise
32;33836,000000000000000;0,146857638861575;ndvi;StdTime;15-01-05 00:00:00;0,501179788636868;0;2;Cultures
33;2765,000000000000000;0,012000868053323;ndvi;StdTime;15-01-05 00:00:00;0,567123551254463;0;3;Prairies
34;3126,000000000000000;0,013567708330810;ndvi;StdTime;15-01-05 00:00:00;0,529109360846814;0;4;Foret feuillus
35;335,000000000000000;0,001453993055285;ndvi;StdTime;15-01-05 00:00:00;0,624158712020561;0;5;Foret resineux
36;1500,000000000000000;0,006510416665456;ndvi;StdTime;15-01-05 00:00:00;0,558269563178221;0;6;Foret mixte
37;107,000000000000000;0,000464409722136;ndvi;StdTime;15-01-05 00:00:00;0,455849995540681;0;7;Milieux semi-naturels
38;185,000000000000000;0,000802951388740;ndvi;StdTime;15-01-05 00:00:00;0,413271519139006;0;8;Zones humides et eau
41;18515,000000000000000;0,080360243040609;ndvi;StdTime;15-01-05 00:00:00;0,466510659951472;0;1;Artificialise
42;63126,000000000000000;0,273984374949041;ndvi;StdTime;15-01-05 00:00:00;0,570664237431206;0;2;Cultures
43;8940,000000000000000;0,038802083326116;ndvi;StdTime;15-01-05 00:00:00;0,639051097623328;0;3;Prairies
44;659,000000000000000;0,002860243055024;ndvi;StdTime;15-01-05 00:00:00;0,580674230645387;0;4;Foret feuillus
45;284,000000000000000;0,001232638888660;ndvi;StdTime;15-01-05 00:00:00;0,597167934592761;0;5;Foret resineux
46;586,000000000000000;0,002543402777305;ndvi;StdTime;15-01-05 00:00:00;0,603835582402583;0;6;Foret mixte
47;680,000000000000000;0,002951388888340;ndvi;StdTime;15-01-05 00:00:00;0,356045262740501;0;7;Milieux semi-naturels
48;495,000000000000000;0,002148437499600;ndvi;StdTime;15-01-05 00:00:00;0,317180807438603;0;8;Zones humides et eau
51;8563,000000000000000;0,037165798604199;ndvi;StdTime;15-01-05 00:00:00;0,510642670421251;0;1;Artificialise
52;20512,000000000000000;0,089027777761219;ndvi;StdTime;15-01-05 00:00:00;0,433931352614241;0;2;Cultures
53;880,000000000000000;0,003819444443734;ndvi;StdTime;15-01-05 00:00:00;0,547793401269750;0;3;Prairies
54;685,000000000000000;0,002973090277225;ndvi;StdTime;15-01-05 00:00:00;0,533344056745515;0;4;Foret feuillus
55;219,000000000000000;0,000950520833157;ndvi;StdTime;15-01-05 00:00:00;0,599439209318597;0;5;Foret resineux
56;1277,000000000000000;0,005542534721191;ndvi;StdTime;15-01-05 00:00:00;0,544220203450628;0;6;Foret mixte
57;15,000000000000000;0,000065104166655;ndvi;StdTime;15-01-05 00:00:00;0,405424429972967;0;7;Milieux semi-naturels
58;2,000000000000000;0,000008680555554;ndvi;StdTime;15-01-05 00:00:00;0,440710008144379;0;8;Zones humides et eau
61;23918,000000000000000;0,103810763869581;ndvi;StdTime;15-01-05 00:00:00;0,482740947258067;0;1;Artificialise
62;60865,000000000000000;0,264171006895311;ndvi;StdTime;15-01-05 00:00:00;0,493193167819195;0;2;Cultures
63;12006,000000000000000;0,052109374990308;ndvi;StdTime;15-01-05 00:00:00;0,577452039569197;0;3;Prairies
64;11171,000000000000000;0,048485243046538;ndvi;StdTime;15-01-05 00:00:00;0,565407444541622;0;4;Foret feuillus
65;495,000000000000000;0,002148437499600;ndvi;StdTime;15-01-05 00:00:00;0,722595579335183;0;5;Foret resineux
66;1468,000000000000000;0,006371527776593;ndvi;StdTime;15-01-05 00:00:00;0,619972721676086;0;6;Foret mixte
67;777,000000000000000;0,003372395832706;ndvi;StdTime;15-01-05 00:00:00;0,490305955729123;0;7;Milieux semi-naturels
68;453,000000000000000;0,001966145832968;ndvi;StdTime;15-01-05 00:00:00;0,365158018168827;0;8;Zones humides et eau
71;4130,000000000000000;0,017925347218888;ndvi;StdTime;15-01-05 00:00:00;0,308122719340838;0;1;Artificialise
72;100,000000000000000;0,000434027777697;ndvi;StdTime;15-01-05 00:00:00;0,474463941752910;0;2;Cultures
73;15,000000000000000;0,000065104166655;ndvi;StdTime;15-01-05 00:00:00;0,571080662806829;0;3;Prairies
74;459,000000000000000;0,001992187499629;ndvi;StdTime;15-01-05 00:00:00;0,515464912702315;0;4;Foret feuillus
76;35,000000000000000;0,000151909722194;ndvi;StdTime;15-01-05 00:00:00;0,526669517585209;0;6;Foret mixte
78;9,000000000000000;0,000039062499993;ndvi;StdTime;15-01-05 00:00:00;0,170788887474272;0;8;Zones humides et eau
81;27275,000000000000000;0,118381076366871;ndvi;StdTime;15-01-05 00:00:00;0,456998060859255;0;1;Artificialise
82;30867,000000000000000;0,133971354141749;ndvi;StdTime;15-01-05 00:00:00;0,569431113328114;0;2;Cultures
83;12409,000000000000000;0,053858506934427;ndvi;StdTime;15-01-05 00:00:00;0,607144191891173;0;3;Prairies
84;2241,000000000000000;0,009726562498191;ndvi;StdTime;15-01-05 00:00:00;0,539070734755036;0;4;Foret feuillus
85;5418,000000000000000;0,023515624995626;ndvi;StdTime;15-01-05 00:00:00;0,629737916567880;0;5;Foret resineux
86;3278,000000000000000;0,014227430552909;ndvi;StdTime;15-01-05 00:00:00;0,579977141239790;0;6;Foret mixte
87;1124,000000000000000;0,004878472221315;ndvi;StdTime;15-01-05 00:00:00;0,457630153917757;0;7;Milieux semi-naturels
88;2099,000000000000000;0,009110243053861;ndvi;StdTime;15-01-05 00:00:00;0,251563608367518;0;8;Zones humides et eau
91;21524,000000000000000;0,093420138871514;ndvi;StdTime;15-01-05 00:00:00;0,517594948630767;0;1;Artificialise
92;33863,000000000000000;0,146974826361553;ndvi;StdTime;15-01-05 00:00:00;0,511528274545327;0;2;Cultures
93;20854,000000000000000;0,090512152760943;ndvi;StdTime;15-01-05 00:00:00;0,633180015267136;0;3;Prairies
94;4447,000000000000000;0,019301215274188;ndvi;StdTime;15-01-05 00:00:00;0,575710537979742;0;4;Foret feuillus
95;10528,000000000000000;0,045694444435946;ndvi;StdTime;15-01-05 00:00:00;0,715897418315153;0;5;Foret resineux
96;16812,000000000000000;0,072968749986428;ndvi;StdTime;15-01-05 00:00:00;0,668764263871892;0;6;Foret mixte
97;2449,000000000000000;0,010629340275801;ndvi;StdTime;15-01-05 00:00:00;0,552553043262283;0;7;Milieux semi-naturels
98;2008,000000000000000;0,008715277776157;ndvi;StdTime;15-01-05 00:00:00;0,404589924775806;0;8;Zones humides et eau
101;7501,000000000000000;0,032556423605056;ndvi;StdTime;15-01-05 00:00:00;0,565144383423391;0;1;Artificialise
102;32049,000000000000000;0,139101562474128;ndvi;StdTime;15-01-05 00:00:00;0,616051803958272;0;2;Cultures
103;23798,000000000000000;0,103289930536344;ndvi;StdTime;15-01-05 00:00:00;0,631839090605245;0;3;Prairies
104;18168,000000000000000;0,078854166652000;ndvi;StdTime;15-01-05 00:00:00;0,604962751116785;0;4;Foret feuillus
105;13765,000000000000000;0,059743923599999;ndvi;StdTime;15-01-05 00:00:00;0,715380740455832;0;5;Foret resineux
106;30877,000000000000000;0,134014756919519;ndvi;StdTime;15-01-05 00:00:00;0,678261801241886;0;6;Foret mixte
107;2266,000000000000000;0,009835069442615;ndvi;StdTime;15-01-05 00:00:00;0,672434710853940;0;7;Milieux semi-naturels
108;332,000000000000000;0,001440972221954;ndvi;StdTime;15-01-05 00:00:00;0,594028439238129;0;8;Zones humides et eau
111;13192,000000000000000;0,057256944433795;ndvi;StdTime;15-01-05 00:00:00;0,539660694505713;0;1;Artificialise
112;48169,000000000000000;0,209066840238893;ndvi;StdTime;15-01-05 00:00:00;0,538149976968119;0;2;Cultures
113;9056,000000000000000;0,039305555548245;ndvi;StdTime;15-01-05 00:00:00;0,629747267065458;0;3;Prairies
114;15928,000000000000000;0,069131944431586;ndvi;StdTime;15-01-05 00:00:00;0,591743579713441;0;4;Foret feuillus
115;2083,000000000000000;0,009040798609430;ndvi;StdTime;15-01-05 00:00:00;0,704472338343491;0;5;Foret resineux
116;17702,000000000000000;0,076831597207932;ndvi;StdTime;15-01-05 00:00:00;0,634369197970676;0;6;Foret mixte
117;299,000000000000000;0,001297743055314;ndvi;StdTime;15-01-05 00:00:00;0,600333936238369;0;7;Milieux semi-naturels
118;319,000000000000000;0,001384548610854;ndvi;StdTime;15-01-05 00:00:00;0,419219737983423;0;8;Zones humides et eau
11;19297,000000000000000;0,083754340262200;ndvi;StdTime;15-01-06 00:00:00;0,457426832367525;0;1;Artificialise
12;32515,000000000000000;0,141124131918197;ndvi;StdTime;15-01-06 00:00:00;0,483204295554152;0;2;Cultures
13;4653,000000000000000;0,020195312496244;ndvi;StdTime;15-01-06 00:00:00;0,551514225968899;0;3;Prairies
14;2157,000000000000000;0,009361979164925;ndvi;StdTime;15-01-06 00:00:00;0,520549745265675;0;4;Foret feuillus
15;5373,000000000000000;0,023320312495663;ndvi;StdTime;15-01-06 00:00:00;0,634643766543019;0;5;Foret resineux
16;3663,000000000000000;0,015898437497043;ndvi;StdTime;15-01-06 00:00:00;0,582569590568089;0;6;Foret mixte
17;2665,000000000000000;0,011566840275626;ndvi;StdTime;15-01-06 00:00:00;0,468864738437964;0;7;Milieux semi-naturels
18;1194,000000000000000;0,005182291665703;ndvi;StdTime;15-01-06 00:00:00;0,353373795937298;0;8;Zones humides et eau
21;23642,000000000000000;0,102612847203137;ndvi;StdTime;15-01-06 00:00:00;0,464747257751477;0;1;Artificialise
22;53262,000000000000000;0,231171874957004;ndvi;StdTime;15-01-06 00:00:00;0,537933451549521;0;2;Cultures
23;7495,000000000000000;0,032530381938394;ndvi;StdTime;15-01-06 00:00:00;0,591971252565385;0;3;Prairies
24;1297,000000000000000;0,005629340276731;ndvi;StdTime;15-01-06 00:00:00;0,538200039448146;0;4;Foret feuillus
25;405,000000000000000;0,001757812499673;ndvi;StdTime;15-01-06 00:00:00;0,621931514254323;0;5;Foret resineux
26;881,000000000000000;0,003823784721511;ndvi;StdTime;15-01-06 00:00:00;0,581903484323306;0;6;Foret mixte
27;471,000000000000000;0,002044270832953;ndvi;StdTime;15-01-06 00:00:00;0,380676974338774;0;7;Milieux semi-naturels
28;1195,000000000000000;0,005186631943480;ndvi;StdTime;15-01-06 00:00:00;0,236477227144585;0;8;Zones humides et eau
31;20501,000000000000000;0,088980034705673;ndvi;StdTime;15-01-06 00:00:00;0,476697863368484;0;1;Artificialise
32;33836,000000000000000;0,146857638861575;ndvi;StdTime;15-01-06 00:00:00;0,497628752142193;0;2;Cultures
33;2765,000000000000000;0,012000868053323;ndvi;StdTime;15-01-06 00:00:00;0,552606882367816;0;3;Prairies
34;3126,000000000000000;0,013567708330810;ndvi;StdTime;15-01-06 00:00:00;0,529559172389603;0;4;Foret feuillus
35;335,000000000000000;0,001453993055285;ndvi;StdTime;15-01-06 00:00:00;0,609042350658730;0;5;Foret resineux
36;1500,000000000000000;0,006510416665456;ndvi;StdTime;15-01-06 00:00:00;0,552570359011491;0;6;Foret mixte
37;107,000000000000000;0,000464409722136;ndvi;StdTime;15-01-06 00:00:00;0,448646701524191;0;7;Milieux semi-naturels
38;185,000000000000000;0,000802951388740;ndvi;StdTime;15-01-06 00:00:00;0,415683924829638;0;8;Zones humides et eau
41;18508,000000000000000;0,080329861096170;ndvi;StdTime;15-01-06 00:00:00;0,450491447603970;0;1;Artificialise
42;63126,000000000000000;0,273984374949041;ndvi;StdTime;15-01-06 00:00:00;0,536493971251270;0;2;Cultures
43;8940,000000000000000;0,038802083326116;ndvi;StdTime;15-01-06 00:00:00;0,599996828086574;0;3;Prairies
44;659,000000000000000;0,002860243055024;ndvi;StdTime;15-01-06 00:00:00;0,567232463220544;0;4;Foret feuillus
45;283,000000000000000;0,001228298610883;ndvi;StdTime;15-01-06 00:00:00;0,587774423375568;0;5;Foret resineux
46;586,000000000000000;0,002543402777305;ndvi;StdTime;15-01-06 00:00:00;0,586092450118817;0;6;Foret mixte
47;686,000000000000000;0,002977430555002;ndvi;StdTime;15-01-06 00:00:00;0,375474193062436;0;7;Milieux semi-naturels
48;491,000000000000000;0,002131076388493;ndvi;StdTime;15-01-06 00:00:00;0,303165895675163;0;8;Zones humides et eau
51;8563,000000000000000;0,037165798604199;ndvi;StdTime;15-01-06 00:00:00;0,511128683884360;0;1;Artificialise
52;20512,000000000000000;0,089027777761219;ndvi;StdTime;15-01-06 00:00:00;0,451778389179320;0;2;Cultures
53;880,000000000000000;0,003819444443734;ndvi;StdTime;15-01-06 00:00:00;0,553819898753003;0;3;Prairies
54;685,000000000000000;0,002973090277225;ndvi;StdTime;15-01-06 00:00:00;0,539622766932432;0;4;Foret feuillus
55;219,000000000000000;0,000950520833157;ndvi;StdTime;15-01-06 00:00:00;0,603311180932337;0;5;Foret resineux
56;1277,000000000000000;0,005542534721191;ndvi;StdTime;15-01-06 00:00:00;0,556054060428330;0;6;Foret mixte
57;15,000000000000000;0,000065104166655;ndvi;StdTime;15-01-06 00:00:00;0,402172207832336;0;7;Milieux semi-naturels
58;2,000000000000000;0,000008680555554;ndvi;StdTime;15-01-06 00:00:00;0,439793333411217;0;8;Zones humides et eau
61;23918,000000000000000;0,103810763869581;ndvi;StdTime;15-01-06 00:00:00;0,481219127082230;0;1;Artificialise
62;60865,000000000000000;0,264171006895311;ndvi;StdTime;15-01-06 00:00:00;0,497483585178144;0;2;Cultures
63;12006,000000000000000;0,052109374990308;ndvi;StdTime;15-01-06 00:00:00;0,563919850666831;0;3;Prairies
64;11171,000000000000000;0,048485243046538;ndvi;StdTime;15-01-06 00:00:00;0,560561721225252;0;4;Foret feuillus
65;495,000000000000000;0,002148437499600;ndvi;StdTime;15-01-06 00:00:00;0,677595023073332;0;5;Foret resineux
66;1468,000000000000000;0,006371527776593;ndvi;StdTime;15-01-06 00:00:00;0,601289664773265;0;6;Foret mixte
67;777,000000000000000;0,003372395832706;ndvi;StdTime;15-01-06 00:00:00;0,483611159649902;0;7;Milieux semi-naturels
68;453,000000000000000;0,001966145832968;ndvi;StdTime;15-01-06 00:00:00;0,358942696126178;0;8;Zones humides et eau
71;4124,000000000000000;0,017899305552226;ndvi;StdTime;15-01-06 00:00:00;0,312766689603026;0;1;Artificialise
72;100,000000000000000;0,000434027777697;ndvi;StdTime;15-01-06 00:00:00;0,485733969807625;0;2;Cultures
73;15,000000000000000;0,000065104166655;ndvi;StdTime;15-01-06 00:00:00;0,540734652678172;0;3;Prairies
74;459,000000000000000;0,001992187499629;ndvi;StdTime;15-01-06 00:00:00;0,523967509371003;0;4;Foret feuillus
76;35,000000000000000;0,000151909722194;ndvi;StdTime;15-01-06 00:00:00;0,544788452557155;0;6;Foret mixte
78;9,000000000000000;0,000039062499993;ndvi;StdTime;15-01-06 00:00:00;0,177502218219969;0;8;Zones humides et eau
81;27291,000000000000000;0,118450520811303;ndvi;StdTime;15-01-06 00:00:00;0,453142800949906;0;1;Artificialise
82;30867,000000000000000;0,133971354141749;ndvi;StdTime;15-01-06 00:00:00;0,549711649584217;0;2;Cultures
83;12409,000000000000000;0,053858506934427;ndvi;StdTime;15-01-06 00:00:00;0,585616054312231;0;3;Prairies
84;2241,000000000000000;0,009726562498191;ndvi;StdTime;15-01-06 00:00:00;0,536265513384676;0;4;Foret feuillus
85;5418,000000000000000;0,023515624995626;ndvi;StdTime;15-01-06 00:00:00;0,628776125354096;0;5;Foret resineux
86;3278,000000000000000;0,014227430552909;ndvi;StdTime;15-01-06 00:00:00;0,577083866940977;0;6;Foret mixte
87;1122,000000000000000;0,004869791665761;ndvi;StdTime;15-01-06 00:00:00;0,454163461292757;0;7;Milieux semi-naturels
88;2074,000000000000000;0,009001736109437;ndvi;StdTime;15-01-06 00:00:00;0,244048765086763;0;8;Zones humides et eau
91;21518,000000000000000;0,093394097204852;ndvi;StdTime;15-01-06 00:00:00;0,501862538077172;0;1;Artificialise
92;33863,000000000000000;0,146974826361553;ndvi;StdTime;15-01-06 00:00:00;0,507564934090756;0;2;Cultures
93;20854,000000000000000;0,090512152760943;ndvi;StdTime;15-01-06 00:00:00;0,588221298601618;0;3;Prairies
94;4447,000000000000000;0,019301215274188;ndvi;StdTime;15-01-06 00:00:00;0,562895928825559;0;4;Foret feuillus
95;10490,000000000000000;0,045529513880421;ndvi;StdTime;15-01-06 00:00:00;0,682328186808483;0;5;Foret resineux
96;16812,000000000000000;0,072968749986428;ndvi;StdTime;15-01-06 00:00:00;0,636573739907348;0;6;Foret mixte
97;2443,000000000000000;0,010603298609139;ndvi;StdTime;15-01-06 00:00:00;0,534849105020844;0;7;Milieux semi-naturels
98;2008,000000000000000;0,008715277776157;ndvi;StdTime;15-01-06 00:00:00;0,389240661476445;0;8;Zones humides et eau
101;7501,000000000000000;0,032556423605056;ndvi;StdTime;15-01-06 00:00:00;0,525258513605287;0;1;Artificialise
102;32049,000000000000000;0,139101562474128;ndvi;StdTime;15-01-06 00:00:00;0,557066291253569;0;2;Cultures
103;23798,000000000000000;0,103289930536344;ndvi;StdTime;15-01-06 00:00:00;0,570019274504206;0;3;Prairies
104;18168,000000000000000;0,078854166652000;ndvi;StdTime;15-01-06 00:00:00;0,577577534703784;0;4;Foret feuillus
105;13765,000000000000000;0,059743923599999;ndvi;StdTime;15-01-06 00:00:00;0,668188422446332;0;5;Foret resineux
106;30877,000000000000000;0,134014756919519;ndvi;StdTime;15-01-06 00:00:00;0,631955309397863;0;6;Foret mixte
107;2266,000000000000000;0,009835069442615;ndvi;StdTime;15-01-06 00:00:00;0,616271489848105;0;7;Milieux semi-naturels
108;332,000000000000000;0,001440972221954;ndvi;StdTime;15-01-06 00:00:00;0,548547109835838;0;8;Zones humides et eau
111;13192,000000000000000;0,057256944433795;ndvi;StdTime;15-01-06 00:00:00;0,527165362380982;0;1;Artificialise
112;48169,000000000000000;0,209066840238893;ndvi;StdTime;15-01-06 00:00:00;0,530135931505268;0;2;Cultures
113;9056,000000000000000;0,039305555548245;ndvi;StdTime;15-01-06 00:00:00;0,590823724477586;0;3;Prairies
114;15928,000000000000000;0,069131944431586;ndvi;StdTime;15-01-06 00:00:00;0,576076891701736;0;4;Foret feuillus
115;2083,000000000000000;0,009040798609430;ndvi;StdTime;15-01-06 00:00:00;0,677688019669406;0;5;Foret resineux
116;17702,000000000000000;0,076831597207932;ndvi;StdTime;15-01-06 00:00:00;0,611467440794543;0;6;Foret mixte
117;299,000000000000000;0,001297743055314;ndvi;StdTime;15-01-06 00:00:00;0,574178392472474;0;7;Milieux semi-naturels
118;319,000000000000000;0,001384548610854;ndvi;StdTime;15-01-06 00:00:00;0,410827413808590;0;8;Zones humides et eau
11;19297,000000000000000;0,083754340262200;ndvi;StdTime;15-01-07 00:00:00;0,532554219998741;0;1;Artificialise
12;32515,000000000000000;0,141124131918197;ndvi;StdTime;15-01-07 00:00:00;0,592272775620566;0;2;Cultures
13;4653,000000000000000;0,020195312496244;ndvi;StdTime;15-01-07 00:00:00;0,659926536062470;0;3;Prairies
14;2157,000000000000000;0,009361979164925;ndvi;StdTime;15-01-07 00:00:00;0,586878770097959;0;4;Foret feuillus
15;5373,000000000000000;0,023320312495663;ndvi;StdTime;15-01-07 00:00:00;0,657975693932018;0;5;Foret resineux
16;3663,000000000000000;0,015898437497043;ndvi;StdTime;15-01-07 00:00:00;0,615312413268001;0;6;Foret mixte
17;2665,000000000000000;0,011566840275626;ndvi;StdTime;15-01-07 00:00:00;0,517771174168777;0;7;Milieux semi-naturels
18;1194,000000000000000;0,005182291665703;ndvi;StdTime;15-01-07 00:00:00;0,402124799566673;0;8;Zones humides et eau
21;23643,000000000000000;0,102617187480914;ndvi;StdTime;15-01-07 00:00:00;0,527119791218935;0;1;Artificialise
22;53262,000000000000000;0,231171874957004;ndvi;StdTime;15-01-07 00:00:00;0,625722032229901;0;2;Cultures
23;7495,000000000000000;0,032530381938394;ndvi;StdTime;15-01-07 00:00:00;0,680807069924134;0;3;Prairies
24;1297,000000000000000;0,005629340276731;ndvi;StdTime;15-01-07 00:00:00;0,597883777197454;0;4;Foret feuillus
25;405,000000000000000;0,001757812499673;ndvi;StdTime;15-01-07 00:00:00;0,649424851602978;0;5;Foret resineux
26;881,000000000000000;0,003823784721511;ndvi;StdTime;15-01-07 00:00:00;0,621352179908319;0;6;Foret mixte
27;469,000000000000000;0,002035590277399;ndvi;StdTime;15-01-07 00:00:00;0,396762033455820;0;7;Milieux semi-naturels
28;1184,000000000000000;0,005138888887933;ndvi;StdTime;15-01-07 00:00:00;0,277939820152283;0;8;Zones humides et eau
31;20501,000000000000000;0,088980034705673;ndvi;StdTime;15-01-07 00:00:00;0,549905677472258;0;1;Artificialise
32;33836,000000000000000;0,146857638861575;ndvi;StdTime;15-01-07 00:00:00;0,600161377597750;0;2;Cultures
33;2765,000000000000000;0,012000868053323;ndvi;StdTime;15-01-07 00:00:00;0,655613573776662;0;3;Prairies
34;3126,000000000000000;0,013567708330810;ndvi;StdTime;15-01-07 00:00:00;0,576324679691556;0;4;Foret feuillus
35;335,000000000000000;0,001453993055285;ndvi;StdTime;15-01-07 00:00:00;0,654672814127225;0;5;Foret resineux
36;1500,000000000000000;0,006510416665456;ndvi;StdTime;15-01-07 00:00:00;0,598773727317651;0;6;Foret mixte
37;107,000000000000000;0,000464409722136;ndvi;StdTime;15-01-07 00:00:00;0,518645562301172;0;7;Milieux semi-naturels
38;185,000000000000000;0,000802951388740;ndvi;StdTime;15-01-07 00:00:00;0,466672889364732;0;8;Zones humides et eau
41;18473,000000000000000;0,080177951373976;ndvi;StdTime;15-01-07 00:00:00;0,511545428665387;0;1;Artificialise
42;63126,000000000000000;0,273984374949041;ndvi;StdTime;15-01-07 00:00:00;0,626613894686690;0;2;Cultures
43;8940,000000000000000;0,038802083326116;ndvi;StdTime;15-01-07 00:00:00;0,692234854918530;0;3;Prairies
44;659,000000000000000;0,002860243055024;ndvi;StdTime;15-01-07 00:00:00;0,619410247108100;0;4;Foret feuillus
45;277,000000000000000;0,001202256944221;ndvi;StdTime;15-01-07 00:00:00;0,636494769435712;0;5;Foret resineux
46;586,000000000000000;0,002543402777305;ndvi;StdTime;15-01-07 00:00:00;0,639746444039174;0;6;Foret mixte
47;669,000000000000000;0,002903645832793;ndvi;StdTime;15-01-07 00:00:00;0,414914519535809;0;7;Milieux semi-naturels
48;493,000000000000000;0,002139756944046;ndvi;StdTime;15-01-07 00:00:00;0,352753160039670;0;8;Zones humides et eau
51;8563,000000000000000;0,037165798604199;ndvi;StdTime;15-01-07 00:00:00;0,579491508220396;0;1;Artificialise
52;20512,000000000000000;0,089027777761219;ndvi;StdTime;15-01-07 00:00:00;0,545473836513468;0;2;Cultures
53;880,000000000000000;0,003819444443734;ndvi;StdTime;15-01-07 00:00:00;0,633084192872048;0;3;Prairies
54;685,000000000000000;0,002973090277225;ndvi;StdTime;15-01-07 00:00:00;0,587178944671241;0;4;Foret feuillus
55;219,000000000000000;0,000950520833157;ndvi;StdTime;15-01-07 00:00:00;0,633271975332199;0;5;Foret resineux
56;1277,000000000000000;0,005542534721191;ndvi;StdTime;15-01-07 00:00:00;0,598253581821684;0;6;Foret mixte
57;15,000000000000000;0,000065104166655;ndvi;StdTime;15-01-07 00:00:00;0,451810429493586;0;7;Milieux semi-naturels
58;2,000000000000000;0,000008680555554;ndvi;StdTime;15-01-07 00:00:00;0,529704988002777;0;8;Zones humides et eau
61;23918,000000000000000;0,103810763869581;ndvi;StdTime;15-01-07 00:00:00;0,539920974061801;0;1;Artificialise
62;60865,000000000000000;0,264171006895311;ndvi;StdTime;15-01-07 00:00:00;0,589198082384338;0;2;Cultures
63;12006,000000000000000;0,052109374990308;ndvi;StdTime;15-01-07 00:00:00;0,657914470992461;0;3;Prairies
64;11171,000000000000000;0,048485243046538;ndvi;StdTime;15-01-07 00:00:00;0,595108912447532;0;4;Foret feuillus
65;495,000000000000000;0,002148437499600;ndvi;StdTime;15-01-07 00:00:00;0,715578233232401;0;5;Foret resineux
66;1468,000000000000000;0,006371527776593;ndvi;StdTime;15-01-07 00:00:00;0,637326025081754;0;6;Foret mixte
67;777,000000000000000;0,003372395832706;ndvi;StdTime;15-01-07 00:00:00;0,535413233699945;0;7;Milieux semi-naturels
68;453,000000000000000;0,001966145832968;ndvi;StdTime;15-01-07 00:00:00;0,409687324081163;0;8;Zones humides et eau
71;4130,000000000000000;0,017925347218888;ndvi;StdTime;15-01-07 00:00:00;0,346080860392739;0;1;Artificialise
72;100,000000000000000;0,000434027777697;ndvi;StdTime;15-01-07 00:00:00;0,561575139760972;0;2;Cultures
73;15,000000000000000;0,000065104166655;ndvi;StdTime;15-01-07 00:00:00;0,651523967583974;0;3;Prairies
74;459,000000000000000;0,001992187499629;ndvi;StdTime;15-01-07 00:00:00;0,541640127990760;0;4;Foret feuillus
76;35,000000000000000;0,000151909722194;ndvi;StdTime;15-01-07 00:00:00;0,548102136169161;0;6;Foret mixte
78;9,000000000000000;0,000039062499993;ndvi;StdTime;15-01-07 00:00:00;0,194796474443542;0;8;Zones humides et eau
81;27217,000000000000000;0,118129340255807;ndvi;StdTime;15-01-07 00:00:00;0,502144750019566;0;1;Artificialise
82;30867,000000000000000;0,133971354141749;ndvi;StdTime;15-01-07 00:00:00;0,632239466151630;0;2;Cultures
83;12409,000000000000000;0,053858506934427;ndvi;StdTime;15-01-07 00:00:00;0,673360385930754;0;3;Prairies
84;2241,000000000000000;0,009726562498191;ndvi;StdTime;15-01-07 00:00:00;0,577537151405131;0;4;Foret feuillus
85;5418,000000000000000;0,023515624995626;ndvi;StdTime;15-01-07 00:00:00;0,656240054478766;0;5;Foret resineux
86;3278,000000000000000;0,014227430552909;ndvi;StdTime;15-01-07 00:00:00;0,613367852239511;0;6;Foret mixte
87;1122,000000000000000;0,004869791665761;ndvi;StdTime;15-01-07 00:00:00;0,496229171394345;0;7;Milieux semi-naturels
88;2045,000000000000000;0,008875868053905;ndvi;StdTime;15-01-07 00:00:00;0,284222630857522;0;8;Zones humides et eau
91;21524,000000000000000;0,093420138871514;ndvi;StdTime;15-01-07 00:00:00;0,574788325103998;0;1;Artificialise
92;33863,000000000000000;0,146974826361553;ndvi;StdTime;15-01-07 00:00:00;0,615177558991612;0;2;Cultures
93;20854,000000000000000;0,090512152760943;ndvi;StdTime;15-01-07 00:00:00;0,698808347930488;0;3;Prairies
94;4447,000000000000000;0,019301215274188;ndvi;StdTime;15-01-07 00:00:00;0,601858882132557;0;4;Foret feuillus
95;10528,000000000000000;0,045694444435946;ndvi;StdTime;15-01-07 00:00:00;0,712528111101739;0;5;Foret resineux
96;16812,000000000000000;0,072968749986428;ndvi;StdTime;15-01-07 00:00:00;0,676702067915409;0;6;Foret mixte
97;2449,000000000000000;0,010629340275801;ndvi;StdTime;15-01-07 00:00:00;0,567864798109792;0;7;Milieux semi-naturels
98;2008,000000000000000;0,008715277776157;ndvi;StdTime;15-01-07 00:00:00;0,417970140554003;0;8;Zones humides et eau
101;7501,000000000000000;0,032556423605056;ndvi;StdTime;15-01-07 00:00:00;0,617093721831532;0;1;Artificialise
102;32049,000000000000000;0,139101562474128;ndvi;StdTime;15-01-07 00:00:00;0,679032881013160;0;2;Cultures
103;23798,000000000000000;0,103289930536344;ndvi;StdTime;15-01-07 00:00:00;0,693910936382207;0;3;Prairies
104;18168,000000000000000;0,078854166652000;ndvi;StdTime;15-01-07 00:00:00;0,608770742723724;0;4;Foret feuillus
105;13765,000000000000000;0,059743923599999;ndvi;StdTime;15-01-07 00:00:00;0,701006167726520;0;5;Foret resineux
106;30877,000000000000000;0,134014756919519;ndvi;StdTime;15-01-07 00:00:00;0,674000929118466;0;6;Foret mixte
107;2266,000000000000000;0,009835069442615;ndvi;StdTime;15-01-07 00:00:00;0,650289735326911;0;7;Milieux semi-naturels
108;332,000000000000000;0,001440972221954;ndvi;StdTime;15-01-07 00:00:00;0,577126914119146;0;8;Zones humides et eau
111;13192,000000000000000;0,057256944433795;ndvi;StdTime;15-01-07 00:00:00;0,600292529393465;0;1;Artificialise
112;48169,000000000000000;0,209066840238893;ndvi;StdTime;15-01-07 00:00:00;0,628975077218417;0;2;Cultures
113;9056,000000000000000;0,039305555548245;ndvi;StdTime;15-01-07 00:00:00;0,700516703844651;0;3;Prairies
114;15928,000000000000000;0,069131944431586;ndvi;StdTime;15-01-07 00:00:00;0,616374008363135;0;4;Foret feuillus
115;2083,000000000000000;0,009040798609430;ndvi;StdTime;15-01-07 00:00:00;0,705239617575605;0;5;Foret resineux
116;17702,000000000000000;0,076831597207932;ndvi;StdTime;15-01-07 00:00:00;0,653551998089337;0;6;Foret mixte
117;299,000000000000000;0,001297743055314;ndvi;StdTime;15-01-07 00:00:00;0,615630683591932;0;7;Milieux semi-naturels
118;319,000000000000000;0,001384548610854;ndvi;StdTime;15-01-07 00:00:00;0,420637608742265;0;8;Zones humides et eau
11;19296,000000000000000;0,083749999984423;ndvi;StdTime;15-01-08 00:00:00;0,484037221537959;0;1;Artificialise
12;32515,000000000000000;0,141124131918197;ndvi;StdTime;15-01-08 00:00:00;0,506856649643515;0;2;Cultures
13;4653,000000000000000;0,020195312496244;ndvi;StdTime;15-01-08 00:00:00;0,581815514815205;0;3;Prairies
14;2157,000000000000000;0,009361979164925;ndvi;StdTime;15-01-08 00:00:00;0,533295020716689;0;4;Foret feuillus
15;5373,000000000000000;0,023320312495663;ndvi;StdTime;15-01-08 00:00:00;0,633449204799938;0;5;Foret resineux
16;3663,000000000000000;0,015898437497043;ndvi;StdTime;15-01-08 00:00:00;0,588695205013804;0;6;Foret mixte
17;2665,000000000000000;0,011566840275626;ndvi;StdTime;15-01-08 00:00:00;0,485463421896282;0;7;Milieux semi-naturels
18;1192,000000000000000;0,005173611110149;ndvi;StdTime;15-01-08 00:00:00;0,378505432551677;0;8;Zones humides et eau
21;23648,000000000000000;0,102638888869799;ndvi;StdTime;15-01-08 00:00:00;0,471018450972334;0;1;Artificialise
22;53262,000000000000000;0,231171874957004;ndvi;StdTime;15-01-08 00:00:00;0,538372242641743;0;2;Cultures
23;7495,000000000000000;0,032530381938394;ndvi;StdTime;15-01-08 00:00:00;0,596859797867161;0;3;Prairies
24;1297,000000000000000;0,005629340276731;ndvi;StdTime;15-01-08 00:00:00;0,537229508827903;0;4;Foret feuillus
25;405,000000000000000;0,001757812499673;ndvi;StdTime;15-01-08 00:00:00;0,602406907081604;0;5;Foret resineux
26;881,000000000000000;0,003823784721511;ndvi;StdTime;15-01-08 00:00:00;0,572478024071245;0;6;Foret mixte
27;470,000000000000000;0,002039930555176;ndvi;StdTime;15-01-08 00:00:00;0,348233012831274;0;7;Milieux semi-naturels
28;1197,000000000000000;0,005195312499034;ndvi;StdTime;15-01-08 00:00:00;0,240811891564278;0;8;Zones humides et eau
31;20501,000000000000000;0,088980034705673;ndvi;StdTime;15-01-08 00:00:00;0,487419907852058;0;1;Artificialise
32;33836,000000000000000;0,146857638861575;ndvi;StdTime;15-01-08 00:00:00;0,503773135527791;0;2;Cultures
33;2765,000000000000000;0,012000868053323;ndvi;StdTime;15-01-08 00:00:00;0,574594258593822;0;3;Prairies
34;3126,000000000000000;0,013567708330810;ndvi;StdTime;15-01-08 00:00:00;0,529884981326353;0;4;Foret feuillus
35;335,000000000000000;0,001453993055285;ndvi;StdTime;15-01-08 00:00:00;0,621291175618101;0;5;Foret resineux
36;1500,000000000000000;0,006510416665456;ndvi;StdTime;15-01-08 00:00:00;0,555468145310879;0;6;Foret mixte
37;107,000000000000000;0,000464409722136;ndvi;StdTime;15-01-08 00:00:00;0,479642073963290;0;7;Milieux semi-naturels
38;185,000000000000000;0,000802951388740;ndvi;StdTime;15-01-08 00:00:00;0,417410566516825;0;8;Zones humides et eau
41;18534,000000000000000;0,080442708318372;ndvi;StdTime;15-01-08 00:00:00;0,465277068680542;0;1;Artificialise
42;63126,000000000000000;0,273984374949041;ndvi;StdTime;15-01-08 00:00:00;0,543821798045664;0;2;Cultures
43;8940,000000000000000;0,038802083326116;ndvi;StdTime;15-01-08 00:00:00;0,632115875587901;0;3;Prairies
44;659,000000000000000;0,002860243055024;ndvi;StdTime;15-01-08 00:00:00;0,583683690731732;0;4;Foret feuillus
45;284,000000000000000;0,001232638888660;ndvi;StdTime;15-01-08 00:00:00;0,610147707688977;0;5;Foret resineux
46;586,000000000000000;0,002543402777305;ndvi;StdTime;15-01-08 00:00:00;0,608448247937009;0;6;Foret mixte
47;691,000000000000000;0,002999131943887;ndvi;StdTime;15-01-08 00:00:00;0,385258957266527;0;7;Milieux semi-naturels
48;500,000000000000000;0,002170138888485;ndvi;StdTime;15-01-08 00:00:00;0,324323745813221;0;8;Zones humides et eau
51;8563,000000000000000;0,037165798604199;ndvi;StdTime;15-01-08 00:00:00;0,509712920170599;0;1;Artificialise
52;20512,000000000000000;0,089027777761219;ndvi;StdTime;15-01-08 00:00:00;0,431150316243319;0;2;Cultures
53;880,000000000000000;0,003819444443734;ndvi;StdTime;15-01-08 00:00:00;0,545401735366746;0;3;Prairies
54;685,000000000000000;0,002973090277225;ndvi;StdTime;15-01-08 00:00:00;0,529083161197440;0;4;Foret feuillus
55;219,000000000000000;0,000950520833157;ndvi;StdTime;15-01-08 00:00:00;0,585700803695749;0;5;Foret resineux
56;1277,000000000000000;0,005542534721191;ndvi;StdTime;15-01-08 00:00:00;0,544234910418302;0;6;Foret mixte
57;15,000000000000000;0,000065104166655;ndvi;StdTime;15-01-08 00:00:00;0,427486658096313;0;7;Milieux semi-naturels
58;2,000000000000000;0,000008680555554;ndvi;StdTime;15-01-08 00:00:00;0,459275007247925;0;8;Zones humides et eau
61;23918,000000000000000;0,103810763869581;ndvi;StdTime;15-01-08 00:00:00;0,489180284154874;0;1;Artificialise
62;60865,000000000000000;0,264171006895311;ndvi;StdTime;15-01-08 00:00:00;0,490584557380622;0;2;Cultures
63;12006,000000000000000;0,052109374990308;ndvi;StdTime;15-01-08 00:00:00;0,575643516005242;0;3;Prairies
64;11171,000000000000000;0,048485243046538;ndvi;StdTime;15-01-08 00:00:00;0,567629694239686;0;4;Foret feuillus
65;495,000000000000000;0,002148437499600;ndvi;StdTime;15-01-08 00:00:00;0,691819684734248;0;5;Foret resineux
66;1468,000000000000000;0,006371527776593;ndvi;StdTime;15-01-08 00:00:00;0,617143785789081;0;6;Foret mixte
67;777,000000000000000;0,003372395832706;ndvi;StdTime;15-01-08 00:00:00;0,489163112935719;0;7;Milieux semi-naturels
68;453,000000000000000;0,001966145832968;ndvi;StdTime;15-01-08 00:00:00;0,373756759547141;0;8;Zones humides et eau
71;4130,000000000000000;0,017925347218888;ndvi;StdTime;15-01-08 00:00:00;0,320491000095306;0;1;Artificialise
72;100,000000000000000;0,000434027777697;ndvi;StdTime;15-01-08 00:00:00;0,506193889081478;0;2;Cultures
73;15,000000000000000;0,000065104166655;ndvi;StdTime;15-01-08 00:00:00;0,553717323144277;0;3;Prairies
74;459,000000000000000;0,001992187499629;ndvi;StdTime;15-01-08 00:00:00;0,513295712164545;0;4;Foret feuillus
76;35,000000000000000;0,000151909722194;ndvi;StdTime;15-01-08 00:00:00;0,529327986921583;0;6;Foret mixte
78;9,000000000000000;0,000039062499993;ndvi;StdTime;15-01-08 00:00:00;0,181927397847176;0;8;Zones humides et eau
81;27351,000000000000000;0,118710937477921;ndvi;StdTime;15-01-08 00:00:00;0,463114417759672;0;1;Artificialise
82;30867,000000000000000;0,133971354141749;ndvi;StdTime;15-01-08 00:00:00;0,565432050654624;0;2;Cultures
83;12409,000000000000000;0,053858506934427;ndvi;StdTime;15-01-08 00:00:00;0,603341979906114;0;3;Prairies
84;2241,000000000000000;0,009726562498191;ndvi;StdTime;15-01-08 00:00:00;0,537510641511000;0;4;Foret feuillus
85;5418,000000000000000;0,023515624995626;ndvi;StdTime;15-01-08 00:00:00;0,621172359079155;0;5;Foret resineux
86;3278,000000000000000;0,014227430552909;ndvi;StdTime;15-01-08 00:00:00;0,577996470647806;0;6;Foret mixte
87;1125,000000000000000;0,004882812499092;ndvi;StdTime;15-01-08 00:00:00;0,459488128079308;0;7;Milieux semi-naturels
88;2123,000000000000000;0,009214409720508;ndvi;StdTime;15-01-08 00:00:00;0,253237802773829;0;8;Zones humides et eau
91;21524,000000000000000;0,093420138871514;ndvi;StdTime;15-01-08 00:00:00;0,517564353904510;0;1;Artificialise
92;33863,000000000000000;0,146974826361553;ndvi;StdTime;15-01-08 00:00:00;0,505384558890828;0;2;Cultures
93;20854,000000000000000;0,090512152760943;ndvi;StdTime;15-01-08 00:00:00;0,627440960234107;0;3;Prairies
94;4447,000000000000000;0,019301215274188;ndvi;StdTime;15-01-08 00:00:00;0,572040591929262;0;4;Foret feuillus
95;10528,000000000000000;0,045694444435946;ndvi;StdTime;15-01-08 00:00:00;0,711755412387291;0;5;Foret resineux
96;16812,000000000000000;0,072968749986428;ndvi;StdTime;15-01-08 00:00:00;0,663746026200347;0;6;Foret mixte
97;2449,000000000000000;0,010629340275801;ndvi;StdTime;15-01-08 00:00:00;0,546059254555374;0;7;Milieux semi-naturels
98;2008,000000000000000;0,008715277776157;ndvi;StdTime;15-01-08 00:00:00;0,404535507494342;0;8;Zones humides et eau
101;7501,000000000000000;0,032556423605056;ndvi;StdTime;15-01-08 00:00:00;0,555173118525133;0;1;Artificialise
102;32049,000000000000000;0,139101562474128;ndvi;StdTime;15-01-08 00:00:00;0,599657221591292;0;2;Cultures
103;23798,000000000000000;0,103289930536344;ndvi;StdTime;15-01-08 00:00:00;0,619375246277585;0;3;Prairies
104;18168,000000000000000;0,078854166652000;ndvi;StdTime;15-01-08 00:00:00;0,606578010001117;0;4;Foret feuillus
105;13765,000000000000000;0,059743923599999;ndvi;StdTime;15-01-08 00:00:00;0,701429262342690;0;5;Foret resineux
106;30877,000000000000000;0,134014756919519;ndvi;StdTime;15-01-08 00:00:00;0,665839414495479;0;6;Foret mixte
107;2266,000000000000000;0,009835069442615;ndvi;StdTime;15-01-08 00:00:00;0,628903147665042;0;7;Milieux semi-naturels
108;332,000000000000000;0,001440972221954;ndvi;StdTime;15-01-08 00:00:00;0,560701061085045;0;8;Zones humides et eau
111;13192,000000000000000;0,057256944433795;ndvi;StdTime;15-01-08 00:00:00;0,529349302615475;0;1;Artificialise
112;48169,000000000000000;0,209066840238893;ndvi;StdTime;15-01-08 00:00:00;0,513764752304345;0;2;Cultures
113;9056,000000000000000;0,039305555548245;ndvi;StdTime;15-01-08 00:00:00;0,606016850299712;0;3;Prairies
114;15928,000000000000000;0,069131944431586;ndvi;StdTime;15-01-08 00:00:00;0,583718381344990;0;4;Foret feuillus
115;2083,000000000000000;0,009040798609430;ndvi;StdTime;15-01-08 00:00:00;0,689049038215148;0;5;Foret resineux
116;17702,000000000000000;0,076831597207932;ndvi;StdTime;15-01-08 00:00:00;0,620962880621684;0;6;Foret mixte
117;299,000000000000000;0,001297743055314;ndvi;StdTime;15-01-08 00:00:00;0,577957347782958;0;7;Milieux semi-naturels
118;319,000000000000000;0,001384548610854;ndvi;StdTime;15-01-08 00:00:00;0,402053339167448;0;8;Zones humides et eau
11;19297,000000000000000;0,083754340262200;ndvi;StdTime;15-01-09 00:00:00;0,463313418516823;0;1;Artificialise
12;32515,000000000000000;0,141124131918197;ndvi;StdTime;15-01-09 00:00:00;0,484301481782867;0;2;Cultures
13;4653,000000000000000;0,020195312496244;ndvi;StdTime;15-01-09 00:00:00;0,553376838856298;0;3;Prairies
14;2157,000000000000000;0,009361979164925;ndvi;StdTime;15-01-09 00:00:00;0,519726620968923;0;4;Foret feuillus
15;5373,000000000000000;0,023320312495663;ndvi;StdTime;15-01-09 00:00:00;0,634215157377126;0;5;Foret resineux
16;3663,000000000000000;0,015898437497043;ndvi;StdTime;15-01-09 00:00:00;0,581088641555199;0;6;Foret mixte
17;2665,000000000000000;0,011566840275626;ndvi;StdTime;15-01-09 00:00:00;0,474971930101150;0;7;Milieux semi-naturels
18;1213,000000000000000;0,005264756943465;ndvi;StdTime;15-01-09 00:00:00;0,342277074165900;0;8;Zones humides et eau
21;23610,000000000000000;0,102473958314274;ndvi;StdTime;15-01-09 00:00:00;0,458498337128911;0;1;Artificialise
22;53259,000000000000000;0,231158854123673;ndvi;StdTime;15-01-09 00:00:00;0,510754351209409;0;2;Cultures
23;7495,000000000000000;0,032530381938394;ndvi;StdTime;15-01-09 00:00:00;0,569393179328581;0;3;Prairies
24;1297,000000000000000;0,005629340276731;ndvi;StdTime;15-01-09 00:00:00;0,539256105559922;0;4;Foret feuillus
25;405,000000000000000;0,001757812499673;ndvi;StdTime;15-01-09 00:00:00;0,601828840264567;0;5;Foret resineux
26;881,000000000000000;0,003823784721511;ndvi;StdTime;15-01-09 00:00:00;0,570077989939664;0;6;Foret mixte
27;471,000000000000000;0,002044270832953;ndvi;StdTime;15-01-09 00:00:00;0,309284264360201;0;7;Milieux semi-naturels
28;1220,000000000000000;0,005295138887904;ndvi;StdTime;15-01-09 00:00:00;0,225196729552814;0;8;Zones humides et eau
31;20501,000000000000000;0,088980034705673;ndvi;StdTime;15-01-09 00:00:00;0,472128859596878;0;1;Artificialise
32;33836,000000000000000;0,146857638861575;ndvi;StdTime;15-01-09 00:00:00;0,485126546388426;0;2;Cultures
33;2765,000000000000000;0,012000868053323;ndvi;StdTime;15-01-09 00:00:00;0,541684200211847;0;3;Prairies
34;3126,000000000000000;0,013567708330810;ndvi;StdTime;15-01-09 00:00:00;0,524195379455427;0;4;Foret feuillus
35;335,000000000000000;0,001453993055285;ndvi;StdTime;15-01-09 00:00:00;0,619116955283862;0;5;Foret resineux
36;1500,000000000000000;0,006510416665456;ndvi;StdTime;15-01-09 00:00:00;0,555359925727049;0;6;Foret mixte
37;107,000000000000000;0,000464409722136;ndvi;StdTime;15-01-09 00:00:00;0,443871765911022;0;7;Milieux semi-naturels
38;185,000000000000000;0,000802951388740;ndvi;StdTime;15-01-09 00:00:00;0,416363070381654;0;8;Zones humides et eau
41;18488,000000000000000;0,080243055540631;ndvi;StdTime;15-01-09 00:00:00;0,432979316662858;0;1;Artificialise
42;63126,000000000000000;0,273984374949041;ndvi;StdTime;15-01-09 00:00:00;0,498098416757959;0;2;Cultures
43;8935,000000000000000;0,038780381937232;ndvi;StdTime;15-01-09 00:00:00;0,567284740430053;0;3;Prairies
44;659,000000000000000;0,002860243055024;ndvi;StdTime;15-01-09 00:00:00;0,531442499441153;0;4;Foret feuillus
45;283,000000000000000;0,001228298610883;ndvi;StdTime;15-01-09 00:00:00;0,576656078860533;0;5;Foret resineux
46;586,000000000000000;0,002543402777305;ndvi;StdTime;15-01-09 00:00:00;0,560119570445892;0;6;Foret mixte
47;676,000000000000000;0,002934027777232;ndvi;StdTime;15-01-09 00:00:00;0,364926550917592;0;7;Milieux semi-naturels
48;498,000000000000000;0,002161458332931;ndvi;StdTime;15-01-09 00:00:00;0,291859597802708;0;8;Zones humides et eau
51;8563,000000000000000;0,037165798604199;ndvi;StdTime;15-01-09 00:00:00;0,509466824496890;0;1;Artificialise
52;20512,000000000000000;0,089027777761219;ndvi;StdTime;15-01-09 00:00:00;0,438898015046689;0;2;Cultures
53;880,000000000000000;0,003819444443734;ndvi;StdTime;15-01-09 00:00:00;0,530260187387466;0;3;Prairies
54;685,000000000000000;0,002973090277225;ndvi;StdTime;15-01-09 00:00:00;0,540335920387811;0;4;Foret feuillus
55;219,000000000000000;0,000950520833157;ndvi;StdTime;15-01-09 00:00:00;0,593711415654448;0;5;Foret resineux
56;1277,000000000000000;0,005542534721191;ndvi;StdTime;15-01-09 00:00:00;0,551880489080888;0;6;Foret mixte
57;15,000000000000000;0,000065104166655;ndvi;StdTime;15-01-09 00:00:00;0,416893329222997;0;7;Milieux semi-naturels
58;2,000000000000000;0,000008680555554;ndvi;StdTime;15-01-09 00:00:00;0,509466633200645;0;8;Zones humides et eau
61;23918,000000000000000;0,103810763869581;ndvi;StdTime;15-01-09 00:00:00;0,463672874517193;0;1;Artificialise
62;60865,000000000000000;0,264171006895311;ndvi;StdTime;15-01-09 00:00:00;0,455750985696863;0;2;Cultures
63;12006,000000000000000;0,052109374990308;ndvi;StdTime;15-01-09 00:00:00;0,536588179196107;0;3;Prairies
64;11171,000000000000000;0,048485243046538;ndvi;StdTime;15-01-09 00:00:00;0,541358063304428;0;4;Foret feuillus
65;495,000000000000000;0,002148437499600;ndvi;StdTime;15-01-09 00:00:00;0,680275292227967;0;5;Foret resineux
66;1468,000000000000000;0,006371527776593;ndvi;StdTime;15-01-09 00:00:00;0,600609560509793;0;6;Foret mixte
67;777,000000000000000;0,003372395832706;ndvi;StdTime;15-01-09 00:00:00;0,471362971852952;0;7;Milieux semi-naturels
68;453,000000000000000;0,001966145832968;ndvi;StdTime;15-01-09 00:00:00;0,358676369441776;0;8;Zones humides et eau
71;4124,000000000000000;0,017899305552226;ndvi;StdTime;15-01-09 00:00:00;0,315187345696098;0;1;Artificialise
72;100,000000000000000;0,000434027777697;ndvi;StdTime;15-01-09 00:00:00;0,481702688038349;0;2;Cultures
73;15,000000000000000;0,000065104166655;ndvi;StdTime;15-01-09 00:00:00;0,536203871170680;0;3;Prairies
74;459,000000000000000;0,001992187499629;ndvi;StdTime;15-01-09 00:00:00;0,526904678747285;0;4;Foret feuillus
76;35,000000000000000;0,000151909722194;ndvi;StdTime;15-01-09 00:00:00;0,540799995831081;0;6;Foret mixte
78;9,000000000000000;0,000039062499993;ndvi;StdTime;15-01-09 00:00:00;0,176747217360470;0;8;Zones humides et eau
81;27078,000000000000000;0,117526041644808;ndvi;StdTime;15-01-09 00:00:00;0,439531261342707;0;1;Artificialise
82;30867,000000000000000;0,133971354141749;ndvi;StdTime;15-01-09 00:00:00;0,526285371241893;0;2;Cultures
83;12409,000000000000000;0,053858506934427;ndvi;StdTime;15-01-09 00:00:00;0,558437437664467;0;3;Prairies
84;2241,000000000000000;0,009726562498191;ndvi;StdTime;15-01-09 00:00:00;0,520869949093649;0;4;Foret feuillus
85;5418,000000000000000;0,023515624995626;ndvi;StdTime;15-01-09 00:00:00;0,603921986745045;0;5;Foret resineux
86;3278,000000000000000;0,014227430552909;ndvi;StdTime;15-01-09 00:00:00;0,554096017762464;0;6;Foret mixte
87;1113,000000000000000;0,004830729165768;ndvi;StdTime;15-01-09 00:00:00;0,423572275335737;0;7;Milieux semi-naturels
88;2068,000000000000000;0,008975694442775;ndvi;StdTime;15-01-09 00:00:00;0,242367502177860;0;8;Zones humides et eau
91;21517,000000000000000;0,093389756927075;ndvi;StdTime;15-01-09 00:00:00;0,487028098487977;0;1;Artificialise
92;33855,000000000000000;0,146940104139337;ndvi;StdTime;15-01-09 00:00:00;0,481751499920225;0;2;Cultures
93;20837,000000000000000;0,090438368038735;ndvi;StdTime;15-01-09 00:00:00;0,576751477533308;0;3;Prairies
94;4447,000000000000000;0,019301215274188;ndvi;StdTime;15-01-09 00:00:00;0,541923906361758;0;4;Foret feuillus
95;10520,000000000000000;0,045659722213730;ndvi;StdTime;15-01-09 00:00:00;0,693440158410218;0;5;Foret resineux
96;16809,000000000000000;0,072955729153098;ndvi;StdTime;15-01-09 00:00:00;0,633167704657403;0;6;Foret mixte
97;2423,000000000000000;0,010516493053600;ndvi;StdTime;15-01-09 00:00:00;0,513342173617092;0;7;Milieux semi-naturels
98;1984,000000000000000;0,008611111109510;ndvi;StdTime;15-01-09 00:00:00;0,376506449074029;0;8;Zones humides et eau
101;7501,000000000000000;0,032556423605056;ndvi;StdTime;15-01-09 00:00:00;0,504956184562214;0;1;Artificialise
102;32049,000000000000000;0,139101562474128;ndvi;StdTime;15-01-09 00:00:00;0,540993171221359;0;2;Cultures
103;23798,000000000000000;0,103289930536344;ndvi;StdTime;15-01-09 00:00:00;0,555221285759595;0;3;Prairies
104;18168,000000000000000;0,078854166652000;ndvi;StdTime;15-01-09 00:00:00;0,548230069529929;0;4;Foret feuillus
105;13765,000000000000000;0,059743923599999;ndvi;StdTime;15-01-09 00:00:00;0,652123448671620;0;5;Foret resineux
106;30877,000000000000000;0,134014756919519;ndvi;StdTime;15-01-09 00:00:00;0,615126917599033;0;6;Foret mixte
107;2266,000000000000000;0,009835069442615;ndvi;StdTime;15-01-09 00:00:00;0,571928644274992;0;7;Milieux semi-naturels
108;332,000000000000000;0,001440972221954;ndvi;StdTime;15-01-09 00:00:00;0,476447576410081;0;8;Zones humides et eau
111;13192,000000000000000;0,057256944433795;ndvi;StdTime;15-01-09 00:00:00;0,504185812631391;0;1;Artificialise
112;48169,000000000000000;0,209066840238893;ndvi;StdTime;15-01-09 00:00:00;0,494606306050241;0;2;Cultures
113;9056,000000000000000;0,039305555548245;ndvi;StdTime;15-01-09 00:00:00;0,572979545368823;0;3;Prairies
114;15928,000000000000000;0,069131944431586;ndvi;StdTime;15-01-09 00:00:00;0,548079927734909;0;4;Foret feuillus
115;2083,000000000000000;0,009040798609430;ndvi;StdTime;15-01-09 00:00:00;0,647381305952113;0;5;Foret resineux
116;17702,000000000000000;0,076831597207932;ndvi;StdTime;15-01-09 00:00:00;0,582985355537593;0;6;Foret mixte
117;299,000000000000000;0,001297743055314;ndvi;StdTime;15-01-09 00:00:00;0,543820161683902;0;7;Milieux semi-naturels
118;319,000000000000000;0,001384548610854;ndvi;StdTime;15-01-09 00:00:00;0,390777216015565;0;8;Zones humides et eau
11;19297,000000000000000;0,083754340262200;ndvi;StdTime;15-01-10 00:00:00;0,477925537403595;0;1;Artificialise
12;32515,000000000000000;0,141124131918197;ndvi;StdTime;15-01-10 00:00:00;0,506442053906831;0;2;Cultures
13;4653,000000000000000;0,020195312496244;ndvi;StdTime;15-01-10 00:00:00;0,578689404720650;0;3;Prairies
14;2157,000000000000000;0,009361979164925;ndvi;StdTime;15-01-10 00:00:00;0,535431507358299;0;4;Foret feuillus
15;5373,000000000000000;0,023320312495663;ndvi;StdTime;15-01-10 00:00:00;0,642582806882170;0;5;Foret resineux
16;3663,000000000000000;0,015898437497043;ndvi;StdTime;15-01-10 00:00:00;0,587352526890037;0;6;Foret mixte
17;2665,000000000000000;0,011566840275626;ndvi;StdTime;15-01-10 00:00:00;0,467307051575933;0;7;Milieux semi-naturels
18;1205,000000000000000;0,005230034721249;ndvi;StdTime;15-01-10 00:00:00;0,374137832787027;0;8;Zones humides et eau
21;23563,000000000000000;0,102269965258756;ndvi;StdTime;15-01-10 00:00:00;0,478663266405605;0;1;Artificialise
22;53259,000000000000000;0,231158854123673;ndvi;StdTime;15-01-10 00:00:00;0,546404637437325;0;2;Cultures
23;7493,000000000000000;0,032521701382840;ndvi;StdTime;15-01-10 00:00:00;0,605959334621899;0;3;Prairies
24;1297,000000000000000;0,005629340276731;ndvi;StdTime;15-01-10 00:00:00;0,551169539414743;0;4;Foret feuillus
25;405,000000000000000;0,001757812499673;ndvi;StdTime;15-01-10 00:00:00;0,622268905095112;0;5;Foret resineux
26;881,000000000000000;0,003823784721511;ndvi;StdTime;15-01-10 00:00:00;0,591183524244759;0;6;Foret mixte
27;465,000000000000000;0,002018229166291;ndvi;StdTime;15-01-10 00:00:00;0,342904719524086;0;7;Milieux semi-naturels
28;1137,000000000000000;0,004934895832415;ndvi;StdTime;15-01-10 00:00:00;0,251902683988306;0;8;Zones humides et eau
31;20496,000000000000000;0,088958333316788;ndvi;StdTime;15-01-10 00:00:00;0,491061979509268;0;1;Artificialise
32;33833,000000000000000;0,146844618028244;ndvi;StdTime;15-01-10 00:00:00;0,509144517639474;0;2;Cultures
33;2765,000000000000000;0,012000868053323;ndvi;StdTime;15-01-10 00:00:00;0,574679924544977;0;3;Prairies
34;3126,000000000000000;0,013567708330810;ndvi;StdTime;15-01-10 00:00:00;0,539988588138947;0;4;Foret feuillus
35;335,000000000000000;0,001453993055285;ndvi;StdTime;15-01-10 00:00:00;0,646264946282800;0;5;Foret resineux
36;1500,000000000000000;0,006510416665456;ndvi;StdTime;15-01-10 00:00:00;0,573825097103913;0;6;Foret mixte
37;107,000000000000000;0,000464409722136;ndvi;StdTime;15-01-10 00:00:00;0,483090253633874;0;7;Milieux semi-naturels
38;185,000000000000000;0,000802951388740;ndvi;StdTime;15-01-10 00:00:00;0,421766249150843;0;8;Zones humides et eau
41;18421,000000000000000;0,079952256929574;ndvi;StdTime;15-01-10 00:00:00;0,450478442385763;0;1;Artificialise
42;63115,000000000000000;0,273936631893495;ndvi;StdTime;15-01-10 00:00:00;0,525893227963908;0;2;Cultures
43;8940,000000000000000;0,038802083326116;ndvi;StdTime;15-01-10 00:00:00;0,588402760343863;0;3;Prairies
44;659,000000000000000;0,002860243055024;ndvi;StdTime;15-01-10 00:00:00;0,566985395817547;0;4;Foret feuillus
45;284,000000000000000;0,001232638888660;ndvi;StdTime;15-01-10 00:00:00;0,599147449916517;0;5;Foret resineux
46;586,000000000000000;0,002543402777305;ndvi;StdTime;15-01-10 00:00:00;0,598416232844059;0;6;Foret mixte
47;667,000000000000000;0,002894965277239;ndvi;StdTime;15-01-10 00:00:00;0,367441068657547;0;7;Milieux semi-naturels
48;440,000000000000000;0,001909722221867;ndvi;StdTime;15-01-10 00:00:00;0,320795670576362;0;8;Zones humides et eau
51;8563,000000000000000;0,037165798604199;ndvi;StdTime;15-01-10 00:00:00;0,526026225101860;0;1;Artificialise
52;20512,000000000000000;0,089027777761219;ndvi;StdTime;15-01-10 00:00:00;0,454363359001796;0;2;Cultures
53;880,000000000000000;0,003819444443734;ndvi;StdTime;15-01-10 00:00:00;0,548554531417110;0;3;Prairies
54;685,000000000000000;0,002973090277225;ndvi;StdTime;15-01-10 00:00:00;0,553804170780808;0;4;Foret feuillus
55;219,000000000000000;0,000950520833157;ndvi;StdTime;15-01-10 00:00:00;0,613036216257914;0;5;Foret resineux
56;1277,000000000000000;0,005542534721191;ndvi;StdTime;15-01-10 00:00:00;0,564975187894229;0;6;Foret mixte
57;15,000000000000000;0,000065104166655;ndvi;StdTime;15-01-10 00:00:00;0,429979761441549;0;7;Milieux semi-naturels
58;2,000000000000000;0,000008680555554;ndvi;StdTime;15-01-10 00:00:00;0,483833342790604;0;8;Zones humides et eau
61;23918,000000000000000;0,103810763869581;ndvi;StdTime;15-01-10 00:00:00;0,499030690163609;0;1;Artificialise
62;60865,000000000000000;0,264171006895311;ndvi;StdTime;15-01-10 00:00:00;0,506264668536111;0;2;Cultures
63;12006,000000000000000;0,052109374990308;ndvi;StdTime;15-01-10 00:00:00;0,589170070308288;0;3;Prairies
64;11171,000000000000000;0,048485243046538;ndvi;StdTime;15-01-10 00:00:00;0,570627771338634;0;4;Foret feuillus
65;495,000000000000000;0,002148437499600;ndvi;StdTime;15-01-10 00:00:00;0,698442211777273;0;5;Foret resineux
66;1468,000000000000000;0,006371527776593;ndvi;StdTime;15-01-10 00:00:00;0,623656438282952;0;6;Foret mixte
67;777,000000000000000;0,003372395832706;ndvi;StdTime;15-01-10 00:00:00;0,504864154750316;0;7;Milieux semi-naturels
68;453,000000000000000;0,001966145832968;ndvi;StdTime;15-01-10 00:00:00;0,389949940270426;0;8;Zones humides et eau
71;4022,000000000000000;0,017456597218975;ndvi;StdTime;15-01-10 00:00:00;0,332767965965814;0;1;Artificialise
72;100,000000000000000;0,000434027777697;ndvi;StdTime;15-01-10 00:00:00;0,497230039536953;0;2;Cultures
73;15,000000000000000;0,000065104166655;ndvi;StdTime;15-01-10 00:00:00;0,546839310725530;0;3;Prairies
74;459,000000000000000;0,001992187499629;ndvi;StdTime;15-01-10 00:00:00;0,538872062835298;0;4;Foret feuillus
76;35,000000000000000;0,000151909722194;ndvi;StdTime;15-01-10 00:00:00;0,552333076511111;0;6;Foret mixte
78;9,000000000000000;0,000039062499993;ndvi;StdTime;15-01-10 00:00:00;0,182355547944705;0;8;Zones humides et eau
81;27027,000000000000000;0,117304687478182;ndvi;StdTime;15-01-10 00:00:00;0,457523834769690;0;1;Artificialise
82;30867,000000000000000;0,133971354141749;ndvi;StdTime;15-01-10 00:00:00;0,547717042084116;0;2;Cultures
83;12409,000000000000000;0,053858506934427;ndvi;StdTime;15-01-10 00:00:00;0,583488082404687;0;3;Prairies
84;2241,000000000000000;0,009726562498191;ndvi;StdTime;15-01-10 00:00:00;0,534299196308876;0;4;Foret feuillus
85;5418,000000000000000;0,023515624995626;ndvi;StdTime;15-01-10 00:00:00;0,625047268469028;0;5;Foret resineux
86;3278,000000000000000;0,014227430552909;ndvi;StdTime;15-01-10 00:00:00;0,576351048425978;0;6;Foret mixte
87;1095,000000000000000;0,004752604165783;ndvi;StdTime;15-01-10 00:00:00;0,435138028475655;0;7;Milieux semi-naturels
88;1943,000000000000000;0,008433159720654;ndvi;StdTime;15-01-10 00:00:00;0,263368197541326;0;8;Zones humides et eau
91;21501,000000000000000;0,093320312482643;ndvi;StdTime;15-01-10 00:00:00;0,524512023156702;0;1;Artificialise
92;33863,000000000000000;0,146974826361553;ndvi;StdTime;15-01-10 00:00:00;0,533650339384698;0;2;Cultures
93;20815,000000000000000;0,090342881927641;ndvi;StdTime;15-01-10 00:00:00;0,596873933585856;0;3;Prairies
94;4445,000000000000000;0,019292534718634;ndvi;StdTime;15-01-10 00:00:00;0,571761247800629;0;4;Foret feuillus
95;10475,000000000000000;0,045464409713766;ndvi;StdTime;15-01-10 00:00:00;0,675940684963524;0;5;Foret resineux
96;16800,000000000000000;0,072916666653105;ndvi;StdTime;15-01-10 00:00:00;0,639036248518108;0;6;Foret mixte
97;2405,000000000000000;0,010438368053614;ndvi;StdTime;15-01-10 00:00:00;0,509730438866387;0;7;Milieux semi-naturels
98;1941,000000000000000;0,008424479165100;ndvi;StdTime;15-01-10 00:00:00;0,375879197846798;0;8;Zones humides et eau
101;7497,000000000000000;0,032539062493948;ndvi;StdTime;15-01-10 00:00:00;0,528942181421817;0;1;Artificialise
102;32009,000000000000000;0,138927951363049;ndvi;StdTime;15-01-10 00:00:00;0,565924761222900;0;2;Cultures
103;23749,000000000000000;0,103077256925273;ndvi;StdTime;15-01-10 00:00:00;0,583371912843528;0;3;Prairies
104;18143,000000000000000;0,078745659707576;ndvi;StdTime;15-01-10 00:00:00;0,576689934842063;0;4;Foret feuillus
105;13761,000000000000000;0,059726562488891;ndvi;StdTime;15-01-10 00:00:00;0,673888226131411;0;5;Foret resineux
106;30871,000000000000000;0,133988715252857;ndvi;StdTime;15-01-10 00:00:00;0,641880343101572;0;6;Foret mixte
107;2266,000000000000000;0,009835069442615;ndvi;StdTime;15-01-10 00:00:00;0,592324509927370;0;7;Milieux semi-naturels
108;332,000000000000000;0,001440972221954;ndvi;StdTime;15-01-10 00:00:00;0,483504002801625;0;8;Zones humides et eau
111;13188,000000000000000;0,057239583322687;ndvi;StdTime;15-01-10 00:00:00;0,548311832968814;0;1;Artificialise
112;48129,000000000000000;0,208893229127814;ndvi;StdTime;15-01-10 00:00:00;0,544680716066733;0;2;Cultures
113;9051,000000000000000;0,039283854159360;ndvi;StdTime;15-01-10 00:00:00;0,634705667794837;0;3;Prairies
114;15927,000000000000000;0,069127604153810;ndvi;StdTime;15-01-10 00:00:00;0,579792602764141;0;4;Foret feuillus
115;2074,000000000000000;0,009001736109437;ndvi;StdTime;15-01-10 00:00:00;0,662526835614713;0;5;Foret resineux
116;17687,000000000000000;0,076766493041278;ndvi;StdTime;15-01-10 00:00:00;0,617536069030927;0;6;Foret mixte
117;299,000000000000000;0,001297743055314;ndvi;StdTime;15-01-10 00:00:00;0,570203692119655;0;7;Milieux semi-naturels
118;319,000000000000000;0,001384548610854;ndvi;StdTime;15-01-10 00:00:00;0,423209622315479;0;8;Zones humides et eau
11;19297,000000000000000;0,083754340262200;ndvi;StdTime;15-01-11 00:00:00;0,452214936409048;0;1;Artificialise
12;32514,000000000000000;0,141119791640420;ndvi;StdTime;15-01-11 00:00:00;0,470650726484068;0;2;Cultures
13;4653,000000000000000;0,020195312496244;ndvi;StdTime;15-01-11 00:00:00;0,539192396429261;0;3;Prairies
14;2157,000000000000000;0,009361979164925;ndvi;StdTime;15-01-11 00:00:00;0,518510900911049;0;4;Foret feuillus
15;5373,000000000000000;0,023320312495663;ndvi;StdTime;15-01-11 00:00:00;0,625116857341074;0;5;Foret resineux
16;3663,000000000000000;0,015898437497043;ndvi;StdTime;15-01-11 00:00:00;0,573238920195651;0;6;Foret mixte
17;2664,000000000000000;0,011562499997849;ndvi;StdTime;15-01-11 00:00:00;0,458114468087998;0;7;Milieux semi-naturels
18;1181,000000000000000;0,005125868054602;ndvi;StdTime;15-01-11 00:00:00;0,333660393350053;0;8;Zones humides et eau
21;23618,000000000000000;0,102508680536490;ndvi;StdTime;15-01-11 00:00:00;0,463001292810087;0;1;Artificialise
22;53262,000000000000000;0,231171874957004;ndvi;StdTime;15-01-11 00:00:00;0,517493428001426;0;2;Cultures
23;7495,000000000000000;0,032530381938394;ndvi;StdTime;15-01-11 00:00:00;0,578931081702583;0;3;Prairies
24;1297,000000000000000;0,005629340276731;ndvi;StdTime;15-01-11 00:00:00;0,543203749503644;0;4;Foret feuillus
25;405,000000000000000;0,001757812499673;ndvi;StdTime;15-01-11 00:00:00;0,605478482040358;0;5;Foret resineux
26;880,000000000000000;0,003819444443734;ndvi;StdTime;15-01-11 00:00:00;0,577583787217736;0;6;Foret mixte
27;465,000000000000000;0,002018229166291;ndvi;StdTime;15-01-11 00:00:00;0,355786106447058;0;7;Milieux semi-naturels
28;1193,000000000000000;0,005177951387926;ndvi;StdTime;15-01-11 00:00:00;0,233425851375465;0;8;Zones humides et eau
31;20501,000000000000000;0,088980034705673;ndvi;StdTime;15-01-11 00:00:00;0,466010117691929;0;1;Artificialise
32;33836,000000000000000;0,146857638861575;ndvi;StdTime;15-01-11 00:00:00;0,464641744051384;0;2;Cultures
33;2765,000000000000000;0,012000868053323;ndvi;StdTime;15-01-11 00:00:00;0,540740068178713;0;3;Prairies
34;3126,000000000000000;0,013567708330810;ndvi;StdTime;15-01-11 00:00:00;0,520574600984578;0;4;Foret feuillus
35;335,000000000000000;0,001453993055285;ndvi;StdTime;15-01-11 00:00:00;0,614166999396993;0;5;Foret resineux
36;1500,000000000000000;0,006510416665456;ndvi;StdTime;15-01-11 00:00:00;0,548608115772406;0;6;Foret mixte
37;107,000000000000000;0,000464409722136;ndvi;StdTime;15-01-11 00:00:00;0,457031995893639;0;7;Milieux semi-naturels
38;185,000000000000000;0,000802951388740;ndvi;StdTime;15-01-11 00:00:00;0,394207873940468;0;8;Zones humides et eau
41;18524,000000000000000;0,080399305540602;ndvi;StdTime;15-01-11 00:00:00;0,452081469573952;0;1;Artificialise
42;63126,000000000000000;0,273984374949041;ndvi;StdTime;15-01-11 00:00:00;0,516721075854349;0;2;Cultures
43;8940,000000000000000;0,038802083326116;ndvi;StdTime;15-01-11 00:00:00;0,599676026910608;0;3;Prairies
44;659,000000000000000;0,002860243055024;ndvi;StdTime;15-01-11 00:00:00;0,579455624988843;0;4;Foret feuillus
45;283,000000000000000;0,001228298610883;ndvi;StdTime;15-01-11 00:00:00;0,604711391216032;0;5;Foret resineux
46;586,000000000000000;0,002543402777305;ndvi;StdTime;15-01-11 00:00:00;0,600491117368175;0;6;Foret mixte
47;678,000000000000000;0,002942708332786;ndvi;StdTime;15-01-11 00:00:00;0,395481557719915;0;7;Milieux semi-naturels
48;505,000000000000000;0,002191840277370;ndvi;StdTime;15-01-11 00:00:00;0,297300649165233;0;8;Zones humides et eau
51;8563,000000000000000;0,037165798604199;ndvi;StdTime;15-01-11 00:00:00;0,491530124336901;0;1;Artificialise
52;20512,000000000000000;0,089027777761219;ndvi;StdTime;15-01-11 00:00:00;0,394707179727109;0;2;Cultures
53;880,000000000000000;0,003819444443734;ndvi;StdTime;15-01-11 00:00:00;0,512797312235291;0;3;Prairies
54;685,000000000000000;0,002973090277225;ndvi;StdTime;15-01-11 00:00:00;0,520915055470746;0;4;Foret feuillus
55;219,000000000000000;0,000950520833157;ndvi;StdTime;15-01-11 00:00:00;0,570589292131058;0;5;Foret resineux
56;1277,000000000000000;0,005542534721191;ndvi;StdTime;15-01-11 00:00:00;0,531174797095072;0;6;Foret mixte
57;15,000000000000000;0,000065104166655;ndvi;StdTime;15-01-11 00:00:00;0,399971654017766;0;7;Milieux semi-naturels
58;2,000000000000000;0,000008680555554;ndvi;StdTime;15-01-11 00:00:00;0,483183309435844;0;8;Zones humides et eau
61;23912,000000000000000;0,103784722202919;ndvi;StdTime;15-01-11 00:00:00;0,481081852866989;0;1;Artificialise
62;60859,000000000000000;0,264144965228649;ndvi;StdTime;15-01-11 00:00:00;0,467127138847716;0;2;Cultures
63;12006,000000000000000;0,052109374990308;ndvi;StdTime;15-01-11 00:00:00;0,557904282547862;0;3;Prairies
64;11171,000000000000000;0,048485243046538;ndvi;StdTime;15-01-11 00:00:00;0,547851184331846;0;4;Foret feuillus
65;495,000000000000000;0,002148437499600;ndvi;StdTime;15-01-11 00:00:00;0,676286477031130;0;5;Foret resineux
66;1468,000000000000000;0,006371527776593;ndvi;StdTime;15-01-11 00:00:00;0,603317598363115;0;6;Foret mixte
67;777,000000000000000;0,003372395832706;ndvi;StdTime;15-01-11 00:00:00;0,490446671306550;0;7;Milieux semi-naturels
68;446,000000000000000;0,001935763888529;ndvi;StdTime;15-01-11 00:00:00;0,344367177160916;0;8;Zones humides et eau
71;4130,000000000000000;0,017925347218888;ndvi;StdTime;15-01-11 00:00:00;0,312944565989420;0;1;Artificialise
72;100,000000000000000;0,000434027777697;ndvi;StdTime;15-01-11 00:00:00;0,458679768443108;0;2;Cultures
73;15,000000000000000;0,000065104166655;ndvi;StdTime;15-01-11 00:00:00;0,499139990409215;0;3;Prairies
74;459,000000000000000;0,001992187499629;ndvi;StdTime;15-01-11 00:00:00;0,515779291687448;0;4;Foret feuillus
76;35,000000000000000;0,000151909722194;ndvi;StdTime;15-01-11 00:00:00;0,542072553294046;0;6;Foret mixte
78;9,000000000000000;0,000039062499993;ndvi;StdTime;15-01-11 00:00:00;0,164633326232433;0;8;Zones humides et eau
81;27331,000000000000000;0,118624131922381;ndvi;StdTime;15-01-11 00:00:00;0,454706961389044;0;1;Artificialise
82;30867,000000000000000;0,133971354141749;ndvi;StdTime;15-01-11 00:00:00;0,538470978589361;0;2;Cultures
83;12409,000000000000000;0,053858506934427;ndvi;StdTime;15-01-11 00:00:00;0,571082224096277;0;3;Prairies
84;2241,000000000000000;0,009726562498191;ndvi;StdTime;15-01-11 00:00:00;0,535618732545802;0;4;Foret feuillus
85;5418,000000000000000;0,023515624995626;ndvi;StdTime;15-01-11 00:00:00;0,631386052928494;0;5;Foret resineux
86;3278,000000000000000;0,014227430552909;ndvi;StdTime;15-01-11 00:00:00;0,584193505569519;0;6;Foret mixte
87;1117,000000000000000;0,004848090276876;ndvi;StdTime;15-01-11 00:00:00;0,445281561400704;0;7;Milieux semi-naturels
88;2105,000000000000000;0,009136284720523;ndvi;StdTime;15-01-11 00:00:00;0,237595024810084;0;8;Zones humides et eau
91;21524,000000000000000;0,093420138871514;ndvi;StdTime;15-01-11 00:00:00;0,480660967780861;0;1;Artificialise
92;33863,000000000000000;0,146974826361553;ndvi;StdTime;15-01-11 00:00:00;0,459785381739355;0;2;Cultures
93;20854,000000000000000;0,090512152760943;ndvi;StdTime;15-01-11 00:00:00;0,567277297611244;0;3;Prairies
94;4447,000000000000000;0,019301215274188;ndvi;StdTime;15-01-11 00:00:00;0,539955287508305;0;4;Foret feuillus
95;10528,000000000000000;0,045694444435946;ndvi;StdTime;15-01-11 00:00:00;0,675291705633142;0;5;Foret resineux
96;16812,000000000000000;0,072968749986428;ndvi;StdTime;15-01-11 00:00:00;0,621858369576778;0;6;Foret mixte
97;2449,000000000000000;0,010629340275801;ndvi;StdTime;15-01-11 00:00:00;0,511305897576121;0;7;Milieux semi-naturels
98;2008,000000000000000;0,008715277776157;ndvi;StdTime;15-01-11 00:00:00;0,370913005671445;0;8;Zones humides et eau
101;7501,000000000000000;0,032556423605056;ndvi;StdTime;15-01-11 00:00:00;0,502868740681949;0;1;Artificialise
102;32049,000000000000000;0,139101562474128;ndvi;StdTime;15-01-11 00:00:00;0,546543674575060;0;2;Cultures
103;23798,000000000000000;0,103289930536344;ndvi;StdTime;15-01-11 00:00:00;0,561381199901591;0;3;Prairies
104;18168,000000000000000;0,078854166652000;ndvi;StdTime;15-01-11 00:00:00;0,554052052244327;0;4;Foret feuillus
105;13765,000000000000000;0,059743923599999;ndvi;StdTime;15-01-11 00:00:00;0,659202311883784;0;5;Foret resineux
106;30877,000000000000000;0,134014756919519;ndvi;StdTime;15-01-11 00:00:00;0,619148948010599;0;6;Foret mixte
107;2266,000000000000000;0,009835069442615;ndvi;StdTime;15-01-11 00:00:00;0,567328469766943;0;7;Milieux semi-naturels
108;332,000000000000000;0,001440972221954;ndvi;StdTime;15-01-11 00:00:00;0,482022578547518;0;8;Zones humides et eau
111;13192,000000000000000;0,057256944433795;ndvi;StdTime;15-01-11 00:00:00;0,505595031651860;0;1;Artificialise
112;48169,000000000000000;0,209066840238893;ndvi;StdTime;15-01-11 00:00:00;0,487344025999439;0;2;Cultures
113;9056,000000000000000;0,039305555548245;ndvi;StdTime;15-01-11 00:00:00;0,579155966478265;0;3;Prairies
114;15928,000000000000000;0,069131944431586;ndvi;StdTime;15-01-11 00:00:00;0,548978658568908;0;4;Foret feuillus
115;2083,000000000000000;0,009040798609430;ndvi;StdTime;15-01-11 00:00:00;0,650161104796315;0;5;Foret resineux
116;17702,000000000000000;0,076831597207932;ndvi;StdTime;15-01-11 00:00:00;0,588025183627034;0;6;Foret mixte
117;299,000000000000000;0,001297743055314;ndvi;StdTime;15-01-11 00:00:00;0,545469461675471;0;7;Milieux semi-naturels
118;319,000000000000000;0,001384548610854;ndvi;StdTime;15-01-11 00:00:00;0,398480318603471;0;8;Zones humides et eau
11;19280,000000000000000;0,083680555539992;ndvi;StdTime;15-01-12 00:00:00;0,482664184416239;0;1;Artificialise
12;32511,000000000000000;0,141106770807089;ndvi;StdTime;15-01-12 00:00:00;0,525016479573672;0;2;Cultures
13;4650,000000000000000;0,020182291662913;ndvi;StdTime;15-01-12 00:00:00;0,588132697302166;0;3;Prairies
14;2157,000000000000000;0,009361979164925;ndvi;StdTime;15-01-12 00:00:00;0,539973896868980;0;4;Foret feuillus
15;5370,000000000000000;0,023307291662332;ndvi;StdTime;15-01-12 00:00:00;0,606538711577043;0;5;Foret resineux
16;3660,000000000000000;0,015885416663712;ndvi;StdTime;15-01-12 00:00:00;0,566595436481993;0;6;Foret mixte
17;2661,000000000000000;0,011549479164519;ndvi;StdTime;15-01-12 00:00:00;0,477953485866388;0;7;Milieux semi-naturels
18;1204,000000000000000;0,005225694443473;ndvi;StdTime;15-01-12 00:00:00;0,370445788674949;0;8;Zones humides et eau
21;23639,000000000000000;0,102599826369806;ndvi;StdTime;15-01-12 00:00:00;0,479451159436838;0;1;Artificialise
22;53262,000000000000000;0,231171874957004;ndvi;StdTime;15-01-12 00:00:00;0,557968311967454;0;2;Cultures
23;7495,000000000000000;0,032530381938394;ndvi;StdTime;15-01-12 00:00:00;0,609084884302469;0;3;Prairies
24;1297,000000000000000;0,005629340276731;ndvi;StdTime;15-01-12 00:00:00;0,549274241386604;0;4;Foret feuillus
25;405,000000000000000;0,001757812499673;ndvi;StdTime;15-01-12 00:00:00;0,597772084636453;0;5;Foret resineux
26;881,000000000000000;0,003823784721511;ndvi;StdTime;15-01-12 00:00:00;0,577731428771500;0;6;Foret mixte
27;469,000000000000000;0,002035590277399;ndvi;StdTime;15-01-12 00:00:00;0,380838868110927;0;7;Milieux semi-naturels
28;1232,000000000000000;0,005347222221228;ndvi;StdTime;15-01-12 00:00:00;0,239547212715786;0;8;Zones humides et eau
31;20501,000000000000000;0,088980034705673;ndvi;StdTime;15-01-12 00:00:00;0,505957527668801;0;1;Artificialise
32;33836,000000000000000;0,146857638861575;ndvi;StdTime;15-01-12 00:00:00;0,536520376821312;0;2;Cultures
33;2765,000000000000000;0,012000868053323;ndvi;StdTime;15-01-12 00:00:00;0,583236762983674;0;3;Prairies
34;3126,000000000000000;0,013567708330810;ndvi;StdTime;15-01-12 00:00:00;0,547225898588153;0;4;Foret feuillus
35;335,000000000000000;0,001453993055285;ndvi;StdTime;15-01-12 00:00:00;0,615225439552051;0;5;Foret resineux
36;1500,000000000000000;0,006510416665456;ndvi;StdTime;15-01-12 00:00:00;0,567876054803530;0;6;Foret mixte
37;107,000000000000000;0,000464409722136;ndvi;StdTime;15-01-12 00:00:00;0,482045109583953;0;7;Milieux semi-naturels
38;185,000000000000000;0,000802951388740;ndvi;StdTime;15-01-12 00:00:00;0,438737342164323;0;8;Zones humides et eau
41;18457,000000000000000;0,080108506929545;ndvi;StdTime;15-01-12 00:00:00;0,460479021576643;0;1;Artificialise
42;63125,000000000000000;0,273980034671264;ndvi;StdTime;15-01-12 00:00:00;0,569782517660727;0;2;Cultures
43;8940,000000000000000;0,038802083326116;ndvi;StdTime;15-01-12 00:00:00;0,631720131525659;0;3;Prairies
44;659,000000000000000;0,002860243055024;ndvi;StdTime;15-01-12 00:00:00;0,582233614462098;0;4;Foret feuillus
45;283,000000000000000;0,001228298610883;ndvi;StdTime;15-01-12 00:00:00;0,589634296645545;0;5;Foret resineux
46;586,000000000000000;0,002543402777305;ndvi;StdTime;15-01-12 00:00:00;0,602256406238462;0;6;Foret mixte
47;642,000000000000000;0,002786458332815;ndvi;StdTime;15-01-12 00:00:00;0,390232782031923;0;7;Milieux semi-naturels
48;491,000000000000000;0,002131076388493;ndvi;StdTime;15-01-12 00:00:00;0,302317642143860;0;8;Zones humides et eau
51;8563,000000000000000;0,037165798604199;ndvi;StdTime;15-01-12 00:00:00;0,532472253392184;0;1;Artificialise
52;20512,000000000000000;0,089027777761219;ndvi;StdTime;15-01-12 00:00:00;0,495466291924791;0;2;Cultures
53;880,000000000000000;0,003819444443734;ndvi;StdTime;15-01-12 00:00:00;0,575916085527702;0;3;Prairies
54;685,000000000000000;0,002973090277225;ndvi;StdTime;15-01-12 00:00:00;0,552069653907831;0;4;Foret feuillus
55;219,000000000000000;0,000950520833157;ndvi;StdTime;15-01-12 00:00:00;0,601259481008738;0;5;Foret resineux
56;1277,000000000000000;0,005542534721191;ndvi;StdTime;15-01-12 00:00:00;0,570506229658284;0;6;Foret mixte
57;15,000000000000000;0,000065104166655;ndvi;StdTime;15-01-12 00:00:00;0,418412329753240;0;7;Milieux semi-naturels
58;2,000000000000000;0,000008680555554;ndvi;StdTime;15-01-12 00:00:00;0,516341641545296;0;8;Zones humides et eau
61;23918,000000000000000;0,103810763869581;ndvi;StdTime;15-01-12 00:00:00;0,501056234533510;0;1;Artificialise
62;60865,000000000000000;0,264171006895311;ndvi;StdTime;15-01-12 00:00:00;0,551470317001225;0;2;Cultures
63;12006,000000000000000;0,052109374990308;ndvi;StdTime;15-01-12 00:00:00;0,604323591208502;0;3;Prairies
64;11171,000000000000000;0,048485243046538;ndvi;StdTime;15-01-12 00:00:00;0,569719401032879;0;4;Foret feuillus
65;495,000000000000000;0,002148437499600;ndvi;StdTime;15-01-12 00:00:00;0,688054365461523;0;5;Foret resineux
66;1468,000000000000000;0,006371527776593;ndvi;StdTime;15-01-12 00:00:00;0,614645607119848;0;6;Foret mixte
67;777,000000000000000;0,003372395832706;ndvi;StdTime;15-01-12 00:00:00;0,498631798603513;0;7;Milieux semi-naturels
68;453,000000000000000;0,001966145832968;ndvi;StdTime;15-01-12 00:00:00;0,373817662324185;0;8;Zones humides et eau
71;4124,000000000000000;0,017899305552226;ndvi;StdTime;15-01-12 00:00:00;0,333169203916444;0;1;Artificialise
72;100,000000000000000;0,000434027777697;ndvi;StdTime;15-01-12 00:00:00;0,515725565552712;0;2;Cultures
73;15,000000000000000;0,000065104166655;ndvi;StdTime;15-01-12 00:00:00;0,596746865908305;0;3;Prairies
74;459,000000000000000;0,001992187499629;ndvi;StdTime;15-01-12 00:00:00;0,528951142673139;0;4;Foret feuillus
76;35,000000000000000;0,000151909722194;ndvi;StdTime;15-01-12 00:00:00;0,527188938856125;0;6;Foret mixte
78;9,000000000000000;0,000039062499993;ndvi;StdTime;15-01-12 00:00:00;0,198838140401575;0;8;Zones humides et eau
81;27082,000000000000000;0,117543402755916;ndvi;StdTime;15-01-12 00:00:00;0,468346372760942;0;1;Artificialise
82;30865,000000000000000;0,133962673586195;ndvi;StdTime;15-01-12 00:00:00;0,576176257670969;0;2;Cultures
83;12409,000000000000000;0,053858506934427;ndvi;StdTime;15-01-12 00:00:00;0,609538834559147;0;3;Prairies
84;2241,000000000000000;0,009726562498191;ndvi;StdTime;15-01-12 00:00:00;0,549241492181472;0;4;Foret feuillus
85;5418,000000000000000;0,023515624995626;ndvi;StdTime;15-01-12 00:00:00;0,620557434543357;0;5;Foret resineux
86;3278,000000000000000;0,014227430552909;ndvi;StdTime;15-01-12 00:00:00;0,585352004538082;0;6;Foret mixte
87;1117,000000000000000;0,004848090276876;ndvi;StdTime;15-01-12 00:00:00;0,441352486735478;0;7;Milieux semi-naturels
88;2041,000000000000000;0,008858506942797;ndvi;StdTime;15-01-12 00:00:00;0,252807506864675;0;8;Zones humides et eau
91;21524,000000000000000;0,093420138871514;ndvi;StdTime;15-01-12 00:00:00;0,528708514370660;0;1;Artificialise
92;33863,000000000000000;0,146974826361553;ndvi;StdTime;15-01-12 00:00:00;0,558464917499362;0;2;Cultures
93;20854,000000000000000;0,090512152760943;ndvi;StdTime;15-01-12 00:00:00;0,637144522275017;0;3;Prairies
94;4447,000000000000000;0,019301215274188;ndvi;StdTime;15-01-12 00:00:00;0,580901905629563;0;4;Foret feuillus
95;10528,000000000000000;0,045694444435946;ndvi;StdTime;15-01-12 00:00:00;0,695575661201448;0;5;Foret resineux
96;16812,000000000000000;0,072968749986428;ndvi;StdTime;15-01-12 00:00:00;0,656385897718814;0;6;Foret mixte
97;2449,000000000000000;0,010629340275801;ndvi;StdTime;15-01-12 00:00:00;0,551608415155471;0;7;Milieux semi-naturels
98;2001,000000000000000;0,008684895831718;ndvi;StdTime;15-01-12 00:00:00;0,400325804293483;0;8;Zones humides et eau
101;7476,000000000000000;0,032447916660632;ndvi;StdTime;15-01-12 00:00:00;0,562385776912850;0;1;Artificialise
102;31955,000000000000000;0,138693576363093;ndvi;StdTime;15-01-12 00:00:00;0,615031124367679;0;2;Cultures
103;23717,000000000000000;0,102938368036410;ndvi;StdTime;15-01-12 00:00:00;0,632156621492767;0;3;Prairies
104;18125,000000000000000;0,078667534707591;ndvi;StdTime;15-01-12 00:00:00;0,571833428355743;0;4;Foret feuillus
105;13739,000000000000000;0,059631076377798;ndvi;StdTime;15-01-12 00:00:00;0,679392992503319;0;5;Foret resineux
106;30820,000000000000000;0,133767361086231;ndvi;StdTime;15-01-12 00:00:00;0,648855781458477;0;6;Foret mixte
107;2262,000000000000000;0,009817708331507;ndvi;StdTime;15-01-12 00:00:00;0,614730179981781;0;7;Milieux semi-naturels
108;332,000000000000000;0,001440972221954;ndvi;StdTime;15-01-12 00:00:00;0,541608597858842;0;8;Zones humides et eau
111;13192,000000000000000;0,057256944433795;ndvi;StdTime;15-01-12 00:00:00;0,544177699908658;0;1;Artificialise
112;48150,000000000000000;0,208984374961131;ndvi;StdTime;15-01-12 00:00:00;0,571778945280384;0;2;Cultures
113;9044,000000000000000;0,039253472214921;ndvi;StdTime;15-01-12 00:00:00;0,624402094919075;0;3;Prairies
114;15916,000000000000000;0,069079861098263;ndvi;StdTime;15-01-12 00:00:00;0,577490569896795;0;4;Foret feuillus
115;2075,000000000000000;0,009006076387214;ndvi;StdTime;15-01-12 00:00:00;0,657115123918257;0;5;Foret resineux
116;17679,000000000000000;0,076731770819062;ndvi;StdTime;15-01-12 00:00:00;0,605196163043950;0;6;Foret mixte
117;299,000000000000000;0,001297743055314;ndvi;StdTime;15-01-12 00:00:00;0,560371783565120;0;7;Milieux semi-naturels
118;319,000000000000000;0,001384548610854;ndvi;StdTime;15-01-12 00:00:00;0,422931014090123;0;8;Zones humides et eau
11;19297,000000000000000;0,083754340262200;ndvi;StdTime;15-01-13 00:00:00;0,506848465227915;0;1;Artificialise
12;32515,000000000000000;0,141124131918197;ndvi;StdTime;15-01-13 00:00:00;0,538120233866155;0;2;Cultures
13;4653,000000000000000;0,020195312496244;ndvi;StdTime;15-01-13 00:00:00;0,601933269411832;0;3;Prairies
14;2157,000000000000000;0,009361979164925;ndvi;StdTime;15-01-13 00:00:00;0,574578866203681;0;4;Foret feuillus
15;5373,000000000000000;0,023320312495663;ndvi;StdTime;15-01-13 00:00:00;0,658051471492331;0;5;Foret resineux
16;3663,000000000000000;0,015898437497043;ndvi;StdTime;15-01-13 00:00:00;0,611580935769838;0;6;Foret mixte
17;2664,000000000000000;0,011562499997849;ndvi;StdTime;15-01-13 00:00:00;0,475181687282058;0;7;Milieux semi-naturels
18;1191,000000000000000;0,005169270832372;ndvi;StdTime;15-01-13 00:00:00;0,395494655361141;0;8;Zones humides et eau
21;23644,000000000000000;0,102621527758691;ndvi;StdTime;15-01-13 00:00:00;0,501978876460123;0;1;Artificialise
22;53262,000000000000000;0,231171874957004;ndvi;StdTime;15-01-13 00:00:00;0,563501182907247;0;2;Cultures
23;7495,000000000000000;0,032530381938394;ndvi;StdTime;15-01-13 00:00:00;0,618719796014277;0;3;Prairies
24;1297,000000000000000;0,005629340276731;ndvi;StdTime;15-01-13 00:00:00;0,566550183245652;0;4;Foret feuillus
25;405,000000000000000;0,001757812499673;ndvi;StdTime;15-01-13 00:00:00;0,625675778698038;0;5;Foret resineux
26;881,000000000000000;0,003823784721511;ndvi;StdTime;15-01-13 00:00:00;0,600610730342913;0;6;Foret mixte
27;469,000000000000000;0,002035590277399;ndvi;StdTime;15-01-13 00:00:00;0,393873661391136;0;7;Milieux semi-naturels
28;1207,000000000000000;0,005238715276803;ndvi;StdTime;15-01-13 00:00:00;0,251970383808246;0;8;Zones humides et eau
31;20501,000000000000000;0,088980034705673;ndvi;StdTime;15-01-13 00:00:00;0,524697374586105;0;1;Artificialise
32;33836,000000000000000;0,146857638861575;ndvi;StdTime;15-01-13 00:00:00;0,532458288676775;0;2;Cultures
33;2765,000000000000000;0,012000868053323;ndvi;StdTime;15-01-13 00:00:00;0,600040738772310;0;3;Prairies
34;3126,000000000000000;0,013567708330810;ndvi;StdTime;15-01-13 00:00:00;0,570149777965979;0;4;Foret feuillus
35;335,000000000000000;0,001453993055285;ndvi;StdTime;15-01-13 00:00:00;0,662895077733851;0;5;Foret resineux
36;1500,000000000000000;0,006510416665456;ndvi;StdTime;15-01-13 00:00:00;0,599632140000661;0;6;Foret mixte
37;107,000000000000000;0,000464409722136;ndvi;StdTime;15-01-13 00:00:00;0,517515940086864;0;7;Milieux semi-naturels
38;185,000000000000000;0,000802951388740;ndvi;StdTime;15-01-13 00:00:00;0,445858510523229;0;8;Zones humides et eau
41;18467,000000000000000;0,080151909707315;ndvi;StdTime;15-01-13 00:00:00;0,474954170410767;0;1;Artificialise
42;63126,000000000000000;0,273984374949041;ndvi;StdTime;15-01-13 00:00:00;0,541102062720417;0;2;Cultures
43;8940,000000000000000;0,038802083326116;ndvi;StdTime;15-01-13 00:00:00;0,607512604189366;0;3;Prairies
44;659,000000000000000;0,002860243055024;ndvi;StdTime;15-01-13 00:00:00;0,577905178431857;0;4;Foret feuillus
45;284,000000000000000;0,001232638888660;ndvi;StdTime;15-01-13 00:00:00;0,603141371108276;0;5;Foret resineux
46;586,000000000000000;0,002543402777305;ndvi;StdTime;15-01-13 00:00:00;0,608286319535747;0;6;Foret mixte
47;651,000000000000000;0,002825520832808;ndvi;StdTime;15-01-13 00:00:00;0,398628363245598;0;7;Milieux semi-naturels
48;493,000000000000000;0,002139756944046;ndvi;StdTime;15-01-13 00:00:00;0,300725696456352;0;8;Zones humides et eau
51;8563,000000000000000;0,037165798604199;ndvi;StdTime;15-01-13 00:00:00;0,539996158938518;0;1;Artificialise
52;20512,000000000000000;0,089027777761219;ndvi;StdTime;15-01-13 00:00:00;0,457291815302070;0;2;Cultures
53;880,000000000000000;0,003819444443734;ndvi;StdTime;15-01-13 00:00:00;0,564743569425561;0;3;Prairies
54;685,000000000000000;0,002973090277225;ndvi;StdTime;15-01-13 00:00:00;0,559034954674923;0;4;Foret feuillus
55;219,000000000000000;0,000950520833157;ndvi;StdTime;15-01-13 00:00:00;0,617405523992565;0;5;Foret resineux
56;1277,000000000000000;0,005542534721191;ndvi;StdTime;15-01-13 00:00:00;0,575624324818935;0;6;Foret mixte
57;15,000000000000000;0,000065104166655;ndvi;StdTime;15-01-13 00:00:00;0,440844319264094;0;7;Milieux semi-naturels
58;2,000000000000000;0,000008680555554;ndvi;StdTime;15-01-13 00:00:00;0,464328289031982;0;8;Zones humides et eau
61;23918,000000000000000;0,103810763869581;ndvi;StdTime;15-01-13 00:00:00;0,513285808748042;0;1;Artificialise
62;60865,000000000000000;0,264171006895311;ndvi;StdTime;15-01-13 00:00:00;0,519866062886446;0;2;Cultures
63;12002,000000000000000;0,052092013879200;ndvi;StdTime;15-01-13 00:00:00;0,603508549328497;0;3;Prairies
64;11171,000000000000000;0,048485243046538;ndvi;StdTime;15-01-13 00:00:00;0,577744737275496;0;4;Foret feuillus
65;486,000000000000000;0,002109374999608;ndvi;StdTime;15-01-13 00:00:00;0,693513915034724;0;5;Foret resineux
66;1447,000000000000000;0,006280381943276;ndvi;StdTime;15-01-13 00:00:00;0,629203516590900;0;6;Foret mixte
67;774,000000000000000;0,003359374999375;ndvi;StdTime;15-01-13 00:00:00;0,516560626083875;0;7;Milieux semi-naturels
68;450,000000000000000;0,001953124999637;ndvi;StdTime;15-01-13 00:00:00;0,408777757408097;0;8;Zones humides et eau
71;4130,000000000000000;0,017925347218888;ndvi;StdTime;15-01-13 00:00:00;0,359702097169928;0;1;Artificialise
72;100,000000000000000;0,000434027777697;ndvi;StdTime;15-01-13 00:00:00;0,531274804174900;0;2;Cultures
73;15,000000000000000;0,000065104166655;ndvi;StdTime;15-01-13 00:00:00;0,602679987748464;0;3;Prairies
74;459,000000000000000;0,001992187499629;ndvi;StdTime;15-01-13 00:00:00;0,558857030923071;0;4;Foret feuillus
76;35,000000000000000;0,000151909722194;ndvi;StdTime;15-01-13 00:00:00;0,583461558818817;0;6;Foret mixte
78;9,000000000000000;0,000039062499993;ndvi;StdTime;15-01-13 00:00:00;0,190864808029599;0;8;Zones humides et eau
81;27220,000000000000000;0,118142361089138;ndvi;StdTime;15-01-13 00:00:00;0,495188612633066;0;1;Artificialise
82;30867,000000000000000;0,133971354141749;ndvi;StdTime;15-01-13 00:00:00;0,587675588840100;0;2;Cultures
83;12409,000000000000000;0,053858506934427;ndvi;StdTime;15-01-13 00:00:00;0,621378401576993;0;3;Prairies
84;2241,000000000000000;0,009726562498191;ndvi;StdTime;15-01-13 00:00:00;0,575388196009656;0;4;Foret feuillus
85;5418,000000000000000;0,023515624995626;ndvi;StdTime;15-01-13 00:00:00;0,661118297314084;0;5;Foret resineux
86;3278,000000000000000;0,014227430552909;ndvi;StdTime;15-01-13 00:00:00;0,619453618372265;0;6;Foret mixte
87;1122,000000000000000;0,004869791665761;ndvi;StdTime;15-01-13 00:00:00;0,479150294806019;0;7;Milieux semi-naturels
88;2129,000000000000000;0,009240451387170;ndvi;StdTime;15-01-13 00:00:00;0,272594654686445;0;8;Zones humides et eau
91;19775,000000000000000;0,085828993039592;ndvi;StdTime;15-01-13 00:00:00;0,516957253478088;0;1;Artificialise
92;31043,000000000000000;0,134735243030496;ndvi;StdTime;15-01-13 00:00:00;0,501751649464165;0;2;Cultures
93;11876,000000000000000;0,051545138879302;ndvi;StdTime;15-01-13 00:00:00;0,624553021509985;0;3;Prairies
94;4039,000000000000000;0,017530381941184;ndvi;StdTime;15-01-13 00:00:00;0,530952580880045;0;4;Foret feuillus
95;2764,000000000000000;0,011996527775547;ndvi;StdTime;15-01-13 00:00:00;0,549349605694801;0;5;Foret resineux
96;9849,000000000000000;0,042747395825383;ndvi;StdTime;15-01-13 00:00:00;0,570829501692712;0;6;Foret mixte
97;628,000000000000000;0,002725694443937;ndvi;StdTime;15-01-13 00:00:00;0,471648490602139;0;7;Milieux semi-naturels
98;624,000000000000000;0,002708333332830;ndvi;StdTime;15-01-13 00:00:00;0,342390148215390;0;8;Zones humides et eau
101;4758,000000000000000;0,020651041662826;ndvi;StdTime;15-01-13 00:00:00;0,528631195731339;0;1;Artificialise
102;17559,000000000000000;0,076210937485825;ndvi;StdTime;15-01-13 00:00:00;0,560796324536438;0;2;Cultures
103;12847,000000000000000;0,055759548600740;ndvi;StdTime;15-01-13 00:00:00;0,595965562536043;0;3;Prairies
104;14787,000000000000000;0,064179687488063;ndvi;StdTime;15-01-13 00:00:00;0,509273221418880;0;4;Foret feuillus
105;4863,000000000000000;0,021106770829408;ndvi;StdTime;15-01-13 00:00:00;0,558320857920006;0;5;Foret resineux
106;17548,000000000000000;0,076163194430279;ndvi;StdTime;15-01-13 00:00:00;0,574788572545648;0;6;Foret mixte
107;645,000000000000000;0,002799479166146;ndvi;StdTime;15-01-13 00:00:00;0,473870141977488;0;7;Milieux semi-naturels
108;31,000000000000000;0,000134548611086;ndvi;StdTime;15-01-13 00:00:00;0,491037080364843;0;8;Zones humides et eau
111;13192,000000000000000;0,057256944433795;ndvi;StdTime;15-01-13 00:00:00;0,543544795689456;0;1;Artificialise
112;48154,000000000000000;0,209001736072239;ndvi;StdTime;15-01-13 00:00:00;0,516087768552894;0;2;Cultures
113;9050,000000000000000;0,039279513881583;ndvi;StdTime;15-01-13 00:00:00;0,622215646897231;0;3;Prairies
114;15924,000000000000000;0,069114583320479;ndvi;StdTime;15-01-13 00:00:00;0,577795305042988;0;4;Foret feuillus
115;2066,000000000000000;0,008967013887221;ndvi;StdTime;15-01-13 00:00:00;0,679105155285365;0;5;Foret resineux
116;17670,000000000000000;0,076692708319069;ndvi;StdTime;15-01-13 00:00:00;0,616756745955331;0;6;Foret mixte
117;297,000000000000000;0,001289062499760;ndvi;StdTime;15-01-13 00:00:00;0,575850601950880;0;7;Milieux semi-naturels
118;319,000000000000000;0,001384548610854;ndvi;StdTime;15-01-13 00:00:00;0,429861299903789;0;8;Zones humides et eau
11;19297,000000000000000;0,083754340262200;ndvi;StdTime;15-01-14 00:00:00;0,536800348434220;0;1;Artificialise
12;32515,000000000000000;0,141124131918197;ndvi;StdTime;15-01-14 00:00:00;0,571637078300841;0;2;Cultures
13;4653,000000000000000;0,020195312496244;ndvi;StdTime;15-01-14 00:00:00;0,632833145970354;0;3;Prairies
14;2157,000000000000000;0,009361979164925;ndvi;StdTime;15-01-14 00:00:00;0,598256089508284;0;4;Foret feuillus
15;5373,000000000000000;0,023320312495663;ndvi;StdTime;15-01-14 00:00:00;0,694821671325358;0;5;Foret resineux
16;3663,000000000000000;0,015898437497043;ndvi;StdTime;15-01-14 00:00:00;0,651137783635258;0;6;Foret mixte
17;2665,000000000000000;0,011566840275626;ndvi;StdTime;15-01-14 00:00:00;0,523130446225126;0;7;Milieux semi-naturels
18;1213,000000000000000;0,005264756943465;ndvi;StdTime;15-01-14 00:00:00;0,428885403413038;0;8;Zones humides et eau
21;23612,000000000000000;0,102482638869828;ndvi;StdTime;15-01-14 00:00:00;0,515127309460404;0;1;Artificialise
22;53261,000000000000000;0,231167534679227;ndvi;StdTime;15-01-14 00:00:00;0,581453215490522;0;2;Cultures
23;7495,000000000000000;0,032530381938394;ndvi;StdTime;15-01-14 00:00:00;0,640984710179186;0;3;Prairies
24;1297,000000000000000;0,005629340276731;ndvi;StdTime;15-01-14 00:00:00;0,594144030440378;0;4;Foret feuillus
25;405,000000000000000;0,001757812499673;ndvi;StdTime;15-01-14 00:00:00;0,652128642576712;0;5;Foret resineux
26;881,000000000000000;0,003823784721511;ndvi;StdTime;15-01-14 00:00:00;0,630253288543928;0;6;Foret mixte
27;459,000000000000000;0,001992187499629;ndvi;StdTime;15-01-14 00:00:00;0,424286803719638;0;7;Milieux semi-naturels
28;1162,000000000000000;0,005043402776840;ndvi;StdTime;15-01-14 00:00:00;0,270256821647416;0;8;Zones humides et eau
31;20501,000000000000000;0,088980034705673;ndvi;StdTime;15-01-14 00:00:00;0,544364160139828;0;1;Artificialise
32;33836,000000000000000;0,146857638861575;ndvi;StdTime;15-01-14 00:00:00;0,567811461107192;0;2;Cultures
33;2765,000000000000000;0,012000868053323;ndvi;StdTime;15-01-14 00:00:00;0,624386814899513;0;3;Prairies
34;3126,000000000000000;0,013567708330810;ndvi;StdTime;15-01-14 00:00:00;0,596159751044963;0;4;Foret feuillus
35;335,000000000000000;0,001453993055285;ndvi;StdTime;15-01-14 00:00:00;0,679701456383093;0;5;Foret resineux
36;1500,000000000000000;0,006510416665456;ndvi;StdTime;15-01-14 00:00:00;0,626875994702181;0;6;Foret mixte
37;107,000000000000000;0,000464409722136;ndvi;StdTime;15-01-14 00:00:00;0,540259661797051;0;7;Milieux semi-naturels
38;185,000000000000000;0,000802951388740;ndvi;StdTime;15-01-14 00:00:00;0,471201860018678;0;8;Zones humides et eau
41;18543,000000000000000;0,080481770818364;ndvi;StdTime;15-01-14 00:00:00;0,491550582048065;0;1;Artificialise
42;63126,000000000000000;0,273984374949041;ndvi;StdTime;15-01-14 00:00:00;0,569642323926828;0;2;Cultures
43;8940,000000000000000;0,038802083326116;ndvi;StdTime;15-01-14 00:00:00;0,656398898832315;0;3;Prairies
44;659,000000000000000;0,002860243055024;ndvi;StdTime;15-01-14 00:00:00;0,614900597988745;0;4;Foret feuillus
45;284,000000000000000;0,001232638888660;ndvi;StdTime;15-01-14 00:00:00;0,638903254092160;0;5;Foret resineux
46;586,000000000000000;0,002543402777305;ndvi;StdTime;15-01-14 00:00:00;0,646963938409558;0;6;Foret mixte
47;693,000000000000000;0,003007812499441;ndvi;StdTime;15-01-14 00:00:00;0,418427877701969;0;7;Milieux semi-naturels
48;527,000000000000000;0,002287326388463;ndvi;StdTime;15-01-14 00:00:00;0,312978050999557;0;8;Zones humides et eau
51;8563,000000000000000;0,037165798604199;ndvi;StdTime;15-01-14 00:00:00;0,580058132568129;0;1;Artificialise
52;20512,000000000000000;0,089027777761219;ndvi;StdTime;15-01-14 00:00:00;0,521435976650291;0;2;Cultures
53;880,000000000000000;0,003819444443734;ndvi;StdTime;15-01-14 00:00:00;0,617857936261730;0;3;Prairies
54;685,000000000000000;0,002973090277225;ndvi;StdTime;15-01-14 00:00:00;0,604658160157448;0;4;Foret feuillus
55;219,000000000000000;0,000950520833157;ndvi;StdTime;15-01-14 00:00:00;0,676593070569103;0;5;Foret resineux
56;1277,000000000000000;0,005542534721191;ndvi;StdTime;15-01-14 00:00:00;0,628454034997787;0;6;Foret mixte
57;15,000000000000000;0,000065104166655;ndvi;StdTime;15-01-14 00:00:00;0,470904437700907;0;7;Milieux semi-naturels
58;2,000000000000000;0,000008680555554;ndvi;StdTime;15-01-14 00:00:00;0,487791642546654;0;8;Zones humides et eau
61;23918,000000000000000;0,103810763869581;ndvi;StdTime;15-01-14 00:00:00;0,552286478724679;0;1;Artificialise
62;60865,000000000000000;0,264171006895311;ndvi;StdTime;15-01-14 00:00:00;0,575751108282458;0;2;Cultures
63;12006,000000000000000;0,052109374990308;ndvi;StdTime;15-01-14 00:00:00;0,641155518821016;0;3;Prairies
64;11171,000000000000000;0,048485243046538;ndvi;StdTime;15-01-14 00:00:00;0,629650755253424;0;4;Foret feuillus
65;495,000000000000000;0,002148437499600;ndvi;StdTime;15-01-14 00:00:00;0,736769321109309;0;5;Foret resineux
66;1468,000000000000000;0,006371527776593;ndvi;StdTime;15-01-14 00:00:00;0,668727814643681;0;6;Foret mixte
67;777,000000000000000;0,003372395832706;ndvi;StdTime;15-01-14 00:00:00;0,555213937696496;0;7;Milieux semi-naturels
68;453,000000000000000;0,001966145832968;ndvi;StdTime;15-01-14 00:00:00;0,454376467896284;0;8;Zones humides et eau
71;4116,000000000000000;0,017864583330011;ndvi;StdTime;15-01-14 00:00:00;0,365804033319531;0;1;Artificialise
72;100,000000000000000;0,000434027777697;ndvi;StdTime;15-01-14 00:00:00;0,544085182845592;0;2;Cultures
73;15,000000000000000;0,000065104166655;ndvi;StdTime;15-01-14 00:00:00;0,625523519515991;0;3;Prairies
74;459,000000000000000;0,001992187499629;ndvi;StdTime;15-01-14 00:00:00;0,590296629337444;0;4;Foret feuillus
76;35,000000000000000;0,000151909722194;ndvi;StdTime;15-01-14 00:00:00;0,601543797765459;0;6;Foret mixte
78;9,000000000000000;0,000039062499993;ndvi;StdTime;15-01-14 00:00:00;0,181176845398214;0;8;Zones humides et eau
81;27096,000000000000000;0,117604166644793;ndvi;StdTime;15-01-14 00:00:00;0,506827945197093;0;1;Artificialise
82;30867,000000000000000;0,133971354141749;ndvi;StdTime;15-01-14 00:00:00;0,606157275573133;0;2;Cultures
83;12409,000000000000000;0,053858506934427;ndvi;StdTime;15-01-14 00:00:00;0,638799237086020;0;3;Prairies
84;2241,000000000000000;0,009726562498191;ndvi;StdTime;15-01-14 00:00:00;0,596951128009811;0;4;Foret feuillus
85;5418,000000000000000;0,023515624995626;ndvi;StdTime;15-01-14 00:00:00;0,678505422373502;0;5;Foret resineux
86;3278,000000000000000;0,014227430552909;ndvi;StdTime;15-01-14 00:00:00;0,636412026470868;0;6;Foret mixte
87;1122,000000000000000;0,004869791665761;ndvi;StdTime;15-01-14 00:00:00;0,487580922523550;0;7;Milieux semi-naturels
88;2049,000000000000000;0,008893229165013;ndvi;StdTime;15-01-14 00:00:00;0,289787034112144;0;8;Zones humides et eau
91;21524,000000000000000;0,093420138871514;ndvi;StdTime;15-01-14 00:00:00;0,595067994846142;0;1;Artificialise
92;33863,000000000000000;0,146974826361553;ndvi;StdTime;15-01-14 00:00:00;0,604974286564799;0;2;Cultures
93;20854,000000000000000;0,090512152760943;ndvi;StdTime;15-01-14 00:00:00;0,716036083257654;0;3;Prairies
94;4447,000000000000000;0,019301215274188;ndvi;StdTime;15-01-14 00:00:00;0,640126953761392;0;4;Foret feuillus
95;10528,000000000000000;0,045694444435946;ndvi;StdTime;15-01-14 00:00:00;0,763617981366791;0;5;Foret resineux
96;16812,000000000000000;0,072968749986428;ndvi;StdTime;15-01-14 00:00:00;0,725886529126735;0;6;Foret mixte
97;2449,000000000000000;0,010629340275801;ndvi;StdTime;15-01-14 00:00:00;0,590720520658658;0;7;Milieux semi-naturels
98;2008,000000000000000;0,008715277776157;ndvi;StdTime;15-01-14 00:00:00;0,431506063204734;0;8;Zones humides et eau
101;7501,000000000000000;0,032556423605056;ndvi;StdTime;15-01-14 00:00:00;0,620989742546920;0;1;Artificialise
102;32049,000000000000000;0,139101562474128;ndvi;StdTime;15-01-14 00:00:00;0,674157617954540;0;2;Cultures
103;23798,000000000000000;0,103289930536344;ndvi;StdTime;15-01-14 00:00:00;0,690850499973888;0;3;Prairies
104;18168,000000000000000;0,078854166652000;ndvi;StdTime;15-01-14 00:00:00;0,639370487163844;0;4;Foret feuillus
105;13765,000000000000000;0,059743923599999;ndvi;StdTime;15-01-14 00:00:00;0,744575725866586;0;5;Foret resineux
106;30877,000000000000000;0,134014756919519;ndvi;StdTime;15-01-14 00:00:00;0,709504319817523;0;6;Foret mixte
107;2266,000000000000000;0,009835069442615;ndvi;StdTime;15-01-14 00:00:00;0,667059526978504;0;7;Milieux semi-naturels
108;332,000000000000000;0,001440972221954;ndvi;StdTime;15-01-14 00:00:00;0,563925664198686;0;8;Zones humides et eau
111;13192,000000000000000;0,057256944433795;ndvi;StdTime;15-01-14 00:00:00;0,605673888329983;0;1;Artificialise
112;48169,000000000000000;0,209066840238893;ndvi;StdTime;15-01-14 00:00:00;0,613027002519885;0;2;Cultures
113;9056,000000000000000;0,039305555548245;ndvi;StdTime;15-01-14 00:00:00;0,683700158711614;0;3;Prairies
114;15928,000000000000000;0,069131944431586;ndvi;StdTime;15-01-14 00:00:00;0,639305567008685;0;4;Foret feuillus
115;2083,000000000000000;0,009040798609430;ndvi;StdTime;15-01-14 00:00:00;0,720250977356161;0;5;Foret resineux
116;17702,000000000000000;0,076831597207932;ndvi;StdTime;15-01-14 00:00:00;0,675259407688409;0;6;Foret mixte
117;299,000000000000000;0,001297743055314;ndvi;StdTime;15-01-14 00:00:00;0,628894811689256;0;7;Milieux semi-naturels
118;319,000000000000000;0,001384548610854;ndvi;StdTime;15-01-14 00:00:00;0,484737873451089;0;8;Zones humides et eau
11;19297,000000000000000;0,083754340262200;ndvi;StdTime;15-01-15 00:00:00;0,521658939585624;0;1;Artificialise
12;32515,000000000000000;0,141124131918197;ndvi;StdTime;15-01-15 00:00:00;0,559347719122047;0;2;Cultures
13;4652,000000000000000;0,020190972218467;ndvi;StdTime;15-01-15 00:00:00;0,612509626334634;0;3;Prairies
14;2157,000000000000000;0,009361979164925;ndvi;StdTime;15-01-15 00:00:00;0,580653994335971;0;4;Foret feuillus
15;5373,000000000000000;0,023320312495663;ndvi;StdTime;15-01-15 00:00:00;0,670325860530886;0;5;Foret resineux
16;3663,000000000000000;0,015898437497043;ndvi;StdTime;15-01-15 00:00:00;0,630348411363524;0;6;Foret mixte
17;2663,000000000000000;0,011558159720073;ndvi;StdTime;15-01-15 00:00:00;0,523329142407646;0;7;Milieux semi-naturels
18;1188,000000000000000;0,005156249999041;ndvi;StdTime;15-01-15 00:00:00;0,423487813371118;0;8;Zones humides et eau
21;23624,000000000000000;0,102534722203152;ndvi;StdTime;15-01-15 00:00:00;0,523194334980459;0;1;Artificialise
22;53262,000000000000000;0,231171874957004;ndvi;StdTime;15-01-15 00:00:00;0,607178921395368;0;2;Cultures
23;7495,000000000000000;0,032530381938394;ndvi;StdTime;15-01-15 00:00:00;0,655579577987794;0;3;Prairies
24;1297,000000000000000;0,005629340276731;ndvi;StdTime;15-01-15 00:00:00;0,599364450668130;0;4;Foret feuillus
25;405,000000000000000;0,001757812499673;ndvi;StdTime;15-01-15 00:00:00;0,663258083587812;0;5;Foret resineux
26;881,000000000000000;0,003823784721511;ndvi;StdTime;15-01-15 00:00:00;0,636378056852825;0;6;Foret mixte
27;466,000000000000000;0,002022569444068;ndvi;StdTime;15-01-15 00:00:00;0,433230477221342;0;7;Milieux semi-naturels
28;1203,000000000000000;0,005221354165696;ndvi;StdTime;15-01-15 00:00:00;0,268366782650081;0;8;Zones humides et eau
31;20495,000000000000000;0,088953993039011;ndvi;StdTime;15-01-15 00:00:00;0,548567180006162;0;1;Artificialise
32;33836,000000000000000;0,146857638861575;ndvi;StdTime;15-01-15 00:00:00;0,567971145102888;0;2;Cultures
33;2765,000000000000000;0,012000868053323;ndvi;StdTime;15-01-15 00:00:00;0,618283057126602;0;3;Prairies
34;3126,000000000000000;0,013567708330810;ndvi;StdTime;15-01-15 00:00:00;0,599866436485748;0;4;Foret feuillus
35;335,000000000000000;0,001453993055285;ndvi;StdTime;15-01-15 00:00:00;0,663245523420732;0;5;Foret resineux
36;1500,000000000000000;0,006510416665456;ndvi;StdTime;15-01-15 00:00:00;0,620937924464543;0;6;Foret mixte
37;107,000000000000000;0,000464409722136;ndvi;StdTime;15-01-15 00:00:00;0,544487459358768;0;7;Milieux semi-naturels
38;185,000000000000000;0,000802951388740;ndvi;StdTime;15-01-15 00:00:00;0,487113673300357;0;8;Zones humides et eau
41;18515,000000000000000;0,080360243040609;ndvi;StdTime;15-01-15 00:00:00;0,501821349099852;0;1;Artificialise
42;63126,000000000000000;0,273984374949041;ndvi;StdTime;15-01-15 00:00:00;0,609754919854368;0;2;Cultures
43;8940,000000000000000;0,038802083326116;ndvi;StdTime;15-01-15 00:00:00;0,661676004488996;0;3;Prairies
44;659,000000000000000;0,002860243055024;ndvi;StdTime;15-01-15 00:00:00;0,624712582016208;0;4;Foret feuillus
45;283,000000000000000;0,001228298610883;ndvi;StdTime;15-01-15 00:00:00;0,633310656718146;0;5;Foret resineux
46;586,000000000000000;0,002543402777305;ndvi;StdTime;15-01-15 00:00:00;0,648306878823977;0;6;Foret mixte
47;672,000000000000000;0,002916666666124;ndvi;StdTime;15-01-15 00:00:00;0,420243345269617;0;7;Milieux semi-naturels
48;483,000000000000000;0,002096354166277;ndvi;StdTime;15-01-15 00:00:00;0,337104489798942;0;8;Zones humides et eau
51;8563,000000000000000;0,037165798604199;ndvi;StdTime;15-01-15 00:00:00;0,577592722964554;0;1;Artificialise
52;20512,000000000000000;0,089027777761219;ndvi;StdTime;15-01-15 00:00:00;0,510306215195593;0;2;Cultures
53;880,000000000000000;0,003819444443734;ndvi;StdTime;15-01-15 00:00:00;0,600729908252304;0;3;Prairies
54;685,000000000000000;0,002973090277225;ndvi;StdTime;15-01-15 00:00:00;0,616886051336344;0;4;Foret feuillus
55;219,000000000000000;0,000950520833157;ndvi;StdTime;15-01-15 00:00:00;0,664984891267672;0;5;Foret resineux
56;1277,000000000000000;0,005542534721191;ndvi;StdTime;15-01-15 00:00:00;0,626338753788006;0;6;Foret mixte
57;15,000000000000000;0,000065104166655;ndvi;StdTime;15-01-15 00:00:00;0,475629333655040;0;7;Milieux semi-naturels
58;2,000000000000000;0,000008680555554;ndvi;StdTime;15-01-15 00:00:00;0,499850004911423;0;8;Zones humides et eau
61;23915,000000000000000;0,103797743036250;ndvi;StdTime;15-01-15 00:00:00;0,544722303543135;0;1;Artificialise
62;60865,000000000000000;0,264171006895311;ndvi;StdTime;15-01-15 00:00:00;0,556662779579581;0;2;Cultures
63;12006,000000000000000;0,052109374990308;ndvi;StdTime;15-01-15 00:00:00;0,620135726670603;0;3;Prairies
64;11171,000000000000000;0,048485243046538;ndvi;StdTime;15-01-15 00:00:00;0,612148048091559;0;4;Foret feuillus
65;495,000000000000000;0,002148437499600;ndvi;StdTime;15-01-15 00:00:00;0,709103448583623;0;5;Foret resineux
66;1468,000000000000000;0,006371527776593;ndvi;StdTime;15-01-15 00:00:00;0,657802694560884;0;6;Foret mixte
67;777,000000000000000;0,003372395832706;ndvi;StdTime;15-01-15 00:00:00;0,553490600875906;0;7;Milieux semi-naturels
68;450,000000000000000;0,001953124999637;ndvi;StdTime;15-01-15 00:00:00;0,440996960331168;0;8;Zones humides et eau
71;4124,000000000000000;0,017899305552226;ndvi;StdTime;15-01-15 00:00:00;0,382213362997576;0;1;Artificialise
72;100,000000000000000;0,000434027777697;ndvi;StdTime;15-01-15 00:00:00;0,542134338617325;0;2;Cultures
73;15,000000000000000;0,000065104166655;ndvi;StdTime;15-01-15 00:00:00;0,592005536953608;0;3;Prairies
74;459,000000000000000;0,001992187499629;ndvi;StdTime;15-01-15 00:00:00;0,603130099885085;0;4;Foret feuillus
76;35,000000000000000;0,000151909722194;ndvi;StdTime;15-01-15 00:00:00;0,637583994013922;0;6;Foret mixte
78;9,000000000000000;0,000039062499993;ndvi;StdTime;15-01-15 00:00:00;0,213547399474515;0;8;Zones humides et eau
81;27176,000000000000000;0,117951388866951;ndvi;StdTime;15-01-15 00:00:00;0,515252187192893;0;1;Artificialise
82;30867,000000000000000;0,133971354141749;ndvi;StdTime;15-01-15 00:00:00;0,619302364277025;0;2;Cultures
83;12409,000000000000000;0,053858506934427;ndvi;StdTime;15-01-15 00:00:00;0,645316103338060;0;3;Prairies
84;2241,000000000000000;0,009726562498191;ndvi;StdTime;15-01-15 00:00:00;0,597825326713692;0;4;Foret feuillus
85;5418,000000000000000;0,023515624995626;ndvi;StdTime;15-01-15 00:00:00;0,670720705123747;0;5;Foret resineux
86;3278,000000000000000;0,014227430552909;ndvi;StdTime;15-01-15 00:00:00;0,631487641158520;0;6;Foret mixte
87;1111,000000000000000;0,004822048610214;ndvi;StdTime;15-01-15 00:00:00;0,506833008151001;0;7;Milieux semi-naturels
88;2019,000000000000000;0,008763020831703;ndvi;StdTime;15-01-15 00:00:00;0,305667806163248;0;8;Zones humides et eau
91;20593,000000000000000;0,089379340261154;ndvi;StdTime;15-01-15 00:00:00;0,564145862359892;0;1;Artificialise
92;32948,000000000000000;0,143003472195625;ndvi;StdTime;15-01-15 00:00:00;0,563263330180766;0;2;Cultures
93;15885,000000000000000;0,068945312487177;ndvi;StdTime;15-01-15 00:00:00;0,664818412933216;0;3;Prairies
94;4275,000000000000000;0,018554687496549;ndvi;StdTime;15-01-15 00:00:00;0,597453603692222;0;4;Foret feuillus
95;6980,000000000000000;0,030295138883254;ndvi;StdTime;15-01-15 00:00:00;0,663188276144230;0;5;Foret resineux
96;13750,000000000000000;0,059678819433345;ndvi;StdTime;15-01-15 00:00:00;0,657840671307933;0;6;Foret mixte
97;1347,000000000000000;0,005846354165579;ndvi;StdTime;15-01-15 00:00:00;0,581378376845660;0;7;Milieux semi-naturels
98;905,000000000000000;0,003927951388158;ndvi;StdTime;15-01-15 00:00:00;0,408203684254575;0;8;Zones humides et eau
101;6782,000000000000000;0,029435763883414;ndvi;StdTime;15-01-15 00:00:00;0,598843222174743;0;1;Artificialise
102;27992,000000000000000;0,121493055532959;ndvi;StdTime;15-01-15 00:00:00;0,645192268914450;0;2;Cultures
103;21038,000000000000000;0,091310763871906;ndvi;StdTime;15-01-15 00:00:00;0,672557432137552;0;3;Prairies
104;17077,000000000000000;0,074118923597326;ndvi;StdTime;15-01-15 00:00:00;0,597986788232547;0;4;Foret feuillus
105;11530,000000000000000;0,050043402768470;ndvi;StdTime;15-01-15 00:00:00;0,681800264059361;0;5;Foret resineux
106;26420,000000000000000;0,114670138867561;ndvi;StdTime;15-01-15 00:00:00;0,646127336680675;0;6;Foret mixte
107;1763,000000000000000;0,007651909720799;ndvi;StdTime;15-01-15 00:00:00;0,623409043851726;0;7;Milieux semi-naturels
108;202,000000000000000;0,000876736110948;ndvi;StdTime;15-01-15 00:00:00;0,553561289342913;0;8;Zones humides et eau
111;13152,000000000000000;0,057083333322716;ndvi;StdTime;15-01-15 00:00:00;0,589110393622105;0;1;Artificialise
112;48103,000000000000000;0,208780381905613;ndvi;StdTime;15-01-15 00:00:00;0,578022205601996;0;2;Cultures
113;9021,000000000000000;0,039153645826051;ndvi;StdTime;15-01-15 00:00:00;0,659256801251996;0;3;Prairies
114;15828,000000000000000;0,068697916653889;ndvi;StdTime;15-01-15 00:00:00;0,619016991456557;0;4;Foret feuillus
115;2010,000000000000000;0,008723958331711;ndvi;StdTime;15-01-15 00:00:00;0,667837300570450;0;5;Foret resineux
116;17597,000000000000000;0,076375868041350;ndvi;StdTime;15-01-15 00:00:00;0,649618003550201;0;6;Foret mixte
117;295,000000000000000;0,001280381944206;ndvi;StdTime;15-01-15 00:00:00;0,610158284134784;0;7;Milieux semi-naturels
118;319,000000000000000;0,001384548610854;ndvi;StdTime;15-01-15 00:00:00;0,470419493915519;0;8;Zones humides et eau
11;19297,000000000000000;0,083754340262200;ndvi;StdTime;15-01-16 00:00:00;0,558168315513553;0;1;Artificialise
12;32515,000000000000000;0,141124131918197;ndvi;StdTime;15-01-16 00:00:00;0,614345601665988;0;2;Cultures
13;4653,000000000000000;0,020195312496244;ndvi;StdTime;15-01-16 00:00:00;0,667879591577673;0;3;Prairies
14;2157,000000000000000;0,009361979164925;ndvi;StdTime;15-01-16 00:00:00;0,616466430447198;0;4;Foret feuillus
15;5373,000000000000000;0,023320312495663;ndvi;StdTime;15-01-16 00:00:00;0,699146763294541;0;5;Foret resineux
16;3663,000000000000000;0,015898437497043;ndvi;StdTime;15-01-16 00:00:00;0,656477549201049;0;6;Foret mixte
17;2665,000000000000000;0,011566840275626;ndvi;StdTime;15-01-16 00:00:00;0,538380094211179;0;7;Milieux semi-naturels
18;1202,000000000000000;0,005217013887919;ndvi;StdTime;15-01-16 00:00:00;0,455325285001068;0;8;Zones humides et eau
21;23645,000000000000000;0,102625868036468;ndvi;StdTime;15-01-16 00:00:00;0,562328626899344;0;1;Artificialise
22;53262,000000000000000;0,231171874957004;ndvi;StdTime;15-01-16 00:00:00;0,655606573176699;0;2;Cultures
23;7495,000000000000000;0,032530381938394;ndvi;StdTime;15-01-16 00:00:00;0,706985929176917;0;3;Prairies
24;1297,000000000000000;0,005629340276731;ndvi;StdTime;15-01-16 00:00:00;0,639002067360771;0;4;Foret feuillus
25;405,000000000000000;0,001757812499673;ndvi;StdTime;15-01-16 00:00:00;0,696590037331169;0;5;Foret resineux
26;881,000000000000000;0,003823784721511;ndvi;StdTime;15-01-16 00:00:00;0,669282868386127;0;6;Foret mixte
27;471,000000000000000;0,002044270832953;ndvi;StdTime;15-01-16 00:00:00;0,447635226339228;0;7;Milieux semi-naturels
28;1224,000000000000000;0,005312499999012;ndvi;StdTime;15-01-16 00:00:00;0,298902287716843;0;8;Zones humides et eau
31;20501,000000000000000;0,088980034705673;ndvi;StdTime;15-01-16 00:00:00;0,585578171888577;0;1;Artificialise
32;33836,000000000000000;0,146857638861575;ndvi;StdTime;15-01-16 00:00:00;0,632158655477295;0;2;Cultures
33;2765,000000000000000;0,012000868053323;ndvi;StdTime;15-01-16 00:00:00;0,678674385172549;0;3;Prairies
34;3126,000000000000000;0,013567708330810;ndvi;StdTime;15-01-16 00:00:00;0,612173463002810;0;4;Foret feuillus
35;335,000000000000000;0,001453993055285;ndvi;StdTime;15-01-16 00:00:00;0,692632124850999;0;5;Foret resineux
36;1500,000000000000000;0,006510416665456;ndvi;StdTime;15-01-16 00:00:00;0,640334243655205;0;6;Foret mixte
37;107,000000000000000;0,000464409722136;ndvi;StdTime;15-01-16 00:00:00;0,572252356281905;0;7;Milieux semi-naturels
38;185,000000000000000;0,000802951388740;ndvi;StdTime;15-01-16 00:00:00;0,515073283781876;0;8;Zones humides et eau
41;18462,000000000000000;0,080130208318430;ndvi;StdTime;15-01-16 00:00:00;0,542408578696909;0;1;Artificialise
42;63120,000000000000000;0,273958333282379;ndvi;StdTime;15-01-16 00:00:00;0,652165367157312;0;2;Cultures
43;8940,000000000000000;0,038802083326116;ndvi;StdTime;15-01-16 00:00:00;0,723324052461109;0;3;Prairies
44;659,000000000000000;0,002860243055024;ndvi;StdTime;15-01-16 00:00:00;0,668978438482299;0;4;Foret feuillus
45;277,000000000000000;0,001202256944221;ndvi;StdTime;15-01-16 00:00:00;0,688288288587698;0;5;Foret resineux
46;586,000000000000000;0,002543402777305;ndvi;StdTime;15-01-16 00:00:00;0,695097920735948;0;6;Foret mixte
47;685,000000000000000;0,002973090277225;ndvi;StdTime;15-01-16 00:00:00;0,459003533569486;0;7;Milieux semi-naturels
48;454,000000000000000;0,001970486110745;ndvi;StdTime;15-01-16 00:00:00;0,395278011215851;0;8;Zones humides et eau
51;8563,000000000000000;0,037165798604199;ndvi;StdTime;15-01-16 00:00:00;0,611561358197748;0;1;Artificialise
52;20512,000000000000000;0,089027777761219;ndvi;StdTime;15-01-16 00:00:00;0,571621763257685;0;2;Cultures
53;880,000000000000000;0,003819444443734;ndvi;StdTime;15-01-16 00:00:00;0,665514723617922;0;3;Prairies
54;685,000000000000000;0,002973090277225;ndvi;StdTime;15-01-16 00:00:00;0,621970175261044;0;4;Foret feuillus
55;219,000000000000000;0,000950520833157;ndvi;StdTime;15-01-16 00:00:00;0,676439934125230;0;5;Foret resineux
56;1277,000000000000000;0,005542534721191;ndvi;StdTime;15-01-16 00:00:00;0,638041562929504;0;6;Foret mixte
57;15,000000000000000;0,000065104166655;ndvi;StdTime;15-01-16 00:00:00;0,503322215874990;0;7;Milieux semi-naturels
58;2,000000000000000;0,000008680555554;ndvi;StdTime;15-01-16 00:00:00;0,579791635274887;0;8;Zones humides et eau
61;23918,000000000000000;0,103810763869581;ndvi;StdTime;15-01-16 00:00:00;0,592766651165548;0;1;Artificialise
62;60865,000000000000000;0,264171006895311;ndvi;StdTime;15-01-16 00:00:00;0,641089566450413;0;2;Cultures
63;12006,000000000000000;0,052109374990308;ndvi;StdTime;15-01-16 00:00:00;0,701238162507769;0;3;Prairies
64;11171,000000000000000;0,048485243046538;ndvi;StdTime;15-01-16 00:00:00;0,638755445017851;0;4;Foret feuillus
65;495,000000000000000;0,002148437499600;ndvi;StdTime;15-01-16 00:00:00;0,738212110659088;0;5;Foret resineux
66;1468,000000000000000;0,006371527776593;ndvi;StdTime;15-01-16 00:00:00;0,676107815890611;0;6;Foret mixte
67;777,000000000000000;0,003372395832706;ndvi;StdTime;15-01-16 00:00:00;0,588649950394146;0;7;Milieux semi-naturels
68;451,000000000000000;0,001957465277414;ndvi;StdTime;15-01-16 00:00:00;0,492335615493770;0;8;Zones humides et eau
71;4130,000000000000000;0,017925347218888;ndvi;StdTime;15-01-16 00:00:00;0,389257918577867;0;1;Artificialise
72;100,000000000000000;0,000434027777697;ndvi;StdTime;15-01-16 00:00:00;0,595195282101631;0;2;Cultures
73;15,000000000000000;0,000065104166655;ndvi;StdTime;15-01-16 00:00:00;0,715133317311605;0;3;Prairies
74;459,000000000000000;0,001992187499629;ndvi;StdTime;15-01-16 00:00:00;0,577170957082756;0;4;Foret feuillus
76;35,000000000000000;0,000151909722194;ndvi;StdTime;15-01-16 00:00:00;0,583523523807526;0;6;Foret mixte
78;9,000000000000000;0,000039062499993;ndvi;StdTime;15-01-16 00:00:00;0,236568517155117;0;8;Zones humides et eau
81;27081,000000000000000;0,117539062478139;ndvi;StdTime;15-01-16 00:00:00;0,535026688253695;0;1;Artificialise
82;30867,000000000000000;0,133971354141749;ndvi;StdTime;15-01-16 00:00:00;0,653500855628948;0;2;Cultures
83;12409,000000000000000;0,053858506934427;ndvi;StdTime;15-01-16 00:00:00;0,681018961384715;0;3;Prairies
84;2241,000000000000000;0,009726562498191;ndvi;StdTime;15-01-16 00:00:00;0,615115427321910;0;4;Foret feuillus
85;5418,000000000000000;0,023515624995626;ndvi;StdTime;15-01-16 00:00:00;0,684668065316565;0;5;Foret resineux
86;3278,000000000000000;0,014227430552909;ndvi;StdTime;15-01-16 00:00:00;0,653568649942952;0;6;Foret mixte
87;1113,000000000000000;0,004830729165768;ndvi;StdTime;15-01-16 00:00:00;0,528875665349244;0;7;Milieux semi-naturels
88;2039,000000000000000;0,008849826387243;ndvi;StdTime;15-01-16 00:00:00;0,329101324807509;0;8;Zones humides et eau
91;21524,000000000000000;0,093420138871514;ndvi;StdTime;15-01-16 00:00:00;0,610432779472691;0;1;Artificialise
92;33863,000000000000000;0,146974826361553;ndvi;StdTime;15-01-16 00:00:00;0,636602468465407;0;2;Cultures
93;20854,000000000000000;0,090512152760943;ndvi;StdTime;15-01-16 00:00:00;0,736575359077196;0;3;Prairies
94;4447,000000000000000;0,019301215274188;ndvi;StdTime;15-01-16 00:00:00;0,627313228344581;0;4;Foret feuillus
95;10526,000000000000000;0,045685763880392;ndvi;StdTime;15-01-16 00:00:00;0,742304279703774;0;5;Foret resineux
96;16812,000000000000000;0,072968749986428;ndvi;StdTime;15-01-16 00:00:00;0,710318071841698;0;6;Foret mixte
97;2449,000000000000000;0,010629340275801;ndvi;StdTime;15-01-16 00:00:00;0,587341793754628;0;7;Milieux semi-naturels
98;2008,000000000000000;0,008715277776157;ndvi;StdTime;15-01-16 00:00:00;0,448332998845948;0;8;Zones humides et eau
101;7501,000000000000000;0,032556423605056;ndvi;StdTime;15-01-16 00:00:00;0,637550418777572;0;1;Artificialise
102;32049,000000000000000;0,139101562474128;ndvi;StdTime;15-01-16 00:00:00;0,700194624217829;0;2;Cultures
103;23798,000000000000000;0,103289930536344;ndvi;StdTime;15-01-16 00:00:00;0,720690592165424;0;3;Prairies
104;18168,000000000000000;0,078854166652000;ndvi;StdTime;15-01-16 00:00:00;0,611815459614530;0;4;Foret feuillus
105;13765,000000000000000;0,059743923599999;ndvi;StdTime;15-01-16 00:00:00;0,712364280879868;0;5;Foret resineux
106;30877,000000000000000;0,134014756919519;ndvi;StdTime;15-01-16 00:00:00;0,688795296922957;0;6;Foret mixte
107;2266,000000000000000;0,009835069442615;ndvi;StdTime;15-01-16 00:00:00;0,638918869690567;0;7;Milieux semi-naturels
108;332,000000000000000;0,001440972221954;ndvi;StdTime;15-01-16 00:00:00;0,558865685240332;0;8;Zones humides et eau
111;13192,000000000000000;0,057256944433795;ndvi;StdTime;15-01-16 00:00:00;0,625464916871967;0;1;Artificialise
112;48169,000000000000000;0,209066840238893;ndvi;StdTime;15-01-16 00:00:00;0,653738085548259;0;2;Cultures
113;9056,000000000000000;0,039305555548245;ndvi;StdTime;15-01-16 00:00:00;0,723822297377004;0;3;Prairies
114;15928,000000000000000;0,069131944431586;ndvi;StdTime;15-01-16 00:00:00;0,634252493077493;0;4;Foret feuillus
115;2083,000000000000000;0,009040798609430;ndvi;StdTime;15-01-16 00:00:00;0,719069122338146;0;5;Foret resineux
116;17702,000000000000000;0,076831597207932;ndvi;StdTime;15-01-16 00:00:00;0,674345722645709;0;6;Foret mixte
117;299,000000000000000;0,001297743055314;ndvi;StdTime;15-01-16 00:00:00;0,645997540308879;0;7;Milieux semi-naturels
118;319,000000000000000;0,001384548610854;ndvi;StdTime;15-01-16 00:00:00;0,491823729349528;0;8;Zones humides et eau
11;19297,000000000000000;0,083754340262200;ndvi;StdTime;15-01-17 00:00:00;0,489380077502114;0;1;Artificialise
12;32515,000000000000000;0,141124131918197;ndvi;StdTime;15-01-17 00:00:00;0,526283966026162;0;2;Cultures
13;4653,000000000000000;0,020195312496244;ndvi;StdTime;15-01-17 00:00:00;0,585304126562978;0;3;Prairies
14;2157,000000000000000;0,009361979164925;ndvi;StdTime;15-01-17 00:00:00;0,559523057484440;0;4;Foret feuillus
15;5373,000000000000000;0,023320312495663;ndvi;StdTime;15-01-17 00:00:00;0,662272987497956;0;5;Foret resineux
16;3663,000000000000000;0,015898437497043;ndvi;StdTime;15-01-17 00:00:00;0,614460151649679;0;6;Foret mixte
17;2665,000000000000000;0,011566840275626;ndvi;StdTime;15-01-17 00:00:00;0,485694135848510;0;7;Milieux semi-naturels
18;1213,000000000000000;0,005264756943465;ndvi;StdTime;15-01-17 00:00:00;0,412436000217345;0;8;Zones humides et eau
21;23625,000000000000000;0,102539062480929;ndvi;StdTime;15-01-17 00:00:00;0,490277306718308;0;1;Artificialise
22;53262,000000000000000;0,231171874957004;ndvi;StdTime;15-01-17 00:00:00;0,572248518759032;0;2;Cultures
23;7495,000000000000000;0,032530381938394;ndvi;StdTime;15-01-17 00:00:00;0,623974091086967;0;3;Prairies
24;1297,000000000000000;0,005629340276731;ndvi;StdTime;15-01-17 00:00:00;0,573677262872940;0;4;Foret feuillus
25;405,000000000000000;0,001757812499673;ndvi;StdTime;15-01-17 00:00:00;0,661575546161628;0;5;Foret resineux
26;881,000000000000000;0,003823784721511;ndvi;StdTime;15-01-17 00:00:00;0,619142853391698;0;6;Foret mixte
27;468,000000000000000;0,002031249999622;ndvi;StdTime;15-01-17 00:00:00;0,393120218482283;0;7;Milieux semi-naturels
28;1191,000000000000000;0,005169270832372;ndvi;StdTime;15-01-17 00:00:00;0,253015631453645;0;8;Zones humides et eau
31;20501,000000000000000;0,088980034705673;ndvi;StdTime;15-01-17 00:00:00;0,504676681318465;0;1;Artificialise
32;33836,000000000000000;0,146857638861575;ndvi;StdTime;15-01-17 00:00:00;0,526067024691163;0;2;Cultures
33;2765,000000000000000;0,012000868053323;ndvi;StdTime;15-01-17 00:00:00;0,572851785613227;0;3;Prairies
34;3126,000000000000000;0,013567708330810;ndvi;StdTime;15-01-17 00:00:00;0,569588933241336;0;4;Foret feuillus
35;335,000000000000000;0,001453993055285;ndvi;StdTime;15-01-17 00:00:00;0,658537506879265;0;5;Foret resineux
36;1500,000000000000000;0,006510416665456;ndvi;StdTime;15-01-17 00:00:00;0,598686132629713;0;6;Foret mixte
37;107,000000000000000;0,000464409722136;ndvi;StdTime;15-01-17 00:00:00;0,499649800429834;0;7;Milieux semi-naturels
38;185,000000000000000;0,000802951388740;ndvi;StdTime;15-01-17 00:00:00;0,454529754777212;0;8;Zones humides et eau
41;18519,000000000000000;0,080377604151717;ndvi;StdTime;15-01-17 00:00:00;0,487203021550596;0;1;Artificialise
42;63125,000000000000000;0,273980034671264;ndvi;StdTime;15-01-17 00:00:00;0,587158707214347;0;2;Cultures
43;8940,000000000000000;0,038802083326116;ndvi;StdTime;15-01-17 00:00:00;0,647598260631097;0;3;Prairies
44;659,000000000000000;0,002860243055024;ndvi;StdTime;15-01-17 00:00:00;0,617355392400701;0;4;Foret feuillus
45;284,000000000000000;0,001232638888660;ndvi;StdTime;15-01-17 00:00:00;0,630564476402713;0;5;Foret resineux
46;586,000000000000000;0,002543402777305;ndvi;StdTime;15-01-17 00:00:00;0,637162638198799;0;6;Foret mixte
47;687,000000000000000;0,002981770832779;ndvi;StdTime;15-01-17 00:00:00;0,418997265576091;0;7;Milieux semi-naturels
48;499,000000000000000;0,002165798610708;ndvi;StdTime;15-01-17 00:00:00;0,331157135102014;0;8;Zones humides et eau
51;8563,000000000000000;0,037165798604199;ndvi;StdTime;15-01-17 00:00:00;0,541540231247250;0;1;Artificialise
52;20512,000000000000000;0,089027777761219;ndvi;StdTime;15-01-17 00:00:00;0,467705408937926;0;2;Cultures
53;880,000000000000000;0,003819444443734;ndvi;StdTime;15-01-17 00:00:00;0,559033581648360;0;3;Prairies
54;685,000000000000000;0,002973090277225;ndvi;StdTime;15-01-17 00:00:00;0,584318504629344;0;4;Foret feuillus
55;219,000000000000000;0,000950520833157;ndvi;StdTime;15-01-17 00:00:00;0,661365866524988;0;5;Foret resineux
56;1277,000000000000000;0,005542534721191;ndvi;StdTime;15-01-17 00:00:00;0,608933074407121;0;6;Foret mixte
57;15,000000000000000;0,000065104166655;ndvi;StdTime;15-01-17 00:00:00;0,444153775771459;0;7;Milieux semi-naturels
58;2,000000000000000;0,000008680555554;ndvi;StdTime;15-01-17 00:00:00;0,485649988055229;0;8;Zones humides et eau
61;23918,000000000000000;0,103810763869581;ndvi;StdTime;15-01-17 00:00:00;0,506955782592780;0;1;Artificialise
62;60865,000000000000000;0,264171006895311;ndvi;StdTime;15-01-17 00:00:00;0,520732568313714;0;2;Cultures
63;12006,000000000000000;0,052109374990308;ndvi;StdTime;15-01-17 00:00:00;0,587925747661851;0;3;Prairies
64;11171,000000000000000;0,048485243046538;ndvi;StdTime;15-01-17 00:00:00;0,594498212864017;0;4;Foret feuillus
65;495,000000000000000;0,002148437499600;ndvi;StdTime;15-01-17 00:00:00;0,718648734357622;0;5;Foret resineux
66;1468,000000000000000;0,006371527776593;ndvi;StdTime;15-01-17 00:00:00;0,645026600064471;0;6;Foret mixte
67;777,000000000000000;0,003372395832706;ndvi;StdTime;15-01-17 00:00:00;0,521690220714689;0;7;Milieux semi-naturels
68;453,000000000000000;0,001966145832968;ndvi;StdTime;15-01-17 00:00:00;0,428741656367155;0;8;Zones humides et eau
71;4122,000000000000000;0,017890624996672;ndvi;StdTime;15-01-17 00:00:00;0,352609767188571;0;1;Artificialise
72;100,000000000000000;0,000434027777697;ndvi;StdTime;15-01-17 00:00:00;0,511066189557314;0;2;Cultures
73;15,000000000000000;0,000065104166655;ndvi;StdTime;15-01-17 00:00:00;0,576465543111165;0;3;Prairies
74;459,000000000000000;0,001992187499629;ndvi;StdTime;15-01-17 00:00:00;0,589804272116659;0;4;Foret feuillus
76;35,000000000000000;0,000151909722194;ndvi;StdTime;15-01-17 00:00:00;0,597813507488796;0;6;Foret mixte
78;9,000000000000000;0,000039062499993;ndvi;StdTime;15-01-17 00:00:00;0,222553139759435;0;8;Zones humides et eau
81;27239,000000000000000;0,118224826366900;ndvi;StdTime;15-01-17 00:00:00;0,485410044422392;0;1;Artificialise
82;30867,000000000000000;0,133971354141749;ndvi;StdTime;15-01-17 00:00:00;0,592715444047448;0;2;Cultures
83;12409,000000000000000;0,053858506934427;ndvi;StdTime;15-01-17 00:00:00;0,621913937514501;0;3;Prairies
84;2241,000000000000000;0,009726562498191;ndvi;StdTime;15-01-17 00:00:00;0,570758261729908;0;4;Foret feuillus
85;5418,000000000000000;0,023515624995626;ndvi;StdTime;15-01-17 00:00:00;0,657780215292674;0;5;Foret resineux
86;3278,000000000000000;0,014227430552909;ndvi;StdTime;15-01-17 00:00:00;0,623697469125731;0;6;Foret mixte
87;1110,000000000000000;0,004817708332437;ndvi;StdTime;15-01-17 00:00:00;0,481898535882031;0;7;Milieux semi-naturels
88;2094,000000000000000;0,009088541664976;ndvi;StdTime;15-01-17 00:00:00;0,273888501562874;0;8;Zones humides et eau
91;21524,000000000000000;0,093420138871514;ndvi;StdTime;15-01-17 00:00:00;0,548203126052274;0;1;Artificialise
92;33863,000000000000000;0,146974826361553;ndvi;StdTime;15-01-17 00:00:00;0,528879026856470;0;2;Cultures
93;20854,000000000000000;0,090512152760943;ndvi;StdTime;15-01-17 00:00:00;0,633548357483695;0;3;Prairies
94;4447,000000000000000;0,019301215274188;ndvi;StdTime;15-01-17 00:00:00;0,611462509133506;0;4;Foret feuillus
95;10528,000000000000000;0,045694444435946;ndvi;StdTime;15-01-17 00:00:00;0,719075737461606;0;5;Foret resineux
96;16812,000000000000000;0,072968749986428;ndvi;StdTime;15-01-17 00:00:00;0,686541628339815;0;6;Foret mixte
97;2449,000000000000000;0,010629340275801;ndvi;StdTime;15-01-17 00:00:00;0,556844973293993;0;7;Milieux semi-naturels
98;2008,000000000000000;0,008715277776157;ndvi;StdTime;15-01-17 00:00:00;0,423830740472888;0;8;Zones humides et eau
101;7501,000000000000000;0,032556423605056;ndvi;StdTime;15-01-17 00:00:00;0,546276984115772;0;1;Artificialise
102;32049,000000000000000;0,139101562474128;ndvi;StdTime;15-01-17 00:00:00;0,598303162303781;0;2;Cultures
103;23798,000000000000000;0,103289930536344;ndvi;StdTime;15-01-17 00:00:00;0,603250639982280;0;3;Prairies
104;18168,000000000000000;0,078854166652000;ndvi;StdTime;15-01-17 00:00:00;0,615322804796123;0;4;Foret feuillus
105;13765,000000000000000;0,059743923599999;ndvi;StdTime;15-01-17 00:00:00;0,712169934927748;0;5;Foret resineux
106;30877,000000000000000;0,134014756919519;ndvi;StdTime;15-01-17 00:00:00;0,674812236545922;0;6;Foret mixte
107;2266,000000000000000;0,009835069442615;ndvi;StdTime;15-01-17 00:00:00;0,623043698488035;0;7;Milieux semi-naturels
108;332,000000000000000;0,001440972221954;ndvi;StdTime;15-01-17 00:00:00;0,508207158331411;0;8;Zones humides et eau
111;13192,000000000000000;0,057256944433795;ndvi;StdTime;15-01-17 00:00:00;0,549693880568830;0;1;Artificialise
112;48169,000000000000000;0,209066840238893;ndvi;StdTime;15-01-17 00:00:00;0,549322748748956;0;2;Cultures
113;9056,000000000000000;0,039305555548245;ndvi;StdTime;15-01-17 00:00:00;0,614659489935440;0;3;Prairies
114;15928,000000000000000;0,069131944431586;ndvi;StdTime;15-01-17 00:00:00;0,605040808311662;0;4;Foret feuillus
115;2083,000000000000000;0,009040798609430;ndvi;StdTime;15-01-17 00:00:00;0,715742823957996;0;5;Foret resineux
116;17702,000000000000000;0,076831597207932;ndvi;StdTime;15-01-17 00:00:00;0,643220721937927;0;6;Foret mixte
117;299,000000000000000;0,001297743055314;ndvi;StdTime;15-01-17 00:00:00;0,599747413077881;0;7;Milieux semi-naturels
118;319,000000000000000;0,001384548610854;ndvi;StdTime;15-01-17 00:00:00;0,480404718308987;0;8;Zones humides et eau
11;19297,000000000000000;0,083754340262200;ndvi;StdTime;15-01-18 00:00:00;0,531461357900877;0;1;Artificialise
12;32515,000000000000000;0,141124131918197;ndvi;StdTime;15-01-18 00:00:00;0,584927252729101;0;2;Cultures
13;4652,000000000000000;0,020190972218467;ndvi;StdTime;15-01-18 00:00:00;0,652648003964090;0;3;Prairies
14;2157,000000000000000;0,009361979164925;ndvi;StdTime;15-01-18 00:00:00;0,595564643058392;0;4;Foret feuillus
15;5373,000000000000000;0,023320312495663;ndvi;StdTime;15-01-18 00:00:00;0,673925467227929;0;5;Foret resineux
16;3663,000000000000000;0,015898437497043;ndvi;StdTime;15-01-18 00:00:00;0,629684021246423;0;6;Foret mixte
17;2662,000000000000000;0,011553819442296;ndvi;StdTime;15-01-18 00:00:00;0,523750204648919;0;7;Milieux semi-naturels
18;1188,000000000000000;0,005156249999041;ndvi;StdTime;15-01-18 00:00:00;0,422857294180540;0;8;Zones humides et eau
21;23639,000000000000000;0,102599826369806;ndvi;StdTime;15-01-18 00:00:00;0,513422720455485;0;1;Artificialise
22;53262,000000000000000;0,231171874957004;ndvi;StdTime;15-01-18 00:00:00;0,612297765516849;0;2;Cultures
23;7495,000000000000000;0,032530381938394;ndvi;StdTime;15-01-18 00:00:00;0,662467466476681;0;3;Prairies
24;1297,000000000000000;0,005629340276731;ndvi;StdTime;15-01-18 00:00:00;0,593066718340288;0;4;Foret feuillus
25;405,000000000000000;0,001757812499673;ndvi;StdTime;15-01-18 00:00:00;0,652124872104621;0;5;Foret resineux
26;881,000000000000000;0,003823784721511;ndvi;StdTime;15-01-18 00:00:00;0,619773859367468;0;6;Foret mixte
27;468,000000000000000;0,002031249999622;ndvi;StdTime;15-01-18 00:00:00;0,393842519153483;0;7;Milieux semi-naturels
28;1206,000000000000000;0,005234374999026;ndvi;StdTime;15-01-18 00:00:00;0,258004058968503;0;8;Zones humides et eau
31;20501,000000000000000;0,088980034705673;ndvi;StdTime;15-01-18 00:00:00;0,539289709238922;0;1;Artificialise
32;33836,000000000000000;0,146857638861575;ndvi;StdTime;15-01-18 00:00:00;0,571453427675927;0;2;Cultures
33;2765,000000000000000;0,012000868053323;ndvi;StdTime;15-01-18 00:00:00;0,629040935813411;0;3;Prairies
34;3126,000000000000000;0,013567708330810;ndvi;StdTime;15-01-18 00:00:00;0,584370554894951;0;4;Foret feuillus
35;335,000000000000000;0,001453993055285;ndvi;StdTime;15-01-18 00:00:00;0,673629980478714;0;5;Foret resineux
36;1500,000000000000000;0,006510416665456;ndvi;StdTime;15-01-18 00:00:00;0,609713382403056;0;6;Foret mixte
37;107,000000000000000;0,000464409722136;ndvi;StdTime;15-01-18 00:00:00;0,521050566546271;0;7;Milieux semi-naturels
38;185,000000000000000;0,000802951388740;ndvi;StdTime;15-01-18 00:00:00;0,469167339318507;0;8;Zones humides et eau
41;18503,000000000000000;0,080308159707286;ndvi;StdTime;15-01-18 00:00:00;0,502291270290842;0;1;Artificialise
42;63124,000000000000000;0,273975694393487;ndvi;StdTime;15-01-18 00:00:00;0,613853620834437;0;2;Cultures
43;8940,000000000000000;0,038802083326116;ndvi;StdTime;15-01-18 00:00:00;0,660338283908580;0;3;Prairies
44;659,000000000000000;0,002860243055024;ndvi;StdTime;15-01-18 00:00:00;0,617432373472700;0;4;Foret feuillus
45;284,000000000000000;0,001232638888660;ndvi;StdTime;15-01-18 00:00:00;0,605980469832118;0;5;Foret resineux
46;586,000000000000000;0,002543402777305;ndvi;StdTime;15-01-18 00:00:00;0,642261209188875;0;6;Foret mixte
47;689,000000000000000;0,002990451388333;ndvi;StdTime;15-01-18 00:00:00;0,422696713712310;0;7;Milieux semi-naturels
48;502,000000000000000;0,002178819444039;ndvi;StdTime;15-01-18 00:00:00;0,314929045635738;0;8;Zones humides et eau
51;8563,000000000000000;0,037165798604199;ndvi;StdTime;15-01-18 00:00:00;0,570740809456831;0;1;Artificialise
52;20512,000000000000000;0,089027777761219;ndvi;StdTime;15-01-18 00:00:00;0,499617817419380;0;2;Cultures
53;880,000000000000000;0,003819444443734;ndvi;StdTime;15-01-18 00:00:00;0,610059643299742;0;3;Prairies
54;685,000000000000000;0,002973090277225;ndvi;StdTime;15-01-18 00:00:00;0,583006810184812;0;4;Foret feuillus
55;219,000000000000000;0,000950520833157;ndvi;StdTime;15-01-18 00:00:00;0,635837565954418;0;5;Foret resineux
56;1277,000000000000000;0,005542534721191;ndvi;StdTime;15-01-18 00:00:00;0,600135475257084;0;6;Foret mixte
57;15,000000000000000;0,000065104166655;ndvi;StdTime;15-01-18 00:00:00;0,447741327683131;0;7;Milieux semi-naturels
58;2,000000000000000;0,000008680555554;ndvi;StdTime;15-01-18 00:00:00;0,464716643095016;0;8;Zones humides et eau
61;23918,000000000000000;0,103810763869581;ndvi;StdTime;15-01-18 00:00:00;0,550772200452165;0;1;Artificialise
62;60865,000000000000000;0,264171006895311;ndvi;StdTime;15-01-18 00:00:00;0,580316122216667;0;2;Cultures
63;12006,000000000000000;0,052109374990308;ndvi;StdTime;15-01-18 00:00:00;0,645967745800989;0;3;Prairies
64;11171,000000000000000;0,048485243046538;ndvi;StdTime;15-01-18 00:00:00;0,604536655355552;0;4;Foret feuillus
65;495,000000000000000;0,002148437499600;ndvi;StdTime;15-01-18 00:00:00;0,702881779935625;0;5;Foret resineux
66;1468,000000000000000;0,006371527776593;ndvi;StdTime;15-01-18 00:00:00;0,643709723342830;0;6;Foret mixte
67;777,000000000000000;0,003372395832706;ndvi;StdTime;15-01-18 00:00:00;0,546842152432585;0;7;Milieux semi-naturels
68;453,000000000000000;0,001966145832968;ndvi;StdTime;15-01-18 00:00:00;0,452853075214240;0;8;Zones humides et eau
71;4130,000000000000000;0,017925347218888;ndvi;StdTime;15-01-18 00:00:00;0,368667758768537;0;1;Artificialise
72;100,000000000000000;0,000434027777697;ndvi;StdTime;15-01-18 00:00:00;0,542277282476426;0;2;Cultures
73;15,000000000000000;0,000065104166655;ndvi;StdTime;15-01-18 00:00:00;0,622437326113383;0;3;Prairies
74;459,000000000000000;0,001992187499629;ndvi;StdTime;15-01-18 00:00:00;0,573147081796380;0;4;Foret feuillus
76;35,000000000000000;0,000151909722194;ndvi;StdTime;15-01-18 00:00:00;0,596036180428096;0;6;Foret mixte
78;9,000000000000000;0,000039062499993;ndvi;StdTime;15-01-18 00:00:00;0,205387031038602;0;8;Zones humides et eau
81;27131,000000000000000;0,117756076366987;ndvi;StdTime;15-01-18 00:00:00;0,497150188634227;0;1;Artificialise
82;30867,000000000000000;0,133971354141749;ndvi;StdTime;15-01-18 00:00:00;0,629675617941605;0;2;Cultures
83;12409,000000000000000;0,053858506934427;ndvi;StdTime;15-01-18 00:00:00;0,660299911363758;0;3;Prairies
84;2241,000000000000000;0,009726562498191;ndvi;StdTime;15-01-18 00:00:00;0,582670572830971;0;4;Foret feuillus
85;5418,000000000000000;0,023515624995626;ndvi;StdTime;15-01-18 00:00:00;0,664784034310495;0;5;Foret resineux
86;3278,000000000000000;0,014227430552909;ndvi;StdTime;15-01-18 00:00:00;0,620450445924176;0;6;Foret mixte
87;1111,000000000000000;0,004822048610214;ndvi;StdTime;15-01-18 00:00:00;0,484835829812124;0;7;Milieux semi-naturels
88;2091,000000000000000;0,009075520831645;ndvi;StdTime;15-01-18 00:00:00;0,280978288308310;0;8;Zones humides et eau
91;20140,000000000000000;0,087413194428186;ndvi;StdTime;15-01-18 00:00:00;0,571391880990841;0;1;Artificialise
92;32513,000000000000000;0,141115451362643;ndvi;StdTime;15-01-18 00:00:00;0,559943326145510;0;2;Cultures
93;14786,000000000000000;0,064175347210286;ndvi;StdTime;15-01-18 00:00:00;0,697872248931109;0;3;Prairies
94;4310,000000000000000;0,018706597218743;ndvi;StdTime;15-01-18 00:00:00;0,608306261046579;0;4;Foret feuillus
95;7101,000000000000000;0,030820312494268;ndvi;StdTime;15-01-18 00:00:00;0,709281779988317;0;5;Foret resineux
96;13318,000000000000000;0,057803819433693;ndvi;StdTime;15-01-18 00:00:00;0,672176841032170;0;6;Foret mixte
97;1774,000000000000000;0,007699652776346;ndvi;StdTime;15-01-18 00:00:00;0,591347682738116;0;7;Milieux semi-naturels
98;903,000000000000000;0,003919270832604;ndvi;StdTime;15-01-18 00:00:00;0,393288094446203;0;8;Zones humides et eau
101;7167,000000000000000;0,031106770827548;ndvi;StdTime;15-01-18 00:00:00;0,609246597754353;0;1;Artificialise
102;29744,000000000000000;0,129097222198211;ndvi;StdTime;15-01-18 00:00:00;0,665478628410068;0;2;Cultures
103;22152,000000000000000;0,096145833315451;ndvi;StdTime;15-01-18 00:00:00;0,688147650532485;0;3;Prairies
104;18107,000000000000000;0,078589409707605;ndvi;StdTime;15-01-18 00:00:00;0,576000248077508;0;4;Foret feuillus
105;12468,000000000000000;0,054114583323268;ndvi;StdTime;15-01-18 00:00:00;0,698736059014799;0;5;Foret resineux
106;28854,000000000000000;0,125234374976707;ndvi;StdTime;15-01-18 00:00:00;0,665334015664549;0;6;Foret mixte
107;2044,000000000000000;0,008871527776128;ndvi;StdTime;15-01-18 00:00:00;0,641956740833542;0;7;Milieux semi-naturels
108;332,000000000000000;0,001440972221954;ndvi;StdTime;15-01-18 00:00:00;0,546223280121045;0;8;Zones humides et eau
111;13192,000000000000000;0,057256944433795;ndvi;StdTime;15-01-18 00:00:00;0,587231889210093;0;1;Artificialise
112;48157,000000000000000;0,209014756905569;ndvi;StdTime;15-01-18 00:00:00;0,594770489396586;0;2;Cultures
113;9056,000000000000000;0,039305555548245;ndvi;StdTime;15-01-18 00:00:00;0,680479447340899;0;3;Prairies
114;15928,000000000000000;0,069131944431586;ndvi;StdTime;15-01-18 00:00:00;0,606957296976031;0;4;Foret feuillus
115;2081,000000000000000;0,009032118053876;ndvi;StdTime;15-01-18 00:00:00;0,673341081957013;0;5;Foret resineux
116;17659,000000000000000;0,076644965263522;ndvi;StdTime;15-01-18 00:00:00;0,642345878972298;0;6;Foret mixte
117;299,000000000000000;0,001297743055314;ndvi;StdTime;15-01-18 00:00:00;0,603175822508375;0;7;Milieux semi-naturels
118;319,000000000000000;0,001384548610854;ndvi;StdTime;15-01-18 00:00:00;0,450682378861598;0;8;Zones humides et eau
11;19297,000000000000000;0,083754340262200;ndvi;StdTime;15-01-19 00:00:00;0,512442967558736;0;1;Artificialise
12;32515,000000000000000;0,141124131918197;ndvi;StdTime;15-01-19 00:00:00;0,582502317255813;0;2;Cultures
13;4653,000000000000000;0,020195312496244;ndvi;StdTime;15-01-19 00:00:00;0,635128134225496;0;3;Prairies
14;2157,000000000000000;0,009361979164925;ndvi;StdTime;15-01-19 00:00:00;0,584018835354912;0;4;Foret feuillus
15;5373,000000000000000;0,023320312495663;ndvi;StdTime;15-01-19 00:00:00;0,664653562407309;0;5;Foret resineux
16;3663,000000000000000;0,015898437497043;ndvi;StdTime;15-01-19 00:00:00;0,640358343700097;0;6;Foret mixte
17;2664,000000000000000;0,011562499997849;ndvi;StdTime;15-01-19 00:00:00;0,490469746901332;0;7;Milieux semi-naturels
18;1194,000000000000000;0,005182291665703;ndvi;StdTime;15-01-19 00:00:00;0,426985036648055;0;8;Zones humides et eau
21;23611,000000000000000;0,102478298592051;ndvi;StdTime;15-01-19 00:00:00;0,497823885338718;0;1;Artificialise
22;53262,000000000000000;0,231171874957004;ndvi;StdTime;15-01-19 00:00:00;0,612219826286469;0;2;Cultures
23;7495,000000000000000;0,032530381938394;ndvi;StdTime;15-01-19 00:00:00;0,657918988630483;0;3;Prairies
24;1297,000000000000000;0,005629340276731;ndvi;StdTime;15-01-19 00:00:00;0,581208526674563;0;4;Foret feuillus
25;405,000000000000000;0,001757812499673;ndvi;StdTime;15-01-19 00:00:00;0,639037565169511;0;5;Foret resineux
26;881,000000000000000;0,003823784721511;ndvi;StdTime;15-01-19 00:00:00;0,611863875074501;0;6;Foret mixte
27;453,000000000000000;0,001966145832968;ndvi;StdTime;15-01-19 00:00:00;0,398092884331876;0;7;Milieux semi-naturels
28;1122,000000000000000;0,004869791665761;ndvi;StdTime;15-01-19 00:00:00;0,272075599907961;0;8;Zones humides et eau
31;20501,000000000000000;0,088980034705673;ndvi;StdTime;15-01-19 00:00:00;0,519247945597613;0;1;Artificialise
32;33836,000000000000000;0,146857638861575;ndvi;StdTime;15-01-19 00:00:00;0,567431507454434;0;2;Cultures
33;2765,000000000000000;0,012000868053323;ndvi;StdTime;15-01-19 00:00:00;0,615576288152559;0;3;Prairies
34;3126,000000000000000;0,013567708330810;ndvi;StdTime;15-01-19 00:00:00;0,575865849580853;0;4;Foret feuillus
35;335,000000000000000;0,001453993055285;ndvi;StdTime;15-01-19 00:00:00;0,656368553371572;0;5;Foret resineux
36;1500,000000000000000;0,006510416665456;ndvi;StdTime;15-01-19 00:00:00;0,601142020642757;0;6;Foret mixte
37;107,000000000000000;0,000464409722136;ndvi;StdTime;15-01-19 00:00:00;0,510408769422602;0;7;Milieux semi-naturels
38;185,000000000000000;0,000802951388740;ndvi;StdTime;15-01-19 00:00:00;0,448843247906582;0;8;Zones humides et eau
41;18525,000000000000000;0,080403645818379;ndvi;StdTime;15-01-19 00:00:00;0,483633556369857;0;1;Artificialise
42;63126,000000000000000;0,273984374949041;ndvi;StdTime;15-01-19 00:00:00;0,610170107745822;0;2;Cultures
43;8940,000000000000000;0,038802083326116;ndvi;StdTime;15-01-19 00:00:00;0,671128651326402;0;3;Prairies
44;659,000000000000000;0,002860243055024;ndvi;StdTime;15-01-19 00:00:00;0,613165541556247;0;4;Foret feuillus
45;284,000000000000000;0,001232638888660;ndvi;StdTime;15-01-19 00:00:00;0,610531159269977;0;5;Foret resineux
46;586,000000000000000;0,002543402777305;ndvi;StdTime;15-01-19 00:00:00;0,641599814029277;0;6;Foret mixte
47;693,000000000000000;0,003007812499441;ndvi;StdTime;15-01-19 00:00:00;0,404720095238914;0;7;Milieux semi-naturels
48;498,000000000000000;0,002161458332931;ndvi;StdTime;15-01-19 00:00:00;0,335770721616617;0;8;Zones humides et eau
51;8563,000000000000000;0,037165798604199;ndvi;StdTime;15-01-19 00:00:00;0,566463118763385;0;1;Artificialise
52;20512,000000000000000;0,089027777761219;ndvi;StdTime;15-01-19 00:00:00;0,500370229903155;0;2;Cultures
53;880,000000000000000;0,003819444443734;ndvi;StdTime;15-01-19 00:00:00;0,614294440333139;0;3;Prairies
54;685,000000000000000;0,002973090277225;ndvi;StdTime;15-01-19 00:00:00;0,596888768237873;0;4;Foret feuillus
55;219,000000000000000;0,000950520833157;ndvi;StdTime;15-01-19 00:00:00;0,649306250897717;0;5;Foret resineux
56;1277,000000000000000;0,005542534721191;ndvi;StdTime;15-01-19 00:00:00;0,616798174385924;0;6;Foret mixte
57;15,000000000000000;0,000065104166655;ndvi;StdTime;15-01-19 00:00:00;0,450315537055333;0;7;Milieux semi-naturels
58;2,000000000000000;0,000008680555554;ndvi;StdTime;15-01-19 00:00:00;0,471659973263741;0;8;Zones humides et eau
61;23909,000000000000000;0,103771701369588;ndvi;StdTime;15-01-19 00:00:00;0,529867256225015;0;1;Artificialise
62;60865,000000000000000;0,264171006895311;ndvi;StdTime;15-01-19 00:00:00;0,564025751168794;0;2;Cultures
63;12006,000000000000000;0,052109374990308;ndvi;StdTime;15-01-19 00:00:00;0,630170690373900;0;3;Prairies
64;11171,000000000000000;0,048485243046538;ndvi;StdTime;15-01-19 00:00:00;0,602579976259867;0;4;Foret feuillus
65;495,000000000000000;0,002148437499600;ndvi;StdTime;15-01-19 00:00:00;0,723050651285383;0;5;Foret resineux
66;1468,000000000000000;0,006371527776593;ndvi;StdTime;15-01-19 00:00:00;0,650068221040253;0;6;Foret mixte
67;777,000000000000000;0,003372395832706;ndvi;StdTime;15-01-19 00:00:00;0,543493623036215;0;7;Milieux semi-naturels
68;443,000000000000000;0,001922743055198;ndvi;StdTime;15-01-19 00:00:00;0,456313061492169;0;8;Zones humides et eau
71;4130,000000000000000;0,017925347218888;ndvi;StdTime;15-01-19 00:00:00;0,347191577218925;0;1;Artificialise
72;100,000000000000000;0,000434027777697;ndvi;StdTime;15-01-19 00:00:00;0,535207890868187;0;2;Cultures
73;15,000000000000000;0,000065104166655;ndvi;StdTime;15-01-19 00:00:00;0,638788998126984;0;3;Prairies
74;459,000000000000000;0,001992187499629;ndvi;StdTime;15-01-19 00:00:00;0,576188501189737;0;4;Foret feuillus
76;35,000000000000000;0,000151909722194;ndvi;StdTime;15-01-19 00:00:00;0,590679997205734;0;6;Foret mixte
78;9,000000000000000;0,000039062499993;ndvi;StdTime;15-01-19 00:00:00;0,190919443964958;0;8;Zones humides et eau
81;27126,000000000000000;0,117734374978102;ndvi;StdTime;15-01-19 00:00:00;0,489559233917480;0;1;Artificialise
82;30867,000000000000000;0,133971354141749;ndvi;StdTime;15-01-19 00:00:00;0,637674068190338;0;2;Cultures
83;12409,000000000000000;0,053858506934427;ndvi;StdTime;15-01-19 00:00:00;0,667681074779380;0;3;Prairies
84;2241,000000000000000;0,009726562498191;ndvi;StdTime;15-01-19 00:00:00;0,584688015957061;0;4;Foret feuillus
85;5418,000000000000000;0,023515624995626;ndvi;StdTime;15-01-19 00:00:00;0,665237987245545;0;5;Foret resineux
86;3278,000000000000000;0,014227430552909;ndvi;StdTime;15-01-19 00:00:00;0,625915484194933;0;6;Foret mixte
87;1113,000000000000000;0,004830729165768;ndvi;StdTime;15-01-19 00:00:00;0,483178892850550;0;7;Milieux semi-naturels
88;1938,000000000000000;0,008411458331769;ndvi;StdTime;15-01-19 00:00:00;0,296624121009466;0;8;Zones humides et eau
91;21524,000000000000000;0,093420138871514;ndvi;StdTime;15-01-19 00:00:00;0,561080621582361;0;1;Artificialise
92;33863,000000000000000;0,146974826361553;ndvi;StdTime;15-01-19 00:00:00;0,561534743052318;0;2;Cultures
93;20854,000000000000000;0,090512152760943;ndvi;StdTime;15-01-19 00:00:00;0,673890891657747;0;3;Prairies
94;4447,000000000000000;0,019301215274188;ndvi;StdTime;15-01-19 00:00:00;0,616290731921421;0;4;Foret feuillus
95;10528,000000000000000;0,045694444435946;ndvi;StdTime;15-01-19 00:00:00;0,736119178627649;0;5;Foret resineux
96;16812,000000000000000;0,072968749986428;ndvi;StdTime;15-01-19 00:00:00;0,695029511106474;0;6;Foret mixte
97;2449,000000000000000;0,010629340275801;ndvi;StdTime;15-01-19 00:00:00;0,563229367739331;0;7;Milieux semi-naturels
98;2008,000000000000000;0,008715277776157;ndvi;StdTime;15-01-19 00:00:00;0,413660960850784;0;8;Zones humides et eau
101;7501,000000000000000;0,032556423605056;ndvi;StdTime;15-01-19 00:00:00;0,566716942804573;0;1;Artificialise
102;32049,000000000000000;0,139101562474128;ndvi;StdTime;15-01-19 00:00:00;0,622900741894965;0;2;Cultures
103;23798,000000000000000;0,103289930536344;ndvi;StdTime;15-01-19 00:00:00;0,636991951085833;0;3;Prairies
104;18168,000000000000000;0,078854166652000;ndvi;StdTime;15-01-19 00:00:00;0,622304680222054;0;4;Foret feuillus
105;13765,000000000000000;0,059743923599999;ndvi;StdTime;15-01-19 00:00:00;0,717820387074092;0;5;Foret resineux
106;30877,000000000000000;0,134014756919519;ndvi;StdTime;15-01-19 00:00:00;0,684999410226508;0;6;Foret mixte
107;2266,000000000000000;0,009835069442615;ndvi;StdTime;15-01-19 00:00:00;0,639310801071291;0;7;Milieux semi-naturels
108;332,000000000000000;0,001440972221954;ndvi;StdTime;15-01-19 00:00:00;0,522827686136027;0;8;Zones humides et eau
111;13192,000000000000000;0,057256944433795;ndvi;StdTime;15-01-19 00:00:00;0,575450816822594;0;1;Artificialise
112;48169,000000000000000;0,209066840238893;ndvi;StdTime;15-01-19 00:00:00;0,583519524072104;0;2;Cultures
113;9056,000000000000000;0,039305555548245;ndvi;StdTime;15-01-19 00:00:00;0,663349022624799;0;3;Prairies
114;15928,000000000000000;0,069131944431586;ndvi;StdTime;15-01-19 00:00:00;0,613891936599128;0;4;Foret feuillus
115;2083,000000000000000;0,009040798609430;ndvi;StdTime;15-01-19 00:00:00;0,707239776592214;0;5;Foret resineux
116;17702,000000000000000;0,076831597207932;ndvi;StdTime;15-01-19 00:00:00;0,654611548433907;0;6;Foret mixte
117;299,000000000000000;0,001297743055314;ndvi;StdTime;15-01-19 00:00:00;0,620902185954378;0;7;Milieux semi-naturels
118;319,000000000000000;0,001384548610854;ndvi;StdTime;15-01-19 00:00:00;0,464662407072360;0;8;Zones humides et eau
11;19297,000000000000000;0,083754340262200;ndvi;StdTime;15-01-20 00:00:00;0,532080944442001;0;1;Artificialise
12;32515,000000000000000;0,141124131918197;ndvi;StdTime;15-01-20 00:00:00;0,588163441900858;0;2;Cultures
13;4653,000000000000000;0,020195312496244;ndvi;StdTime;15-01-20 00:00:00;0,644177969965452;0;3;Prairies
14;2157,000000000000000;0,009361979164925;ndvi;StdTime;15-01-20 00:00:00;0,601089116691935;0;4;Foret feuillus
15;5373,000000000000000;0,023320312495663;ndvi;StdTime;15-01-20 00:00:00;0,697317046164446;0;5;Foret resineux
16;3663,000000000000000;0,015898437497043;ndvi;StdTime;15-01-20 00:00:00;0,658806862594845;0;6;Foret mixte
17;2665,000000000000000;0,011566840275626;ndvi;StdTime;15-01-20 00:00:00;0,527372751117983;0;7;Milieux semi-naturels
18;1192,000000000000000;0,005173611110149;ndvi;StdTime;15-01-20 00:00:00;0,427426246449198;0;8;Zones humides et eau
21;23542,000000000000000;0,102178819425440;ndvi;StdTime;15-01-20 00:00:00;0,523475131712565;0;1;Artificialise
22;53262,000000000000000;0,231171874957004;ndvi;StdTime;15-01-20 00:00:00;0,617986600536208;0;2;Cultures
23;7495,000000000000000;0,032530381938394;ndvi;StdTime;15-01-20 00:00:00;0,666089984035000;0;3;Prairies
24;1297,000000000000000;0,005629340276731;ndvi;StdTime;15-01-20 00:00:00;0,599432062096290;0;4;Foret feuillus
25;405,000000000000000;0,001757812499673;ndvi;StdTime;15-01-20 00:00:00;0,647228346562679;0;5;Foret resineux
26;881,000000000000000;0,003823784721511;ndvi;StdTime;15-01-20 00:00:00;0,631728926899755;0;6;Foret mixte
27;452,000000000000000;0,001961805555191;ndvi;StdTime;15-01-20 00:00:00;0,431372800765691;0;7;Milieux semi-naturels
28;1137,000000000000000;0,004934895832415;ndvi;StdTime;15-01-20 00:00:00;0,286564586263292;0;8;Zones humides et eau
31;20501,000000000000000;0,088980034705673;ndvi;StdTime;15-01-20 00:00:00;0,554169701725866;0;1;Artificialise
32;33836,000000000000000;0,146857638861575;ndvi;StdTime;15-01-20 00:00:00;0,588474460601462;0;2;Cultures
33;2765,000000000000000;0,012000868053323;ndvi;StdTime;15-01-20 00:00:00;0,638749139563299;0;3;Prairies
34;3126,000000000000000;0,013567708330810;ndvi;StdTime;15-01-20 00:00:00;0,604322054116527;0;4;Foret feuillus
35;335,000000000000000;0,001453993055285;ndvi;StdTime;15-01-20 00:00:00;0,689507682465795;0;5;Foret resineux
36;1500,000000000000000;0,006510416665456;ndvi;StdTime;15-01-20 00:00:00;0,631341514448325;0;6;Foret mixte
37;107,000000000000000;0,000464409722136;ndvi;StdTime;15-01-20 00:00:00;0,569565642102857;0;7;Milieux semi-naturels
38;185,000000000000000;0,000802951388740;ndvi;StdTime;15-01-20 00:00:00;0,485507459898253;0;8;Zones humides et eau
41;18520,000000000000000;0,080381944429494;ndvi;StdTime;15-01-20 00:00:00;0,502155679189618;0;1;Artificialise
42;63125,000000000000000;0,273980034671264;ndvi;StdTime;15-01-20 00:00:00;0,615553662651892;0;2;Cultures
43;8940,000000000000000;0,038802083326116;ndvi;StdTime;15-01-20 00:00:00;0,677144154271224;0;3;Prairies
44;659,000000000000000;0,002860243055024;ndvi;StdTime;15-01-20 00:00:00;0,629288289181560;0;4;Foret feuillus
45;284,000000000000000;0,001232638888660;ndvi;StdTime;15-01-20 00:00:00;0,634110315584800;0;5;Foret resineux
46;586,000000000000000;0,002543402777305;ndvi;StdTime;15-01-20 00:00:00;0,649410690972422;0;6;Foret mixte
47;678,000000000000000;0,002942708332786;ndvi;StdTime;15-01-20 00:00:00;0,447099460544378;0;7;Milieux semi-naturels
48;499,000000000000000;0,002165798610708;ndvi;StdTime;15-01-20 00:00:00;0,336295208842974;0;8;Zones humides et eau
51;8563,000000000000000;0,037165798604199;ndvi;StdTime;15-01-20 00:00:00;0,581140003848699;0;1;Artificialise
52;20512,000000000000000;0,089027777761219;ndvi;StdTime;15-01-20 00:00:00;0,510768675588964;0;2;Cultures
53;880,000000000000000;0,003819444443734;ndvi;StdTime;15-01-20 00:00:00;0,620461203225634;0;3;Prairies
54;685,000000000000000;0,002973090277225;ndvi;StdTime;15-01-20 00:00:00;0,610609168814917;0;4;Foret feuillus
55;219,000000000000000;0,000950520833157;ndvi;StdTime;15-01-20 00:00:00;0,653098059435413;0;5;Foret resineux
56;1277,000000000000000;0,005542534721191;ndvi;StdTime;15-01-20 00:00:00;0,628170321089455;0;6;Foret mixte
57;15,000000000000000;0,000065104166655;ndvi;StdTime;15-01-20 00:00:00;0,460377313693364;0;7;Milieux semi-naturels
58;2,000000000000000;0,000008680555554;ndvi;StdTime;15-01-20 00:00:00;0,500012516975403;0;8;Zones humides et eau
61;23912,000000000000000;0,103784722202919;ndvi;StdTime;15-01-20 00:00:00;0,556805803688843;0;1;Artificialise
62;60865,000000000000000;0,264171006895311;ndvi;StdTime;15-01-20 00:00:00;0,578300822402522;0;2;Cultures
63;12006,000000000000000;0,052109374990308;ndvi;StdTime;15-01-20 00:00:00;0,649100043788098;0;3;Prairies
64;11171,000000000000000;0,048485243046538;ndvi;StdTime;15-01-20 00:00:00;0,628878902646254;0;4;Foret feuillus
65;495,000000000000000;0,002148437499600;ndvi;StdTime;15-01-20 00:00:00;0,756332443820106;0;5;Foret resineux
66;1468,000000000000000;0,006371527776593;ndvi;StdTime;15-01-20 00:00:00;0,676262519218292;0;6;Foret mixte
67;777,000000000000000;0,003372395832706;ndvi;StdTime;15-01-20 00:00:00;0,565372496114582;0;7;Milieux semi-naturels
68;446,000000000000000;0,001935763888529;ndvi;StdTime;15-01-20 00:00:00;0,477543018491012;0;8;Zones humides et eau
71;4130,000000000000000;0,017925347218888;ndvi;StdTime;15-01-20 00:00:00;0,379128420412468;0;1;Artificialise
72;100,000000000000000;0,000434027777697;ndvi;StdTime;15-01-20 00:00:00;0,569029567241669;0;2;Cultures
73;15,000000000000000;0,000065104166655;ndvi;StdTime;15-01-20 00:00:00;0,636390868822733;0;3;Prairies
74;459,000000000000000;0,001992187499629;ndvi;StdTime;15-01-20 00:00:00;0,598629280243044;0;4;Foret feuillus
76;35,000000000000000;0,000151909722194;ndvi;StdTime;15-01-20 00:00:00;0,599901708534786;0;6;Foret mixte
78;9,000000000000000;0,000039062499993;ndvi;StdTime;15-01-20 00:00:00;0,237530187600189;0;8;Zones humides et eau
81;27095,000000000000000;0,117599826367016;ndvi;StdTime;15-01-20 00:00:00;0,511926326794406;0;1;Artificialise
82;30867,000000000000000;0,133971354141749;ndvi;StdTime;15-01-20 00:00:00;0,637373291778871;0;2;Cultures
83;12409,000000000000000;0,053858506934427;ndvi;StdTime;15-01-20 00:00:00;0,665499156579469;0;3;Prairies
84;2241,000000000000000;0,009726562498191;ndvi;StdTime;15-01-20 00:00:00;0,604251599618363;0;4;Foret feuillus
85;5418,000000000000000;0,023515624995626;ndvi;StdTime;15-01-20 00:00:00;0,676145868454969;0;5;Foret resineux
86;3278,000000000000000;0,014227430552909;ndvi;StdTime;15-01-20 00:00:00;0,636090565502391;0;6;Foret mixte
87;1105,000000000000000;0,004796006943552;ndvi;StdTime;15-01-20 00:00:00;0,510892645886582;0;7;Milieux semi-naturels
88;1974,000000000000000;0,008567708331740;ndvi;StdTime;15-01-20 00:00:00;0,313236598031165;0;8;Zones humides et eau
91;21524,000000000000000;0,093420138871514;ndvi;StdTime;15-01-20 00:00:00;0,582379918353888;0;1;Artificialise
92;33863,000000000000000;0,146974826361553;ndvi;StdTime;15-01-20 00:00:00;0,575046202279365;0;2;Cultures
93;20854,000000000000000;0,090512152760943;ndvi;StdTime;15-01-20 00:00:00;0,710342212145255;0;3;Prairies
94;4447,000000000000000;0,019301215274188;ndvi;StdTime;15-01-20 00:00:00;0,629549061103380;0;4;Foret feuillus
95;10528,000000000000000;0,045694444435946;ndvi;StdTime;15-01-20 00:00:00;0,779214915649619;0;5;Foret resineux
96;16812,000000000000000;0,072968749986428;ndvi;StdTime;15-01-20 00:00:00;0,726537931015588;0;6;Foret mixte
97;2449,000000000000000;0,010629340275801;ndvi;StdTime;15-01-20 00:00:00;0,608507631919296;0;7;Milieux semi-naturels
98;2008,000000000000000;0,008715277776157;ndvi;StdTime;15-01-20 00:00:00;0,441839110157248;0;8;Zones humides et eau
101;7501,000000000000000;0,032556423605056;ndvi;StdTime;15-01-20 00:00:00;0,617014118068348;0;1;Artificialise
102;32049,000000000000000;0,139101562474128;ndvi;StdTime;15-01-20 00:00:00;0,678806129666200;0;2;Cultures
103;23798,000000000000000;0,103289930536344;ndvi;StdTime;15-01-20 00:00:00;0,699316337712173;0;3;Prairies
104;18168,000000000000000;0,078854166652000;ndvi;StdTime;15-01-20 00:00:00;0,646664035661153;0;4;Foret feuillus
105;13765,000000000000000;0,059743923599999;ndvi;StdTime;15-01-20 00:00:00;0,762512677425131;0;5;Foret resineux
106;30877,000000000000000;0,134014756919519;ndvi;StdTime;15-01-20 00:00:00;0,723070896707111;0;6;Foret mixte
107;2266,000000000000000;0,009835069442615;ndvi;StdTime;15-01-20 00:00:00;0,696228765838987;0;7;Milieux semi-naturels
108;332,000000000000000;0,001440972221954;ndvi;StdTime;15-01-20 00:00:00;0,542223692119839;0;8;Zones humides et eau
111;13192,000000000000000;0,057256944433795;ndvi;StdTime;15-01-20 00:00:00;0,592570744198450;0;1;Artificialise
112;48169,000000000000000;0,209066840238893;ndvi;StdTime;15-01-20 00:00:00;0,593402678415904;0;2;Cultures
113;9056,000000000000000;0,039305555548245;ndvi;StdTime;15-01-20 00:00:00;0,686305167680021;0;3;Prairies
114;15928,000000000000000;0,069131944431586;ndvi;StdTime;15-01-20 00:00:00;0,637306192746676;0;4;Foret feuillus
115;2083,000000000000000;0,009040798609430;ndvi;StdTime;15-01-20 00:00:00;0,740567852829262;0;5;Foret resineux
116;17702,000000000000000;0,076831597207932;ndvi;StdTime;15-01-20 00:00:00;0,677703176429882;0;6;Foret mixte
117;299,000000000000000;0,001297743055314;ndvi;StdTime;15-01-20 00:00:00;0,657397031485038;0;7;Milieux semi-naturels
118;319,000000000000000;0,001384548610854;ndvi;StdTime;15-01-20 00:00:00;0,469300175254995;0;8;Zones humides et eau
11;19297,000000000000000;0,083754340262200;ndvi;StdTime;15-01-21 00:00:00;0,515308553823512;0;1;Artificialise
12;32515,000000000000000;0,141124131918197;ndvi;StdTime;15-01-21 00:00:00;0,590322615531824;0;2;Cultures
13;4653,000000000000000;0,020195312496244;ndvi;StdTime;15-01-21 00:00:00;0,639181480596277;0;3;Prairies
14;2157,000000000000000;0,009361979164925;ndvi;StdTime;15-01-21 00:00:00;0,582267190786109;0;4;Foret feuillus
15;5373,000000000000000;0,023320312495663;ndvi;StdTime;15-01-21 00:00:00;0,659050757120536;0;5;Foret resineux
16;3663,000000000000000;0,015898437497043;ndvi;StdTime;15-01-21 00:00:00;0,617484059952630;0;6;Foret mixte
17;2665,000000000000000;0,011566840275626;ndvi;StdTime;15-01-21 00:00:00;0,513117827222058;0;7;Milieux semi-naturels
18;1206,000000000000000;0,005234374999026;ndvi;StdTime;15-01-21 00:00:00;0,409834347488467;0;8;Zones humides et eau
21;23611,000000000000000;0,102478298592051;ndvi;StdTime;15-01-21 00:00:00;0,537090036961815;0;1;Artificialise
22;53262,000000000000000;0,231171874957004;ndvi;StdTime;15-01-21 00:00:00;0,635540572007705;0;2;Cultures
23;7495,000000000000000;0,032530381938394;ndvi;StdTime;15-01-21 00:00:00;0,682460316832741;0;3;Prairies
24;1297,000000000000000;0,005629340276731;ndvi;StdTime;15-01-21 00:00:00;0,613436064631918;0;4;Foret feuillus
25;405,000000000000000;0,001757812499673;ndvi;StdTime;15-01-21 00:00:00;0,655748002470275;0;5;Foret resineux
26;881,000000000000000;0,003823784721511;ndvi;StdTime;15-01-21 00:00:00;0,640992456901222;0;6;Foret mixte
27;456,000000000000000;0,001979166666299;ndvi;StdTime;15-01-21 00:00:00;0,427018343503669;0;7;Milieux semi-naturels
28;1141,000000000000000;0,004952256943523;ndvi;StdTime;15-01-21 00:00:00;0,289445159094130;0;8;Zones humides et eau
31;20501,000000000000000;0,088980034705673;ndvi;StdTime;15-01-21 00:00:00;0,550110302474101;0;1;Artificialise
32;33836,000000000000000;0,146857638861575;ndvi;StdTime;15-01-21 00:00:00;0,589530281347334;0;2;Cultures
33;2765,000000000000000;0,012000868053323;ndvi;StdTime;15-01-21 00:00:00;0,635417926580954;0;3;Prairies
34;3126,000000000000000;0,013567708330810;ndvi;StdTime;15-01-21 00:00:00;0,589085475945046;0;4;Foret feuillus
35;335,000000000000000;0,001453993055285;ndvi;StdTime;15-01-21 00:00:00;0,654712924138824;0;5;Foret resineux
36;1500,000000000000000;0,006510416665456;ndvi;StdTime;15-01-21 00:00:00;0,604034232079983;0;6;Foret mixte
37;107,000000000000000;0,000464409722136;ndvi;StdTime;15-01-21 00:00:00;0,537490471222690;0;7;Milieux semi-naturels
38;185,000000000000000;0,000802951388740;ndvi;StdTime;15-01-21 00:00:00;0,470966220788054;0;8;Zones humides et eau
41;18416,000000000000000;0,079930555540689;ndvi;StdTime;15-01-21 00:00:00;0,510545564791038;0;1;Artificialise
42;63106,000000000000000;0,273897569393502;ndvi;StdTime;15-01-21 00:00:00;0,612504596684035;0;2;Cultures
43;8940,000000000000000;0,038802083326116;ndvi;StdTime;15-01-21 00:00:00;0,661795875373435;0;3;Prairies
44;659,000000000000000;0,002860243055024;ndvi;StdTime;15-01-21 00:00:00;0,622964621766022;0;4;Foret feuillus
45;278,000000000000000;0,001206597221998;ndvi;StdTime;15-01-21 00:00:00;0,600970337663194;0;5;Foret resineux
46;585,000000000000000;0,002539062499528;ndvi;StdTime;15-01-21 00:00:00;0,633026375169428;0;6;Foret mixte
47;660,000000000000000;0,002864583332801;ndvi;StdTime;15-01-21 00:00:00;0,446739219837455;0;7;Milieux semi-naturels
48;464,000000000000000;0,002013888888514;ndvi;StdTime;15-01-21 00:00:00;0,348612958429871;0;8;Zones humides et eau
51;8563,000000000000000;0,037165798604199;ndvi;StdTime;15-01-21 00:00:00;0,559773466098563;0;1;Artificialise
52;20512,000000000000000;0,089027777761219;ndvi;StdTime;15-01-21 00:00:00;0,480562244972009;0;2;Cultures
53;880,000000000000000;0,003819444443734;ndvi;StdTime;15-01-21 00:00:00;0,589448659257455;0;3;Prairies
54;685,000000000000000;0,002973090277225;ndvi;StdTime;15-01-21 00:00:00;0,578772119884072;0;4;Foret feuillus
55;219,000000000000000;0,000950520833157;ndvi;StdTime;15-01-21 00:00:00;0,644953886940054;0;5;Foret resineux
56;1277,000000000000000;0,005542534721191;ndvi;StdTime;15-01-21 00:00:00;0,594992235664660;0;6;Foret mixte
57;15,000000000000000;0,000065104166655;ndvi;StdTime;15-01-21 00:00:00;0,443060543139776;0;7;Milieux semi-naturels
58;2,000000000000000;0,000008680555554;ndvi;StdTime;15-01-21 00:00:00;0,520712494850159;0;8;Zones humides et eau
61;23917,000000000000000;0,103806423591804;ndvi;StdTime;15-01-21 00:00:00;0,540014278833190;0;1;Artificialise
62;60860,000000000000000;0,264149305506426;ndvi;StdTime;15-01-21 00:00:00;0,558415220092922;0;2;Cultures
63;12006,000000000000000;0,052109374990308;ndvi;StdTime;15-01-21 00:00:00;0,635226721502872;0;3;Prairies
64;11171,000000000000000;0,048485243046538;ndvi;StdTime;15-01-21 00:00:00;0,589268740739769;0;4;Foret feuillus
65;495,000000000000000;0,002148437499600;ndvi;StdTime;15-01-21 00:00:00;0,688796826564904;0;5;Foret resineux
66;1468,000000000000000;0,006371527776593;ndvi;StdTime;15-01-21 00:00:00;0,630154845682899;0;6;Foret mixte
67;777,000000000000000;0,003372395832706;ndvi;StdTime;15-01-21 00:00:00;0,537792913318447;0;7;Milieux semi-naturels
68;448,000000000000000;0,001944444444083;ndvi;StdTime;15-01-21 00:00:00;0,450604472244907;0;8;Zones humides et eau
71;4130,000000000000000;0,017925347218888;ndvi;StdTime;15-01-21 00:00:00;0,380630437337024;0;1;Artificialise
72;100,000000000000000;0,000434027777697;ndvi;StdTime;15-01-21 00:00:00;0,551337015926838;0;2;Cultures
73;15,000000000000000;0,000065104166655;ndvi;StdTime;15-01-21 00:00:00;0,648361535867055;0;3;Prairies
74;459,000000000000000;0,001992187499629;ndvi;StdTime;15-01-21 00:00:00;0,584530158889579;0;4;Foret feuillus
76;35,000000000000000;0,000151909722194;ndvi;StdTime;15-01-21 00:00:00;0,588895932265690;0;6;Foret mixte
78;9,000000000000000;0,000039062499993;ndvi;StdTime;15-01-21 00:00:00;0,237340182065964;0;8;Zones humides et eau
81;27072,000000000000000;0,117499999978146;ndvi;StdTime;15-01-21 00:00:00;0,497447637049503;0;1;Artificialise
82;30867,000000000000000;0,133971354141749;ndvi;StdTime;15-01-21 00:00:00;0,639555010955830;0;2;Cultures
83;12409,000000000000000;0,053858506934427;ndvi;StdTime;15-01-21 00:00:00;0,669138392853365;0;3;Prairies
84;2241,000000000000000;0,009726562498191;ndvi;StdTime;15-01-21 00:00:00;0,584041907479060;0;4;Foret feuillus
85;5418,000000000000000;0,023515624995626;ndvi;StdTime;15-01-21 00:00:00;0,649752094439583;0;5;Foret resineux
86;3278,000000000000000;0,014227430552909;ndvi;StdTime;15-01-21 00:00:00;0,618988878856787;0;6;Foret mixte
87;1106,000000000000000;0,004800347221329;ndvi;StdTime;15-01-21 00:00:00;0,504199207421883;0;7;Milieux semi-naturels
88;1957,000000000000000;0,008493923609531;ndvi;StdTime;15-01-21 00:00:00;0,296819669764718;0;8;Zones humides et eau
91;21524,000000000000000;0,093420138871514;ndvi;StdTime;15-01-21 00:00:00;0,561716363253341;0;1;Artificialise
92;33863,000000000000000;0,146974826361553;ndvi;StdTime;15-01-21 00:00:00;0,555193112254922;0;2;Cultures
93;20854,000000000000000;0,090512152760943;ndvi;StdTime;15-01-21 00:00:00;0,670112947743216;0;3;Prairies
94;4447,000000000000000;0,019301215274188;ndvi;StdTime;15-01-21 00:00:00;0,599006213728620;0;4;Foret feuillus
95;10528,000000000000000;0,045694444435946;ndvi;StdTime;15-01-21 00:00:00;0,705128749339958;0;5;Foret resineux
96;16812,000000000000000;0,072968749986428;ndvi;StdTime;15-01-21 00:00:00;0,674288469039446;0;6;Foret mixte
97;2449,000000000000000;0,010629340275801;ndvi;StdTime;15-01-21 00:00:00;0,570596058534669;0;7;Milieux semi-naturels
98;2008,000000000000000;0,008715277776157;ndvi;StdTime;15-01-21 00:00:00;0,427571531860121;0;8;Zones humides et eau
101;7501,000000000000000;0,032556423605056;ndvi;StdTime;15-01-21 00:00:00;0,579581243257065;0;1;Artificialise
102;32049,000000000000000;0,139101562474128;ndvi;StdTime;15-01-21 00:00:00;0,643187312944961;0;2;Cultures
103;23798,000000000000000;0,103289930536344;ndvi;StdTime;15-01-21 00:00:00;0,661508660337407;0;3;Prairies
104;18168,000000000000000;0,078854166652000;ndvi;StdTime;15-01-21 00:00:00;0,582483587693875;0;4;Foret feuillus
105;13765,000000000000000;0,059743923599999;ndvi;StdTime;15-01-21 00:00:00;0,694610984709494;0;5;Foret resineux
106;30877,000000000000000;0,134014756919519;ndvi;StdTime;15-01-21 00:00:00;0,663273434197190;0;6;Foret mixte
107;2266,000000000000000;0,009835069442615;ndvi;StdTime;15-01-21 00:00:00;0,650845468741334;0;7;Milieux semi-naturels
108;332,000000000000000;0,001440972221954;ndvi;StdTime;15-01-21 00:00:00;0,513499985168497;0;8;Zones humides et eau
111;13192,000000000000000;0,057256944433795;ndvi;StdTime;15-01-21 00:00:00;0,565330487106101;0;1;Artificialise
112;48169,000000000000000;0,209066840238893;ndvi;StdTime;15-01-21 00:00:00;0,561081970411959;0;2;Cultures
113;9056,000000000000000;0,039305555548245;ndvi;StdTime;15-01-21 00:00:00;0,657295835599331;0;3;Prairies
114;15928,000000000000000;0,069131944431586;ndvi;StdTime;15-01-21 00:00:00;0,575230158277006;0;4;Foret feuillus
115;2083,000000000000000;0,009040798609430;ndvi;StdTime;15-01-21 00:00:00;0,664938403789778;0;5;Foret resineux
116;17702,000000000000000;0,076831597207932;ndvi;StdTime;15-01-21 00:00:00;0,619673841488641;0;6;Foret mixte
117;299,000000000000000;0,001297743055314;ndvi;StdTime;15-01-21 00:00:00;0,612338429210975;0;7;Milieux semi-naturels
118;319,000000000000000;0,001384548610854;ndvi;StdTime;15-01-21 00:00:00;0,453099168767002;0;8;Zones humides et eau
11;19297,000000000000000;0,083754340262200;ndvi;StdTime;15-01-22 00:00:00;0,530177075147315;0;1;Artificialise
12;32515,000000000000000;0,141124131918197;ndvi;StdTime;15-01-22 00:00:00;0,583370921451339;0;2;Cultures
13;4653,000000000000000;0,020195312496244;ndvi;StdTime;15-01-22 00:00:00;0,636168075967622;0;3;Prairies
14;2157,000000000000000;0,009361979164925;ndvi;StdTime;15-01-22 00:00:00;0,588528474793701;0;4;Foret feuillus
15;5373,000000000000000;0,023320312495663;ndvi;StdTime;15-01-22 00:00:00;0,656466083310956;0;5;Foret resineux
16;3663,000000000000000;0,015898437497043;ndvi;StdTime;15-01-22 00:00:00;0,629697853583896;0;6;Foret mixte
17;2665,000000000000000;0,011566840275626;ndvi;StdTime;15-01-22 00:00:00;0,522221767458903;0;7;Milieux semi-naturels
18;1202,000000000000000;0,005217013887919;ndvi;StdTime;15-01-22 00:00:00;0,416569330606349;0;8;Zones humides et eau
21;23575,000000000000000;0,102322048592080;ndvi;StdTime;15-01-22 00:00:00;0,529831714139322;0;1;Artificialise
22;53262,000000000000000;0,231171874957004;ndvi;StdTime;15-01-22 00:00:00;0,612335404095262;0;2;Cultures
23;7495,000000000000000;0,032530381938394;ndvi;StdTime;15-01-22 00:00:00;0,656165168385174;0;3;Prairies
24;1297,000000000000000;0,005629340276731;ndvi;StdTime;15-01-22 00:00:00;0,604451069130103;0;4;Foret feuillus
25;405,000000000000000;0,001757812499673;ndvi;StdTime;15-01-22 00:00:00;0,650501510537701;0;5;Foret resineux
26;881,000000000000000;0,003823784721511;ndvi;StdTime;15-01-22 00:00:00;0,629128910812563;0;6;Foret mixte
27;455,000000000000000;0,001974826388522;ndvi;StdTime;15-01-22 00:00:00;0,428823715210944;0;7;Milieux semi-naturels
28;1157,000000000000000;0,005021701387955;ndvi;StdTime;15-01-22 00:00:00;0,285611668473319;0;8;Zones humides et eau
31;20501,000000000000000;0,088980034705673;ndvi;StdTime;15-01-22 00:00:00;0,561993492538347;0;1;Artificialise
32;33836,000000000000000;0,146857638861575;ndvi;StdTime;15-01-22 00:00:00;0,586301334527744;0;2;Cultures
33;2765,000000000000000;0,012000868053323;ndvi;StdTime;15-01-22 00:00:00;0,635681667584408;0;3;Prairies
34;3126,000000000000000;0,013567708330810;ndvi;StdTime;15-01-22 00:00:00;0,609064050058712;0;4;Foret feuillus
35;335,000000000000000;0,001453993055285;ndvi;StdTime;15-01-22 00:00:00;0,689744054915300;0;5;Foret resineux
36;1500,000000000000000;0,006510416665456;ndvi;StdTime;15-01-22 00:00:00;0,633574830134710;0;6;Foret mixte
37;107,000000000000000;0,000464409722136;ndvi;StdTime;15-01-22 00:00:00;0,543743243562841;0;7;Milieux semi-naturels
38;185,000000000000000;0,000802951388740;ndvi;StdTime;15-01-22 00:00:00;0,498270229471696;0;8;Zones humides et eau
41;18521,000000000000000;0,080386284707271;ndvi;StdTime;15-01-22 00:00:00;0,499618194716974;0;1;Artificialise
42;63126,000000000000000;0,273984374949041;ndvi;StdTime;15-01-22 00:00:00;0,605148421828902;0;2;Cultures
43;8940,000000000000000;0,038802083326116;ndvi;StdTime;15-01-22 00:00:00;0,653992321636421;0;3;Prairies
44;659,000000000000000;0,002860243055024;ndvi;StdTime;15-01-22 00:00:00;0,624407106764580;0;4;Foret feuillus
45;283,000000000000000;0,001228298610883;ndvi;StdTime;15-01-22 00:00:00;0,627556182259806;0;5;Foret resineux
46;586,000000000000000;0,002543402777305;ndvi;StdTime;15-01-22 00:00:00;0,649577209770476;0;6;Foret mixte
47;683,000000000000000;0,002964409721671;ndvi;StdTime;15-01-22 00:00:00;0,431284537021750;0;7;Milieux semi-naturels
48;483,000000000000000;0,002096354166277;ndvi;StdTime;15-01-22 00:00:00;0,334919384576565;0;8;Zones humides et eau
51;8563,000000000000000;0,037165798604199;ndvi;StdTime;15-01-22 00:00:00;0,583676600594059;0;1;Artificialise
52;20512,000000000000000;0,089027777761219;ndvi;StdTime;15-01-22 00:00:00;0,516761337088021;0;2;Cultures
53;880,000000000000000;0,003819444443734;ndvi;StdTime;15-01-22 00:00:00;0,611331922290000;0;3;Prairies
54;685,000000000000000;0,002973090277225;ndvi;StdTime;15-01-22 00:00:00;0,602692042476070;0;4;Foret feuillus
55;219,000000000000000;0,000950520833157;ndvi;StdTime;15-01-22 00:00:00;0,675465096213502;0;5;Foret resineux
56;1277,000000000000000;0,005542534721191;ndvi;StdTime;15-01-22 00:00:00;0,623808508915368;0;6;Foret mixte
57;15,000000000000000;0,000065104166655;ndvi;StdTime;15-01-22 00:00:00;0,486242665847143;0;7;Milieux semi-naturels
58;2,000000000000000;0,000008680555554;ndvi;StdTime;15-01-22 00:00:00;0,513683333992958;0;8;Zones humides et eau
61;23918,000000000000000;0,103810763869581;ndvi;StdTime;15-01-22 00:00:00;0,549533135644474;0;1;Artificialise
62;60865,000000000000000;0,264171006895311;ndvi;StdTime;15-01-22 00:00:00;0,567219565502865;0;2;Cultures
63;12006,000000000000000;0,052109374990308;ndvi;StdTime;15-01-22 00:00:00;0,635060293104436;0;3;Prairies
64;11171,000000000000000;0,048485243046538;ndvi;StdTime;15-01-22 00:00:00;0,624704415684431;0;4;Foret feuillus
65;495,000000000000000;0,002148437499600;ndvi;StdTime;15-01-22 00:00:00;0,736357152522213;0;5;Foret resineux
66;1468,000000000000000;0,006371527776593;ndvi;StdTime;15-01-22 00:00:00;0,667697754640345;0;6;Foret mixte
67;777,000000000000000;0,003372395832706;ndvi;StdTime;15-01-22 00:00:00;0,553983041755328;0;7;Milieux semi-naturels
68;452,000000000000000;0,001961805555191;ndvi;StdTime;15-01-22 00:00:00;0,439786549606072;0;8;Zones humides et eau
71;4130,000000000000000;0,017925347218888;ndvi;StdTime;15-01-22 00:00:00;0,406147867563850;0;1;Artificialise
72;100,000000000000000;0,000434027777697;ndvi;StdTime;15-01-22 00:00:00;0,552183309495449;0;2;Cultures
73;15,000000000000000;0,000065104166655;ndvi;StdTime;15-01-22 00:00:00;0,660674428939819;0;3;Prairies
74;459,000000000000000;0,001992187499629;ndvi;StdTime;15-01-22 00:00:00;0,601731977561460;0;4;Foret feuillus
76;35,000000000000000;0,000151909722194;ndvi;StdTime;15-01-22 00:00:00;0,607319045066834;0;6;Foret mixte
78;9,000000000000000;0,000039062499993;ndvi;StdTime;15-01-22 00:00:00;0,209702404836814;0;8;Zones humides et eau
81;26885,000000000000000;0,116688368033852;ndvi;StdTime;15-01-22 00:00:00;0,518137080522930;0;1;Artificialise
82;30862,000000000000000;0,133949652752864;ndvi;StdTime;15-01-22 00:00:00;0,626465032820007;0;2;Cultures
83;12409,000000000000000;0,053858506934427;ndvi;StdTime;15-01-22 00:00:00;0,647934834310500;0;3;Prairies
84;2241,000000000000000;0,009726562498191;ndvi;StdTime;15-01-22 00:00:00;0,592439641884293;0;4;Foret feuillus
85;5418,000000000000000;0,023515624995626;ndvi;StdTime;15-01-22 00:00:00;0,646208895566324;0;5;Foret resineux
86;3278,000000000000000;0,014227430552909;ndvi;StdTime;15-01-22 00:00:00;0,622825870723389;0;6;Foret mixte
87;1109,000000000000000;0,004813368054660;ndvi;StdTime;15-01-22 00:00:00;0,511899491229553;0;7;Milieux semi-naturels
88;1856,000000000000000;0,008055555554057;ndvi;StdTime;15-01-22 00:00:00;0,324620413317085;0;8;Zones humides et eau
91;21524,000000000000000;0,093420138871514;ndvi;StdTime;15-01-22 00:00:00;0,555615700566820;0;1;Artificialise
92;33863,000000000000000;0,146974826361553;ndvi;StdTime;15-01-22 00:00:00;0,563799096421398;0;2;Cultures
93;20854,000000000000000;0,090512152760943;ndvi;StdTime;15-01-22 00:00:00;0,673394887970634;0;3;Prairies
94;4447,000000000000000;0,019301215274188;ndvi;StdTime;15-01-22 00:00:00;0,593733950940068;0;4;Foret feuillus
95;10528,000000000000000;0,045694444435946;ndvi;StdTime;15-01-22 00:00:00;0,714530256975976;0;5;Foret resineux
96;16812,000000000000000;0,072968749986428;ndvi;StdTime;15-01-22 00:00:00;0,677471544980905;0;6;Foret mixte
97;2449,000000000000000;0,010629340275801;ndvi;StdTime;15-01-22 00:00:00;0,592904438055891;0;7;Milieux semi-naturels
98;2008,000000000000000;0,008715277776157;ndvi;StdTime;15-01-22 00:00:00;0,425981164232742;0;8;Zones humides et eau
101;7501,000000000000000;0,032556423605056;ndvi;StdTime;15-01-22 00:00:00;0,592770333677122;0;1;Artificialise
102;32049,000000000000000;0,139101562474128;ndvi;StdTime;15-01-22 00:00:00;0,650724023843712;0;2;Cultures
103;23798,000000000000000;0,103289930536344;ndvi;StdTime;15-01-22 00:00:00;0,664610286208900;0;3;Prairies
104;18168,000000000000000;0,078854166652000;ndvi;StdTime;15-01-22 00:00:00;0,625147463439690;0;4;Foret feuillus
105;13765,000000000000000;0,059743923599999;ndvi;StdTime;15-01-22 00:00:00;0,718418937131271;0;5;Foret resineux
106;30877,000000000000000;0,134014756919519;ndvi;StdTime;15-01-22 00:00:00;0,688394862102420;0;6;Foret mixte
107;2266,000000000000000;0,009835069442615;ndvi;StdTime;15-01-22 00:00:00;0,668417271190477;0;7;Milieux semi-naturels
108;332,000000000000000;0,001440972221954;ndvi;StdTime;15-01-22 00:00:00;0,546967771667313;0;8;Zones humides et eau
111;13192,000000000000000;0,057256944433795;ndvi;StdTime;15-01-22 00:00:00;0,586550144441403;0;1;Artificialise
112;48169,000000000000000;0,209066840238893;ndvi;StdTime;15-01-22 00:00:00;0,571804825708322;0;2;Cultures
113;9056,000000000000000;0,039305555548245;ndvi;StdTime;15-01-22 00:00:00;0,660559027508400;0;3;Prairies
114;15928,000000000000000;0,069131944431586;ndvi;StdTime;15-01-22 00:00:00;0,621775765861665;0;4;Foret feuillus
115;2083,000000000000000;0,009040798609430;ndvi;StdTime;15-01-22 00:00:00;0,715178531176530;0;5;Foret resineux
116;17702,000000000000000;0,076831597207932;ndvi;StdTime;15-01-22 00:00:00;0,659673135823187;0;6;Foret mixte
117;299,000000000000000;0,001297743055314;ndvi;StdTime;15-01-22 00:00:00;0,643893280954266;0;7;Milieux semi-naturels
118;319,000000000000000;0,001384548610854;ndvi;StdTime;15-01-22 00:00:00;0,457993087490151;0;8;Zones humides et eau
11;19297,000000000000000;0,083754340262200;ndvi;StdTime;15-01-23 00:00:00;0,525813558084419;0;1;Artificialise
12;32515,000000000000000;0,141124131918197;ndvi;StdTime;15-01-23 00:00:00;0,608495387400475;0;2;Cultures
13;4653,000000000000000;0,020195312496244;ndvi;StdTime;15-01-23 00:00:00;0,660471724936738;0;3;Prairies
14;2157,000000000000000;0,009361979164925;ndvi;StdTime;15-01-23 00:00:00;0,583965942339594;0;4;Foret feuillus
15;5373,000000000000000;0,023320312495663;ndvi;StdTime;15-01-23 00:00:00;0,649318685089878;0;5;Foret resineux
16;3663,000000000000000;0,015898437497043;ndvi;StdTime;15-01-23 00:00:00;0,615204377982123;0;6;Foret mixte
17;2665,000000000000000;0,011566840275626;ndvi;StdTime;15-01-23 00:00:00;0,523022302759437;0;7;Milieux semi-naturels
18;1198,000000000000000;0,005199652776811;ndvi;StdTime;15-01-23 00:00:00;0,419409887943703;0;8;Zones humides et eau
21;23616,000000000000000;0,102499999980936;ndvi;StdTime;15-01-23 00:00:00;0,532187533328306;0;1;Artificialise
22;53262,000000000000000;0,231171874957004;ndvi;StdTime;15-01-23 00:00:00;0,655637793754350;0;2;Cultures
23;7495,000000000000000;0,032530381938394;ndvi;StdTime;15-01-23 00:00:00;0,694648151893947;0;3;Prairies
24;1297,000000000000000;0,005629340276731;ndvi;StdTime;15-01-23 00:00:00;0,605928088783207;0;4;Foret feuillus
25;405,000000000000000;0,001757812499673;ndvi;StdTime;15-01-23 00:00:00;0,658246701661451;0;5;Foret resineux
26;881,000000000000000;0,003823784721511;ndvi;StdTime;15-01-23 00:00:00;0,632487904183169;0;6;Foret mixte
27;469,000000000000000;0,002035590277399;ndvi;StdTime;15-01-23 00:00:00;0,402855755918141;0;7;Milieux semi-naturels
28;1214,000000000000000;0,005269097221242;ndvi;StdTime;15-01-23 00:00:00;0,276763913330305;0;8;Zones humides et eau
31;20501,000000000000000;0,088980034705673;ndvi;StdTime;15-01-23 00:00:00;0,567657118916229;0;1;Artificialise
32;33836,000000000000000;0,146857638861575;ndvi;StdTime;15-01-23 00:00:00;0,618931554746264;0;2;Cultures
33;2765,000000000000000;0,012000868053323;ndvi;StdTime;15-01-23 00:00:00;0,661451404424516;0;3;Prairies
34;3126,000000000000000;0,013567708330810;ndvi;StdTime;15-01-23 00:00:00;0,594758333622819;0;4;Foret feuillus
35;335,000000000000000;0,001453993055285;ndvi;StdTime;15-01-23 00:00:00;0,674134831997886;0;5;Foret resineux
36;1500,000000000000000;0,006510416665456;ndvi;StdTime;15-01-23 00:00:00;0,614245920379956;0;6;Foret mixte
37;107,000000000000000;0,000464409722136;ndvi;StdTime;15-01-23 00:00:00;0,574604531036359;0;7;Milieux semi-naturels
38;185,000000000000000;0,000802951388740;ndvi;StdTime;15-01-23 00:00:00;0,493059556468113;0;8;Zones humides et eau
41;18483,000000000000000;0,080221354151746;ndvi;StdTime;15-01-23 00:00:00;0,507086857793951;0;1;Artificialise
42;63126,000000000000000;0,273984374949041;ndvi;StdTime;15-01-23 00:00:00;0,635109479408528;0;2;Cultures
43;8940,000000000000000;0,038802083326116;ndvi;StdTime;15-01-23 00:00:00;0,683541198956553;0;3;Prairies
44;659,000000000000000;0,002860243055024;ndvi;StdTime;15-01-23 00:00:00;0,628776010188057;0;4;Foret feuillus
45;284,000000000000000;0,001232638888660;ndvi;StdTime;15-01-23 00:00:00;0,626596726214801;0;5;Foret resineux
46;586,000000000000000;0,002543402777305;ndvi;StdTime;15-01-23 00:00:00;0,647574761036923;0;6;Foret mixte
47;661,000000000000000;0,002868923610578;ndvi;StdTime;15-01-23 00:00:00;0,433529855968056;0;7;Milieux semi-naturels
48;497,000000000000000;0,002157118055154;ndvi;StdTime;15-01-23 00:00:00;0,351474501227236;0;8;Zones humides et eau
51;8563,000000000000000;0,037165798604199;ndvi;StdTime;15-01-23 00:00:00;0,603286115493324;0;1;Artificialise
52;20512,000000000000000;0,089027777761219;ndvi;StdTime;15-01-23 00:00:00;0,575518078318192;0;2;Cultures
53;880,000000000000000;0,003819444443734;ndvi;StdTime;15-01-23 00:00:00;0,667848523841663;0;3;Prairies
54;685,000000000000000;0,002973090277225;ndvi;StdTime;15-01-23 00:00:00;0,605195075882613;0;4;Foret feuillus
55;219,000000000000000;0,000950520833157;ndvi;StdTime;15-01-23 00:00:00;0,662952820460001;0;5;Foret resineux
56;1277,000000000000000;0,005542534721191;ndvi;StdTime;15-01-23 00:00:00;0,624072549486871;0;6;Foret mixte
57;15,000000000000000;0,000065104166655;ndvi;StdTime;15-01-23 00:00:00;0,480866869290670;0;7;Milieux semi-naturels
58;2,000000000000000;0,000008680555554;ndvi;StdTime;15-01-23 00:00:00;0,526039987802505;0;8;Zones humides et eau
61;23909,000000000000000;0,103771701369588;ndvi;StdTime;15-01-23 00:00:00;0,567162268633149;0;1;Artificialise
62;60861,000000000000000;0,264153645784203;ndvi;StdTime;15-01-23 00:00:00;0,630336368890063;0;2;Cultures
63;12006,000000000000000;0,052109374990308;ndvi;StdTime;15-01-23 00:00:00;0,682876427265857;0;3;Prairies
64;11171,000000000000000;0,048485243046538;ndvi;StdTime;15-01-23 00:00:00;0,619133195577959;0;4;Foret feuillus
65;495,000000000000000;0,002148437499600;ndvi;StdTime;15-01-23 00:00:00;0,712080528158130;0;5;Foret resineux
66;1468,000000000000000;0,006371527776593;ndvi;StdTime;15-01-23 00:00:00;0,654043351069133;0;6;Foret mixte
67;777,000000000000000;0,003372395832706;ndvi;StdTime;15-01-23 00:00:00;0,562827553393911;0;7;Milieux semi-naturels
68;440,000000000000000;0,001909722221867;ndvi;StdTime;15-01-23 00:00:00;0,473700016622685;0;8;Zones humides et eau
71;4130,000000000000000;0,017925347218888;ndvi;StdTime;15-01-23 00:00:00;0,381715435195561;0;1;Artificialise
72;100,000000000000000;0,000434027777697;ndvi;StdTime;15-01-23 00:00:00;0,570681954026222;0;2;Cultures
73;15,000000000000000;0,000065104166655;ndvi;StdTime;15-01-23 00:00:00;0,689771986007691;0;3;Prairies
74;459,000000000000000;0,001992187499629;ndvi;StdTime;15-01-23 00:00:00;0,590280970586930;0;4;Foret feuillus
76;35,000000000000000;0,000151909722194;ndvi;StdTime;15-01-23 00:00:00;0,608773011820657;0;6;Foret mixte
78;9,000000000000000;0,000039062499993;ndvi;StdTime;15-01-23 00:00:00;0,202824443578720;0;8;Zones humides et eau
81;27178,000000000000000;0,117960069422505;ndvi;StdTime;15-01-23 00:00:00;0,510010168326752;0;1;Artificialise
82;30866,000000000000000;0,133967013863972;ndvi;StdTime;15-01-23 00:00:00;0,656315443470664;0;2;Cultures
83;12409,000000000000000;0,053858506934427;ndvi;StdTime;15-01-23 00:00:00;0,683520496882861;0;3;Prairies
84;2241,000000000000000;0,009726562498191;ndvi;StdTime;15-01-23 00:00:00;0,587220401511042;0;4;Foret feuillus
85;5418,000000000000000;0,023515624995626;ndvi;StdTime;15-01-23 00:00:00;0,665329343676789;0;5;Foret resineux
86;3278,000000000000000;0,014227430552909;ndvi;StdTime;15-01-23 00:00:00;0,632694092872958;0;6;Foret mixte
87;1112,000000000000000;0,004826388887991;ndvi;StdTime;15-01-23 00:00:00;0,509159186032934;0;7;Milieux semi-naturels
88;2022,000000000000000;0,008776041665034;ndvi;StdTime;15-01-23 00:00:00;0,304654409893078;0;8;Zones humides et eau
91;21524,000000000000000;0,093420138871514;ndvi;StdTime;15-01-23 00:00:00;0,584469274695179;0;1;Artificialise
92;33863,000000000000000;0,146974826361553;ndvi;StdTime;15-01-23 00:00:00;0,624088434343130;0;2;Cultures
93;20854,000000000000000;0,090512152760943;ndvi;StdTime;15-01-23 00:00:00;0,705105560402907;0;3;Prairies
94;4447,000000000000000;0,019301215274188;ndvi;StdTime;15-01-23 00:00:00;0,594292669074305;0;4;Foret feuillus
95;10528,000000000000000;0,045694444435946;ndvi;StdTime;15-01-23 00:00:00;0,716135814239621;0;5;Foret resineux
96;16812,000000000000000;0,072968749986428;ndvi;StdTime;15-01-23 00:00:00;0,678004050543591;0;6;Foret mixte
97;2449,000000000000000;0,010629340275801;ndvi;StdTime;15-01-23 00:00:00;0,576168846224902;0;7;Milieux semi-naturels
98;2008,000000000000000;0,008715277776157;ndvi;StdTime;15-01-23 00:00:00;0,415215199266883;0;8;Zones humides et eau
101;7501,000000000000000;0,032556423605056;ndvi;StdTime;15-01-23 00:00:00;0,616531429132165;0;1;Artificialise
102;32049,000000000000000;0,139101562474128;ndvi;StdTime;15-01-23 00:00:00;0,689310293464849;0;2;Cultures
103;23798,000000000000000;0,103289930536344;ndvi;StdTime;15-01-23 00:00:00;0,705257054036060;0;3;Prairies
104;18168,000000000000000;0,078854166652000;ndvi;StdTime;15-01-23 00:00:00;0,615675572204213;0;4;Foret feuillus
105;13765,000000000000000;0,059743923599999;ndvi;StdTime;15-01-23 00:00:00;0,736273114955344;0;5;Foret resineux
106;30877,000000000000000;0,134014756919519;ndvi;StdTime;15-01-23 00:00:00;0,698044788136896;0;6;Foret mixte
107;2266,000000000000000;0,009835069442615;ndvi;StdTime;15-01-23 00:00:00;0,698745814302488;0;7;Milieux semi-naturels
108;332,000000000000000;0,001440972221954;ndvi;StdTime;15-01-23 00:00:00;0,549921044743205;0;8;Zones humides et eau
111;13192,000000000000000;0,057256944433795;ndvi;StdTime;15-01-23 00:00:00;0,603295128105754;0;1;Artificialise
112;48169,000000000000000;0,209066840238893;ndvi;StdTime;15-01-23 00:00:00;0,634738593544964;0;2;Cultures
113;9056,000000000000000;0,039305555548245;ndvi;StdTime;15-01-23 00:00:00;0,682789584651407;0;3;Prairies
114;15928,000000000000000;0,069131944431586;ndvi;StdTime;15-01-23 00:00:00;0,600713672674913;0;4;Foret feuillus
115;2083,000000000000000;0,009040798609430;ndvi;StdTime;15-01-23 00:00:00;0,679431257314310;0;5;Foret resineux
116;17702,000000000000000;0,076831597207932;ndvi;StdTime;15-01-23 00:00:00;0,636545046032616;0;6;Foret mixte
117;299,000000000000000;0,001297743055314;ndvi;StdTime;15-01-23 00:00:00;0,629339132619941;0;7;Milieux semi-naturels
118;319,000000000000000;0,001384548610854;ndvi;StdTime;15-01-23 00:00:00;0,491404225086344;0;8;Zones humides et eau
11;19233,000000000000000;0,083476562484474;ndvi;StdTime;15-01-24 00:00:00;0,516917686315770;0;1;Artificialise
12;32507,000000000000000;0,141089409695981;ndvi;StdTime;15-01-24 00:00:00;0,545847321461655;0;2;Cultures
13;4653,000000000000000;0,020195312496244;ndvi;StdTime;15-01-24 00:00:00;0,613767725908610;0;3;Prairies
14;2153,000000000000000;0,009344618053818;ndvi;StdTime;15-01-24 00:00:00;0,584909740543011;0;4;Foret feuillus
15;5348,000000000000000;0,023211805551238;ndvi;StdTime;15-01-24 00:00:00;0,683367539038386;0;5;Foret resineux
16;3659,000000000000000;0,015881076385935;ndvi;StdTime;15-01-24 00:00:00;0,634982491262820;0;6;Foret mixte
17;2665,000000000000000;0,011566840275626;ndvi;StdTime;15-01-24 00:00:00;0,537441915838400;0;7;Milieux semi-naturels
18;1206,000000000000000;0,005234374999026;ndvi;StdTime;15-01-24 00:00:00;0,411230257645506;0;8;Zones humides et eau
21;23599,000000000000000;0,102426215258727;ndvi;StdTime;15-01-24 00:00:00;0,531939289919176;0;1;Artificialise
22;53244,000000000000000;0,231093749957018;ndvi;StdTime;15-01-24 00:00:00;0,593613462486105;0;2;Cultures
23;7494,000000000000000;0,032526041660617;ndvi;StdTime;15-01-24 00:00:00;0,644647428207647;0;3;Prairies
24;1297,000000000000000;0,005629340276731;ndvi;StdTime;15-01-24 00:00:00;0,603271664671008;0;4;Foret feuillus
25;405,000000000000000;0,001757812499673;ndvi;StdTime;15-01-24 00:00:00;0,643652558473893;0;5;Foret resineux
26;880,000000000000000;0,003819444443734;ndvi;StdTime;15-01-24 00:00:00;0,624508920176462;0;6;Foret mixte
27;410,000000000000000;0,001779513888558;ndvi;StdTime;15-01-24 00:00:00;0,386260767308314;0;7;Milieux semi-naturels
28;1133,000000000000000;0,004917534721308;ndvi;StdTime;15-01-24 00:00:00;0,278291128490725;0;8;Zones humides et eau
31;20501,000000000000000;0,088980034705673;ndvi;StdTime;15-01-24 00:00:00;0,545969747478980;0;1;Artificialise
32;33782,000000000000000;0,146623263861618;ndvi;StdTime;15-01-24 00:00:00;0,555351749326752;0;2;Cultures
33;2765,000000000000000;0,012000868053323;ndvi;StdTime;15-01-24 00:00:00;0,603272275629354;0;3;Prairies
34;3126,000000000000000;0,013567708330810;ndvi;StdTime;15-01-24 00:00:00;0,577870759484968;0;4;Foret feuillus
35;335,000000000000000;0,001453993055285;ndvi;StdTime;15-01-24 00:00:00;0,660131574566684;0;5;Foret resineux
36;1500,000000000000000;0,006510416665456;ndvi;StdTime;15-01-24 00:00:00;0,605798774063588;0;6;Foret mixte
37;107,000000000000000;0,000464409722136;ndvi;StdTime;15-01-24 00:00:00;0,514704990888310;0;7;Milieux semi-naturels
38;185,000000000000000;0,000802951388740;ndvi;StdTime;15-01-24 00:00:00;0,473226364641576;0;8;Zones humides et eau
41;18408,000000000000000;0,079895833318473;ndvi;StdTime;15-01-24 00:00:00;0,497966198529573;0;1;Artificialise
42;63125,000000000000000;0,273980034671264;ndvi;StdTime;15-01-24 00:00:00;0,566362825414687;0;2;Cultures
43;8940,000000000000000;0,038802083326116;ndvi;StdTime;15-01-24 00:00:00;0,614825126765008;0;3;Prairies
44;659,000000000000000;0,002860243055024;ndvi;StdTime;15-01-24 00:00:00;0,618412161135710;0;4;Foret feuillus
45;284,000000000000000;0,001232638888660;ndvi;StdTime;15-01-24 00:00:00;0,633400937621023;0;5;Foret resineux
46;584,000000000000000;0,002534722221751;ndvi;StdTime;15-01-24 00:00:00;0,637507407045732;0;6;Foret mixte
47;674,000000000000000;0,002925347221678;ndvi;StdTime;15-01-24 00:00:00;0,424720533301664;0;7;Milieux semi-naturels
48;446,000000000000000;0,001935763888529;ndvi;StdTime;15-01-24 00:00:00;0,338688257380050;0;8;Zones humides et eau
51;8563,000000000000000;0,037165798604199;ndvi;StdTime;15-01-24 00:00:00;0,554502972673255;0;1;Artificialise
52;20491,000000000000000;0,088936631927903;ndvi;StdTime;15-01-24 00:00:00;0,487297935398516;0;2;Cultures
53;880,000000000000000;0,003819444443734;ndvi;StdTime;15-01-24 00:00:00;0,580853294953704;0;3;Prairies
54;685,000000000000000;0,002973090277225;ndvi;StdTime;15-01-24 00:00:00;0,569081937962204;0;4;Foret feuillus
55;219,000000000000000;0,000950520833157;ndvi;StdTime;15-01-24 00:00:00;0,631696527815301;0;5;Foret resineux
56;1277,000000000000000;0,005542534721191;ndvi;StdTime;15-01-24 00:00:00;0,583727805919729;0;6;Foret mixte
57;15,000000000000000;0,000065104166655;ndvi;StdTime;15-01-24 00:00:00;0,452949978907903;0;7;Milieux semi-naturels
58;2,000000000000000;0,000008680555554;ndvi;StdTime;15-01-24 00:00:00;0,477775007486343;0;8;Zones humides et eau
61;23907,000000000000000;0,103763020814034;ndvi;StdTime;15-01-24 00:00:00;0,525976632090360;0;1;Artificialise
62;60864,000000000000000;0,264166666617534;ndvi;StdTime;15-01-24 00:00:00;0,532481337396931;0;2;Cultures
63;12006,000000000000000;0,052109374990308;ndvi;StdTime;15-01-24 00:00:00;0,611968467758285;0;3;Prairies
64;11171,000000000000000;0,048485243046538;ndvi;StdTime;15-01-24 00:00:00;0,598448256612433;0;4;Foret feuillus
65;495,000000000000000;0,002148437499600;ndvi;StdTime;15-01-24 00:00:00;0,701296060374289;0;5;Foret resineux
66;1468,000000000000000;0,006371527776593;ndvi;StdTime;15-01-24 00:00:00;0,634069483026822;0;6;Foret mixte
67;777,000000000000000;0,003372395832706;ndvi;StdTime;15-01-24 00:00:00;0,529313835589889;0;7;Milieux semi-naturels
68;445,000000000000000;0,001931423610752;ndvi;StdTime;15-01-24 00:00:00;0,427572228604656;0;8;Zones humides et eau
71;4106,000000000000000;0,017821180552241;ndvi;StdTime;15-01-24 00:00:00;0,390206423355380;0;1;Artificialise
72;100,000000000000000;0,000434027777697;ndvi;StdTime;15-01-24 00:00:00;0,545651402473450;0;2;Cultures
73;15,000000000000000;0,000065104166655;ndvi;StdTime;15-01-24 00:00:00;0,617711651325226;0;3;Prairies
74;459,000000000000000;0,001992187499629;ndvi;StdTime;15-01-24 00:00:00;0,557425138477666;0;4;Foret feuillus
76;35,000000000000000;0,000151909722194;ndvi;StdTime;15-01-24 00:00:00;0,574165466853550;0;6;Foret mixte
78;9,000000000000000;0,000039062499993;ndvi;StdTime;15-01-24 00:00:00;0,278651664654414;0;8;Zones humides et eau
81;26837,000000000000000;0,116480034700558;ndvi;StdTime;15-01-24 00:00:00;0,517343070598182;0;1;Artificialise
82;30866,000000000000000;0,133967013863972;ndvi;StdTime;15-01-24 00:00:00;0,615759292276492;0;2;Cultures
83;12409,000000000000000;0,053858506934427;ndvi;StdTime;15-01-24 00:00:00;0,634415320411429;0;3;Prairies
84;2241,000000000000000;0,009726562498191;ndvi;StdTime;15-01-24 00:00:00;0,596907085257412;0;4;Foret feuillus
85;5418,000000000000000;0,023515624995626;ndvi;StdTime;15-01-24 00:00:00;0,669096376379726;0;5;Foret resineux
86;3278,000000000000000;0,014227430552909;ndvi;StdTime;15-01-24 00:00:00;0,630584148770793;0;6;Foret mixte
87;1094,000000000000000;0,004748263888006;ndvi;StdTime;15-01-24 00:00:00;0,519896782984893;0;7;Milieux semi-naturels
88;1891,000000000000000;0,008207465276251;ndvi;StdTime;15-01-24 00:00:00;0,337778144379997;0;8;Zones humides et eau
91;21520,000000000000000;0,093402777760406;ndvi;StdTime;15-01-24 00:00:00;0,554569226638051;0;1;Artificialise
92;33839,000000000000000;0,146870659694906;ndvi;StdTime;15-01-24 00:00:00;0,546580401826894;0;2;Cultures
93;20847,000000000000000;0,090481770816504;ndvi;StdTime;15-01-24 00:00:00;0,691278021685963;0;3;Prairies
94;4447,000000000000000;0,019301215274188;ndvi;StdTime;15-01-24 00:00:00;0,606293348300209;0;4;Foret feuillus
95;10507,000000000000000;0,045603298602629;ndvi;StdTime;15-01-24 00:00:00;0,768803668904852;0;5;Foret resineux
96;16809,000000000000000;0,072955729153098;ndvi;StdTime;15-01-24 00:00:00;0,720272736365801;0;6;Foret mixte
97;2449,000000000000000;0,010629340275801;ndvi;StdTime;15-01-24 00:00:00;0,638172445229336;0;7;Milieux semi-naturels
98;2006,000000000000000;0,008706597220603;ndvi;StdTime;15-01-24 00:00:00;0,442294959924606;0;8;Zones humides et eau
101;7501,000000000000000;0,032556423605056;ndvi;StdTime;15-01-24 00:00:00;0,600762684698296;0;1;Artificialise
102;32038,000000000000000;0,139053819418582;ndvi;StdTime;15-01-24 00:00:00;0,656146641227887;0;2;Cultures
103;23774,000000000000000;0,103185763869697;ndvi;StdTime;15-01-24 00:00:00;0,672551885281702;0;3;Prairies
104;18166,000000000000000;0,078845486096447;ndvi;StdTime;15-01-24 00:00:00;0,637239789384965;0;4;Foret feuillus
105;13764,000000000000000;0,059739583322222;ndvi;StdTime;15-01-24 00:00:00;0,741670482475563;0;5;Foret resineux
106;30803,000000000000000;0,133693576364023;ndvi;StdTime;15-01-24 00:00:00;0,709714471961995;0;6;Foret mixte
107;2266,000000000000000;0,009835069442615;ndvi;StdTime;15-01-24 00:00:00;0,709526152444538;0;7;Milieux semi-naturels
108;332,000000000000000;0,001440972221954;ndvi;StdTime;15-01-24 00:00:00;0,592583472111139;0;8;Zones humides et eau
111;13186,000000000000000;0,057230902767133;ndvi;StdTime;15-01-24 00:00:00;0,562773400438215;0;1;Artificialise
112;47993,000000000000000;0,208302951350146;ndvi;StdTime;15-01-24 00:00:00;0,570076926981946;0;2;Cultures
113;9048,000000000000000;0,039270833326029;ndvi;StdTime;15-01-24 00:00:00;0,649250964155697;0;3;Prairies
114;15924,000000000000000;0,069114583320479;ndvi;StdTime;15-01-24 00:00:00;0,607083096430247;0;4;Foret feuillus
115;2083,000000000000000;0,009040798609430;ndvi;StdTime;15-01-24 00:00:00;0,700091256482407;0;5;Foret resineux
116;17702,000000000000000;0,076831597207932;ndvi;StdTime;15-01-24 00:00:00;0,647883341088430;0;6;Foret mixte
117;299,000000000000000;0,001297743055314;ndvi;StdTime;15-01-24 00:00:00;0,633565230214077;0;7;Milieux semi-naturels
118;319,000000000000000;0,001384548610854;ndvi;StdTime;15-01-24 00:00:00;0,432782564417322;0;8;Zones humides et eau
